timestamp,index,latitude,longitude,heading
0,1,48.4923997064,-4.5045663448,129.3404
20000,2,48.4923995352,-4.5045660306,129.3404
40000,3,48.492399364,-4.5045657163,129.3404
60000,4,48.4923991928,-4.5045654021,129.3404
80000,5,48.4923990216,-4.5045650878,129.3404
100000,6,48.4923988504,-4.5045647736,129.3404
120000,7,48.4923986792,-4.5045644594,129.3404
140000,8,48.492398508,-4.5045641451,129.3404
160000,9,48.4923983368,-4.5045638309,129.3404
180000,10,48.4923981656,-4.5045635166,129.3404
200000,11,48.4923979944,-4.5045632024,129.3404
220000,12,48.4923978232,-4.5045628882,129.3404
240000,13,48.492397652,-4.5045625739,129.3404
260000,14,48.4923974808,-4.5045622597,129.3404
280000,15,48.4923973096,-4.5045619454,129.3404
300000,16,48.4923971384,-4.5045616312,129.3404
320000,17,48.4923969672,-4.5045613169,129.3404
340000,18,48.492396796,-4.5045610027,129.3404
360000,19,48.4923966248,-4.5045606885,129.3404
380000,20,48.4923964536,-4.5045603742,129.3404
400000,21,48.4923962824,-4.50456006,129.3404
420000,22,48.4923961112,-4.5045597457,129.3404
440000,23,48.49239594,-4.5045594315,129.3404
460000,24,48.4923957688,-4.5045591173,129.3404
480000,25,48.4923955976,-4.504558803,129.3404
500000,26,48.4923954264,-4.5045584888,129.3404
520000,27,48.4923952552,-4.5045581745,129.3404
540000,28,48.492395084,-4.5045578603,129.3404
560000,29,48.4923949128,-4.504557546,129.3404
580000,30,48.4923947416,-4.5045572318,129.3404
600000,31,48.4923945704,-4.5045569176,129.3404
620000,32,48.4923943991,-4.5045566033,129.3404
640000,33,48.4923942279,-4.5045562891,129.3404
660000,34,48.4923940567,-4.5045559748,129.3404
680000,35,48.4923938855,-4.5045556606,129.3404
700000,36,48.4923937143,-4.5045553464,129.3404
720000,37,48.4923935431,-4.5045550321,129.3404
740000,38,48.4923933719,-4.5045547179,129.3404
760000,39,48.4923932007,-4.5045544036,129.3404
780000,40,48.4923930295,-4.5045540894,129.3404
800000,41,48.4923928583,-4.5045537751,129.3404
820000,42,48.4923926871,-4.5045534609,129.3404
840000,43,48.4923925159,-4.5045531467,129.3404
860000,44,48.4923923447,-4.5045528324,129.3404
880000,45,48.4923921735,-4.5045525182,129.3404
900000,46,48.4923920023,-4.5045522039,129.3404
920000,47,48.4923918311,-4.5045518897,129.3404
940000,48,48.4923916599,-4.5045515755,129.3404
960000,49,48.4923914887,-4.5045512612,129.3404
980000,50,48.4923913175,-4.504550947,129.3404
1000000,51,48.4923911463,-4.5045506327,129.3404
1020000,52,48.4923909751,-4.5045503185,129.3404
1040000,53,48.4923908039,-4.5045500042,129.3404
1060000,54,48.4923906327,-4.50454969,129.3404
1080000,55,48.4923904615,-4.5045493758,129.3404
1100000,56,48.4923902903,-4.5045490615,129.3404
1120000,57,48.4923901191,-4.5045487473,129.3404
1140000,58,48.4923899479,-4.504548433,129.3404
1160000,59,48.4923897767,-4.5045481188,129.3404
1180000,60,48.4923896055,-4.5045478046,129.3404
1200000,61,48.4923894343,-4.5045474903,129.3404
1220000,62,48.4923892631,-4.5045471761,129.3404
1240000,63,48.4923890919,-4.5045468618,129.3404
1260000,64,48.4923889207,-4.5045465476,129.3404
1280000,65,48.4923887495,-4.5045462333,129.3404
1300000,66,48.4923885783,-4.5045459191,129.3404
1320000,67,48.4923884071,-4.5045456049,129.3404
1340000,68,48.4923882359,-4.5045452906,129.3404
1360000,69,48.4923880646,-4.5045449764,129.3404
1380000,70,48.4923878934,-4.5045446621,129.3404
1400000,71,48.4923877222,-4.5045443479,129.3404
1420000,72,48.492387551,-4.5045440337,129.3404
1440000,73,48.4923873798,-4.5045437194,129.3404
1460000,74,48.4923872086,-4.5045434052,129.3404
1480000,75,48.4923870374,-4.5045430909,129.3404
1500000,76,48.4923868662,-4.5045427767,129.3404
1520000,77,48.492386695,-4.5045424624,129.3404
1540000,78,48.4923865238,-4.5045421482,129.3404
1560000,79,48.4923863526,-4.504541834,129.3404
1580000,80,48.4923861814,-4.5045415197,129.3404
1600000,81,48.4923860102,-4.5045412055,129.3404
1620000,82,48.492385839,-4.5045408912,129.3404
1640000,83,48.4923856678,-4.504540577,129.3404
1660000,84,48.4923854966,-4.5045402628,129.3404
1680000,85,48.4923853254,-4.5045399485,129.3404
1700000,86,48.4923851542,-4.5045396343,129.3404
1720000,87,48.492384983,-4.50453932,129.3404
1740000,88,48.4923848118,-4.5045390058,129.3404
1760000,89,48.4923846406,-4.5045386915,129.3404
1780000,90,48.4923844694,-4.5045383773,129.3404
1800000,91,48.4923842982,-4.5045380631,129.3404
1820000,92,48.492384127,-4.5045377488,129.3404
1840000,93,48.4923839558,-4.5045374346,129.3404
1860000,94,48.4923837846,-4.5045371203,129.3404
1880000,95,48.4923836134,-4.5045368061,129.3404
1900000,96,48.4923834422,-4.5045364919,129.3404
1920000,97,48.492383271,-4.5045361776,129.3404
1940000,98,48.4923830998,-4.5045358634,129.3404
1960000,99,48.4923829286,-4.5045355491,129.3404
1980000,100,48.4923827574,-4.5045352349,129.3404
2000000,101,48.4923825862,-4.5045349206,129.3404
2020000,102,48.492382415,-4.5045346064,129.3404
2040000,103,48.4923822438,-4.5045342922,129.3404
2060000,104,48.4923820726,-4.5045339779,129.3404
2080000,105,48.4923819013,-4.5045336637,129.3404
2100000,106,48.4923817301,-4.5045333494,129.3404
2120000,107,48.4923815589,-4.5045330352,129.3404
2140000,108,48.4923813877,-4.504532721,129.3404
2160000,109,48.4923812165,-4.5045324067,129.3404
2180000,110,48.4923810453,-4.5045320925,129.3404
2200000,111,48.4923808741,-4.5045317782,129.3404
2220000,112,48.4923807029,-4.504531464,129.3404
2240000,113,48.4923805317,-4.5045311497,129.3404
2260000,114,48.4923803605,-4.5045308355,129.3404
2280000,115,48.4923801893,-4.5045305213,129.3404
2300000,116,48.4923800181,-4.504530207,129.3404
2320000,117,48.4923798469,-4.5045298928,129.3404
2340000,118,48.4923796757,-4.5045295785,129.3404
2360000,119,48.4923795045,-4.5045292643,129.3404
2380000,120,48.4923793333,-4.5045289501,129.3404
2400000,121,48.4923791621,-4.5045286358,129.3404
2420000,122,48.4923789909,-4.5045283216,129.3404
2440000,123,48.4923788197,-4.5045280073,129.3404
2460000,124,48.4923786485,-4.5045276931,129.3404
2480000,125,48.4923784773,-4.5045273788,129.3404
2500000,126,48.4923783061,-4.5045270646,129.3404
2520000,127,48.4923781349,-4.5045267504,129.3404
2540000,128,48.4923779637,-4.5045264361,129.3404
2560000,129,48.4923777925,-4.5045261219,129.3404
2580000,130,48.4923776213,-4.5045258076,129.3404
2600000,131,48.4923774501,-4.5045254934,129.3404
2620000,132,48.4923772789,-4.5045251792,129.3404
2640000,133,48.4923771077,-4.5045248649,129.3404
2660000,134,48.4923769365,-4.5045245507,129.3404
2680000,135,48.4923767653,-4.5045242364,129.3404
2700000,136,48.4923765941,-4.5045239222,129.3404
2720000,137,48.4923764229,-4.504523608,129.3404
2740000,138,48.4923762517,-4.5045232937,129.3404
2760000,139,48.4923760805,-4.5045229795,129.3404
2780000,140,48.4923759093,-4.5045226652,129.3404
2800000,141,48.492375738,-4.504522351,129.3404
2820000,142,48.4923755668,-4.5045220367,129.3404
2840000,143,48.4923753956,-4.5045217225,129.3404
2860000,144,48.4923752244,-4.5045214083,129.3404
2880000,145,48.4923750532,-4.504521094,129.3404
2900000,146,48.492374882,-4.5045207798,129.3404
2920000,147,48.4923747108,-4.5045204655,129.3404
2940000,148,48.4923745396,-4.5045201513,129.3404
2960000,149,48.4923743684,-4.5045198371,129.3404
2980000,150,48.4923741972,-4.5045195228,129.3404
3000000,151,48.492374026,-4.5045192086,129.3404
3020000,152,48.4923738548,-4.5045188943,129.3404
3040000,153,48.4923736836,-4.5045185801,129.3404
3060000,154,48.4923735124,-4.5045182658,129.3404
3080000,155,48.4923733412,-4.5045179516,129.3404
3100000,156,48.49237317,-4.5045176374,129.3404
3120000,157,48.4923729988,-4.5045173231,129.3404
3140000,158,48.4923728276,-4.5045170089,129.3404
3160000,159,48.4923726564,-4.5045166946,129.3404
3180000,160,48.4923724852,-4.5045163804,129.3404
3200000,161,48.492372314,-4.5045160662,129.3404
3220000,162,48.4923721428,-4.5045157519,129.3404
3240000,163,48.4923719716,-4.5045154377,129.3404
3260000,164,48.4923718004,-4.5045151234,129.3404
3280000,165,48.4923716292,-4.5045148092,129.3404
3300000,166,48.492371458,-4.5045144949,129.3404
3320000,167,48.4923712868,-4.5045141807,129.3404
3340000,168,48.4923711156,-4.5045138665,129.3404
3360000,169,48.4923709444,-4.5045135522,129.3404
3380000,170,48.4923707732,-4.504513238,129.3404
3400000,171,48.492370602,-4.5045129237,129.3404
3420000,172,48.4923704308,-4.5045126095,129.3404
3440000,173,48.4923702596,-4.5045122953,129.3404
3460000,174,48.4923700884,-4.504511981,129.3404
3480000,175,48.4923699172,-4.5045116668,129.3404
3500000,176,48.4923697459,-4.5045113525,129.3404
3520000,177,48.4923695747,-4.5045110383,129.3404
3540000,178,48.4923694035,-4.5045107241,129.3404
3560000,179,48.4923692323,-4.5045104098,129.3404
3580000,180,48.4923690611,-4.5045100956,129.3404
3600000,181,48.4923688899,-4.5045097813,129.3404
3620000,182,48.4923687187,-4.5045094671,129.3404
3640000,183,48.4923685475,-4.5045091528,129.3404
3660000,184,48.4923683763,-4.5045088386,129.3404
3680000,185,48.4923682051,-4.5045085244,129.3404
3700000,186,48.4923680339,-4.5045082101,129.3404
3720000,187,48.4923678627,-4.5045078959,129.3404
3740000,188,48.4923676915,-4.5045075816,129.3404
3760000,189,48.4923675203,-4.5045072674,129.3404
3780000,190,48.4923673491,-4.5045069532,129.3404
3800000,191,48.4923671779,-4.5045066389,129.3404
3820000,192,48.4923670067,-4.5045063247,129.3404
3840000,193,48.4923668355,-4.5045060104,129.3404
3860000,194,48.4923666643,-4.5045056962,129.3404
3880000,195,48.4923664931,-4.5045053819,129.3404
3900000,196,48.4923663219,-4.5045050677,129.3404
3920000,197,48.4923661507,-4.5045047535,129.3404
3940000,198,48.4923659795,-4.5045044392,129.3404
3960000,199,48.4923658083,-4.504504125,129.3404
3980000,200,48.4923656371,-4.5045038107,129.3404
4000000,201,48.4923654659,-4.5045034965,129.3404
4020000,202,48.4923652947,-4.5045031823,129.3404
4040000,203,48.4923651235,-4.504502868,129.3404
4060000,204,48.4923649523,-4.5045025538,129.3404
4080000,205,48.4923647811,-4.5045022395,129.3404
4100000,206,48.4923646099,-4.5045019253,129.3404
4120000,207,48.4923644387,-4.5045016111,129.3404
4140000,208,48.4923642675,-4.5045012968,129.3404
4160000,209,48.4923640963,-4.5045009826,129.3404
4180000,210,48.4923639251,-4.5045006683,129.3404
4200000,211,48.4923637538,-4.5045003541,129.3404
4220000,212,48.4923635826,-4.5045000398,129.3404
4240000,213,48.4923634114,-4.5044997256,129.3404
4260000,214,48.4923632402,-4.5044994114,129.3404
4280000,215,48.492363069,-4.5044990971,129.3404
4300000,216,48.4923628978,-4.5044987829,129.3404
4320000,217,48.4923627266,-4.5044984686,129.3404
4340000,218,48.4923625554,-4.5044981544,129.3404
4360000,219,48.4923623842,-4.5044978402,129.3404
4380000,220,48.492362213,-4.5044975259,129.3404
4400000,221,48.4923620418,-4.5044972117,129.3404
4420000,222,48.4923618706,-4.5044968974,129.3404
4440000,223,48.4923616994,-4.5044965832,129.3404
4460000,224,48.4923615282,-4.5044962689,129.3404
4480000,225,48.492361357,-4.5044959547,129.3404
4500000,226,48.4923611858,-4.5044956405,129.3404
4520000,227,48.4923610146,-4.5044953262,129.3404
4540000,228,48.4923608434,-4.504495012,129.3404
4560000,229,48.4923606722,-4.5044946977,129.3404
4580000,230,48.492360501,-4.5044943835,129.3404
4600000,231,48.4923603298,-4.5044940693,129.3404
4620000,232,48.4923601586,-4.504493755,129.3404
4640000,233,48.4923599874,-4.5044934408,129.3404
4660000,234,48.4923598162,-4.5044931265,129.3404
4680000,235,48.492359645,-4.5044928123,129.3404
4700000,236,48.4923594738,-4.5044924981,129.3404
4720000,237,48.4923593026,-4.5044921838,129.3404
4740000,238,48.4923591314,-4.5044918696,129.3404
4760000,239,48.4923589602,-4.5044915553,129.3404
4780000,240,48.492358789,-4.5044912411,129.3404
4800000,241,48.4923586178,-4.5044909268,129.3404
4820000,242,48.4923584466,-4.5044906126,129.3404
4840000,243,48.4923582754,-4.5044902984,129.3404
4860000,244,48.4923581042,-4.5044899841,129.3404
4880000,245,48.492357933,-4.5044896699,129.3404
4900000,246,48.4923577617,-4.5044893556,129.3404
4920000,247,48.4923575905,-4.5044890414,129.3404
4940000,248,48.4923574193,-4.5044887272,129.3404
4960000,249,48.4923572481,-4.5044884129,129.3404
4980000,250,48.4923570769,-4.5044880987,129.3404
5000000,251,48.4923569057,-4.5044877844,129.3404
5020000,252,48.4923567345,-4.5044874702,129.3404
5040000,253,48.4923565633,-4.504487156,129.3404
5060000,254,48.4923563921,-4.5044868417,129.3404
5080000,255,48.4923562209,-4.5044865275,129.3404
5100000,256,48.4923560497,-4.5044862132,129.3404
5120000,257,48.4923558785,-4.504485899,129.3404
5140000,258,48.4923557073,-4.5044855847,129.3404
5160000,259,48.4923555361,-4.5044852705,129.3404
5180000,260,48.4923553649,-4.5044849563,129.3404
5200000,261,48.4923551937,-4.504484642,129.3404
5220000,262,48.4923550225,-4.5044843278,129.3404
5240000,263,48.4923548513,-4.5044840135,129.3404
5260000,264,48.4923546801,-4.5044836993,129.3404
5280000,265,48.4923545089,-4.5044833851,129.3404
5300000,266,48.4923543377,-4.5044830708,129.3404
5320000,267,48.4923541665,-4.5044827566,129.3404
5340000,268,48.4923539953,-4.5044824423,129.3404
5360000,269,48.4923538241,-4.5044821281,129.3404
5380000,270,48.4923536529,-4.5044818138,129.3404
5400000,271,48.4923534817,-4.5044814996,129.3404
5420000,272,48.4923533105,-4.5044811854,129.3404
5440000,273,48.4923531393,-4.5044808711,129.3404
5460000,274,48.4923529681,-4.5044805569,129.3404
5480000,275,48.4923527969,-4.5044802426,129.3404
5500000,276,48.4923526257,-4.5044799284,129.3404
5520000,277,48.4923524545,-4.5044796142,129.3404
5540000,278,48.4923522833,-4.5044792999,129.3404
5560000,279,48.4923521121,-4.5044789857,129.3404
5580000,280,48.4923519408,-4.5044786714,129.3404
5600000,281,48.4923517696,-4.5044783572,129.3404
5620000,282,48.4923515984,-4.504478043,129.3404
5640000,283,48.4923514272,-4.5044777287,129.3404
5660000,284,48.492351256,-4.5044774145,129.3404
5680000,285,48.4923510848,-4.5044771002,129.3404
5700000,286,48.4923509136,-4.504476786,129.3404
5720000,287,48.4923507424,-4.5044764717,129.3404
5740000,288,48.4923505712,-4.5044761575,129.3404
5760000,289,48.4923504,-4.5044758433,129.3404
5780000,290,48.4923502288,-4.504475529,129.3404
5800000,291,48.4923500576,-4.5044752148,129.3404
5820000,292,48.4923498864,-4.5044749005,129.3404
5840000,293,48.4923497152,-4.5044745863,129.3404
5860000,294,48.492349544,-4.5044742721,129.3404
5880000,295,48.4923493728,-4.5044739578,129.3404
5900000,296,48.4923492016,-4.5044736436,129.3404
5920000,297,48.4923490304,-4.5044733293,129.3404
5940000,298,48.4923488592,-4.5044730151,129.3404
5960000,299,48.492348688,-4.5044727009,129.3404
5980000,300,48.4923485168,-4.5044723866,129.3404
6000000,301,48.4923483456,-4.5044720724,129.3404
6020000,302,48.4923481744,-4.5044717581,129.3404
6040000,303,48.4923480032,-4.5044714439,129.3404
6060000,304,48.492347832,-4.5044711296,129.3404
6080000,305,48.4923476608,-4.5044708154,129.3404
6100000,306,48.4923474896,-4.5044705012,129.3404
6120000,307,48.4923473184,-4.5044701869,129.3404
6140000,308,48.4923471472,-4.5044698727,129.3404
6160000,309,48.492346976,-4.5044695584,129.3404
6180000,310,48.4923468048,-4.5044692442,129.3404
6200000,311,48.4923466336,-4.50446893,129.3404
6220000,312,48.4923464624,-4.5044686157,129.3404
6240000,313,48.4923462912,-4.5044683015,129.3404
6260000,314,48.4923461199,-4.5044679872,129.3404
6280000,315,48.4923459487,-4.504467673,129.3404
6300000,316,48.4923457775,-4.5044673588,129.3404
6320000,317,48.4923456063,-4.5044670445,129.3404
6340000,318,48.4923454351,-4.5044667303,129.3404
6360000,319,48.4923452639,-4.504466416,129.3404
6380000,320,48.4923450927,-4.5044661018,129.3404
6400000,321,48.4923449215,-4.5044657876,129.3404
6420000,322,48.4923447503,-4.5044654733,129.3404
6440000,323,48.4923445791,-4.5044651591,129.3404
6460000,324,48.4923444079,-4.5044648448,129.3404
6480000,325,48.4923442367,-4.5044645306,129.3404
6500000,326,48.4923440655,-4.5044642163,129.3404
6520000,327,48.4923438943,-4.5044639021,129.3404
6540000,328,48.4923437231,-4.5044635879,129.3404
6560000,329,48.4923435519,-4.5044632736,129.3404
6580000,330,48.4923433807,-4.5044629594,129.3404
6600000,331,48.4923432095,-4.5044626451,129.3404
6620000,332,48.4923430383,-4.5044623309,129.3404
6640000,333,48.4923428671,-4.5044620167,129.3404
6660000,334,48.4923426959,-4.5044617024,129.3404
6680000,335,48.4923425247,-4.5044613882,129.3404
6700000,336,48.4923423535,-4.5044610739,129.3404
6720000,337,48.4923421823,-4.5044607597,129.3404
6740000,338,48.4923420111,-4.5044604455,129.3404
6760000,339,48.4923418399,-4.5044601312,129.3404
6780000,340,48.4923416687,-4.504459817,129.3404
6800000,341,48.4923414975,-4.5044595027,129.3404
6820000,342,48.4923413263,-4.5044591885,129.3404
6840000,343,48.4923411551,-4.5044588742,129.3404
6860000,344,48.4923409839,-4.50445856,129.3404
6880000,345,48.4923408127,-4.5044582458,129.3404
6900000,346,48.4923406415,-4.5044579315,129.3404
6920000,347,48.4923404702,-4.5044576173,129.3404
6940000,348,48.492340299,-4.504457303,129.3404
6960000,349,48.4923401278,-4.5044569888,129.3404
6980000,350,48.4923399566,-4.5044566746,129.3404
7000000,351,48.4923397854,-4.5044563603,129.3404
7020000,352,48.4923396142,-4.5044560461,129.3404
7040000,353,48.492339443,-4.5044557318,129.3404
7060000,354,48.4923392718,-4.5044554176,129.3404
7080000,355,48.4923391006,-4.5044551034,129.3404
7100000,356,48.4923389294,-4.5044547891,129.3404
7120000,357,48.4923387582,-4.5044544749,129.3404
7140000,358,48.492338587,-4.5044541606,129.3404
7160000,359,48.4923384158,-4.5044538464,129.3404
7180000,360,48.4923382446,-4.5044535321,129.3404
7200000,361,48.4923380734,-4.5044532179,129.3404
7220000,362,48.4923379022,-4.5044529037,129.3404
7240000,363,48.492337731,-4.5044525894,129.3404
7260000,364,48.4923375598,-4.5044522752,129.3404
7280000,365,48.4923373886,-4.5044519609,129.3404
7300000,366,48.4923372174,-4.5044516467,129.3404
7320000,367,48.4923370462,-4.5044513325,129.3404
7340000,368,48.492336875,-4.5044510182,129.3404
7360000,369,48.4923367038,-4.504450704,129.3404
7380000,370,48.4923365326,-4.5044503897,129.3404
7400000,371,48.4923363614,-4.5044500755,129.3404
7420000,372,48.4923361902,-4.5044497613,129.3404
7440000,373,48.492336019,-4.504449447,129.3404
7460000,374,48.4923358478,-4.5044491328,129.3404
7480000,375,48.4923356766,-4.5044488185,129.3404
7500000,376,48.4923355054,-4.5044485043,129.3404
7520000,377,48.4923353342,-4.5044481901,129.3404
7540000,378,48.492335163,-4.5044478758,129.3404
7560000,379,48.4923349918,-4.5044475616,129.3404
7580000,380,48.4923348206,-4.5044472473,129.3404
7600000,381,48.4923346493,-4.5044469331,129.3404
7620000,382,48.4923344781,-4.5044466188,129.3404
7640000,383,48.4923343069,-4.5044463046,129.3404
7660000,384,48.4923341357,-4.5044459904,129.3404
7680000,385,48.4923339645,-4.5044456761,129.3404
7700000,386,48.4923337933,-4.5044453619,129.3404
7720000,387,48.4923336221,-4.5044450476,129.3404
7740000,388,48.4923334509,-4.5044447334,129.3404
7760000,389,48.4923332797,-4.5044444192,129.3404
7780000,390,48.4923331085,-4.5044441049,129.3404
7800000,391,48.4923329373,-4.5044437907,129.3404
7820000,392,48.4923327661,-4.5044434764,129.3404
7840000,393,48.4923325949,-4.5044431622,129.3404
7860000,394,48.4923324237,-4.504442848,129.3404
7880000,395,48.4923322525,-4.5044425337,129.3404
7900000,396,48.4923320813,-4.5044422195,129.3404
7920000,397,48.4923319101,-4.5044419052,129.3404
7940000,398,48.4923317389,-4.504441591,129.3404
7960000,399,48.4923315677,-4.5044412767,129.3404
7980000,400,48.4923313965,-4.5044409625,129.3404
8000000,401,48.4923312253,-4.5044406483,129.3404
8020000,402,48.4923310541,-4.504440334,129.3404
8040000,403,48.4923308829,-4.5044400198,129.3404
8060000,404,48.4923307117,-4.5044397055,129.3404
8080000,405,48.4923305405,-4.5044393913,129.3404
8100000,406,48.4923303693,-4.5044390771,129.3404
8120000,407,48.4923301981,-4.5044387628,129.3404
8140000,408,48.4923300269,-4.5044384486,129.3404
8160000,409,48.4923298557,-4.5044381343,129.3404
8180000,410,48.4923296845,-4.5044378201,129.3404
8200000,411,48.4923295133,-4.5044375059,129.3404
8220000,412,48.4923293421,-4.5044371916,129.3404
8240000,413,48.4923291709,-4.5044368774,129.3404
8260000,414,48.4923289996,-4.5044365631,129.3404
8280000,415,48.4923288284,-4.5044362489,129.3404
8300000,416,48.4923286572,-4.5044359347,129.3404
8320000,417,48.492328486,-4.5044356204,129.3404
8340000,418,48.4923283148,-4.5044353062,129.3404
8360000,419,48.4923281436,-4.5044349919,129.3404
8380000,420,48.4923279724,-4.5044346777,129.3404
8400000,421,48.4923278012,-4.5044343634,129.3404
8420000,422,48.49232763,-4.5044340492,129.3404
8440000,423,48.4923274588,-4.504433735,129.3404
8460000,424,48.4923272876,-4.5044334207,129.3404
8480000,425,48.4923271164,-4.5044331065,129.3404
8500000,426,48.4923269452,-4.5044327922,129.3404
8520000,427,48.492326774,-4.504432478,129.3404
8540000,428,48.4923266028,-4.5044321638,129.3404
8560000,429,48.4923264316,-4.5044318495,129.3404
8580000,430,48.4923262604,-4.5044315353,129.3404
8600000,431,48.4923260892,-4.504431221,129.3404
8620000,432,48.492325918,-4.5044309068,129.3404
8640000,433,48.4923257468,-4.5044305926,129.3404
8660000,434,48.4923255756,-4.5044302783,129.3404
8680000,435,48.4923254044,-4.5044299641,129.3404
8700000,436,48.4923252332,-4.5044296498,129.3404
8720000,437,48.492325062,-4.5044293356,129.3404
8740000,438,48.4923248908,-4.5044290214,129.3404
8760000,439,48.4923247196,-4.5044287071,129.3404
8780000,440,48.4923245484,-4.5044283929,129.3404
8800000,441,48.4923243772,-4.5044280786,129.3404
8820000,442,48.492324206,-4.5044277644,129.3404
8840000,443,48.4923240348,-4.5044274502,129.3404
8860000,444,48.4923238636,-4.5044271359,129.3404
8880000,445,48.4923236924,-4.5044268217,129.3404
8900000,446,48.4923235211,-4.5044265074,129.3404
8920000,447,48.4923233499,-4.5044261932,129.3404
8940000,448,48.4923231787,-4.5044258789,129.3404
8960000,449,48.4923230075,-4.5044255647,129.3404
8980000,450,48.4923228363,-4.5044252505,129.3404
9000000,451,48.4923226651,-4.5044249362,129.3404
9020000,452,48.4923224939,-4.504424622,129.3404
9040000,453,48.4923223227,-4.5044243077,129.3404
9060000,454,48.4923221515,-4.5044239935,129.3404
9080000,455,48.4923219803,-4.5044236793,129.3404
9100000,456,48.4923218091,-4.504423365,129.3404
9120000,457,48.4923216379,-4.5044230508,129.3404
9140000,458,48.4923214667,-4.5044227365,129.3404
9160000,459,48.4923212955,-4.5044224223,129.3404
9180000,460,48.4923211243,-4.5044221081,129.3404
9200000,461,48.4923209531,-4.5044217938,129.3404
9220000,462,48.4923207819,-4.5044214796,129.3404
9240000,463,48.4923206107,-4.5044211653,129.3404
9260000,464,48.4923204395,-4.5044208511,129.3404
9280000,465,48.4923202683,-4.5044205369,129.3404
9300000,466,48.4923200971,-4.5044202226,129.3404
9320000,467,48.4923199259,-4.5044199084,129.3404
9340000,468,48.4923197547,-4.5044195941,129.3404
9360000,469,48.4923195835,-4.5044192799,129.3404
9380000,470,48.4923194123,-4.5044189656,129.3404
9400000,471,48.4923192411,-4.5044186514,129.3404
9420000,472,48.4923190699,-4.5044183372,129.3404
9440000,473,48.4923188987,-4.5044180229,129.3404
9460000,474,48.4923187275,-4.5044177087,129.3404
9480000,475,48.4923185563,-4.5044173944,129.3404
9500000,476,48.4923183851,-4.5044170802,129.3404
9520000,477,48.4923182139,-4.504416766,129.3404
9540000,478,48.4923180427,-4.5044164517,129.3404
9560000,479,48.4923178714,-4.5044161375,129.3404
9580000,480,48.4923177002,-4.5044158232,129.3404
9600000,481,48.492317529,-4.504415509,129.3404
9620000,482,48.4923173578,-4.5044151948,129.3404
9640000,483,48.4923171866,-4.5044148805,129.3404
9660000,484,48.4923170154,-4.5044145663,129.3404
9680000,485,48.4923168442,-4.504414252,129.3404
9700000,486,48.492316673,-4.5044139378,129.3404
9720000,487,48.4923165018,-4.5044136236,129.3404
9740000,488,48.4923163306,-4.5044133093,129.3404
9760000,489,48.4923161594,-4.5044129951,129.3404
9780000,490,48.4923159882,-4.5044126808,129.3404
9800000,491,48.492315817,-4.5044123666,129.3404
9820000,492,48.4923156458,-4.5044120524,129.3404
9840000,493,48.4923154746,-4.5044117381,129.3404
9860000,494,48.4923153034,-4.5044114239,129.3404
9880000,495,48.4923151322,-4.5044111096,129.3404
9900000,496,48.492314961,-4.5044107954,129.3404
9920000,497,48.4923147898,-4.5044104811,129.3404
9940000,498,48.4923146186,-4.5044101669,129.3404
9960000,499,48.4923144474,-4.5044098527,129.3404
9980000,500,48.4923142762,-4.5044095384,129.3404
10000000,501,48.492314105,-4.5044092242,129.3404
10020000,502,48.4923139338,-4.5044089099,129.3404
10040000,503,48.4923137626,-4.5044085957,129.3404
10060000,504,48.4923135914,-4.5044082815,129.3404
10080000,505,48.4923134202,-4.5044079672,129.3404
10100000,506,48.492313249,-4.504407653,129.3404
10120000,507,48.4923130778,-4.5044073387,129.3404
10140000,508,48.4923129066,-4.5044070245,129.3404
10160000,509,48.4923127354,-4.5044067103,129.3404
10180000,510,48.4923125642,-4.504406396,129.3404
10200000,511,48.4923123929,-4.5044060818,129.3404
10220000,512,48.4923122217,-4.5044057675,129.3404
10240000,513,48.4923120505,-4.5044054533,129.3404
10260000,514,48.4923118793,-4.5044051391,129.3404
10280000,515,48.4923117081,-4.5044048248,129.3404
10300000,516,48.4923115369,-4.5044045106,129.3404
10320000,517,48.4923113657,-4.5044041963,129.3404
10340000,518,48.4923111945,-4.5044038821,129.3404
10360000,519,48.4923110233,-4.5044035679,129.3404
10380000,520,48.4923108521,-4.5044032536,129.3404
10400000,521,48.4923106809,-4.5044029394,129.3404
10420000,522,48.4923105097,-4.5044026251,129.3404
10440000,523,48.4923103385,-4.5044023109,129.3404
10460000,524,48.4923101673,-4.5044019966,129.3404
10480000,525,48.4923099961,-4.5044016824,129.3404
10500000,526,48.4923098249,-4.5044013682,129.3404
10520000,527,48.4923096537,-4.5044010539,129.3404
10540000,528,48.4923094825,-4.5044007397,129.3404
10560000,529,48.4923093113,-4.5044004254,129.3404
10580000,530,48.4923091401,-4.5044001112,129.3404
10600000,531,48.4923089689,-4.504399797,129.3404
10620000,532,48.4923087977,-4.5043994827,129.3404
10640000,533,48.4923086265,-4.5043991685,129.3404
10660000,534,48.4923084553,-4.5043988542,129.3404
10680000,535,48.4923082841,-4.50439854,129.3404
10700000,536,48.4923081129,-4.5043982258,129.3404
10720000,537,48.4923079417,-4.5043979115,129.3404
10740000,538,48.4923077705,-4.5043975973,129.3404
10760000,539,48.4923075993,-4.504397283,129.3404
10780000,540,48.4923074281,-4.5043969688,129.3404
10800000,541,48.4923072569,-4.5043966546,129.3404
10820000,542,48.4923070857,-4.5043963403,129.3404
10840000,543,48.4923069144,-4.5043960261,129.3404
10860000,544,48.4923067432,-4.5043957118,129.3404
10880000,545,48.492306572,-4.5043953976,129.3404
10900000,546,48.4923064008,-4.5043950834,129.3404
10920000,547,48.4923062296,-4.5043947691,129.3404
10940000,548,48.4923060584,-4.5043944549,129.3404
10960000,549,48.4923058872,-4.5043941406,129.3404
10980000,550,48.492305716,-4.5043938264,129.3404
11000000,551,48.4923055448,-4.5043935121,129.3404
11020000,552,48.4923053736,-4.5043931979,129.3404
11040000,553,48.4923052024,-4.5043928837,129.3404
11060000,554,48.4923050312,-4.5043925694,129.3404
11080000,555,48.49230486,-4.5043922552,129.3404
11100000,556,48.4923046888,-4.5043919409,129.3404
11120000,557,48.4923045176,-4.5043916267,129.3404
11140000,558,48.4923043464,-4.5043913125,129.3404
11160000,559,48.4923041752,-4.5043909982,129.3404
11180000,560,48.492304004,-4.504390684,129.3404
11200000,561,48.4923038328,-4.5043903697,129.3404
11220000,562,48.4923036616,-4.5043900555,129.3404
11240000,563,48.4923034904,-4.5043897413,129.3404
11260000,564,48.4923033192,-4.504389427,129.3404
11280000,565,48.492303148,-4.5043891128,129.3404
11300000,566,48.4923029768,-4.5043887985,129.3404
11320000,567,48.4923028056,-4.5043884843,129.3404
11340000,568,48.4923026344,-4.5043881701,129.3404
11360000,569,48.4923024632,-4.5043878558,129.3404
11380000,570,48.492302292,-4.5043875416,129.3404
11400000,571,48.4923021208,-4.5043872273,129.3404
11420000,572,48.4923019496,-4.5043869131,129.3404
11440000,573,48.4923017784,-4.5043865989,129.3404
11460000,574,48.4923016071,-4.5043862846,129.3404
11480000,575,48.4923014359,-4.5043859704,129.3404
11500000,576,48.4923012647,-4.5043856561,129.3404
11520000,577,48.4923010935,-4.5043853419,129.3404
11540000,578,48.4923009223,-4.5043850277,129.3404
11560000,579,48.4923007511,-4.5043847134,129.3404
11580000,580,48.4923005799,-4.5043843992,129.3404
11600000,581,48.4923004087,-4.5043840849,129.3404
11620000,582,48.4923002375,-4.5043837707,129.3404
11640000,583,48.4923000663,-4.5043834565,129.3404
11660000,584,48.4922998951,-4.5043831422,129.3404
11680000,585,48.4922997239,-4.504382828,129.3404
11700000,586,48.4922995527,-4.5043825137,129.3404
11720000,587,48.4922993815,-4.5043821995,129.3404
11740000,588,48.4922992103,-4.5043818852,129.3404
11760000,589,48.4922990391,-4.504381571,129.3404
11780000,590,48.4922988679,-4.5043812568,129.3404
11800000,591,48.4922986967,-4.5043809425,129.3404
11820000,592,48.4922985255,-4.5043806283,129.3404
11840000,593,48.4922983543,-4.504380314,129.3404
11860000,594,48.4922981831,-4.5043799998,129.3404
11880000,595,48.4922980119,-4.5043796856,129.3404
11900000,596,48.4922978407,-4.5043793713,129.3404
11920000,597,48.4922976695,-4.5043790571,129.3404
11940000,598,48.4922974983,-4.5043787428,129.3404
11960000,599,48.4922973271,-4.5043784286,129.3404
11980000,600,48.4922971559,-4.5043781144,129.3404
12000000,601,48.4922969847,-4.5043778001,129.3404
12020000,602,48.4922968135,-4.5043774859,129.3404
12040000,603,48.4922966423,-4.5043771716,129.3404
12060000,604,48.4922964711,-4.5043768574,129.3404
12080000,605,48.4922962998,-4.5043765432,129.3404
12100000,606,48.4922961286,-4.5043762289,129.3404
12120000,607,48.4922959574,-4.5043759147,129.3404
12140000,608,48.4922957862,-4.5043756004,129.3404
12160000,609,48.492295615,-4.5043752862,129.3404
12180000,610,48.4922954438,-4.504374972,129.3404
12200000,611,48.4922952726,-4.5043746577,129.3404
12220000,612,48.4922951014,-4.5043743435,129.3404
12240000,613,48.4922949302,-4.5043740292,129.3404
12260000,614,48.492294759,-4.504373715,129.3404
12280000,615,48.4922945878,-4.5043734008,129.3404
12300000,616,48.4922944166,-4.5043730865,129.3404
12320000,617,48.4922942454,-4.5043727723,129.3404
12340000,618,48.4922940742,-4.504372458,129.3404
12360000,619,48.492293903,-4.5043721438,129.3404
12380000,620,48.4922937318,-4.5043718296,129.3404
12400000,621,48.4922935606,-4.5043715153,129.3404
12420000,622,48.4922933894,-4.5043712011,129.3404
12440000,623,48.4922932182,-4.5043708868,129.3404
12460000,624,48.492293047,-4.5043705726,129.3404
12480000,625,48.4922928758,-4.5043702583,129.3404
12500000,626,48.4922927046,-4.5043699441,129.3404
12520000,627,48.4922925334,-4.5043696299,129.3404
12540000,628,48.4922923622,-4.5043693156,129.3404
12560000,629,48.492292191,-4.5043690014,129.3404
12580000,630,48.4922920198,-4.5043686871,129.3404
12600000,631,48.4922918486,-4.5043683729,129.3404
12620000,632,48.4922916774,-4.5043680587,129.3404
12640000,633,48.4922915062,-4.5043677444,129.3404
12660000,634,48.492291335,-4.5043674302,129.3404
12680000,635,48.4922911638,-4.5043671159,129.3404
12700000,636,48.4922909925,-4.5043668017,129.3404
12720000,637,48.4922908213,-4.5043664875,129.3404
12740000,638,48.4922906501,-4.5043661732,129.3404
12760000,639,48.4922904789,-4.504365859,129.3404
12780000,640,48.4922903077,-4.5043655447,129.3404
12800000,641,48.4922901365,-4.5043652305,129.3404
12820000,642,48.4922899653,-4.5043649163,129.3404
12840000,643,48.4922897941,-4.504364602,129.3404
12860000,644,48.4922896229,-4.5043642878,129.3404
12880000,645,48.4922894517,-4.5043639735,129.3404
12900000,646,48.4922892805,-4.5043636593,129.3404
12920000,647,48.4922891093,-4.5043633451,129.3404
12940000,648,48.4922889381,-4.5043630308,129.3404
12960000,649,48.4922887669,-4.5043627166,129.3404
12980000,650,48.4922885957,-4.5043624023,129.3404
13000000,651,48.4922884245,-4.5043620881,129.3404
13020000,652,48.4922882533,-4.5043617739,129.3404
13040000,653,48.4922880821,-4.5043614596,129.3404
13060000,654,48.4922879109,-4.5043611454,129.3404
13080000,655,48.4922877397,-4.5043608311,129.3404
13100000,656,48.4922875685,-4.5043605169,129.3404
13120000,657,48.4922873973,-4.5043602027,129.3404
13140000,658,48.4922872261,-4.5043598884,129.3404
13160000,659,48.4922870549,-4.5043595742,129.3404
13180000,660,48.4922868837,-4.5043592599,129.3404
13200000,661,48.4922867125,-4.5043589457,129.3404
13220000,662,48.4922865413,-4.5043586315,129.3404
13240000,663,48.4922863701,-4.5043583172,129.3404
13260000,664,48.4922861989,-4.504358003,129.3404
13280000,665,48.4922860277,-4.5043576887,129.3404
13300000,666,48.4922858565,-4.5043573745,129.3404
13320000,667,48.4922856852,-4.5043570603,129.3404
13340000,668,48.492285514,-4.504356746,129.3404
13360000,669,48.4922853428,-4.5043564318,129.3404
13380000,670,48.4922851716,-4.5043561175,129.3404
13400000,671,48.4922850004,-4.5043558033,129.3404
13420000,672,48.4922848292,-4.504355489,129.3404
13440000,673,48.492284658,-4.5043551748,129.3404
13460000,674,48.4922844868,-4.5043548606,129.3404
13480000,675,48.4922843156,-4.5043545463,129.3404
13500000,676,48.4922841444,-4.5043542321,129.3404
13520000,677,48.4922839732,-4.5043539178,129.3404
13540000,678,48.492283802,-4.5043536036,129.3404
13560000,679,48.4922836308,-4.5043532894,129.3404
13580000,680,48.4922834596,-4.5043529751,129.3404
13600000,681,48.4922832884,-4.5043526609,129.3404
13620000,682,48.4922831172,-4.5043523466,129.3404
13640000,683,48.492282946,-4.5043520324,129.3404
13660000,684,48.4922827748,-4.5043517182,129.3404
13680000,685,48.4922826036,-4.5043514039,129.3404
13700000,686,48.4922824324,-4.5043510897,129.3404
13720000,687,48.4922822612,-4.5043507754,129.3404
13740000,688,48.49228209,-4.5043504612,129.3404
13760000,689,48.4922819188,-4.504350147,129.3404
13780000,690,48.4922817476,-4.5043498327,129.3404
13800000,691,48.4922815764,-4.5043495185,129.3404
13820000,692,48.4922814052,-4.5043492042,129.3404
13840000,693,48.492281234,-4.50434889,129.3404
13860000,694,48.4922810628,-4.5043485758,129.3404
13880000,695,48.4922808916,-4.5043482615,129.3404
13900000,696,48.4922807204,-4.5043479473,129.3404
13920000,697,48.4922805492,-4.504347633,129.3404
13940000,698,48.4922803779,-4.5043473188,129.3404
13960000,699,48.4922802067,-4.5043470046,129.3404
13980000,700,48.4922800355,-4.5043466903,129.3404
14000000,701,48.4922798643,-4.5043463761,129.3404
14020000,702,48.4922796931,-4.5043460618,129.3404
14040000,703,48.4922795219,-4.5043457476,129.3404
14060000,704,48.4922793507,-4.5043454334,129.3404
14080000,705,48.4922791795,-4.5043451191,129.3404
14100000,706,48.4922790083,-4.5043448049,129.3404
14120000,707,48.4922788371,-4.5043444906,129.3404
14140000,708,48.4922786659,-4.5043441764,129.3404
14160000,709,48.4922784947,-4.5043438622,129.3404
14180000,710,48.4922783235,-4.5043435479,129.3404
14200000,711,48.4922781523,-4.5043432337,129.3404
14220000,712,48.4922779811,-4.5043429194,129.3404
14240000,713,48.4922778099,-4.5043426052,129.3404
14260000,714,48.4922776387,-4.504342291,129.3404
14280000,715,48.4922774675,-4.5043419767,129.3404
14300000,716,48.4922772963,-4.5043416625,129.3404
14320000,717,48.4922771251,-4.5043413482,129.3404
14340000,718,48.4922769539,-4.504341034,129.3404
14360000,719,48.4922767827,-4.5043407198,129.3404
14380000,720,48.4922766115,-4.5043404055,129.3404
14400000,721,48.4922764403,-4.5043400913,129.3404
14420000,722,48.4922762691,-4.504339777,129.3404
14440000,723,48.4922760979,-4.5043394628,129.3404
14460000,724,48.4922759267,-4.5043391486,129.3404
14480000,725,48.4922757555,-4.5043388343,129.3404
14500000,726,48.4922755843,-4.5043385201,129.3404
14520000,727,48.4922754131,-4.5043382058,129.3404
14540000,728,48.4922752418,-4.5043378916,129.3404
14560000,729,48.4922750706,-4.5043375774,129.3404
14580000,730,48.4922748994,-4.5043372631,129.3404
14600000,731,48.4922747282,-4.5043369489,129.3404
14620000,732,48.492274557,-4.5043366346,129.3404
14640000,733,48.4922743858,-4.5043363204,129.3404
14660000,734,48.4922742146,-4.5043360062,129.3404
14680000,735,48.4922740434,-4.5043356919,129.3404
14700000,736,48.4922738722,-4.5043353777,129.3404
14720000,737,48.492273701,-4.5043350634,129.3404
14740000,738,48.4922735298,-4.5043347492,129.3404
14760000,739,48.4922733586,-4.5043344349,129.3404
14780000,740,48.4922731874,-4.5043341207,129.3404
14800000,741,48.4922730162,-4.5043338065,129.3404
14820000,742,48.492272845,-4.5043334922,129.3404
14840000,743,48.4922726738,-4.504333178,129.3404
14860000,744,48.4922725026,-4.5043328637,129.3404
14880000,745,48.4922723314,-4.5043325495,129.3404
14900000,746,48.4922721602,-4.5043322353,129.3404
14920000,747,48.492271989,-4.504331921,129.3404
14940000,748,48.4922718178,-4.5043316068,129.3404
14960000,749,48.4922716466,-4.5043312925,129.3404
14980000,750,48.4922714754,-4.5043309783,129.3404
15000000,751,48.4922713042,-4.5043306641,129.3404
15020000,752,48.492271133,-4.5043303498,129.3404
15040000,753,48.4922709618,-4.5043300356,129.3404
15060000,754,48.4922707906,-4.5043297213,129.3404
15080000,755,48.4922706194,-4.5043294071,129.3404
15100000,756,48.4922704482,-4.5043290929,129.3404
15120000,757,48.492270277,-4.5043287786,129.3404
15140000,758,48.4922701057,-4.5043284644,129.3404
15160000,759,48.4922699345,-4.5043281501,129.3404
15180000,760,48.4922697633,-4.5043278359,129.3404
15200000,761,48.4922695921,-4.5043275217,129.3404
15220000,762,48.4922694209,-4.5043272074,129.3404
15240000,763,48.4922692497,-4.5043268932,129.3404
15260000,764,48.4922690785,-4.5043265789,129.3404
15280000,765,48.4922689073,-4.5043262647,129.3404
15300000,766,48.4922687361,-4.5043259505,129.3404
15320000,767,48.4922685649,-4.5043256362,129.3404
15340000,768,48.4922683937,-4.504325322,129.3404
15360000,769,48.4922682225,-4.5043250077,129.3404
15380000,770,48.4922680513,-4.5043246935,129.3404
15400000,771,48.4922678801,-4.5043243793,129.3404
15420000,772,48.4922677089,-4.504324065,129.3404
15440000,773,48.4922675377,-4.5043237508,129.3404
15460000,774,48.4922673665,-4.5043234365,129.3404
15480000,775,48.4922671953,-4.5043231223,129.3404
15500000,776,48.4922670241,-4.5043228081,129.3404
15520000,777,48.4922668529,-4.5043224938,129.3404
15540000,778,48.4922666817,-4.5043221796,129.3404
15560000,779,48.4922665105,-4.5043218653,129.3404
15580000,780,48.4922663393,-4.5043215511,129.3404
15600000,781,48.4922661681,-4.5043212369,129.3404
15620000,782,48.4922659969,-4.5043209226,129.3404
15640000,783,48.4922658257,-4.5043206084,129.3404
15660000,784,48.4922656545,-4.5043202941,129.3404
15680000,785,48.4922654833,-4.5043199799,129.3404
15700000,786,48.4922653121,-4.5043196657,129.3404
15720000,787,48.4922651409,-4.5043193514,129.3404
15740000,788,48.4922649696,-4.5043190372,129.3404
15760000,789,48.4922647984,-4.5043187229,129.3404
15780000,790,48.4922646272,-4.5043184087,129.3404
15800000,791,48.492264456,-4.5043180945,129.3404
15820000,792,48.4922642848,-4.5043177802,129.3404
15840000,793,48.4922641136,-4.504317466,129.3404
15860000,794,48.4922639424,-4.5043171517,129.3404
15880000,795,48.4922637712,-4.5043168375,129.3404
15900000,796,48.4922636,-4.5043165233,129.3404
15920000,797,48.4922634288,-4.504316209,129.3404
15940000,798,48.4922632576,-4.5043158948,129.3404
15960000,799,48.4922630864,-4.5043155805,129.3404
15980000,800,48.4922629152,-4.5043152663,129.3404
16000000,801,48.492262744,-4.5043149521,129.3404
16020000,802,48.4922625728,-4.5043146378,129.3404
16040000,803,48.4922624016,-4.5043143236,129.3404
16060000,804,48.4922622304,-4.5043140093,129.3404
16080000,805,48.4922620592,-4.5043136951,129.3404
16100000,806,48.492261888,-4.5043133809,129.3404
16120000,807,48.4922617168,-4.5043130666,129.3404
16140000,808,48.4922615456,-4.5043127524,129.3404
16160000,809,48.4922613744,-4.5043124381,129.3404
16180000,810,48.4922612032,-4.5043121239,129.3404
16200000,811,48.492261032,-4.5043118097,129.3404
16220000,812,48.4922608608,-4.5043114954,129.3404
16240000,813,48.4922606896,-4.5043111812,129.3404
16260000,814,48.4922605184,-4.5043108669,129.3404
16280000,815,48.4922603472,-4.5043105527,129.3404
16300000,816,48.492260176,-4.5043102385,129.3404
16320000,817,48.4922600047,-4.5043099242,129.3404
16340000,818,48.4922598335,-4.50430961,129.3404
16360000,819,48.4922596623,-4.5043092957,129.3404
16380000,820,48.4922594911,-4.5043089815,129.3404
16400000,821,48.4922593199,-4.5043086673,129.3404
16420000,822,48.4922591487,-4.504308353,129.3404
16440000,823,48.4922589775,-4.5043080388,129.3404
16460000,824,48.4922588063,-4.5043077245,129.3404
16480000,825,48.4922586351,-4.5043074103,129.3404
16500000,826,48.4922584639,-4.5043070961,129.3404
16520000,827,48.4922582927,-4.5043067818,129.3404
16540000,828,48.4922581215,-4.5043064676,129.3404
16560000,829,48.4922579503,-4.5043061533,129.3404
16580000,830,48.4922577791,-4.5043058391,129.3404
16600000,831,48.4922576079,-4.5043055249,129.3404
16620000,832,48.4922574367,-4.5043052106,129.3404
16640000,833,48.4922572655,-4.5043048964,129.3404
16660000,834,48.4922570943,-4.5043045821,129.3404
16680000,835,48.4922569231,-4.5043042679,129.3404
16700000,836,48.4922567519,-4.5043039537,129.3404
16720000,837,48.4922565807,-4.5043036394,129.3404
16740000,838,48.4922564095,-4.5043033252,129.3404
16760000,839,48.4922562383,-4.5043030109,129.3404
16780000,840,48.4922560671,-4.5043026967,129.3404
16800000,841,48.4922558959,-4.5043023825,129.3404
16820000,842,48.4922557247,-4.5043020682,129.3404
16840000,843,48.4922555535,-4.504301754,129.3404
16860000,844,48.4922553823,-4.5043014397,129.3404
16880000,845,48.4922552111,-4.5043011255,129.3404
16900000,846,48.4922550399,-4.5043008113,129.3404
16920000,847,48.4922548686,-4.504300497,129.3404
16940000,848,48.4922546974,-4.5043001828,129.3404
16960000,849,48.4922545262,-4.5042998685,129.3404
16980000,850,48.492254355,-4.5042995543,129.3404
17000000,851,48.4922541838,-4.5042992401,129.3404
17020000,852,48.4922540126,-4.5042989258,129.3404
17040000,853,48.4922538414,-4.5042986116,129.3404
17060000,854,48.4922536702,-4.5042982973,129.3404
17080000,855,48.492253499,-4.5042979831,129.3404
17100000,856,48.4922533278,-4.5042976689,129.3404
17120000,857,48.4922531566,-4.5042973546,129.3404
17140000,858,48.4922529854,-4.5042970404,129.3404
17160000,859,48.4922528142,-4.5042967261,129.3404
17180000,860,48.492252643,-4.5042964119,129.3404
17200000,861,48.4922524718,-4.5042960977,129.3404
17220000,862,48.4922523006,-4.5042957834,129.3404
17240000,863,48.4922521294,-4.5042954692,129.3404
17260000,864,48.4922519582,-4.5042951549,129.3404
17280000,865,48.492251787,-4.5042948407,129.3404
17300000,866,48.4922516158,-4.5042945265,129.3404
17320000,867,48.4922514446,-4.5042942122,129.3404
17340000,868,48.4922512734,-4.504293898,129.3404
17360000,869,48.4922511022,-4.5042935837,129.3404
17380000,870,48.492250931,-4.5042932695,129.3404
17400000,871,48.4922507598,-4.5042929553,129.3404
17420000,872,48.4922505886,-4.504292641,129.3404
17440000,873,48.4922504174,-4.5042923268,129.3404
17460000,874,48.4922502462,-4.5042920125,129.3404
17480000,875,48.492250075,-4.5042916983,129.3404
17500000,876,48.4922499037,-4.5042913841,129.3404
17520000,877,48.4922497325,-4.5042910698,129.3404
17540000,878,48.4922495613,-4.5042907556,129.3404
17560000,879,48.4922493901,-4.5042904413,129.3404
17580000,880,48.4922492189,-4.5042901271,129.3404
17600000,881,48.4922490477,-4.5042898129,129.3404
17620000,882,48.4922488765,-4.5042894986,129.3404
17640000,883,48.4922487053,-4.5042891844,129.3404
17660000,884,48.4922485341,-4.5042888701,129.3404
17680000,885,48.4922483629,-4.5042885559,129.3404
17700000,886,48.4922481917,-4.5042882417,129.3404
17720000,887,48.4922480205,-4.5042879274,129.3404
17740000,888,48.4922478493,-4.5042876132,129.3404
17760000,889,48.4922476781,-4.5042872989,129.3404
17780000,890,48.4922475069,-4.5042869847,129.3404
17800000,891,48.4922473357,-4.5042866705,129.3404
17820000,892,48.4922471645,-4.5042863562,129.3404
17840000,893,48.4922469933,-4.504286042,129.3404
17860000,894,48.4922468221,-4.5042857277,129.3404
17880000,895,48.4922466509,-4.5042854135,129.3404
17900000,896,48.4922464797,-4.5042850993,129.3404
17920000,897,48.4922463085,-4.504284785,129.3404
17940000,898,48.4922461373,-4.5042844708,129.3404
17960000,899,48.4922459661,-4.5042841565,129.3404
17980000,900,48.4922457949,-4.5042838423,129.3404
18000000,901,48.4922456237,-4.5042835281,129.3404
18020000,902,48.4922454525,-4.5042832138,129.3404
18040000,903,48.4922452813,-4.5042828996,129.3404
18060000,904,48.4922451101,-4.5042825853,129.3404
18080000,905,48.4922449388,-4.5042822711,129.3404
18100000,906,48.4922447676,-4.5042819569,129.3404
18120000,907,48.4922445964,-4.5042816426,129.3404
18140000,908,48.4922444252,-4.5042813284,129.3404
18160000,909,48.492244254,-4.5042810141,129.3404
18180000,910,48.4922440828,-4.5042806999,129.3404
18200000,911,48.4922439116,-4.5042803857,129.3404
18220000,912,48.4922437404,-4.5042800714,129.3404
18240000,913,48.4922435692,-4.5042797572,129.3404
18260000,914,48.492243398,-4.5042794429,129.3404
18280000,915,48.4922432268,-4.5042791287,129.3404
18300000,916,48.4922430556,-4.5042788145,129.3404
18320000,917,48.4922428844,-4.5042785002,129.3404
18340000,918,48.4922427132,-4.504278186,129.3404
18360000,919,48.492242542,-4.5042778717,129.3404
18380000,920,48.4922423708,-4.5042775575,129.3404
18400000,921,48.4922421996,-4.5042772433,129.3404
18420000,922,48.4922420284,-4.504276929,129.3404
18440000,923,48.4922418572,-4.5042766148,129.3404
18460000,924,48.492241686,-4.5042763005,129.3404
18480000,925,48.4922415148,-4.5042759863,129.3404
18500000,926,48.4922413436,-4.5042756721,129.3404
18520000,927,48.4922411724,-4.5042753578,129.3404
18540000,928,48.4922410012,-4.5042750436,129.3404
18560000,929,48.49224083,-4.5042747293,129.3404
18580000,930,48.4922406588,-4.5042744151,129.3404
18600000,931,48.4922404876,-4.5042741009,129.3404
18620000,932,48.4922403164,-4.5042737866,129.3404
18640000,933,48.4922401451,-4.5042734724,129.3404
18660000,934,48.4922399739,-4.5042731581,129.3404
18680000,935,48.4922398027,-4.5042728439,129.3404
18700000,936,48.4922396315,-4.5042725297,129.3404
18720000,937,48.4922394603,-4.5042722154,129.3404
18740000,938,48.4922392891,-4.5042719012,129.3404
18760000,939,48.4922391179,-4.5042715869,129.3404
18780000,940,48.4922389467,-4.5042712727,129.3404
18800000,941,48.4922387755,-4.5042709585,129.3404
18820000,942,48.4922386043,-4.5042706442,129.3404
18840000,943,48.4922384331,-4.50427033,129.3404
18860000,944,48.4922382619,-4.5042700157,129.3404
18880000,945,48.4922380907,-4.5042697015,129.3404
18900000,946,48.4922379195,-4.5042693873,129.3404
18920000,947,48.4922377483,-4.504269073,129.3404
18940000,948,48.4922375771,-4.5042687588,129.3404
18960000,949,48.4922374059,-4.5042684445,129.3404
18980000,950,48.4922372347,-4.5042681303,129.3404
19000000,951,48.4922370635,-4.5042678161,129.3404
19020000,952,48.4922368923,-4.5042675018,129.3404
19040000,953,48.4922367211,-4.5042671876,129.3404
19060000,954,48.4922365499,-4.5042668733,129.3404
19080000,955,48.4922363787,-4.5042665591,129.3404
19100000,956,48.4922362075,-4.5042662449,129.3404
19120000,957,48.4922360363,-4.5042659306,129.3404
19140000,958,48.4922358651,-4.5042656164,129.3404
19160000,959,48.4922356939,-4.5042653021,129.3404
19180000,960,48.4922355227,-4.5042649879,129.3404
19200000,961,48.4922353515,-4.5042646737,129.3404
19220000,962,48.4922351802,-4.5042643594,129.3404
19240000,963,48.492235009,-4.5042640452,129.3404
19260000,964,48.4922348378,-4.504263731,129.3404
19280000,965,48.4922346666,-4.5042634167,129.3404
19300000,966,48.4922344954,-4.5042631025,129.3404
19320000,967,48.4922343242,-4.5042627882,129.3404
19340000,968,48.492234153,-4.504262474,129.3404
19360000,969,48.4922339818,-4.5042621598,129.3404
19380000,970,48.4922338106,-4.5042618455,129.3404
19400000,971,48.4922336394,-4.5042615313,129.3404
19420000,972,48.4922334682,-4.504261217,129.3404
19440000,973,48.492233297,-4.5042609028,129.3404
19460000,974,48.4922331258,-4.5042605886,129.3404
19480000,975,48.4922329546,-4.5042602743,129.3404
19500000,976,48.4922327834,-4.5042599601,129.3404
19520000,977,48.4922326122,-4.5042596458,129.3404
19540000,978,48.492232441,-4.5042593316,129.3404
19560000,979,48.4922322698,-4.5042590174,129.3404
19580000,980,48.4922320986,-4.5042587031,129.3404
19600000,981,48.4922319274,-4.5042583889,129.3404
19620000,982,48.4922317562,-4.5042580746,129.3404
19640000,983,48.492231585,-4.5042577604,129.3404
19660000,984,48.4922314138,-4.5042574462,129.3404
19680000,985,48.4922312426,-4.5042571319,129.3404
19700000,986,48.4922310714,-4.5042568177,129.3404
19720000,987,48.4922309002,-4.5042565034,129.3404
19740000,988,48.492230729,-4.5042561892,129.3404
19760000,989,48.4922305578,-4.504255875,129.3404
19780000,990,48.4922303865,-4.5042555607,129.3404
19800000,991,48.4922302153,-4.5042552465,129.3404
19820000,992,48.4922300441,-4.5042549322,129.3404
19840000,993,48.4922298729,-4.504254618,129.3404
19860000,994,48.4922297017,-4.5042543038,129.3404
19880000,995,48.4922295305,-4.5042539895,129.3404
19900000,996,48.4922293593,-4.5042536753,129.3404
19920000,997,48.4922291881,-4.504253361,129.3404
19940000,998,48.4922290169,-4.5042530468,129.3404
19960000,999,48.4922288457,-4.5042527326,129.3404
19980000,1000,48.4922286745,-4.5042524183,129.3404
20000000,1001,48.4922285033,-4.5042521041,129.3404
20020000,1002,48.4922283321,-4.5042517898,129.3404
20040000,1003,48.4922281609,-4.5042514756,129.3404
20060000,1004,48.4922279897,-4.5042511614,129.3404
20080000,1005,48.4922278185,-4.5042508471,129.3404
20100000,1006,48.4922276473,-4.5042505329,129.3404
20120000,1007,48.4922274761,-4.5042502186,129.3404
20140000,1008,48.4922273049,-4.5042499044,129.3404
20160000,1009,48.4922271337,-4.5042495902,129.3404
20180000,1010,48.4922269625,-4.5042492759,129.3404
20200000,1011,48.4922267913,-4.5042489617,129.3404
20220000,1012,48.4922266201,-4.5042486474,129.3404
20240000,1013,48.4922264489,-4.5042483332,129.3404
20260000,1014,48.4922262777,-4.504248019,129.3404
20280000,1015,48.4922261065,-4.5042477047,129.3404
20300000,1016,48.4922259353,-4.5042473905,129.3404
20320000,1017,48.4922257641,-4.5042470762,129.3404
20340000,1018,48.4922255928,-4.504246762,129.3404
20360000,1019,48.4922254216,-4.5042464478,129.3404
20380000,1020,48.4922252504,-4.5042461335,129.3404
20400000,1021,48.4922250792,-4.5042458193,129.3404
20420000,1022,48.492224908,-4.504245505,129.3404
20440000,1023,48.4922247368,-4.5042451908,129.3404
20460000,1024,48.4922245656,-4.5042448766,129.3404
20480000,1025,48.4922243944,-4.5042445623,129.3404
20500000,1026,48.4922242232,-4.5042442481,129.3404
20520000,1027,48.492224052,-4.5042439339,129.3404
20540000,1028,48.4922238808,-4.5042436196,129.3404
20560000,1029,48.4922237096,-4.5042433054,129.3404
20580000,1030,48.4922235384,-4.5042429911,129.3404
20600000,1031,48.4922233672,-4.5042426769,129.3404
20620000,1032,48.492223196,-4.5042423627,129.3404
20640000,1033,48.4922230248,-4.5042420484,129.3404
20660000,1034,48.4922228536,-4.5042417342,129.3404
20680000,1035,48.4922226824,-4.5042414199,129.3404
20700000,1036,48.4922225112,-4.5042411057,129.3404
20720000,1037,48.49222234,-4.5042407915,129.3404
20740000,1038,48.4922221688,-4.5042404772,129.3404
20760000,1039,48.4922219976,-4.504240163,129.3404
20780000,1040,48.4922218264,-4.5042398487,129.3404
20800000,1041,48.4922216552,-4.5042395345,129.3404
20820000,1042,48.492221484,-4.5042392203,129.3404
20840000,1043,48.4922213128,-4.504238906,129.3404
20860000,1044,48.4922211416,-4.5042385918,129.3404
20880000,1045,48.4922209704,-4.5042382775,129.3404
20900000,1046,48.4922207991,-4.5042379633,129.3404
20920000,1047,48.4922206279,-4.5042376491,129.3404
20940000,1048,48.4922204567,-4.5042373348,129.3404
20960000,1049,48.4922202855,-4.5042370206,129.3404
20980000,1050,48.4922201143,-4.5042367063,129.3404
21000000,1051,48.4922199431,-4.5042363921,129.3404
21020000,1052,48.4922197719,-4.5042360779,129.3404
21040000,1053,48.4922196007,-4.5042357636,129.3404
21060000,1054,48.4922194295,-4.5042354494,129.3404
21080000,1055,48.4922192583,-4.5042351351,129.3404
21100000,1056,48.4922190871,-4.5042348209,129.3404
21120000,1057,48.4922189159,-4.5042345067,129.3404
21140000,1058,48.4922187447,-4.5042341924,129.3404
21160000,1059,48.4922185735,-4.5042338782,129.3404
21180000,1060,48.4922184023,-4.5042335639,129.3404
21200000,1061,48.4922182311,-4.5042332497,129.3404
21220000,1062,48.4922180599,-4.5042329355,129.3404
21240000,1063,48.4922178887,-4.5042326212,129.3404
21260000,1064,48.4922177175,-4.504232307,129.3404
21280000,1065,48.4922175463,-4.5042319927,129.3404
21300000,1066,48.4922173751,-4.5042316785,129.3404
21320000,1067,48.4922172039,-4.5042313643,129.3404
21340000,1068,48.4922170327,-4.50423105,129.3404
21360000,1069,48.4922168615,-4.5042307358,129.3404
21380000,1070,48.4922166903,-4.5042304215,129.3404
21400000,1071,48.4922165191,-4.5042301073,129.3404
21420000,1072,48.4922163479,-4.5042297931,129.3404
21440000,1073,48.4922161767,-4.5042294788,129.3404
21460000,1074,48.4922160054,-4.5042291646,129.3404
21480000,1075,48.4922158342,-4.5042288504,129.3404
21500000,1076,48.492215663,-4.5042285361,129.3404
21520000,1077,48.4922154918,-4.5042282219,129.3404
21540000,1078,48.4922153206,-4.5042279076,129.3404
21560000,1079,48.4922151494,-4.5042275934,129.3404
21580000,1080,48.4922149782,-4.5042272792,129.3404
21600000,1081,48.492214807,-4.5042269649,129.3404
21620000,1082,48.4922146358,-4.5042266507,129.3404
21640000,1083,48.4922144646,-4.5042263364,129.3404
21660000,1084,48.4922142934,-4.5042260222,129.3404
21680000,1085,48.4922141222,-4.504225708,129.3404
21700000,1086,48.492213951,-4.5042253937,129.3404
21720000,1087,48.4922137798,-4.5042250795,129.3404
21740000,1088,48.4922136086,-4.5042247652,129.3404
21760000,1089,48.4922134374,-4.504224451,129.3404
21780000,1090,48.4922132662,-4.5042241368,129.3404
21800000,1091,48.492213095,-4.5042238225,129.3404
21820000,1092,48.4922129238,-4.5042235083,129.3404
21840000,1093,48.4922127526,-4.504223194,129.3404
21860000,1094,48.4922125814,-4.5042228798,129.3404
21880000,1095,48.4922124102,-4.5042225656,129.3404
21900000,1096,48.492212239,-4.5042222513,129.3404
21920000,1097,48.4922120678,-4.5042219371,129.3404
21940000,1098,48.4922118966,-4.5042216228,129.3404
21960000,1099,48.4922117254,-4.5042213086,129.3404
21980000,1100,48.4922115542,-4.5042209944,129.3404
22000000,1101,48.492211383,-4.5042206801,129.3404
22020000,1102,48.4922112117,-4.5042203659,129.3404
22040000,1103,48.4922110405,-4.5042200516,129.3404
22060000,1104,48.4922108693,-4.5042197374,129.3404
22080000,1105,48.4922106981,-4.5042194232,129.3404
22100000,1106,48.4922105269,-4.5042191089,129.3404
22120000,1107,48.4922103557,-4.5042187947,129.3404
22140000,1108,48.4922101845,-4.5042184804,129.3404
22160000,1109,48.4922100133,-4.5042181662,129.3404
22180000,1110,48.4922098421,-4.504217852,129.3404
22200000,1111,48.4922096709,-4.5042175377,129.3404
22220000,1112,48.4922094997,-4.5042172235,129.3404
22240000,1113,48.4922093285,-4.5042169093,129.3404
22260000,1114,48.4922091573,-4.504216595,129.3404
22280000,1115,48.4922089861,-4.5042162808,129.3404
22300000,1116,48.4922088149,-4.5042159665,129.3404
22320000,1117,48.4922086437,-4.5042156523,129.3404
22340000,1118,48.4922084725,-4.5042153381,129.3404
22360000,1119,48.4922083013,-4.5042150238,129.3404
22380000,1120,48.4922081301,-4.5042147096,129.3404
22400000,1121,48.4922079589,-4.5042143953,129.3404
22420000,1122,48.4922077877,-4.5042140811,129.3404
22440000,1123,48.4922076165,-4.5042137669,129.3404
22460000,1124,48.4922074453,-4.5042134526,129.3404
22480000,1125,48.4922072741,-4.5042131384,129.3404
22500000,1126,48.4922071029,-4.5042128241,129.3404
22520000,1127,48.4922069317,-4.5042125099,129.3404
22540000,1128,48.4922067605,-4.5042121957,129.3404
22560000,1129,48.4922065892,-4.5042118814,129.3404
22580000,1130,48.492206418,-4.5042115672,129.3404
22600000,1131,48.4922062468,-4.5042112529,129.3404
22620000,1132,48.4922060756,-4.5042109387,129.3404
22640000,1133,48.4922059044,-4.5042106245,129.3404
22660000,1134,48.4922057332,-4.5042103102,129.3404
22680000,1135,48.492205562,-4.504209996,129.3404
22700000,1136,48.4922053908,-4.5042096817,129.3404
22720000,1137,48.4922052196,-4.5042093675,129.3404
22740000,1138,48.4922050484,-4.5042090533,129.3404
22760000,1139,48.4922048772,-4.504208739,129.3404
22780000,1140,48.492204706,-4.5042084248,129.3404
22800000,1141,48.4922045348,-4.5042081105,129.3404
22820000,1142,48.4922043636,-4.5042077963,129.3404
22840000,1143,48.4922041924,-4.5042074821,129.3404
22860000,1144,48.4922040212,-4.5042071678,129.3404
22880000,1145,48.49220385,-4.5042068536,129.3404
22900000,1146,48.4922036788,-4.5042065394,129.3404
22920000,1147,48.4922035076,-4.5042062251,129.3404
22940000,1148,48.4922033364,-4.5042059109,129.3404
22960000,1149,48.4922031652,-4.5042055966,129.3404
22980000,1150,48.492202994,-4.5042052824,129.3404
23000000,1151,48.4922028228,-4.5042049682,129.3404
23020000,1152,48.4922026516,-4.5042046539,129.3404
23040000,1153,48.4922024804,-4.5042043397,129.3404
23060000,1154,48.4922023092,-4.5042040254,129.3404
23080000,1155,48.492202138,-4.5042037112,129.3404
23100000,1156,48.4922019667,-4.504203397,129.3404
23120000,1157,48.4922017955,-4.5042030827,129.3404
23140000,1158,48.4922016243,-4.5042027685,129.3404
23160000,1159,48.4922014531,-4.5042024542,129.3404
23180000,1160,48.4922012819,-4.50420214,129.3404
23200000,1161,48.4922011107,-4.5042018258,129.3404
23220000,1162,48.4922009395,-4.5042015115,129.3404
23240000,1163,48.4922007683,-4.5042011973,129.3404
23260000,1164,48.4922005971,-4.504200883,129.3404
23280000,1165,48.4922004259,-4.5042005688,129.3404
23300000,1166,48.4922002547,-4.5042002546,129.3404
23320000,1167,48.4922000835,-4.5041999403,129.3404
23340000,1168,48.4921999123,-4.5041996261,129.3404
23360000,1169,48.4921997411,-4.5041993118,129.3404
23380000,1170,48.4921995699,-4.5041989976,129.3404
23400000,1171,48.4921993987,-4.5041986834,129.3404
23420000,1172,48.4921992275,-4.5041983691,129.3404
23440000,1173,48.4921990563,-4.5041980549,129.3404
23460000,1174,48.4921988851,-4.5041977406,129.3404
23480000,1175,48.4921987139,-4.5041974264,129.3404
23500000,1176,48.4921985427,-4.5041971122,129.3404
23520000,1177,48.4921983715,-4.5041967979,129.3404
23540000,1178,48.4921982003,-4.5041964837,129.3404
23560000,1179,48.4921980291,-4.5041961695,129.3404
23580000,1180,48.4921978579,-4.5041958552,129.3404
23600000,1181,48.4921976867,-4.504195541,129.3404
23620000,1182,48.4921975155,-4.5041952267,129.3404
23640000,1183,48.4921973442,-4.5041949125,129.3404
23660000,1184,48.492197173,-4.5041945983,129.3404
23680000,1185,48.4921970018,-4.504194284,129.3404
23700000,1186,48.4921968306,-4.5041939698,129.3404
23720000,1187,48.4921966594,-4.5041936555,129.3404
23740000,1188,48.4921964882,-4.5041933413,129.3404
23760000,1189,48.492196317,-4.5041930271,129.3404
23780000,1190,48.4921961458,-4.5041927128,129.3404
23800000,1191,48.4921959746,-4.5041923986,129.3404
23820000,1192,48.4921958034,-4.5041920843,129.3404
23840000,1193,48.4921956322,-4.5041917701,129.3404
23860000,1194,48.492195461,-4.5041914559,129.3404
23880000,1195,48.4921952898,-4.5041911416,129.3404
23900000,1196,48.4921951186,-4.5041908274,129.3404
23920000,1197,48.4921949474,-4.5041905131,129.3404
23940000,1198,48.4921947762,-4.5041901989,129.3404
23960000,1199,48.492194605,-4.5041898847,129.3404
23980000,1200,48.4921944338,-4.5041895704,129.3404
24000000,1201,48.4921942626,-4.5041892562,129.3404
24020000,1202,48.4921940914,-4.5041889419,129.3404
24040000,1203,48.4921939202,-4.5041886277,129.3404
24060000,1204,48.492193749,-4.5041883135,129.3404
24080000,1205,48.4921935778,-4.5041879992,129.3404
24100000,1206,48.4921934066,-4.504187685,129.3404
24120000,1207,48.4921932354,-4.5041873708,129.3404
24140000,1208,48.4921930642,-4.5041870565,129.3404
24160000,1209,48.492192893,-4.5041867423,129.3404
24180000,1210,48.4921927217,-4.504186428,129.3404
24200000,1211,48.4921925505,-4.5041861138,129.3404
24220000,1212,48.4921923793,-4.5041857996,129.3404
24240000,1213,48.4921922081,-4.5041854853,129.3404
24260000,1214,48.4921920369,-4.5041851711,129.3404
24280000,1215,48.4921918657,-4.5041848568,129.3404
24300000,1216,48.4921916945,-4.5041845426,129.3404
24320000,1217,48.4921915233,-4.5041842284,129.3404
24340000,1218,48.4921913521,-4.5041839141,129.3404
24360000,1219,48.4921911809,-4.5041835999,129.3404
24380000,1220,48.4921910097,-4.5041832856,129.3404
24400000,1221,48.4921908385,-4.5041829714,129.3404
24420000,1222,48.4921906673,-4.5041826572,129.3404
24440000,1223,48.4921904961,-4.5041823429,129.3404
24460000,1224,48.4921903249,-4.5041820287,129.3404
24480000,1225,48.4921901537,-4.5041817144,129.3404
24500000,1226,48.4921899825,-4.5041814002,129.3404
24520000,1227,48.4921898113,-4.504181086,129.3404
24540000,1228,48.4921896401,-4.5041807717,129.3404
24560000,1229,48.4921894689,-4.5041804575,129.3404
24580000,1230,48.4921892977,-4.5041801433,129.3404
24600000,1231,48.4921891265,-4.504179829,129.3404
24620000,1232,48.4921889553,-4.5041795148,129.3404
24640000,1233,48.4921887841,-4.5041792005,129.3404
24660000,1234,48.4921886129,-4.5041788863,129.3404
24680000,1235,48.4921884417,-4.5041785721,129.3404
24700000,1236,48.4921882705,-4.5041782578,129.3404
24720000,1237,48.4921880992,-4.5041779436,129.3404
24740000,1238,48.492187928,-4.5041776293,129.3404
24760000,1239,48.4921877568,-4.5041773151,129.3404
24780000,1240,48.4921875856,-4.5041770009,129.3404
24800000,1241,48.4921874144,-4.5041766866,129.3404
24820000,1242,48.4921872432,-4.5041763724,129.3404
24840000,1243,48.492187072,-4.5041760581,129.3404
24860000,1244,48.4921869008,-4.5041757439,129.3404
24880000,1245,48.4921867296,-4.5041754297,129.3404
24900000,1246,48.4921865584,-4.5041751154,129.3404
24920000,1247,48.4921863872,-4.5041748012,129.3404
24940000,1248,48.492186216,-4.5041744869,129.3404
24960000,1249,48.4921860448,-4.5041741727,129.3404
24980000,1250,48.4921858736,-4.5041738585,129.3404
25000000,1251,48.4921857024,-4.5041735442,129.3404
25020000,1252,48.4921855312,-4.50417323,129.3404
25040000,1253,48.49218536,-4.5041729158,129.3404
25060000,1254,48.4921851888,-4.5041726015,129.3404
25080000,1255,48.4921850176,-4.5041722873,129.3404
25100000,1256,48.4921848464,-4.504171973,129.3404
25120000,1257,48.4921846752,-4.5041716588,129.3404
25140000,1258,48.492184504,-4.5041713446,129.3404
25160000,1259,48.4921843328,-4.5041710303,129.3404
25180000,1260,48.4921841616,-4.5041707161,129.3404
25200000,1261,48.4921839904,-4.5041704018,129.3404
25220000,1262,48.4921838192,-4.5041700876,129.3404
25240000,1263,48.4921836479,-4.5041697734,129.3404
25260000,1264,48.4921834767,-4.5041694591,129.3404
25280000,1265,48.4921833055,-4.5041691449,129.3404
25300000,1266,48.4921831343,-4.5041688306,129.3404
25320000,1267,48.4921829631,-4.5041685164,129.3404
25340000,1268,48.4921827919,-4.5041682022,129.3404
25360000,1269,48.4921826207,-4.5041678879,129.3404
25380000,1270,48.4921824495,-4.5041675737,129.3404
25400000,1271,48.4921822783,-4.5041672594,129.3404
25420000,1272,48.4921821071,-4.5041669452,129.3404
25440000,1273,48.4921819359,-4.504166631,129.3404
25460000,1274,48.4921817647,-4.5041663167,129.3404
25480000,1275,48.4921815935,-4.5041660025,129.3404
25500000,1276,48.4921814223,-4.5041656883,129.3404
25520000,1277,48.4921812511,-4.504165374,129.3404
25540000,1278,48.4921810799,-4.5041650598,129.3404
25560000,1279,48.4921809087,-4.5041647455,129.3404
25580000,1280,48.4921807375,-4.5041644313,129.3404
25600000,1281,48.4921805663,-4.5041641171,129.3404
25620000,1282,48.4921803951,-4.5041638028,129.3404
25640000,1283,48.4921802239,-4.5041634886,129.3404
25660000,1284,48.4921800527,-4.5041631743,129.3404
25680000,1285,48.4921798815,-4.5041628601,129.3404
25700000,1286,48.4921797103,-4.5041625459,129.3404
25720000,1287,48.4921795391,-4.5041622316,129.3404
25740000,1288,48.4921793679,-4.5041619174,129.3404
25760000,1289,48.4921791967,-4.5041616031,129.3404
25780000,1290,48.4921790254,-4.5041612889,129.3404
25800000,1291,48.4921788542,-4.5041609747,129.3404
25820000,1292,48.492178683,-4.5041606604,129.3404
25840000,1293,48.4921785118,-4.5041603462,129.3404
25860000,1294,48.4921783406,-4.5041600319,129.3404
25880000,1295,48.4921781694,-4.5041597177,129.3404
25900000,1296,48.4921779982,-4.5041594035,129.3404
25920000,1297,48.492177827,-4.5041590892,129.3404
25940000,1298,48.4921776558,-4.504158775,129.3404
25960000,1299,48.4921774846,-4.5041584608,129.3404
25980000,1300,48.4921773134,-4.5041581465,129.3404
26000000,1301,48.4921771422,-4.5041578323,129.3404
26020000,1302,48.492176971,-4.504157518,129.3404
26040000,1303,48.4921767998,-4.5041572038,129.3404
26060000,1304,48.4921766286,-4.5041568896,129.3404
26080000,1305,48.4921764574,-4.5041565753,129.3404
26100000,1306,48.4921762862,-4.5041562611,129.3404
26120000,1307,48.492176115,-4.5041559468,129.3404
26140000,1308,48.4921759438,-4.5041556326,129.3404
26160000,1309,48.4921757726,-4.5041553184,129.3404
26180000,1310,48.4921756014,-4.5041550041,129.3404
26200000,1311,48.4921754302,-4.5041546899,129.3404
26220000,1312,48.492175259,-4.5041543756,129.3404
26240000,1313,48.4921750878,-4.5041540614,129.3404
26260000,1314,48.4921749166,-4.5041537472,129.3404
26280000,1315,48.4921747454,-4.5041534329,129.3404
26300000,1316,48.4921745741,-4.5041531187,129.3404
26320000,1317,48.4921744029,-4.5041528044,129.3404
26340000,1318,48.4921742317,-4.5041524902,129.3404
26360000,1319,48.4921740605,-4.504152176,129.3404
26380000,1320,48.4921738893,-4.5041518617,129.3404
26400000,1321,48.4921737181,-4.5041515475,129.3404
26420000,1322,48.4921735469,-4.5041512333,129.3404
26440000,1323,48.4921733757,-4.504150919,129.3404
26460000,1324,48.4921732045,-4.5041506048,129.3404
26480000,1325,48.4921730333,-4.5041502905,129.3404
26500000,1326,48.4921728621,-4.5041499763,129.3404
26520000,1327,48.4921726909,-4.5041496621,129.3404
26540000,1328,48.4921725197,-4.5041493478,129.3404
26560000,1329,48.4921723485,-4.5041490336,129.3404
26580000,1330,48.4921721773,-4.5041487193,129.3404
26600000,1331,48.4921720061,-4.5041484051,129.3404
26620000,1332,48.4921718349,-4.5041480909,129.3404
26640000,1333,48.4921716637,-4.5041477766,129.3404
26660000,1334,48.4921714925,-4.5041474624,129.3404
26680000,1335,48.4921713213,-4.5041471481,129.3404
26700000,1336,48.4921711501,-4.5041468339,129.3404
26720000,1337,48.4921709789,-4.5041465197,129.3404
26740000,1338,48.4921708077,-4.5041462054,129.3404
26760000,1339,48.4921706365,-4.5041458912,129.3404
26780000,1340,48.4921704653,-4.504145577,129.3404
26800000,1341,48.4921702941,-4.5041452627,129.3404
26820000,1342,48.4921701228,-4.5041449485,129.3404
26840000,1343,48.4921699516,-4.5041446342,129.3404
26860000,1344,48.4921697804,-4.50414432,129.3404
26880000,1345,48.4921696092,-4.5041440058,129.3404
26900000,1346,48.492169438,-4.5041436915,129.3404
26920000,1347,48.4921692668,-4.5041433773,129.3404
26940000,1348,48.4921690956,-4.504143063,129.3404
26960000,1349,48.4921689244,-4.5041427488,129.3404
26980000,1350,48.4921687532,-4.5041424346,129.3404
27000000,1351,48.492168582,-4.5041421203,129.3404
27020000,1352,48.4921684108,-4.5041418061,129.3404
27040000,1353,48.4921682396,-4.5041414918,129.3404
27060000,1354,48.4921680684,-4.5041411776,129.3404
27080000,1355,48.4921678972,-4.5041408634,129.3404
27100000,1356,48.492167726,-4.5041405491,129.3404
27120000,1357,48.4921675548,-4.5041402349,129.3404
27140000,1358,48.4921673836,-4.5041399207,129.3404
27160000,1359,48.4921672124,-4.5041396064,129.3404
27180000,1360,48.4921670412,-4.5041392922,129.3404
27200000,1361,48.49216687,-4.5041389779,129.3404
27220000,1362,48.4921666988,-4.5041386637,129.3404
27240000,1363,48.4921665276,-4.5041383495,129.3404
27260000,1364,48.4921663564,-4.5041380352,129.3404
27280000,1365,48.4921661852,-4.504137721,129.3404
27300000,1366,48.492166014,-4.5041374067,129.3404
27320000,1367,48.4921658428,-4.5041370925,129.3404
27340000,1368,48.4921656715,-4.5041367783,129.3404
27360000,1369,48.4921655003,-4.504136464,129.3404
27380000,1370,48.4921653291,-4.5041361498,129.3404
27400000,1371,48.4921651579,-4.5041358355,129.3404
27420000,1372,48.4921649867,-4.5041355213,129.3404
27440000,1373,48.4921648155,-4.5041352071,129.3404
27460000,1374,48.4921646443,-4.5041348928,129.3404
27480000,1375,48.4921644731,-4.5041345786,129.3404
27500000,1376,48.4921643019,-4.5041342644,129.3404
27520000,1377,48.4921641307,-4.5041339501,129.3404
27540000,1378,48.4921639595,-4.5041336359,129.3404
27560000,1379,48.4921637883,-4.5041333216,129.3404
27580000,1380,48.4921636171,-4.5041330074,129.3404
27600000,1381,48.4921634459,-4.5041326932,129.3404
27620000,1382,48.4921632747,-4.5041323789,129.3404
27640000,1383,48.4921631035,-4.5041320647,129.3404
27660000,1384,48.4921629323,-4.5041317504,129.3404
27680000,1385,48.4921627611,-4.5041314362,129.3404
27700000,1386,48.4921625899,-4.504131122,129.3404
27720000,1387,48.4921624187,-4.5041308077,129.3404
27740000,1388,48.4921622475,-4.5041304935,129.3404
27760000,1389,48.4921620763,-4.5041301792,129.3404
27780000,1390,48.4921619051,-4.504129865,129.3404
27800000,1391,48.4921617339,-4.5041295508,129.3404
27820000,1392,48.4921615627,-4.5041292365,129.3404
27840000,1393,48.4921613915,-4.5041289223,129.3404
27860000,1394,48.4921612202,-4.5041286081,129.3404
27880000,1395,48.492161049,-4.5041282938,129.3404
27900000,1396,48.4921608778,-4.5041279796,129.3404
27920000,1397,48.4921607066,-4.5041276653,129.3404
27940000,1398,48.4921605354,-4.5041273511,129.3404
27960000,1399,48.4921603642,-4.5041270369,129.3404
27980000,1400,48.492160193,-4.5041267226,129.3404
28000000,1401,48.4921600218,-4.5041264084,129.3404
28020000,1402,48.4921598506,-4.5041260941,129.3404
28040000,1403,48.4921596794,-4.5041257799,129.3404
28060000,1404,48.4921595082,-4.5041254657,129.3404
28080000,1405,48.492159337,-4.5041251514,129.3404
28100000,1406,48.4921591658,-4.5041248372,129.3404
28120000,1407,48.4921589946,-4.5041245229,129.3404
28140000,1408,48.4921588234,-4.5041242087,129.3404
28160000,1409,48.4921586522,-4.5041238945,129.3404
28180000,1410,48.492158481,-4.5041235802,129.3404
28200000,1411,48.492158481,-4.5041235802,129.3404
28220000,1412,48.4921583667,-4.5041233652,127.9614
28240000,1413,48.4921582544,-4.5041231434,126.6334
28260000,1414,48.492158144,-4.5041229147,125.3548
28280000,1415,48.4921580356,-4.5041226794,124.1238
28300000,1416,48.4921579291,-4.5041224375,122.9386
28320000,1417,48.4921578245,-4.5041221892,121.7974
28340000,1418,48.4921577218,-4.5041219345,120.6984
28360000,1419,48.492157621,-4.5041216736,119.6399
28380000,1420,48.4921575221,-4.5041214066,118.6201
28400000,1421,48.4921574251,-4.5041211336,117.6373
28420000,1422,48.49215733,-4.5041208547,116.6898
28440000,1423,48.4921572368,-4.5041205699,115.776
28460000,1424,48.4921571454,-4.5041202795,114.8944
28480000,1425,48.4921570559,-4.5041199836,114.0435
28500000,1426,48.4921569682,-4.5041196821,113.2218
28520000,1427,48.4921568824,-4.5041193753,112.4279
28540000,1428,48.4921567984,-4.5041190633,111.6606
28560000,1429,48.4921567163,-4.5041187461,110.9186
28580000,1430,48.492156636,-4.5041184239,110.2006
28600000,1431,48.4921565574,-4.5041180967,109.5056
28620000,1432,48.4921564808,-4.5041177648,108.8324
28640000,1433,48.4921564059,-4.5041174281,108.1799
28660000,1434,48.4921563328,-4.5041170869,107.5473
28680000,1435,48.4921562615,-4.5041167411,106.9335
28700000,1436,48.4921561919,-4.504116391,106.3377
28720000,1437,48.4921561242,-4.5041160367,105.759
28740000,1438,48.4921560582,-4.5041156781,105.1966
28760000,1439,48.492155994,-4.5041153156,104.6497
28780000,1440,48.4921559315,-4.504114949,104.1176
28800000,1441,48.4921558708,-4.5041145787,103.5996
28820000,1442,48.4921558118,-4.5041142046,103.0951
28840000,1443,48.4921557546,-4.504113827,102.6033
28860000,1444,48.492155699,-4.5041134458,102.1237
28880000,1445,48.4921556452,-4.5041130612,101.6557
28900000,1446,48.4921555931,-4.5041126734,101.1988
28920000,1447,48.4921555427,-4.5041122824,100.7524
28940000,1448,48.492155494,-4.5041118883,100.3161
28960000,1449,48.492155447,-4.5041114912,99.8893
28980000,1450,48.4921554017,-4.5041110913,99.4717
29000000,1451,48.492155358,-4.5041106887,99.0627
29020000,1452,48.492155316,-4.5041102834,98.662
29040000,1453,48.4921552757,-4.5041098756,98.2691
29060000,1454,48.492155237,-4.5041094655,97.8838
29080000,1455,48.4921551999,-4.504109053,97.5055
29100000,1456,48.4921551645,-4.5041086383,97.134
29120000,1457,48.4921551308,-4.5041082215,96.7689
29140000,1458,48.4921550986,-4.5041078028,96.4099
29160000,1459,48.4921550681,-4.5041073822,96.0567
29180000,1460,48.4921550392,-4.5041069598,95.709
29200000,1461,48.4921550118,-4.5041065358,95.3664
29220000,1462,48.4921549861,-4.5041061102,95.0288
29240000,1463,48.492154962,-4.5041056833,94.6958
29260000,1464,48.4921549394,-4.504105255,94.3671
29280000,1465,48.4921549184,-4.5041048255,94.0425
29300000,1466,48.492154899,-4.5041043949,93.7218
29320000,1467,48.4921548811,-4.5041039633,93.4047
29340000,1468,48.4921548648,-4.5041035308,93.091
29360000,1469,48.4921548501,-4.5041030975,92.7804
29380000,1470,48.4921548368,-4.5041026636,92.4727
29400000,1471,48.4921548251,-4.5041022291,92.1677
29420000,1472,48.492154815,-4.5041017942,91.8652
29440000,1473,48.4921548063,-4.5041013589,91.5649
29460000,1474,48.4921547991,-4.5041009235,91.2667
29480000,1475,48.4921547935,-4.5041004879,90.9703
29500000,1476,48.4921547893,-4.5041000522,90.6755
29520000,1477,48.4921547867,-4.5040996167,90.3821
29540000,1478,48.4921547855,-4.5040991814,90.09
29560000,1479,48.4921547857,-4.5040987464,89.7989
29580000,1480,48.4921547875,-4.5040983119,89.5086
29600000,1481,48.4921547907,-4.5040978778,89.2189
29620000,1482,48.4921547954,-4.5040974444,88.9296
29640000,1483,48.4921548014,-4.5040970118,88.6406
29660000,1484,48.492154809,-4.50409658,88.3515
29680000,1485,48.4921548179,-4.5040961492,88.0622
29700000,1486,48.4921548283,-4.5040957195,87.7726
29720000,1487,48.4921548401,-4.504095291,87.4823
29740000,1488,48.4921548533,-4.5040948638,87.1911
29760000,1489,48.492154868,-4.504094438,86.899
29780000,1490,48.492154884,-4.5040940137,86.6055
29800000,1491,48.4921549013,-4.504093591,86.3106
29820000,1492,48.4921549201,-4.5040931701,86.0139
29840000,1493,48.4921549403,-4.504092751,85.7153
29860000,1494,48.4921549618,-4.5040923338,85.4145
29880000,1495,48.4921549846,-4.5040919188,85.1112
29900000,1496,48.4921550088,-4.5040915059,84.8051
29920000,1497,48.4921550344,-4.5040910952,84.4961
29940000,1498,48.4921550613,-4.504090687,84.1839
29960000,1499,48.4921550895,-4.5040902813,83.8681
29980000,1500,48.492155119,-4.5040898782,83.5484
30000000,1501,48.4921551499,-4.5040894778,83.2246
30020000,1502,48.492155182,-4.5040890802,82.8963
30040000,1503,48.4921552155,-4.5040886855,82.5632
30060000,1504,48.4921552503,-4.504088294,82.2249
30080000,1505,48.4921552863,-4.5040879055,81.881
30100000,1506,48.4921553236,-4.5040875203,81.5312
30120000,1507,48.4921553622,-4.5040871385,81.175
30140000,1508,48.4921554021,-4.5040867602,80.8121
30160000,1509,48.4921554432,-4.5040863855,80.4419
30180000,1510,48.4921554855,-4.5040860145,80.064
30200000,1511,48.4921555291,-4.5040856472,79.6778
30220000,1512,48.492155574,-4.5040852839,79.2828
30240000,1513,48.49215562,-4.5040849247,78.8785
30260000,1514,48.4921556673,-4.5040845695,78.4642
30280000,1515,48.4921557158,-4.5040842186,78.0393
30300000,1516,48.4921557655,-4.5040838721,77.603
30320000,1517,48.4921558164,-4.50408353,77.1547
30340000,1518,48.4921558685,-4.5040831925,76.6936
30360000,1519,48.4921559218,-4.5040828597,76.2187
30380000,1520,48.4921559763,-4.5040825317,75.7293
30400000,1521,48.4921560319,-4.5040822086,75.2243
30420000,1522,48.4921560887,-4.5040818904,74.7026
30440000,1523,48.4921561466,-4.5040815775,74.1633
30460000,1524,48.4921562057,-4.5040812697,73.6049
30480000,1525,48.492156266,-4.5040809673,73.0263
30500000,1526,48.4921563274,-4.5040806703,72.4261
30520000,1527,48.4921563899,-4.5040803788,71.8027
30540000,1528,48.4921564535,-4.5040800931,71.1545
30560000,1529,48.4921565182,-4.5040798131,70.4797
30580000,1530,48.4921565841,-4.504079539,69.7764
30600000,1531,48.492156651,-4.5040792708,69.0424
30620000,1532,48.492156719,-4.5040790088,68.2757
30640000,1533,48.4921567881,-4.504078753,67.4736
30660000,1534,48.4921568583,-4.5040785035,66.6336
30680000,1535,48.4921569296,-4.5040782605,65.7526
30700000,1536,48.4921570019,-4.5040780239,64.8277
30720000,1537,48.4921570753,-4.5040777941,63.8552
30740000,1538,48.4921571497,-4.5040775709,62.8316
30760000,1539,48.4921572252,-4.5040773547,61.7528
30780000,1540,48.4921573017,-4.5040771454,60.6143
30800000,1541,48.4921573792,-4.5040769432,59.4115
30820000,1542,48.4921574578,-4.5040767482,58.1391
30840000,1543,48.4921575374,-4.5040765605,56.7917
30860000,1544,48.4921576179,-4.5040763802,55.3633
30880000,1545,48.4921576995,-4.5040762074,53.8476
30900000,1546,48.492157782,-4.5040760423,52.2378
30920000,1547,48.4921578656,-4.5040758848,50.5269
30940000,1548,48.4921579501,-4.5040757353,48.7075
30960000,1549,48.4921580356,-4.5040755937,46.7721
30980000,1550,48.492158122,-4.5040754601,44.7132
31000000,1551,48.4921582094,-4.5040753348,42.5233
31020000,1552,48.4921582978,-4.5040752177,40.1958
31040000,1553,48.4921583871,-4.504075109,37.7244
31060000,1554,48.4921584773,-4.5040750088,35.1045
31080000,1555,48.4921585685,-4.5040749172,32.333
31100000,1556,48.4921586605,-4.5040748343,29.4094
31120000,1557,48.4921587535,-4.5040747603,26.336
31140000,1558,48.4921588474,-4.5040746952,23.1189
31160000,1559,48.4921589422,-4.5040746392,19.768
31180000,1560,48.4921590378,-4.5040745923,16.2978
31200000,1561,48.4921591344,-4.5040745546,12.7274
31220000,1562,48.4921592318,-4.5040745264,9.0797
31240000,1563,48.4921593301,-4.5040745076,5.3813
31260000,1564,48.4921594293,-4.5040744984,1.6611
31280000,1565,48.4921595293,-4.504074499,357.9491
31300000,1566,48.4921596302,-4.5040745093,354.275
31320000,1567,48.4921597319,-4.5040745295,350.6666
31340000,1568,48.4921598344,-4.5040745598,347.1487
31360000,1569,48.4921599378,-4.5040746002,343.7424
31380000,1570,48.492160042,-4.5040746509,340.4644
31400000,1571,48.4921601469,-4.5040747119,337.3269
31420000,1572,48.4921602527,-4.5040747834,334.3377
31440000,1573,48.4921603593,-4.5040748655,331.5011
31460000,1574,48.4921604667,-4.5040749582,328.8176
31480000,1575,48.4921605749,-4.5040750618,326.2856
31500000,1576,48.4921606838,-4.5040751762,323.901
31520000,1577,48.4921607935,-4.5040753017,321.6583
31540000,1578,48.492160904,-4.5040754383,319.551
31560000,1579,48.4921610152,-4.5040755861,317.572
31580000,1580,48.4921611272,-4.5040757452,315.7138
31600000,1581,48.4921612399,-4.5040759158,313.9688
31620000,1582,48.4921613533,-4.504076098,312.3297
31640000,1583,48.4921614675,-4.5040762918,310.7892
31660000,1584,48.4921615824,-4.5040764974,309.3404
31680000,1585,48.4921615824,-4.5040764974,309.3404
31700000,1586,48.4921617536,-4.5040768116,309.3404
31720000,1587,48.4921619248,-4.5040771258,309.3404
31740000,1588,48.492162096,-4.5040774401,309.3404
31760000,1589,48.4921622672,-4.5040777543,309.3404
31780000,1590,48.4921624384,-4.5040780686,309.3404
31800000,1591,48.4921626096,-4.5040783828,309.3404
31820000,1592,48.4921627808,-4.504078697,309.3404
31840000,1593,48.492162952,-4.5040790113,309.3404
31860000,1594,48.4921631232,-4.5040793255,309.3404
31880000,1595,48.4921632944,-4.5040796398,309.3404
31900000,1596,48.4921634656,-4.504079954,309.3404
31920000,1597,48.4921636368,-4.5040802682,309.3404
31940000,1598,48.492163808,-4.5040805825,309.3404
31960000,1599,48.4921639792,-4.5040808967,309.3404
31980000,1600,48.4921641504,-4.5040812109,309.3404
32000000,1601,48.4921643216,-4.5040815252,309.3404
32020000,1602,48.4921644928,-4.5040818394,309.3404
32040000,1603,48.492164664,-4.5040821537,309.3404
32060000,1604,48.4921648352,-4.5040824679,309.3404
32080000,1605,48.4921650064,-4.5040827821,309.3404
32100000,1606,48.4921651776,-4.5040830964,309.3404
32120000,1607,48.4921653489,-4.5040834106,309.3404
32140000,1608,48.4921655201,-4.5040837249,309.3404
32160000,1609,48.4921656913,-4.5040840391,309.3404
32180000,1610,48.4921658625,-4.5040843533,309.3404
32200000,1611,48.4921660337,-4.5040846676,309.3404
32220000,1612,48.4921662049,-4.5040849818,309.3404
32240000,1613,48.4921663761,-4.5040852961,309.3404
32260000,1614,48.4921665473,-4.5040856103,309.3404
32280000,1615,48.4921667185,-4.5040859245,309.3404
32300000,1616,48.4921668897,-4.5040862388,309.3404
32320000,1617,48.4921670609,-4.504086553,309.3404
32340000,1618,48.4921672321,-4.5040868672,309.3404
32360000,1619,48.4921674033,-4.5040871815,309.3404
32380000,1620,48.4921675745,-4.5040874957,309.3404
32400000,1621,48.4921677457,-4.50408781,309.3404
32420000,1622,48.4921679169,-4.5040881242,309.3404
32440000,1623,48.4921680881,-4.5040884384,309.3404
32460000,1624,48.4921682593,-4.5040887527,309.3404
32480000,1625,48.4921684305,-4.5040890669,309.3404
32500000,1626,48.4921686017,-4.5040893812,309.3404
32520000,1627,48.4921687729,-4.5040896954,309.3404
32540000,1628,48.4921689441,-4.5040900096,309.3404
32560000,1629,48.4921691153,-4.5040903239,309.3404
32580000,1630,48.4921692865,-4.5040906381,309.3404
32600000,1631,48.4921694577,-4.5040909523,309.3404
32620000,1632,48.492169629,-4.5040912666,309.3404
32640000,1633,48.4921698002,-4.5040915808,309.3404
32660000,1634,48.4921699714,-4.5040918951,309.3404
32680000,1635,48.4921701426,-4.5040922093,309.3404
32700000,1636,48.4921703138,-4.5040925235,309.3404
32720000,1637,48.492170485,-4.5040928378,309.3404
32740000,1638,48.4921706562,-4.504093152,309.3404
32760000,1639,48.4921708274,-4.5040934663,309.3404
32780000,1640,48.4921709986,-4.5040937805,309.3404
32800000,1641,48.4921711698,-4.5040940947,309.3404
32820000,1642,48.492171341,-4.504094409,309.3404
32840000,1643,48.4921715122,-4.5040947232,309.3404
32860000,1644,48.4921716834,-4.5040950375,309.3404
32880000,1645,48.4921718546,-4.5040953517,309.3404
32900000,1646,48.4921720258,-4.5040956659,309.3404
32920000,1647,48.492172197,-4.5040959802,309.3404
32940000,1648,48.4921723682,-4.5040962944,309.3404
32960000,1649,48.4921725394,-4.5040966086,309.3404
32980000,1650,48.4921727106,-4.5040969229,309.3404
33000000,1651,48.4921728818,-4.5040972371,309.3404
33020000,1652,48.492173053,-4.5040975514,309.3404
33040000,1653,48.4921732242,-4.5040978656,309.3404
33060000,1654,48.4921733954,-4.5040981798,309.3404
33080000,1655,48.4921735666,-4.5040984941,309.3404
33100000,1656,48.4921737378,-4.5040988083,309.3404
33120000,1657,48.4921739091,-4.5040991226,309.3404
33140000,1658,48.4921740803,-4.5040994368,309.3404
33160000,1659,48.4921742515,-4.504099751,309.3404
33180000,1660,48.4921744227,-4.5041000653,309.3404
33200000,1661,48.4921745939,-4.5041003795,309.3404
33220000,1662,48.4921747651,-4.5041006938,309.3404
33240000,1663,48.4921749363,-4.504101008,309.3404
33260000,1664,48.4921751075,-4.5041013222,309.3404
33280000,1665,48.4921752787,-4.5041016365,309.3404
33300000,1666,48.4921754499,-4.5041019507,309.3404
33320000,1667,48.4921756211,-4.5041022649,309.3404
33340000,1668,48.4921757923,-4.5041025792,309.3404
33360000,1669,48.4921759635,-4.5041028934,309.3404
33380000,1670,48.4921761347,-4.5041032077,309.3404
33400000,1671,48.4921763059,-4.5041035219,309.3404
33420000,1672,48.4921764771,-4.5041038361,309.3404
33440000,1673,48.4921766483,-4.5041041504,309.3404
33460000,1674,48.4921768195,-4.5041044646,309.3404
33480000,1675,48.4921769907,-4.5041047789,309.3404
33500000,1676,48.4921771619,-4.5041050931,309.3404
33520000,1677,48.4921773331,-4.5041054073,309.3404
33540000,1678,48.4921775043,-4.5041057216,309.3404
33560000,1679,48.4921776755,-4.5041060358,309.3404
33580000,1680,48.4921778467,-4.5041063501,309.3404
33600000,1681,48.4921780179,-4.5041066643,309.3404
33620000,1682,48.4921781892,-4.5041069785,309.3404
33640000,1683,48.4921783604,-4.5041072928,309.3404
33660000,1684,48.4921785316,-4.504107607,309.3404
33680000,1685,48.4921787028,-4.5041079212,309.3404
33700000,1686,48.492178874,-4.5041082355,309.3404
33720000,1687,48.4921790452,-4.5041085497,309.3404
33740000,1688,48.4921792164,-4.504108864,309.3404
33760000,1689,48.4921793876,-4.5041091782,309.3404
33780000,1690,48.4921795588,-4.5041094924,309.3404
33800000,1691,48.49217973,-4.5041098067,309.3404
33820000,1692,48.4921799012,-4.5041101209,309.3404
33840000,1693,48.4921800724,-4.5041104352,309.3404
33860000,1694,48.4921802436,-4.5041107494,309.3404
33880000,1695,48.4921804148,-4.5041110636,309.3404
33900000,1696,48.492180586,-4.5041113779,309.3404
33920000,1697,48.4921807572,-4.5041116921,309.3404
33940000,1698,48.4921809284,-4.5041120064,309.3404
33960000,1699,48.4921810996,-4.5041123206,309.3404
33980000,1700,48.4921812708,-4.5041126348,309.3404
34000000,1701,48.492181442,-4.5041129491,309.3404
34020000,1702,48.4921816132,-4.5041132633,309.3404
34040000,1703,48.4921817844,-4.5041135775,309.3404
34060000,1704,48.4921819556,-4.5041138918,309.3404
34080000,1705,48.4921821268,-4.504114206,309.3404
34100000,1706,48.492182298,-4.5041145203,309.3404
34120000,1707,48.4921824692,-4.5041148345,309.3404
34140000,1708,48.4921826405,-4.5041151487,309.3404
34160000,1709,48.4921828117,-4.504115463,309.3404
34180000,1710,48.4921829829,-4.5041157772,309.3404
34200000,1711,48.4921831541,-4.5041160915,309.3404
34220000,1712,48.4921833253,-4.5041164057,309.3404
34240000,1713,48.4921834965,-4.5041167199,309.3404
34260000,1714,48.4921836677,-4.5041170342,309.3404
34280000,1715,48.4921838389,-4.5041173484,309.3404
34300000,1716,48.4921840101,-4.5041176627,309.3404
34320000,1717,48.4921841813,-4.5041179769,309.3404
34340000,1718,48.4921843525,-4.5041182911,309.3404
34360000,1719,48.4921845237,-4.5041186054,309.3404
34380000,1720,48.4921846949,-4.5041189196,309.3404
34400000,1721,48.4921848661,-4.5041192338,309.3404
34420000,1722,48.4921850373,-4.5041195481,309.3404
34440000,1723,48.4921852085,-4.5041198623,309.3404
34460000,1724,48.4921853797,-4.5041201766,309.3404
34480000,1725,48.4921855509,-4.5041204908,309.3404
34500000,1726,48.4921857221,-4.504120805,309.3404
34520000,1727,48.4921858933,-4.5041211193,309.3404
34540000,1728,48.4921860645,-4.5041214335,309.3404
34560000,1729,48.4921862357,-4.5041217478,309.3404
34580000,1730,48.4921864069,-4.504122062,309.3404
34600000,1731,48.4921865781,-4.5041223762,309.3404
34620000,1732,48.4921867493,-4.5041226905,309.3404
34640000,1733,48.4921869206,-4.5041230047,309.3404
34660000,1734,48.4921870918,-4.504123319,309.3404
34680000,1735,48.492187263,-4.5041236332,309.3404
34700000,1736,48.4921874342,-4.5041239474,309.3404
34720000,1737,48.4921876054,-4.5041242617,309.3404
34740000,1738,48.4921877766,-4.5041245759,309.3404
34760000,1739,48.4921879478,-4.5041248901,309.3404
34780000,1740,48.492188119,-4.5041252044,309.3404
34800000,1741,48.4921882902,-4.5041255186,309.3404
34820000,1742,48.4921884614,-4.5041258329,309.3404
34840000,1743,48.4921886326,-4.5041261471,309.3404
34860000,1744,48.4921888038,-4.5041264613,309.3404
34880000,1745,48.492188975,-4.5041267756,309.3404
34900000,1746,48.4921891462,-4.5041270898,309.3404
34920000,1747,48.4921893174,-4.5041274041,309.3404
34940000,1748,48.4921894886,-4.5041277183,309.3404
34960000,1749,48.4921896598,-4.5041280325,309.3404
34980000,1750,48.492189831,-4.5041283468,309.3404
35000000,1751,48.4921900022,-4.504128661,309.3404
35020000,1752,48.4921901734,-4.5041289753,309.3404
35040000,1753,48.4921903446,-4.5041292895,309.3404
35060000,1754,48.4921905158,-4.5041296037,309.3404
35080000,1755,48.492190687,-4.504129918,309.3404
35100000,1756,48.4921908582,-4.5041302322,309.3404
35120000,1757,48.4921910294,-4.5041305465,309.3404
35140000,1758,48.4921912006,-4.5041308607,309.3404
35160000,1759,48.4921913719,-4.5041311749,309.3404
35180000,1760,48.4921915431,-4.5041314892,309.3404
35200000,1761,48.4921917143,-4.5041318034,309.3404
35220000,1762,48.4921918855,-4.5041321176,309.3404
35240000,1763,48.4921920567,-4.5041324319,309.3404
35260000,1764,48.4921922279,-4.5041327461,309.3404
35280000,1765,48.4921923991,-4.5041330604,309.3404
35300000,1766,48.4921925703,-4.5041333746,309.3404
35320000,1767,48.4921927415,-4.5041336888,309.3404
35340000,1768,48.4921929127,-4.5041340031,309.3404
35360000,1769,48.4921930839,-4.5041343173,309.3404
35380000,1770,48.4921932551,-4.5041346316,309.3404
35400000,1771,48.4921934263,-4.5041349458,309.3404
35420000,1772,48.4921935975,-4.50413526,309.3404
35440000,1773,48.4921937687,-4.5041355743,309.3404
35460000,1774,48.4921939399,-4.5041358885,309.3404
35480000,1775,48.4921941111,-4.5041362028,309.3404
35500000,1776,48.4921942823,-4.504136517,309.3404
35520000,1777,48.4921944535,-4.5041368312,309.3404
35540000,1778,48.4921946247,-4.5041371455,309.3404
35560000,1779,48.4921947959,-4.5041374597,309.3404
35580000,1780,48.4921949671,-4.5041377739,309.3404
35600000,1781,48.4921951383,-4.5041380882,309.3404
35620000,1782,48.4921953095,-4.5041384024,309.3404
35640000,1783,48.4921954807,-4.5041387167,309.3404
35660000,1784,48.4921956519,-4.5041390309,309.3404
35680000,1785,48.4921958232,-4.5041393451,309.3404
35700000,1786,48.4921959944,-4.5041396594,309.3404
35720000,1787,48.4921961656,-4.5041399736,309.3404
35740000,1788,48.4921963368,-4.5041402879,309.3404
35760000,1789,48.492196508,-4.5041406021,309.3404
35780000,1790,48.4921966792,-4.5041409163,309.3404
35800000,1791,48.4921968504,-4.5041412306,309.3404
35820000,1792,48.4921970216,-4.5041415448,309.3404
35840000,1793,48.4921971928,-4.5041418591,309.3404
35860000,1794,48.492197364,-4.5041421733,309.3404
35880000,1795,48.4921975352,-4.5041424875,309.3404
35900000,1796,48.4921977064,-4.5041428018,309.3404
35920000,1797,48.4921978776,-4.504143116,309.3404
35940000,1798,48.4921980488,-4.5041434303,309.3404
35960000,1799,48.49219822,-4.5041437445,309.3404
35980000,1800,48.4921983912,-4.5041440587,309.3404
36000000,1801,48.4921985624,-4.504144373,309.3404
36020000,1802,48.4921987336,-4.5041446872,309.3404
36040000,1803,48.4921989048,-4.5041450014,309.3404
36060000,1804,48.492199076,-4.5041453157,309.3404
36080000,1805,48.4921992472,-4.5041456299,309.3404
36100000,1806,48.4921994184,-4.5041459442,309.3404
36120000,1807,48.4921995896,-4.5041462584,309.3404
36140000,1808,48.4921997608,-4.5041465726,309.3404
36160000,1809,48.492199932,-4.5041468869,309.3404
36180000,1810,48.4922001033,-4.5041472011,309.3404
36200000,1811,48.4922002745,-4.5041475154,309.3404
36220000,1812,48.4922004457,-4.5041478296,309.3404
36240000,1813,48.4922006169,-4.5041481438,309.3404
36260000,1814,48.4922007881,-4.5041484581,309.3404
36280000,1815,48.4922009593,-4.5041487723,309.3404
36300000,1816,48.4922011305,-4.5041490866,309.3404
36320000,1817,48.4922013017,-4.5041494008,309.3404
36340000,1818,48.4922014729,-4.504149715,309.3404
36360000,1819,48.4922016441,-4.5041500293,309.3404
36380000,1820,48.4922018153,-4.5041503435,309.3404
36400000,1821,48.4922019865,-4.5041506578,309.3404
36420000,1822,48.4922021577,-4.504150972,309.3404
36440000,1823,48.4922023289,-4.5041512862,309.3404
36460000,1824,48.4922025001,-4.5041516005,309.3404
36480000,1825,48.4922026713,-4.5041519147,309.3404
36500000,1826,48.4922028425,-4.5041522289,309.3404
36520000,1827,48.4922030137,-4.5041525432,309.3404
36540000,1828,48.4922031849,-4.5041528574,309.3404
36560000,1829,48.4922033561,-4.5041531717,309.3404
36580000,1830,48.4922035273,-4.5041534859,309.3404
36600000,1831,48.4922036985,-4.5041538001,309.3404
36620000,1832,48.4922038697,-4.5041541144,309.3404
36640000,1833,48.4922040409,-4.5041544286,309.3404
36660000,1834,48.4922042121,-4.5041547429,309.3404
36680000,1835,48.4922043833,-4.5041550571,309.3404
36700000,1836,48.4922045545,-4.5041553713,309.3404
36720000,1837,48.4922047258,-4.5041556856,309.3404
36740000,1838,48.492204897,-4.5041559998,309.3404
36760000,1839,48.4922050682,-4.5041563141,309.3404
36780000,1840,48.4922052394,-4.5041566283,309.3404
36800000,1841,48.4922054106,-4.5041569425,309.3404
36820000,1842,48.4922055818,-4.5041572568,309.3404
36840000,1843,48.492205753,-4.504157571,309.3404
36860000,1844,48.4922059242,-4.5041578853,309.3404
36880000,1845,48.4922060954,-4.5041581995,309.3404
36900000,1846,48.4922062666,-4.5041585137,309.3404
36920000,1847,48.4922064378,-4.504158828,309.3404
36940000,1848,48.492206609,-4.5041591422,309.3404
36960000,1849,48.4922067802,-4.5041594565,309.3404
36980000,1850,48.4922069514,-4.5041597707,309.3404
37000000,1851,48.4922071226,-4.5041600849,309.3404
37020000,1852,48.4922072938,-4.5041603992,309.3404
37040000,1853,48.492207465,-4.5041607134,309.3404
37060000,1854,48.4922076362,-4.5041610276,309.3404
37080000,1855,48.4922078074,-4.5041613419,309.3404
37100000,1856,48.4922079786,-4.5041616561,309.3404
37120000,1857,48.4922081498,-4.5041619704,309.3404
37140000,1858,48.492208321,-4.5041622846,309.3404
37160000,1859,48.4922084922,-4.5041625988,309.3404
37180000,1860,48.4922086634,-4.5041629131,309.3404
37200000,1861,48.4922088346,-4.5041632273,309.3404
37220000,1862,48.4922090058,-4.5041635416,309.3404
37240000,1863,48.4922091771,-4.5041638558,309.3404
37260000,1864,48.4922093483,-4.50416417,309.3404
37280000,1865,48.4922095195,-4.5041644843,309.3404
37300000,1866,48.4922096907,-4.5041647985,309.3404
37320000,1867,48.4922098619,-4.5041651128,309.3404
37340000,1868,48.4922100331,-4.504165427,309.3404
37360000,1869,48.4922102043,-4.5041657412,309.3404
37380000,1870,48.4922103755,-4.5041660555,309.3404
37400000,1871,48.4922105467,-4.5041663697,309.3404
37420000,1872,48.4922107179,-4.504166684,309.3404
37440000,1873,48.4922108891,-4.5041669982,309.3404
37460000,1874,48.4922110603,-4.5041673124,309.3404
37480000,1875,48.4922112315,-4.5041676267,309.3404
37500000,1876,48.4922114027,-4.5041679409,309.3404
37520000,1877,48.4922115739,-4.5041682552,309.3404
37540000,1878,48.4922117451,-4.5041685694,309.3404
37560000,1879,48.4922119163,-4.5041688836,309.3404
37580000,1880,48.4922120875,-4.5041691979,309.3404
37600000,1881,48.4922122587,-4.5041695121,309.3404
37620000,1882,48.4922124299,-4.5041698263,309.3404
37640000,1883,48.4922126011,-4.5041701406,309.3404
37660000,1884,48.4922127723,-4.5041704548,309.3404
37680000,1885,48.4922129435,-4.5041707691,309.3404
37700000,1886,48.4922131147,-4.5041710833,309.3404
37720000,1887,48.4922132859,-4.5041713975,309.3404
37740000,1888,48.4922134571,-4.5041717118,309.3404
37760000,1889,48.4922136284,-4.504172026,309.3404
37780000,1890,48.4922137996,-4.5041723403,309.3404
37800000,1891,48.4922139708,-4.5041726545,309.3404
37820000,1892,48.492214142,-4.5041729687,309.3404
37840000,1893,48.4922143132,-4.504173283,309.3404
37860000,1894,48.4922144844,-4.5041735972,309.3404
37880000,1895,48.4922146556,-4.5041739115,309.3404
37900000,1896,48.4922148268,-4.5041742257,309.3404
37920000,1897,48.492214998,-4.5041745399,309.3404
37940000,1898,48.4922151692,-4.5041748542,309.3404
37960000,1899,48.4922153404,-4.5041751684,309.3404
37980000,1900,48.4922155116,-4.5041754827,309.3404
38000000,1901,48.4922156828,-4.5041757969,309.3404
38020000,1902,48.492215854,-4.5041761111,309.3404
38040000,1903,48.4922160252,-4.5041764254,309.3404
38060000,1904,48.4922161964,-4.5041767396,309.3404
38080000,1905,48.4922163676,-4.5041770539,309.3404
38100000,1906,48.4922165388,-4.5041773681,309.3404
38120000,1907,48.49221671,-4.5041776823,309.3404
38140000,1908,48.4922168812,-4.5041779966,309.3404
38160000,1909,48.4922170524,-4.5041783108,309.3404
38180000,1910,48.4922172236,-4.504178625,309.3404
38200000,1911,48.4922173948,-4.5041789393,309.3404
38220000,1912,48.492217566,-4.5041792535,309.3404
38240000,1913,48.4922177372,-4.5041795678,309.3404
38260000,1914,48.4922179084,-4.504179882,309.3404
38280000,1915,48.4922180796,-4.5041801962,309.3404
38300000,1916,48.4922182509,-4.5041805105,309.3404
38320000,1917,48.4922184221,-4.5041808247,309.3404
38340000,1918,48.4922185933,-4.504181139,309.3404
38360000,1919,48.4922187645,-4.5041814532,309.3404
38380000,1920,48.4922189357,-4.5041817674,309.3404
38400000,1921,48.4922191069,-4.5041820817,309.3404
38420000,1922,48.4922192781,-4.5041823959,309.3404
38440000,1923,48.4922194493,-4.5041827102,309.3404
38460000,1924,48.4922196205,-4.5041830244,309.3404
38480000,1925,48.4922197917,-4.5041833386,309.3404
38500000,1926,48.4922199629,-4.5041836529,309.3404
38520000,1927,48.4922201341,-4.5041839671,309.3404
38540000,1928,48.4922203053,-4.5041842814,309.3404
38560000,1929,48.4922204765,-4.5041845956,309.3404
38580000,1930,48.4922206477,-4.5041849098,309.3404
38600000,1931,48.4922208189,-4.5041852241,309.3404
38620000,1932,48.4922209901,-4.5041855383,309.3404
38640000,1933,48.4922211613,-4.5041858526,309.3404
38660000,1934,48.4922213325,-4.5041861668,309.3404
38680000,1935,48.4922215037,-4.504186481,309.3404
38700000,1936,48.4922216749,-4.5041867953,309.3404
38720000,1937,48.4922218461,-4.5041871095,309.3404
38740000,1938,48.4922220173,-4.5041874238,309.3404
38760000,1939,48.4922221885,-4.504187738,309.3404
38780000,1940,48.4922223597,-4.5041880522,309.3404
38800000,1941,48.4922225309,-4.5041883665,309.3404
38820000,1942,48.4922227021,-4.5041886807,309.3404
38840000,1943,48.4922228734,-4.5041889949,309.3404
38860000,1944,48.4922230446,-4.5041893092,309.3404
38880000,1945,48.4922232158,-4.5041896234,309.3404
38900000,1946,48.492223387,-4.5041899377,309.3404
38920000,1947,48.4922235582,-4.5041902519,309.3404
38940000,1948,48.4922237294,-4.5041905661,309.3404
38960000,1949,48.4922239006,-4.5041908804,309.3404
38980000,1950,48.4922240718,-4.5041911946,309.3404
39000000,1951,48.492224243,-4.5041915089,309.3404
39020000,1952,48.4922244142,-4.5041918231,309.3404
39040000,1953,48.4922245854,-4.5041921373,309.3404
39060000,1954,48.4922247566,-4.5041924516,309.3404
39080000,1955,48.4922249278,-4.5041927658,309.3404
39100000,1956,48.492225099,-4.5041930801,309.3404
39120000,1957,48.4922252702,-4.5041933943,309.3404
39140000,1958,48.4922254414,-4.5041937085,309.3404
39160000,1959,48.4922256126,-4.5041940228,309.3404
39180000,1960,48.4922257838,-4.504194337,309.3404
39200000,1961,48.492225955,-4.5041946513,309.3404
39220000,1962,48.4922261262,-4.5041949655,309.3404
39240000,1963,48.4922262974,-4.5041952797,309.3404
39260000,1964,48.4922264686,-4.504195594,309.3404
39280000,1965,48.4922266398,-4.5041959082,309.3404
39300000,1966,48.492226811,-4.5041962225,309.3404
39320000,1967,48.4922269822,-4.5041965367,309.3404
39340000,1968,48.4922271534,-4.5041968509,309.3404
39360000,1969,48.4922273246,-4.5041971652,309.3404
39380000,1970,48.4922274959,-4.5041974794,309.3404
39400000,1971,48.4922276671,-4.5041977937,309.3404
39420000,1972,48.4922278383,-4.5041981079,309.3404
39440000,1973,48.4922280095,-4.5041984221,309.3404
39460000,1974,48.4922281807,-4.5041987364,309.3404
39480000,1975,48.4922283519,-4.5041990506,309.3404
39500000,1976,48.4922285231,-4.5041993649,309.3404
39520000,1977,48.4922286943,-4.5041996791,309.3404
39540000,1978,48.4922288655,-4.5041999933,309.3404
39560000,1979,48.4922290367,-4.5042003076,309.3404
39580000,1980,48.4922292079,-4.5042006218,309.3404
39600000,1981,48.4922293791,-4.504200936,309.3404
39620000,1982,48.4922295503,-4.5042012503,309.3404
39640000,1983,48.4922297215,-4.5042015645,309.3404
39660000,1984,48.4922298927,-4.5042018788,309.3404
39680000,1985,48.4922300639,-4.504202193,309.3404
39700000,1986,48.4922302351,-4.5042025072,309.3404
39720000,1987,48.4922304063,-4.5042028215,309.3404
39740000,1988,48.4922305775,-4.5042031357,309.3404
39760000,1989,48.4922307487,-4.50420345,309.3404
39780000,1990,48.4922309199,-4.5042037642,309.3404
39800000,1991,48.4922310911,-4.5042040784,309.3404
39820000,1992,48.4922312623,-4.5042043927,309.3404
39840000,1993,48.4922314335,-4.5042047069,309.3404
39860000,1994,48.4922316047,-4.5042050212,309.3404
39880000,1995,48.4922317759,-4.5042053354,309.3404
39900000,1996,48.4922319471,-4.5042056496,309.3404
39920000,1997,48.4922321184,-4.5042059639,309.3404
39940000,1998,48.4922322896,-4.5042062781,309.3404
39960000,1999,48.4922324608,-4.5042065924,309.3404
39980000,2000,48.492232632,-4.5042069066,309.3404
40000000,2001,48.4922328032,-4.5042072208,309.3404
40020000,2002,48.4922329744,-4.5042075351,309.3404
40040000,2003,48.4922331456,-4.5042078493,309.3404
40060000,2004,48.4922333168,-4.5042081636,309.3404
40080000,2005,48.492233488,-4.5042084778,309.3404
40100000,2006,48.4922336592,-4.504208792,309.3404
40120000,2007,48.4922338304,-4.5042091063,309.3404
40140000,2008,48.4922340016,-4.5042094205,309.3404
40160000,2009,48.4922341728,-4.5042097348,309.3404
40180000,2010,48.492234344,-4.504210049,309.3404
40200000,2011,48.4922345152,-4.5042103632,309.3404
40220000,2012,48.4922346864,-4.5042106775,309.3404
40240000,2013,48.4922348576,-4.5042109917,309.3404
40260000,2014,48.4922350288,-4.504211306,309.3404
40280000,2015,48.4922352,-4.5042116202,309.3404
40300000,2016,48.4922353712,-4.5042119344,309.3404
40320000,2017,48.4922355424,-4.5042122487,309.3404
40340000,2018,48.4922357136,-4.5042125629,309.3404
40360000,2019,48.4922358848,-4.5042128772,309.3404
40380000,2020,48.492236056,-4.5042131914,309.3404
40400000,2021,48.4922362272,-4.5042135056,309.3404
40420000,2022,48.4922363984,-4.5042138199,309.3404
40440000,2023,48.4922365696,-4.5042141341,309.3404
40460000,2024,48.4922367409,-4.5042144483,309.3404
40480000,2025,48.4922369121,-4.5042147626,309.3404
40500000,2026,48.4922370833,-4.5042150768,309.3404
40520000,2027,48.4922372545,-4.5042153911,309.3404
40540000,2028,48.4922374257,-4.5042157053,309.3404
40560000,2029,48.4922375969,-4.5042160195,309.3404
40580000,2030,48.4922377681,-4.5042163338,309.3404
40600000,2031,48.4922379393,-4.504216648,309.3404
40620000,2032,48.4922381105,-4.5042169623,309.3404
40640000,2033,48.4922382817,-4.5042172765,309.3404
40660000,2034,48.4922384529,-4.5042175907,309.3404
40680000,2035,48.4922386241,-4.504217905,309.3404
40700000,2036,48.4922387953,-4.5042182192,309.3404
40720000,2037,48.4922389665,-4.5042185335,309.3404
40740000,2038,48.4922391377,-4.5042188477,309.3404
40760000,2039,48.4922393089,-4.5042191619,309.3404
40780000,2040,48.4922394801,-4.5042194762,309.3404
40800000,2041,48.4922396513,-4.5042197904,309.3404
40820000,2042,48.4922398225,-4.5042201047,309.3404
40840000,2043,48.4922399937,-4.5042204189,309.3404
40860000,2044,48.4922401649,-4.5042207331,309.3404
40880000,2045,48.4922403361,-4.5042210474,309.3404
40900000,2046,48.4922405073,-4.5042213616,309.3404
40920000,2047,48.4922406785,-4.5042216759,309.3404
40940000,2048,48.4922408497,-4.5042219901,309.3404
40960000,2049,48.4922410209,-4.5042223043,309.3404
40980000,2050,48.4922411921,-4.5042226186,309.3404
41000000,2051,48.4922413634,-4.5042229328,309.3404
41020000,2052,48.4922415346,-4.5042232471,309.3404
41040000,2053,48.4922417058,-4.5042235613,309.3404
41060000,2054,48.492241877,-4.5042238755,309.3404
41080000,2055,48.4922420482,-4.5042241898,309.3404
41100000,2056,48.4922422194,-4.504224504,309.3404
41120000,2057,48.4922423906,-4.5042248183,309.3404
41140000,2058,48.4922425618,-4.5042251325,309.3404
41160000,2059,48.492242733,-4.5042254467,309.3404
41180000,2060,48.4922429042,-4.504225761,309.3404
41200000,2061,48.4922430754,-4.5042260752,309.3404
41220000,2062,48.4922432466,-4.5042263895,309.3404
41240000,2063,48.4922434178,-4.5042267037,309.3404
41260000,2064,48.492243589,-4.5042270179,309.3404
41280000,2065,48.4922437602,-4.5042273322,309.3404
41300000,2066,48.4922439314,-4.5042276464,309.3404
41320000,2067,48.4922441026,-4.5042279607,309.3404
41340000,2068,48.4922442738,-4.5042282749,309.3404
41360000,2069,48.492244445,-4.5042285891,309.3404
41380000,2070,48.4922446162,-4.5042289034,309.3404
41400000,2071,48.4922447874,-4.5042292176,309.3404
41420000,2072,48.4922449586,-4.5042295319,309.3404
41440000,2073,48.4922451298,-4.5042298461,309.3404
41460000,2074,48.492245301,-4.5042301603,309.3404
41480000,2075,48.4922454722,-4.5042304746,309.3404
41500000,2076,48.4922456434,-4.5042307888,309.3404
41520000,2077,48.4922458146,-4.5042311031,309.3404
41540000,2078,48.4922459858,-4.5042314173,309.3404
41560000,2079,48.4922461571,-4.5042317315,309.3404
41580000,2080,48.4922463283,-4.5042320458,309.3404
41600000,2081,48.4922464995,-4.50423236,309.3404
41620000,2082,48.4922466707,-4.5042326742,309.3404
41640000,2083,48.4922468419,-4.5042329885,309.3404
41660000,2084,48.4922470131,-4.5042333027,309.3404
41680000,2085,48.4922471843,-4.504233617,309.3404
41700000,2086,48.4922473555,-4.5042339312,309.3404
41720000,2087,48.4922475267,-4.5042342454,309.3404
41740000,2088,48.4922476979,-4.5042345597,309.3404
41760000,2089,48.4922478691,-4.5042348739,309.3404
41780000,2090,48.4922480403,-4.5042351882,309.3404
41800000,2091,48.4922482115,-4.5042355024,309.3404
41820000,2092,48.4922483827,-4.5042358166,309.3404
41840000,2093,48.4922485539,-4.5042361309,309.3404
41860000,2094,48.4922487251,-4.5042364451,309.3404
41880000,2095,48.4922488963,-4.5042367594,309.3404
41900000,2096,48.4922490675,-4.5042370736,309.3404
41920000,2097,48.4922492387,-4.5042373878,309.3404
41940000,2098,48.4922494099,-4.5042377021,309.3404
41960000,2099,48.4922495811,-4.5042380163,309.3404
41980000,2100,48.4922497523,-4.5042383306,309.3404
42000000,2101,48.4922499235,-4.5042386448,309.3404
42020000,2102,48.4922500947,-4.504238959,309.3404
42040000,2103,48.4922502659,-4.5042392733,309.3404
42060000,2104,48.4922504371,-4.5042395875,309.3404
42080000,2105,48.4922506083,-4.5042399018,309.3404
42100000,2106,48.4922507795,-4.504240216,309.3404
42120000,2107,48.4922509508,-4.5042405302,309.3404
42140000,2108,48.492251122,-4.5042408445,309.3404
42160000,2109,48.4922512932,-4.5042411587,309.3404
42180000,2110,48.4922514644,-4.504241473,309.3404
42200000,2111,48.4922516356,-4.5042417872,309.3404
42220000,2112,48.4922518068,-4.5042421014,309.3404
42240000,2113,48.492251978,-4.5042424157,309.3404
42260000,2114,48.4922521492,-4.5042427299,309.3404
42280000,2115,48.4922523204,-4.5042430442,309.3404
42300000,2116,48.4922524916,-4.5042433584,309.3404
42320000,2117,48.4922526628,-4.5042436726,309.3404
42340000,2118,48.492252834,-4.5042439869,309.3404
42360000,2119,48.4922530052,-4.5042443011,309.3404
42380000,2120,48.4922531764,-4.5042446154,309.3404
42400000,2121,48.4922533476,-4.5042449296,309.3404
42420000,2122,48.4922535188,-4.5042452438,309.3404
42440000,2123,48.49225369,-4.5042455581,309.3404
42460000,2124,48.4922538612,-4.5042458723,309.3404
42480000,2125,48.4922540324,-4.5042461866,309.3404
42500000,2126,48.4922542036,-4.5042465008,309.3404
42520000,2127,48.4922543748,-4.504246815,309.3404
42540000,2128,48.492254546,-4.5042471293,309.3404
42560000,2129,48.4922547172,-4.5042474435,309.3404
42580000,2130,48.4922548884,-4.5042477578,309.3404
42600000,2131,48.4922550596,-4.504248072,309.3404
42620000,2132,48.4922552308,-4.5042483862,309.3404
42640000,2133,48.492255402,-4.5042487005,309.3404
42660000,2134,48.4922555732,-4.5042490147,309.3404
42680000,2135,48.4922557445,-4.504249329,309.3404
42700000,2136,48.4922559157,-4.5042496432,309.3404
42720000,2137,48.4922560869,-4.5042499574,309.3404
42740000,2138,48.4922562581,-4.5042502717,309.3404
42760000,2139,48.4922564293,-4.5042505859,309.3404
42780000,2140,48.4922566005,-4.5042509002,309.3404
42800000,2141,48.4922567717,-4.5042512144,309.3404
42820000,2142,48.4922569429,-4.5042515286,309.3404
42840000,2143,48.4922571141,-4.5042518429,309.3404
42860000,2144,48.4922572853,-4.5042521571,309.3404
42880000,2145,48.4922574565,-4.5042524714,309.3404
42900000,2146,48.4922576277,-4.5042527856,309.3404
42920000,2147,48.4922577989,-4.5042530998,309.3404
42940000,2148,48.4922579701,-4.5042534141,309.3404
42960000,2149,48.4922581413,-4.5042537283,309.3404
42980000,2150,48.4922583125,-4.5042540426,309.3404
43000000,2151,48.4922584837,-4.5042543568,309.3404
43020000,2152,48.4922586549,-4.504254671,309.3404
43040000,2153,48.4922588261,-4.5042549853,309.3404
43060000,2154,48.4922589973,-4.5042552995,309.3404
43080000,2155,48.4922591685,-4.5042556138,309.3404
43100000,2156,48.4922593397,-4.504255928,309.3404
43120000,2157,48.4922595109,-4.5042562422,309.3404
43140000,2158,48.4922596821,-4.5042565565,309.3404
43160000,2159,48.4922598533,-4.5042568707,309.3404
43180000,2160,48.4922600245,-4.504257185,309.3404
43200000,2161,48.4922601957,-4.5042574992,309.3404
43220000,2162,48.4922603669,-4.5042578134,309.3404
43240000,2163,48.4922605382,-4.5042581277,309.3404
43260000,2164,48.4922607094,-4.5042584419,309.3404
43280000,2165,48.4922608806,-4.5042587562,309.3404
43300000,2166,48.4922610518,-4.5042590704,309.3404
43320000,2167,48.492261223,-4.5042593846,309.3404
43340000,2168,48.4922613942,-4.5042596989,309.3404
43360000,2169,48.4922615654,-4.5042600131,309.3404
43380000,2170,48.4922617366,-4.5042603274,309.3404
43400000,2171,48.4922619078,-4.5042606416,309.3404
43420000,2172,48.492262079,-4.5042609558,309.3404
43440000,2173,48.4922622502,-4.5042612701,309.3404
43460000,2174,48.4922624214,-4.5042615843,309.3404
43480000,2175,48.4922625926,-4.5042618986,309.3404
43500000,2176,48.4922627638,-4.5042622128,309.3404
43520000,2177,48.492262935,-4.504262527,309.3404
43540000,2178,48.4922631062,-4.5042628413,309.3404
43560000,2179,48.4922632774,-4.5042631555,309.3404
43580000,2180,48.4922634486,-4.5042634698,309.3404
43600000,2181,48.4922636198,-4.504263784,309.3404
43620000,2182,48.492263791,-4.5042640982,309.3404
43640000,2183,48.4922639622,-4.5042644125,309.3404
43660000,2184,48.4922641334,-4.5042647267,309.3404
43680000,2185,48.4922643046,-4.504265041,309.3404
43700000,2186,48.4922644758,-4.5042653552,309.3404
43720000,2187,48.492264647,-4.5042656694,309.3404
43740000,2188,48.4922648182,-4.5042659837,309.3404
43760000,2189,48.4922649894,-4.5042662979,309.3404
43780000,2190,48.4922651606,-4.5042666122,309.3404
43800000,2191,48.4922653319,-4.5042669264,309.3404
43820000,2192,48.4922655031,-4.5042672406,309.3404
43840000,2193,48.4922656743,-4.5042675549,309.3404
43860000,2194,48.4922658455,-4.5042678691,309.3404
43880000,2195,48.4922660167,-4.5042681834,309.3404
43900000,2196,48.4922661879,-4.5042684976,309.3404
43920000,2197,48.4922663591,-4.5042688118,309.3404
43940000,2198,48.4922665303,-4.5042691261,309.3404
43960000,2199,48.4922667015,-4.5042694403,309.3404
43980000,2200,48.4922668727,-4.5042697546,309.3404
44000000,2201,48.4922670439,-4.5042700688,309.3404
44020000,2202,48.4922672151,-4.504270383,309.3404
44040000,2203,48.4922673863,-4.5042706973,309.3404
44060000,2204,48.4922675575,-4.5042710115,309.3404
44080000,2205,48.4922677287,-4.5042713258,309.3404
44100000,2206,48.4922678999,-4.50427164,309.3404
44120000,2207,48.4922680711,-4.5042719542,309.3404
44140000,2208,48.4922682423,-4.5042722685,309.3404
44160000,2209,48.4922684135,-4.5042725827,309.3404
44180000,2210,48.4922685847,-4.504272897,309.3404
44200000,2211,48.4922687559,-4.5042732112,309.3404
44220000,2212,48.4922689271,-4.5042735254,309.3404
44240000,2213,48.4922690983,-4.5042738397,309.3404
44260000,2214,48.4922692695,-4.5042741539,309.3404
44280000,2215,48.4922694407,-4.5042744682,309.3404
44300000,2216,48.4922696119,-4.5042747824,309.3404
44320000,2217,48.4922697831,-4.5042750966,309.3404
44340000,2218,48.4922699543,-4.5042754109,309.3404
44360000,2219,48.4922701255,-4.5042757251,309.3404
44380000,2220,48.4922702968,-4.5042760394,309.3404
44400000,2221,48.492270468,-4.5042763536,309.3404
44420000,2222,48.4922706392,-4.5042766678,309.3404
44440000,2223,48.4922708104,-4.5042769821,309.3404
44460000,2224,48.4922709816,-4.5042772963,309.3404
44480000,2225,48.4922711528,-4.5042776106,309.3404
44500000,2226,48.492271324,-4.5042779248,309.3404
44520000,2227,48.4922714952,-4.504278239,309.3404
44540000,2228,48.4922716664,-4.5042785533,309.3404
44560000,2229,48.4922718376,-4.5042788675,309.3404
44580000,2230,48.4922720088,-4.5042791818,309.3404
44600000,2231,48.49227218,-4.504279496,309.3404
44620000,2232,48.4922723512,-4.5042798102,309.3404
44640000,2233,48.4922725224,-4.5042801245,309.3404
44660000,2234,48.4922726936,-4.5042804387,309.3404
44680000,2235,48.4922728648,-4.504280753,309.3404
44700000,2236,48.492273036,-4.5042810672,309.3404
44720000,2237,48.4922732072,-4.5042813814,309.3404
44740000,2238,48.4922733784,-4.5042816957,309.3404
44760000,2239,48.4922735496,-4.5042820099,309.3404
44780000,2240,48.4922737208,-4.5042823242,309.3404
44800000,2241,48.492273892,-4.5042826384,309.3404
44820000,2242,48.4922740632,-4.5042829526,309.3404
44840000,2243,48.4922742344,-4.5042832669,309.3404
44860000,2244,48.4922744056,-4.5042835811,309.3404
44880000,2245,48.4922745768,-4.5042838954,309.3404
44900000,2246,48.492274748,-4.5042842096,309.3404
44920000,2247,48.4922749192,-4.5042845238,309.3404
44940000,2248,48.4922750904,-4.5042848381,309.3404
44960000,2249,48.4922752617,-4.5042851523,309.3404
44980000,2250,48.4922754329,-4.5042854666,309.3404
45000000,2251,48.4922756041,-4.5042857808,309.3404
45020000,2252,48.4922757753,-4.504286095,309.3404
45040000,2253,48.4922759465,-4.5042864093,309.3404
45060000,2254,48.4922761177,-4.5042867235,309.3404
45080000,2255,48.4922762889,-4.5042870378,309.3404
45100000,2256,48.4922764601,-4.504287352,309.3404
45120000,2257,48.4922766313,-4.5042876662,309.3404
45140000,2258,48.4922768025,-4.5042879805,309.3404
45160000,2259,48.4922769737,-4.5042882947,309.3404
45180000,2260,48.4922771449,-4.504288609,309.3404
45200000,2261,48.4922773161,-4.5042889232,309.3404
45220000,2262,48.4922774873,-4.5042892374,309.3404
45240000,2263,48.4922776585,-4.5042895517,309.3404
45260000,2264,48.4922778297,-4.5042898659,309.3404
45280000,2265,48.4922780009,-4.5042901802,309.3404
45300000,2266,48.4922781721,-4.5042904944,309.3404
45320000,2267,48.4922783433,-4.5042908086,309.3404
45340000,2268,48.4922785145,-4.5042911229,309.3404
45360000,2269,48.4922786857,-4.5042914371,309.3404
45380000,2270,48.4922788569,-4.5042917514,309.3404
45400000,2271,48.4922790281,-4.5042920656,309.3404
45420000,2272,48.4922791993,-4.5042923798,309.3404
45440000,2273,48.4922793705,-4.5042926941,309.3404
45460000,2274,48.4922795417,-4.5042930083,309.3404
45480000,2275,48.4922797129,-4.5042933226,309.3404
45500000,2276,48.4922798841,-4.5042936368,309.3404
45520000,2277,48.4922800553,-4.504293951,309.3404
45540000,2278,48.4922802266,-4.5042942653,309.3404
45560000,2279,48.4922803978,-4.5042945795,309.3404
45580000,2280,48.492280569,-4.5042948938,309.3404
45600000,2281,48.4922807402,-4.504295208,309.3404
45620000,2282,48.4922809114,-4.5042955222,309.3404
45640000,2283,48.4922810826,-4.5042958365,309.3404
45660000,2284,48.4922812538,-4.5042961507,309.3404
45680000,2285,48.492281425,-4.504296465,309.3404
45700000,2286,48.4922815962,-4.5042967792,309.3404
45720000,2287,48.4922817674,-4.5042970934,309.3404
45740000,2288,48.4922819386,-4.5042974077,309.3404
45760000,2289,48.4922821098,-4.5042977219,309.3404
45780000,2290,48.492282281,-4.5042980362,309.3404
45800000,2291,48.4922824522,-4.5042983504,309.3404
45820000,2292,48.4922826234,-4.5042986646,309.3404
45840000,2293,48.4922827946,-4.5042989789,309.3404
45860000,2294,48.4922829658,-4.5042992931,309.3404
45880000,2295,48.492283137,-4.5042996074,309.3404
45900000,2296,48.4922833082,-4.5042999216,309.3404
45920000,2297,48.4922834794,-4.5043002358,309.3404
45940000,2298,48.4922836506,-4.5043005501,309.3404
45960000,2299,48.4922838218,-4.5043008643,309.3404
45980000,2300,48.492283993,-4.5043011786,309.3404
46000000,2301,48.4922841642,-4.5043014928,309.3404
46020000,2302,48.4922843354,-4.504301807,309.3404
46040000,2303,48.4922845066,-4.5043021213,309.3404
46060000,2304,48.4922846778,-4.5043024355,309.3404
46080000,2305,48.492284849,-4.5043027498,309.3404
46100000,2306,48.4922850202,-4.504303064,309.3404
46120000,2307,48.4922851915,-4.5043033782,309.3404
46140000,2308,48.4922853627,-4.5043036925,309.3404
46160000,2309,48.4922855339,-4.5043040067,309.3404
46180000,2310,48.4922857051,-4.504304321,309.3404
46200000,2311,48.4922858763,-4.5043046352,309.3404
46220000,2312,48.4922860475,-4.5043049494,309.3404
46240000,2313,48.4922862187,-4.5043052637,309.3404
46260000,2314,48.4922863899,-4.5043055779,309.3404
46280000,2315,48.4922865611,-4.5043058922,309.3404
46300000,2316,48.4922867323,-4.5043062064,309.3404
46320000,2317,48.4922869035,-4.5043065206,309.3404
46340000,2318,48.4922870747,-4.5043068349,309.3404
46360000,2319,48.4922872459,-4.5043071491,309.3404
46380000,2320,48.4922874171,-4.5043074634,309.3404
46400000,2321,48.4922875883,-4.5043077776,309.3404
46420000,2322,48.4922877595,-4.5043080918,309.3404
46440000,2323,48.4922879307,-4.5043084061,309.3404
46460000,2324,48.4922881019,-4.5043087203,309.3404
46480000,2325,48.4922882731,-4.5043090346,309.3404
46500000,2326,48.4922884443,-4.5043093488,309.3404
46520000,2327,48.4922886155,-4.504309663,309.3404
46540000,2328,48.4922887867,-4.5043099773,309.3404
46560000,2329,48.4922889579,-4.5043102915,309.3404
46580000,2330,48.4922891291,-4.5043106058,309.3404
46600000,2331,48.4922893003,-4.50431092,309.3404
46620000,2332,48.4922894715,-4.5043112342,309.3404
46640000,2333,48.4922896427,-4.5043115485,309.3404
46660000,2334,48.4922898139,-4.5043118627,309.3404
46680000,2335,48.4922899851,-4.504312177,309.3404
46700000,2336,48.4922901564,-4.5043124912,309.3404
46720000,2337,48.4922903276,-4.5043128054,309.3404
46740000,2338,48.4922904988,-4.5043131197,309.3404
46760000,2339,48.49229067,-4.5043134339,309.3404
46780000,2340,48.4922908412,-4.5043137482,309.3404
46800000,2341,48.4922910124,-4.5043140624,309.3404
46820000,2342,48.4922911836,-4.5043143766,309.3404
46840000,2343,48.4922913548,-4.5043146909,309.3404
46860000,2344,48.492291526,-4.5043150051,309.3404
46880000,2345,48.4922916972,-4.5043153194,309.3404
46900000,2346,48.4922918684,-4.5043156336,309.3404
46920000,2347,48.4922920396,-4.5043159478,309.3404
46940000,2348,48.4922922108,-4.5043162621,309.3404
46960000,2349,48.492292382,-4.5043165763,309.3404
46980000,2350,48.4922925532,-4.5043168906,309.3404
47000000,2351,48.4922927244,-4.5043172048,309.3404
47020000,2352,48.4922928956,-4.5043175191,309.3404
47040000,2353,48.4922930668,-4.5043178333,309.3404
47060000,2354,48.492293238,-4.5043181475,309.3404
47080000,2355,48.4922934092,-4.5043184618,309.3404
47100000,2356,48.4922935804,-4.504318776,309.3404
47120000,2357,48.4922937516,-4.5043190903,309.3404
47140000,2358,48.4922939228,-4.5043194045,309.3404
47160000,2359,48.492294094,-4.5043197187,309.3404
47180000,2360,48.4922942652,-4.504320033,309.3404
47200000,2361,48.4922944364,-4.5043203472,309.3404
47220000,2362,48.4922946076,-4.5043206615,309.3404
47240000,2363,48.4922947788,-4.5043209757,309.3404
47260000,2364,48.49229495,-4.5043212899,309.3404
47280000,2365,48.4922951212,-4.5043216042,309.3404
47300000,2366,48.4922952925,-4.5043219184,309.3404
47320000,2367,48.4922954637,-4.5043222327,309.3404
47340000,2368,48.4922956349,-4.5043225469,309.3404
47360000,2369,48.4922958061,-4.5043228611,309.3404
47380000,2370,48.4922959773,-4.5043231754,309.3404
47400000,2371,48.4922961485,-4.5043234896,309.3404
47420000,2372,48.4922963197,-4.5043238039,309.3404
47440000,2373,48.4922964909,-4.5043241181,309.3404
47460000,2374,48.4922966621,-4.5043244323,309.3404
47480000,2375,48.4922968333,-4.5043247466,309.3404
47500000,2376,48.4922970045,-4.5043250608,309.3404
47520000,2377,48.4922971757,-4.5043253751,309.3404
47540000,2378,48.4922973469,-4.5043256893,309.3404
47560000,2379,48.4922975181,-4.5043260035,309.3404
47580000,2380,48.4922976893,-4.5043263178,309.3404
47600000,2381,48.4922978605,-4.504326632,309.3404
47620000,2382,48.4922980317,-4.5043269463,309.3404
47640000,2383,48.4922982029,-4.5043272605,309.3404
47660000,2384,48.4922983741,-4.5043275747,309.3404
47680000,2385,48.4922985453,-4.504327889,309.3404
47700000,2386,48.4922987165,-4.5043282032,309.3404
47720000,2387,48.4922988877,-4.5043285175,309.3404
47740000,2388,48.4922990589,-4.5043288317,309.3404
47760000,2389,48.4922992301,-4.5043291459,309.3404
47780000,2390,48.4922994013,-4.5043294602,309.3404
47800000,2391,48.4922995725,-4.5043297744,309.3404
47820000,2392,48.4922997437,-4.5043300887,309.3404
47840000,2393,48.4922999149,-4.5043304029,309.3404
47860000,2394,48.4923000861,-4.5043307171,309.3404
47880000,2395,48.4923002573,-4.5043310314,309.3404
47900000,2396,48.4923004286,-4.5043313456,309.3404
47920000,2397,48.4923005998,-4.5043316599,309.3404
47940000,2398,48.492300771,-4.5043319741,309.3404
47960000,2399,48.4923009422,-4.5043322883,309.3404
47980000,2400,48.4923011134,-4.5043326026,309.3404
48000000,2401,48.4923012846,-4.5043329168,309.3404
48020000,2402,48.4923014558,-4.5043332311,309.3404
48040000,2403,48.492301627,-4.5043335453,309.3404
48060000,2404,48.4923017982,-4.5043338595,309.3404
48080000,2405,48.4923019694,-4.5043341738,309.3404
48100000,2406,48.4923021406,-4.504334488,309.3404
48120000,2407,48.4923023118,-4.5043348023,309.3404
48140000,2408,48.492302483,-4.5043351165,309.3404
48160000,2409,48.4923026542,-4.5043354308,309.3404
48180000,2410,48.4923028254,-4.504335745,309.3404
48200000,2411,48.4923029966,-4.5043360592,309.3404
48220000,2412,48.4923031678,-4.5043363735,309.3404
48240000,2413,48.492303339,-4.5043366877,309.3404
48260000,2414,48.4923035102,-4.504337002,309.3404
48280000,2415,48.4923036814,-4.5043373162,309.3404
48300000,2416,48.4923038526,-4.5043376304,309.3404
48320000,2417,48.4923040238,-4.5043379447,309.3404
48340000,2418,48.492304195,-4.5043382589,309.3404
48360000,2419,48.4923043662,-4.5043385732,309.3404
48380000,2420,48.4923045374,-4.5043388874,309.3404
48400000,2421,48.4923047086,-4.5043392016,309.3404
48420000,2422,48.4923048798,-4.5043395159,309.3404
48440000,2423,48.492305051,-4.5043398301,309.3404
48460000,2424,48.4923052222,-4.5043401444,309.3404
48480000,2425,48.4923053934,-4.5043404586,309.3404
48500000,2426,48.4923055647,-4.5043407728,309.3404
48520000,2427,48.4923057359,-4.5043410871,309.3404
48540000,2428,48.4923059071,-4.5043414013,309.3404
48560000,2429,48.4923060783,-4.5043417156,309.3404
48580000,2430,48.4923062495,-4.5043420298,309.3404
48600000,2431,48.4923064207,-4.504342344,309.3404
48620000,2432,48.4923065919,-4.5043426583,309.3404
48640000,2433,48.4923067631,-4.5043429725,309.3404
48660000,2434,48.4923069343,-4.5043432868,309.3404
48680000,2435,48.4923071055,-4.504343601,309.3404
48700000,2436,48.4923072767,-4.5043439152,309.3404
48720000,2437,48.4923074479,-4.5043442295,309.3404
48740000,2438,48.4923076191,-4.5043445437,309.3404
48760000,2439,48.4923077903,-4.504344858,309.3404
48780000,2440,48.4923079615,-4.5043451722,309.3404
48800000,2441,48.4923081327,-4.5043454864,309.3404
48820000,2442,48.4923083039,-4.5043458007,309.3404
48840000,2443,48.4923084751,-4.5043461149,309.3404
48860000,2444,48.4923086463,-4.5043464292,309.3404
48880000,2445,48.4923088175,-4.5043467434,309.3404
48900000,2446,48.4923089887,-4.5043470576,309.3404
48920000,2447,48.4923091599,-4.5043473719,309.3404
48940000,2448,48.4923093311,-4.5043476861,309.3404
48960000,2449,48.4923095023,-4.5043480004,309.3404
48980000,2450,48.4923096735,-4.5043483146,309.3404
49000000,2451,48.4923098447,-4.5043486289,309.3404
49020000,2452,48.4923100159,-4.5043489431,309.3404
49040000,2453,48.4923101871,-4.5043492573,309.3404
49060000,2454,48.4923103583,-4.5043495716,309.3404
49080000,2455,48.4923105295,-4.5043498858,309.3404
49100000,2456,48.4923107008,-4.5043502001,309.3404
49120000,2457,48.492310872,-4.5043505143,309.3404
49140000,2458,48.4923110432,-4.5043508285,309.3404
49160000,2459,48.4923112144,-4.5043511428,309.3404
49180000,2460,48.4923113856,-4.504351457,309.3404
49200000,2461,48.4923115568,-4.5043517713,309.3404
49220000,2462,48.492311728,-4.5043520855,309.3404
49240000,2463,48.4923118992,-4.5043523997,309.3404
49260000,2464,48.4923120704,-4.504352714,309.3404
49280000,2465,48.4923122416,-4.5043530282,309.3404
49300000,2466,48.4923124128,-4.5043533425,309.3404
49320000,2467,48.492312584,-4.5043536567,309.3404
49340000,2468,48.4923127552,-4.5043539709,309.3404
49360000,2469,48.4923129264,-4.5043542852,309.3404
49380000,2470,48.4923130976,-4.5043545994,309.3404
49400000,2471,48.4923132688,-4.5043549137,309.3404
49420000,2472,48.49231344,-4.5043552279,309.3404
49440000,2473,48.4923136112,-4.5043555421,309.3404
49460000,2474,48.4923137824,-4.5043558564,309.3404
49480000,2475,48.4923139536,-4.5043561706,309.3404
49500000,2476,48.4923141248,-4.5043564849,309.3404
49520000,2477,48.492314296,-4.5043567991,309.3404
49540000,2478,48.4923144672,-4.5043571133,309.3404
49560000,2479,48.4923146384,-4.5043574276,309.3404
49580000,2480,48.4923148096,-4.5043577418,309.3404
49600000,2481,48.4923149808,-4.5043580561,309.3404
49620000,2482,48.492315152,-4.5043583703,309.3404
49640000,2483,48.4923153232,-4.5043586845,309.3404
49660000,2484,48.4923154944,-4.5043589988,309.3404
49680000,2485,48.4923156656,-4.504359313,309.3404
49700000,2486,48.4923158368,-4.5043596273,309.3404
49720000,2487,48.4923160081,-4.5043599415,309.3404
49740000,2488,48.4923161793,-4.5043602558,309.3404
49760000,2489,48.4923163505,-4.50436057,309.3404
49780000,2490,48.4923165217,-4.5043608842,309.3404
49800000,2491,48.4923166929,-4.5043611985,309.3404
49820000,2492,48.4923168641,-4.5043615127,309.3404
49840000,2493,48.4923170353,-4.504361827,309.3404
49860000,2494,48.4923172065,-4.5043621412,309.3404
49880000,2495,48.4923173777,-4.5043624554,309.3404
49900000,2496,48.4923175489,-4.5043627697,309.3404
49920000,2497,48.4923177201,-4.5043630839,309.3404
49940000,2498,48.4923178913,-4.5043633982,309.3404
49960000,2499,48.4923180625,-4.5043637124,309.3404
49980000,2500,48.4923182337,-4.5043640266,309.3404
50000000,2501,48.4923184049,-4.5043643409,309.3404
50020000,2502,48.4923185761,-4.5043646551,309.3404
50040000,2503,48.4923187473,-4.5043649694,309.3404
50060000,2504,48.4923189185,-4.5043652836,309.3404
50080000,2505,48.4923190897,-4.5043655978,309.3404
50100000,2506,48.4923192609,-4.5043659121,309.3404
50120000,2507,48.4923194321,-4.5043662263,309.3404
50140000,2508,48.4923196033,-4.5043665406,309.3404
50160000,2509,48.4923197745,-4.5043668548,309.3404
50180000,2510,48.4923199457,-4.504367169,309.3404
50200000,2511,48.4923201169,-4.5043674833,309.3404
50220000,2512,48.4923202881,-4.5043677975,309.3404
50240000,2513,48.4923204593,-4.5043681118,309.3404
50260000,2514,48.4923206305,-4.504368426,309.3404
50280000,2515,48.4923208017,-4.5043687402,309.3404
50300000,2516,48.4923209729,-4.5043690545,309.3404
50320000,2517,48.4923211442,-4.5043693687,309.3404
50340000,2518,48.4923213154,-4.504369683,309.3404
50360000,2519,48.4923214866,-4.5043699972,309.3404
50380000,2520,48.4923216578,-4.5043703115,309.3404
50400000,2521,48.492321829,-4.5043706257,309.3404
50420000,2522,48.4923220002,-4.5043709399,309.3404
50440000,2523,48.4923221714,-4.5043712542,309.3404
50460000,2524,48.4923223426,-4.5043715684,309.3404
50480000,2525,48.4923225138,-4.5043718827,309.3404
50500000,2526,48.492322685,-4.5043721969,309.3404
50520000,2527,48.4923228562,-4.5043725111,309.3404
50540000,2528,48.4923230274,-4.5043728254,309.3404
50560000,2529,48.4923231986,-4.5043731396,309.3404
50580000,2530,48.4923233698,-4.5043734539,309.3404
50600000,2531,48.492323541,-4.5043737681,309.3404
50620000,2532,48.4923237122,-4.5043740823,309.3404
50640000,2533,48.4923238834,-4.5043743966,309.3404
50660000,2534,48.4923240546,-4.5043747108,309.3404
50680000,2535,48.4923242258,-4.5043750251,309.3404
50700000,2536,48.492324397,-4.5043753393,309.3404
50720000,2537,48.4923245682,-4.5043756535,309.3404
50740000,2538,48.4923247394,-4.5043759678,309.3404
50760000,2539,48.4923249106,-4.504376282,309.3404
50780000,2540,48.4923250818,-4.5043765963,309.3404
50800000,2541,48.492325253,-4.5043769105,309.3404
50820000,2542,48.4923254242,-4.5043772247,309.3404
50840000,2543,48.4923255954,-4.504377539,309.3404
50860000,2544,48.4923257666,-4.5043778532,309.3404
50880000,2545,48.4923259378,-4.5043781675,309.3404
50900000,2546,48.492326109,-4.5043784817,309.3404
50920000,2547,48.4923262802,-4.5043787959,309.3404
50940000,2548,48.4923264514,-4.5043791102,309.3404
50960000,2549,48.4923266227,-4.5043794244,309.3404
50980000,2550,48.4923267939,-4.5043797387,309.3404
51000000,2551,48.4923269651,-4.5043800529,309.3404
51020000,2552,48.4923271363,-4.5043803672,309.3404
51040000,2553,48.4923273075,-4.5043806814,309.3404
51060000,2554,48.4923274787,-4.5043809956,309.3404
51080000,2555,48.4923276499,-4.5043813099,309.3404
51100000,2556,48.4923278211,-4.5043816241,309.3404
51120000,2557,48.4923279923,-4.5043819384,309.3404
51140000,2558,48.4923281635,-4.5043822526,309.3404
51160000,2559,48.4923283347,-4.5043825668,309.3404
51180000,2560,48.4923285059,-4.5043828811,309.3404
51200000,2561,48.4923286771,-4.5043831953,309.3404
51220000,2562,48.4923288483,-4.5043835096,309.3404
51240000,2563,48.4923290195,-4.5043838238,309.3404
51260000,2564,48.4923291907,-4.504384138,309.3404
51280000,2565,48.4923293619,-4.5043844523,309.3404
51300000,2566,48.4923295331,-4.5043847665,309.3404
51320000,2567,48.4923297043,-4.5043850808,309.3404
51340000,2568,48.4923298755,-4.504385395,309.3404
51360000,2569,48.4923300467,-4.5043857092,309.3404
51380000,2570,48.4923302179,-4.5043860235,309.3404
51400000,2571,48.4923303891,-4.5043863377,309.3404
51420000,2572,48.4923305603,-4.504386652,309.3404
51440000,2573,48.4923307315,-4.5043869662,309.3404
51460000,2574,48.4923309027,-4.5043872804,309.3404
51480000,2575,48.4923310739,-4.5043875947,309.3404
51500000,2576,48.4923312451,-4.5043879089,309.3404
51520000,2577,48.4923314163,-4.5043882232,309.3404
51540000,2578,48.4923315875,-4.5043885374,309.3404
51560000,2579,48.4923317587,-4.5043888517,309.3404
51580000,2580,48.49233193,-4.5043891659,309.3404
51600000,2581,48.4923321012,-4.5043894801,309.3404
51620000,2582,48.4923322724,-4.5043897944,309.3404
51640000,2583,48.4923324436,-4.5043901086,309.3404
51660000,2584,48.4923326148,-4.5043904229,309.3404
51680000,2585,48.492332786,-4.5043907371,309.3404
51700000,2586,48.4923329572,-4.5043910513,309.3404
51720000,2587,48.4923331284,-4.5043913656,309.3404
51740000,2588,48.4923332996,-4.5043916798,309.3404
51760000,2589,48.4923334708,-4.5043919941,309.3404
51780000,2590,48.492333642,-4.5043923083,309.3404
51800000,2591,48.4923338132,-4.5043926225,309.3404
51820000,2592,48.4923339844,-4.5043929368,309.3404
51840000,2593,48.4923341556,-4.504393251,309.3404
51860000,2594,48.4923343268,-4.5043935653,309.3404
51880000,2595,48.492334498,-4.5043938795,309.3404
51900000,2596,48.4923346692,-4.5043941937,309.3404
51920000,2597,48.4923348404,-4.504394508,309.3404
51940000,2598,48.4923350116,-4.5043948222,309.3404
51960000,2599,48.4923351828,-4.5043951365,309.3404
51980000,2600,48.492335354,-4.5043954507,309.3404
52000000,2601,48.4923355252,-4.504395765,309.3404
52020000,2602,48.4923356964,-4.5043960792,309.3404
52040000,2603,48.4923358676,-4.5043963934,309.3404
52060000,2604,48.4923360388,-4.5043967077,309.3404
52080000,2605,48.49233621,-4.5043970219,309.3404
52100000,2606,48.4923363812,-4.5043973362,309.3404
52120000,2607,48.4923365524,-4.5043976504,309.3404
52140000,2608,48.4923367236,-4.5043979646,309.3404
52160000,2609,48.4923368948,-4.5043982789,309.3404
52180000,2610,48.492337066,-4.5043985931,309.3404
52200000,2611,48.4923372372,-4.5043989074,309.3404
52220000,2612,48.4923374085,-4.5043992216,309.3404
52240000,2613,48.4923375797,-4.5043995358,309.3404
52260000,2614,48.4923377509,-4.5043998501,309.3404
52280000,2615,48.4923379221,-4.5044001643,309.3404
52300000,2616,48.4923380933,-4.5044004786,309.3404
52320000,2617,48.4923382645,-4.5044007928,309.3404
52340000,2618,48.4923384357,-4.504401107,309.3404
52360000,2619,48.4923386069,-4.5044014213,309.3404
52380000,2620,48.4923387781,-4.5044017355,309.3404
52400000,2621,48.4923389493,-4.5044020498,309.3404
52420000,2622,48.4923391205,-4.504402364,309.3404
52440000,2623,48.4923392917,-4.5044026782,309.3404
52460000,2624,48.4923394629,-4.5044029925,309.3404
52480000,2625,48.4923396341,-4.5044033067,309.3404
52500000,2626,48.4923398053,-4.504403621,309.3404
52520000,2627,48.4923399765,-4.5044039352,309.3404
52540000,2628,48.4923401477,-4.5044042495,309.3404
52560000,2629,48.4923403189,-4.5044045637,309.3404
52580000,2630,48.4923404901,-4.5044048779,309.3404
52600000,2631,48.4923406613,-4.5044051922,309.3404
52620000,2632,48.4923408325,-4.5044055064,309.3404
52640000,2633,48.4923410037,-4.5044058207,309.3404
52660000,2634,48.4923411749,-4.5044061349,309.3404
52680000,2635,48.4923413461,-4.5044064491,309.3404
52700000,2636,48.4923415173,-4.5044067634,309.3404
52720000,2637,48.4923416885,-4.5044070776,309.3404
52740000,2638,48.4923418597,-4.5044073919,309.3404
52760000,2639,48.4923420309,-4.5044077061,309.3404
52780000,2640,48.4923422021,-4.5044080203,309.3404
52800000,2641,48.4923423733,-4.5044083346,309.3404
52820000,2642,48.4923425445,-4.5044086488,309.3404
52840000,2643,48.4923427158,-4.5044089631,309.3404
52860000,2644,48.492342887,-4.5044092773,309.3404
52880000,2645,48.4923430582,-4.5044095915,309.3404
52900000,2646,48.4923432294,-4.5044099058,309.3404
52920000,2647,48.4923434006,-4.50441022,309.3404
52940000,2648,48.4923435718,-4.5044105343,309.3404
52960000,2649,48.492343743,-4.5044108485,309.3404
52980000,2650,48.4923439142,-4.5044111628,309.3404
53000000,2651,48.4923440854,-4.504411477,309.3404
53020000,2652,48.4923442566,-4.5044117912,309.3404
53040000,2653,48.4923444278,-4.5044121055,309.3404
53060000,2654,48.492344599,-4.5044124197,309.3404
53080000,2655,48.4923447702,-4.504412734,309.3404
53100000,2656,48.4923449414,-4.5044130482,309.3404
53120000,2657,48.4923451126,-4.5044133624,309.3404
53140000,2658,48.4923452838,-4.5044136767,309.3404
53160000,2659,48.492345455,-4.5044139909,309.3404
53180000,2660,48.4923456262,-4.5044143052,309.3404
53200000,2661,48.4923457974,-4.5044146194,309.3404
53220000,2662,48.4923459686,-4.5044149336,309.3404
53240000,2663,48.4923461398,-4.5044152479,309.3404
53260000,2664,48.492346311,-4.5044155621,309.3404
53280000,2665,48.4923464822,-4.5044158764,309.3404
53300000,2666,48.4923466534,-4.5044161906,309.3404
53320000,2667,48.4923468246,-4.5044165048,309.3404
53340000,2668,48.4923469958,-4.5044168191,309.3404
53360000,2669,48.492347167,-4.5044171333,309.3404
53380000,2670,48.4923473382,-4.5044174476,309.3404
53400000,2671,48.4923475094,-4.5044177618,309.3404
53420000,2672,48.4923476806,-4.5044180761,309.3404
53440000,2673,48.4923478518,-4.5044183903,309.3404
53460000,2674,48.492348023,-4.5044187045,309.3404
53480000,2675,48.4923481942,-4.5044190188,309.3404
53500000,2676,48.4923483655,-4.504419333,309.3404
53520000,2677,48.4923485367,-4.5044196473,309.3404
53540000,2678,48.4923487079,-4.5044199615,309.3404
53560000,2679,48.4923488791,-4.5044202757,309.3404
53580000,2680,48.4923490503,-4.50442059,309.3404
53600000,2681,48.4923492215,-4.5044209042,309.3404
53620000,2682,48.4923493927,-4.5044212185,309.3404
53640000,2683,48.4923495639,-4.5044215327,309.3404
53660000,2684,48.4923497351,-4.5044218469,309.3404
53680000,2685,48.4923499063,-4.5044221612,309.3404
53700000,2686,48.4923500775,-4.5044224754,309.3404
53720000,2687,48.4923502487,-4.5044227897,309.3404
53740000,2688,48.4923504199,-4.5044231039,309.3404
53760000,2689,48.4923505911,-4.5044234182,309.3404
53780000,2690,48.4923507623,-4.5044237324,309.3404
53800000,2691,48.4923509335,-4.5044240466,309.3404
53820000,2692,48.4923511047,-4.5044243609,309.3404
53840000,2693,48.4923512759,-4.5044246751,309.3404
53860000,2694,48.4923514471,-4.5044249894,309.3404
53880000,2695,48.4923516183,-4.5044253036,309.3404
53900000,2696,48.4923517895,-4.5044256178,309.3404
53920000,2697,48.4923519607,-4.5044259321,309.3404
53940000,2698,48.4923521319,-4.5044262463,309.3404
53960000,2699,48.4923523031,-4.5044265606,309.3404
53980000,2700,48.4923524743,-4.5044268748,309.3404
54000000,2701,48.4923526455,-4.504427189,309.3404
54020000,2702,48.4923528167,-4.5044275033,309.3404
54040000,2703,48.4923529879,-4.5044278175,309.3404
54060000,2704,48.4923531591,-4.5044281318,309.3404
54080000,2705,48.4923533303,-4.504428446,309.3404
54100000,2706,48.4923535015,-4.5044287602,309.3404
54120000,2707,48.4923536727,-4.5044290745,309.3404
54140000,2708,48.492353844,-4.5044293887,309.3404
54160000,2709,48.4923540152,-4.504429703,309.3404
54180000,2710,48.4923541864,-4.5044300172,309.3404
54200000,2711,48.4923543576,-4.5044303315,309.3404
54220000,2712,48.4923545288,-4.5044306457,309.3404
54240000,2713,48.4923547,-4.5044309599,309.3404
54260000,2714,48.4923548712,-4.5044312742,309.3404
54280000,2715,48.4923550424,-4.5044315884,309.3404
54300000,2716,48.4923552136,-4.5044319027,309.3404
54320000,2717,48.4923553848,-4.5044322169,309.3404
54340000,2718,48.492355556,-4.5044325311,309.3404
54360000,2719,48.4923557272,-4.5044328454,309.3404
54380000,2720,48.4923558984,-4.5044331596,309.3404
54400000,2721,48.4923560696,-4.5044334739,309.3404
54420000,2722,48.4923562408,-4.5044337881,309.3404
54440000,2723,48.492356412,-4.5044341023,309.3404
54460000,2724,48.4923565832,-4.5044344166,309.3404
54480000,2725,48.4923567544,-4.5044347308,309.3404
54500000,2726,48.4923569256,-4.5044350451,309.3404
54520000,2727,48.4923570968,-4.5044353593,309.3404
54540000,2728,48.492357268,-4.5044356736,309.3404
54560000,2729,48.4923574392,-4.5044359878,309.3404
54580000,2730,48.4923576104,-4.504436302,309.3404
54600000,2731,48.4923577816,-4.5044366163,309.3404
54620000,2732,48.4923579528,-4.5044369305,309.3404
54640000,2733,48.492358124,-4.5044372448,309.3404
54660000,2734,48.4923582952,-4.504437559,309.3404
54680000,2735,48.4923584664,-4.5044378732,309.3404
54700000,2736,48.4923586376,-4.5044381875,309.3404
54720000,2737,48.4923588088,-4.5044385017,309.3404
54740000,2738,48.49235898,-4.504438816,309.3404
54760000,2739,48.4923591512,-4.5044391302,309.3404
54780000,2740,48.4923593224,-4.5044394444,309.3404
54800000,2741,48.4923594937,-4.5044397587,309.3404
54820000,2742,48.4923596649,-4.5044400729,309.3404
54840000,2743,48.4923598361,-4.5044403872,309.3404
54860000,2744,48.4923600073,-4.5044407014,309.3404
54880000,2745,48.4923601785,-4.5044410157,309.3404
54900000,2746,48.4923603497,-4.5044413299,309.3404
54920000,2747,48.4923605209,-4.5044416441,309.3404
54940000,2748,48.4923606921,-4.5044419584,309.3404
54960000,2749,48.4923608633,-4.5044422726,309.3404
54980000,2750,48.4923610345,-4.5044425869,309.3404
55000000,2751,48.4923612057,-4.5044429011,309.3404
55020000,2752,48.4923613769,-4.5044432153,309.3404
55040000,2753,48.4923615481,-4.5044435296,309.3404
55060000,2754,48.4923617193,-4.5044438438,309.3404
55080000,2755,48.4923618905,-4.5044441581,309.3404
55100000,2756,48.4923620617,-4.5044444723,309.3404
55120000,2757,48.4923622329,-4.5044447865,309.3404
55140000,2758,48.4923624041,-4.5044451008,309.3404
55160000,2759,48.4923625753,-4.504445415,309.3404
55180000,2760,48.4923627465,-4.5044457293,309.3404
55200000,2761,48.4923629177,-4.5044460435,309.3404
55220000,2762,48.4923630889,-4.5044463577,309.3404
55240000,2763,48.4923632601,-4.504446672,309.3404
55260000,2764,48.4923634313,-4.5044469862,309.3404
55280000,2765,48.4923636025,-4.5044473005,309.3404
55300000,2766,48.4923637737,-4.5044476147,309.3404
55320000,2767,48.4923639449,-4.504447929,309.3404
55340000,2768,48.4923641161,-4.5044482432,309.3404
55360000,2769,48.4923642873,-4.5044485574,309.3404
55380000,2770,48.4923644585,-4.5044488717,309.3404
55400000,2771,48.4923646297,-4.5044491859,309.3404
55420000,2772,48.4923648009,-4.5044495002,309.3404
55440000,2773,48.4923649721,-4.5044498144,309.3404
55460000,2774,48.4923651434,-4.5044501286,309.3404
55480000,2775,48.4923653146,-4.5044504429,309.3404
55500000,2776,48.4923654858,-4.5044507571,309.3404
55520000,2777,48.492365657,-4.5044510714,309.3404
55540000,2778,48.4923658282,-4.5044513856,309.3404
55560000,2779,48.4923659994,-4.5044516998,309.3404
55580000,2780,48.4923661706,-4.5044520141,309.3404
55600000,2781,48.4923663418,-4.5044523283,309.3404
55620000,2782,48.492366513,-4.5044526426,309.3404
55640000,2783,48.4923666842,-4.5044529568,309.3404
55660000,2784,48.4923668554,-4.5044532711,309.3404
55680000,2785,48.4923670266,-4.5044535853,309.3404
55700000,2786,48.4923671978,-4.5044538995,309.3404
55720000,2787,48.492367369,-4.5044542138,309.3404
55740000,2788,48.4923675402,-4.504454528,309.3404
55760000,2789,48.4923677114,-4.5044548423,309.3404
55780000,2790,48.4923678826,-4.5044551565,309.3404
55800000,2791,48.4923680538,-4.5044554707,309.3404
55820000,2792,48.492368225,-4.504455785,309.3404
55840000,2793,48.4923683962,-4.5044560992,309.3404
55860000,2794,48.4923685674,-4.5044564135,309.3404
55880000,2795,48.4923687386,-4.5044567277,309.3404
55900000,2796,48.4923689098,-4.504457042,309.3404
55920000,2797,48.492369081,-4.5044573562,309.3404
55940000,2798,48.4923692522,-4.5044576704,309.3404
55960000,2799,48.4923694234,-4.5044579847,309.3404
55980000,2800,48.4923695946,-4.5044582989,309.3404
56000000,2801,48.4923697658,-4.5044586132,309.3404
56020000,2802,48.492369937,-4.5044589274,309.3404
56040000,2803,48.4923701082,-4.5044592416,309.3404
56060000,2804,48.4923702794,-4.5044595559,309.3404
56080000,2805,48.4923704506,-4.5044598701,309.3404
56100000,2806,48.4923706218,-4.5044601844,309.3404
56120000,2807,48.4923707931,-4.5044604986,309.3404
56140000,2808,48.4923709643,-4.5044608128,309.3404
56160000,2809,48.4923711355,-4.5044611271,309.3404
56180000,2810,48.4923713067,-4.5044614413,309.3404
56200000,2811,48.4923714779,-4.5044617556,309.3404
56220000,2812,48.4923716491,-4.5044620698,309.3404
56240000,2813,48.4923718203,-4.5044623841,309.3404
56260000,2814,48.4923719915,-4.5044626983,309.3404
56280000,2815,48.4923721627,-4.5044630125,309.3404
56300000,2816,48.4923723339,-4.5044633268,309.3404
56320000,2817,48.4923725051,-4.504463641,309.3404
56340000,2818,48.4923726763,-4.5044639553,309.3404
56360000,2819,48.4923728475,-4.5044642695,309.3404
56380000,2820,48.4923730187,-4.5044645837,309.3404
56400000,2821,48.4923731899,-4.504464898,309.3404
56420000,2822,48.4923733611,-4.5044652122,309.3404
56440000,2823,48.4923735323,-4.5044655265,309.3404
56460000,2824,48.4923737035,-4.5044658407,309.3404
56480000,2825,48.4923738747,-4.5044661549,309.3404
56500000,2826,48.4923740459,-4.5044664692,309.3404
56520000,2827,48.4923742171,-4.5044667834,309.3404
56540000,2828,48.4923743883,-4.5044670977,309.3404
56560000,2829,48.4923745595,-4.5044674119,309.3404
56580000,2830,48.4923747307,-4.5044677262,309.3404
56600000,2831,48.4923749019,-4.5044680404,309.3404
56620000,2832,48.4923750731,-4.5044683546,309.3404
56640000,2833,48.4923752443,-4.5044686689,309.3404
56660000,2834,48.4923754155,-4.5044689831,309.3404
56680000,2835,48.4923755867,-4.5044692974,309.3404
56700000,2836,48.4923757579,-4.5044696116,309.3404
56720000,2837,48.4923759291,-4.5044699258,309.3404
56740000,2838,48.4923761003,-4.5044702401,309.3404
56760000,2839,48.4923762715,-4.5044705543,309.3404
56780000,2840,48.4923764427,-4.5044708686,309.3404
56800000,2841,48.492376614,-4.5044711828,309.3404
56820000,2842,48.4923767852,-4.504471497,309.3404
56840000,2843,48.4923769564,-4.5044718113,309.3404
56860000,2844,48.4923771276,-4.5044721255,309.3404
56880000,2845,48.4923772988,-4.5044724398,309.3404
56900000,2846,48.49237747,-4.504472754,309.3404
56920000,2847,48.4923776412,-4.5044730683,309.3404
56940000,2848,48.4923778124,-4.5044733825,309.3404
56960000,2849,48.4923779836,-4.5044736967,309.3404
56980000,2850,48.4923781548,-4.504474011,309.3404
57000000,2851,48.492378326,-4.5044743252,309.3404
57020000,2852,48.4923784972,-4.5044746395,309.3404
57040000,2853,48.4923786684,-4.5044749537,309.3404
57060000,2854,48.4923788396,-4.5044752679,309.3404
57080000,2855,48.4923790108,-4.5044755822,309.3404
57100000,2856,48.492379182,-4.5044758964,309.3404
57120000,2857,48.4923793532,-4.5044762107,309.3404
57140000,2858,48.4923795244,-4.5044765249,309.3404
57160000,2859,48.4923796956,-4.5044768392,309.3404
57180000,2860,48.4923798668,-4.5044771534,309.3404
57200000,2861,48.492380038,-4.5044774676,309.3404
57220000,2862,48.4923802092,-4.5044777819,309.3404
57240000,2863,48.4923803804,-4.5044780961,309.3404
57260000,2864,48.4923805516,-4.5044784104,309.3404
57280000,2865,48.4923807228,-4.5044787246,309.3404
57300000,2866,48.492380894,-4.5044790388,309.3404
57320000,2867,48.4923810652,-4.5044793531,309.3404
57340000,2868,48.4923812364,-4.5044796673,309.3404
57360000,2869,48.4923814076,-4.5044799816,309.3404
57380000,2870,48.4923815788,-4.5044802958,309.3404
57400000,2871,48.49238175,-4.50448061,309.3404
57420000,2872,48.4923819212,-4.5044809243,309.3404
57440000,2873,48.4923820924,-4.5044812385,309.3404
57460000,2874,48.4923822636,-4.5044815528,309.3404
57480000,2875,48.4923824349,-4.504481867,309.3404
57500000,2876,48.4923826061,-4.5044821813,309.3404
57520000,2877,48.4923827773,-4.5044824955,309.3404
57540000,2878,48.4923829485,-4.5044828097,309.3404
57560000,2879,48.4923831197,-4.504483124,309.3404
57580000,2880,48.4923832909,-4.5044834382,309.3404
57600000,2881,48.4923834621,-4.5044837525,309.3404
57620000,2882,48.4923836333,-4.5044840667,309.3404
57640000,2883,48.4923838045,-4.5044843809,309.3404
57660000,2884,48.4923839757,-4.5044846952,309.3404
57680000,2885,48.4923841469,-4.5044850094,309.3404
57700000,2886,48.4923843181,-4.5044853237,309.3404
57720000,2887,48.4923844893,-4.5044856379,309.3404
57740000,2888,48.4923846605,-4.5044859522,309.3404
57760000,2889,48.4923848317,-4.5044862664,309.3404
57780000,2890,48.4923850029,-4.5044865806,309.3404
57800000,2891,48.4923851741,-4.5044868949,309.3404
57820000,2892,48.4923853453,-4.5044872091,309.3404
57840000,2893,48.4923855165,-4.5044875234,309.3404
57860000,2894,48.4923856877,-4.5044878376,309.3404
57880000,2895,48.4923858589,-4.5044881518,309.3404
57900000,2896,48.4923860301,-4.5044884661,309.3404
57920000,2897,48.4923862013,-4.5044887803,309.3404
57940000,2898,48.4923863725,-4.5044890946,309.3404
57960000,2899,48.4923865437,-4.5044894088,309.3404
57980000,2900,48.4923867149,-4.5044897231,309.3404
58000000,2901,48.4923868861,-4.5044900373,309.3404
58020000,2902,48.4923870573,-4.5044903515,309.3404
58040000,2903,48.4923872285,-4.5044906658,309.3404
58060000,2904,48.4923873997,-4.50449098,309.3404
58080000,2905,48.4923875709,-4.5044912943,309.3404
58100000,2906,48.4923877421,-4.5044916085,309.3404
58120000,2907,48.4923879133,-4.5044919227,309.3404
58140000,2908,48.4923880845,-4.504492237,309.3404
58160000,2909,48.4923882558,-4.5044925512,309.3404
58180000,2910,48.492388427,-4.5044928655,309.3404
58200000,2911,48.4923885982,-4.5044931797,309.3404
58220000,2912,48.4923887694,-4.5044934939,309.3404
58240000,2913,48.4923889406,-4.5044938082,309.3404
58260000,2914,48.4923891118,-4.5044941224,309.3404
58280000,2915,48.492389283,-4.5044944367,309.3404
58300000,2916,48.4923894542,-4.5044947509,309.3404
58320000,2917,48.4923896254,-4.5044950652,309.3404
58340000,2918,48.4923897966,-4.5044953794,309.3404
58360000,2919,48.4923899678,-4.5044956936,309.3404
58380000,2920,48.492390139,-4.5044960079,309.3404
58400000,2921,48.4923903102,-4.5044963221,309.3404
58420000,2922,48.4923904814,-4.5044966364,309.3404
58440000,2923,48.4923906526,-4.5044969506,309.3404
58460000,2924,48.4923908238,-4.5044972648,309.3404
58480000,2925,48.492390995,-4.5044975791,309.3404
58500000,2926,48.4923911662,-4.5044978933,309.3404
58520000,2927,48.4923913374,-4.5044982076,309.3404
58540000,2928,48.4923915086,-4.5044985218,309.3404
58560000,2929,48.4923916798,-4.5044988361,309.3404
58580000,2930,48.492391851,-4.5044991503,309.3404
58600000,2931,48.4923920222,-4.5044994645,309.3404
58620000,2932,48.4923921934,-4.5044997788,309.3404
58640000,2933,48.4923923646,-4.504500093,309.3404
58660000,2934,48.4923925358,-4.5045004073,309.3404
58680000,2935,48.492392707,-4.5045007215,309.3404
58700000,2936,48.4923928782,-4.5045010357,309.3404
58720000,2937,48.4923930494,-4.50450135,309.3404
58740000,2938,48.4923932206,-4.5045016642,309.3404
58760000,2939,48.4923933918,-4.5045019785,309.3404
58780000,2940,48.492393563,-4.5045022927,309.3404
58800000,2941,48.4923937342,-4.504502607,309.3404
58820000,2942,48.4923939054,-4.5045029212,309.3404
58840000,2943,48.4923940766,-4.5045032354,309.3404
58860000,2944,48.4923942479,-4.5045035497,309.3404
58880000,2945,48.4923944191,-4.5045038639,309.3404
58900000,2946,48.4923945903,-4.5045041782,309.3404
58920000,2947,48.4923947615,-4.5045044924,309.3404
58940000,2948,48.4923949327,-4.5045048066,309.3404
58960000,2949,48.4923951039,-4.5045051209,309.3404
58980000,2950,48.4923952751,-4.5045054351,309.3404
59000000,2951,48.4923954463,-4.5045057494,309.3404
59020000,2952,48.4923956175,-4.5045060636,309.3404
59040000,2953,48.4923957887,-4.5045063779,309.3404
59060000,2954,48.4923959599,-4.5045066921,309.3404
59080000,2955,48.4923961311,-4.5045070063,309.3404
59100000,2956,48.4923963023,-4.5045073206,309.3404
59120000,2957,48.4923964735,-4.5045076348,309.3404
59140000,2958,48.4923966447,-4.5045079491,309.3404
59160000,2959,48.4923968159,-4.5045082633,309.3404
59180000,2960,48.4923969871,-4.5045085775,309.3404
59200000,2961,48.4923971583,-4.5045088918,309.3404
59220000,2962,48.4923973295,-4.504509206,309.3404
59240000,2963,48.4923975007,-4.5045095203,309.3404
59260000,2964,48.4923976719,-4.5045098345,309.3404
59280000,2965,48.4923978431,-4.5045101487,309.3404
59300000,2966,48.4923980143,-4.504510463,309.3404
59320000,2967,48.4923981855,-4.5045107772,309.3404
59340000,2968,48.4923983567,-4.5045110915,309.3404
59360000,2969,48.4923985279,-4.5045114057,309.3404
59380000,2970,48.4923986991,-4.50451172,309.3404
59400000,2971,48.4923988703,-4.5045120342,309.3404
59420000,2972,48.4923990415,-4.5045123484,309.3404
59440000,2973,48.4923992127,-4.5045126627,309.3404
59460000,2974,48.4923993839,-4.5045129769,309.3404
59480000,2975,48.4923995551,-4.5045132912,309.3404
59500000,2976,48.4923997263,-4.5045136054,309.3404
59520000,2977,48.4923998975,-4.5045139196,309.3404
59540000,2978,48.4924000687,-4.5045142339,309.3404
59560000,2979,48.49240024,-4.5045145481,309.3404
59580000,2980,48.4924004112,-4.5045148624,309.3404
59600000,2981,48.4924005824,-4.5045151766,309.3404
59620000,2982,48.4924007536,-4.5045154909,309.3404
59640000,2983,48.4924009248,-4.5045158051,309.3404
59660000,2984,48.492401096,-4.5045161193,309.3404
59680000,2985,48.4924012672,-4.5045164336,309.3404
59700000,2986,48.4924014384,-4.5045167478,309.3404
59720000,2987,48.4924016096,-4.5045170621,309.3404
59740000,2988,48.4924017808,-4.5045173763,309.3404
59760000,2989,48.492401952,-4.5045176905,309.3404
59780000,2990,48.4924021232,-4.5045180048,309.3404
59800000,2991,48.4924022944,-4.504518319,309.3404
59820000,2992,48.4924024656,-4.5045186333,309.3404
59840000,2993,48.4924026368,-4.5045189475,309.3404
59860000,2994,48.492402808,-4.5045192618,309.3404
59880000,2995,48.492402808,-4.5045192618,309.3404
59900000,2996,48.4924029229,-4.5045194673,310.7892
59920000,2997,48.492403037,-4.5045196612,312.3297
59940000,2998,48.4924031505,-4.5045198433,313.9688
59960000,2999,48.4924032632,-4.5045200139,315.7138
59980000,3000,48.4924033751,-4.5045201731,317.572
60000000,3001,48.4924034864,-4.5045203209,319.551
60020000,3002,48.4924035968,-4.5045204574,321.6583
60040000,3003,48.4924037065,-4.5045205829,323.901
60060000,3004,48.4924038155,-4.5045206973,326.2856
60080000,3005,48.4924039236,-4.5045208009,328.8176
60100000,3006,48.492404031,-4.5045208936,331.5011
60120000,3007,48.4924041376,-4.5045209757,334.3377
60140000,3008,48.4924042434,-4.5045210472,337.3269
60160000,3009,48.4924043484,-4.5045211082,340.4644
60180000,3010,48.4924044526,-4.5045211589,343.7424
60200000,3011,48.4924045559,-4.5045211993,347.1487
60220000,3012,48.4924046585,-4.5045212296,350.6666
60240000,3013,48.4924047602,-4.5045212499,354.275
60260000,3014,48.492404861,-4.5045212602,357.9491
60280000,3015,48.4924049611,-4.5045212607,1.6611
60300000,3016,48.4924050602,-4.5045212515,5.3813
60320000,3017,48.4924051585,-4.5045212328,9.0797
60340000,3018,48.4924052559,-4.5045212045,12.7274
60360000,3019,48.4924053525,-4.5045211669,16.2978
60380000,3020,48.4924054482,-4.50452112,19.768
60400000,3021,48.492405543,-4.504521064,23.1189
60420000,3022,48.4924056368,-4.5045209989,26.336
60440000,3023,48.4924057298,-4.5045209248,29.4094
60460000,3024,48.4924058219,-4.504520842,32.333
60480000,3025,48.492405913,-4.5045207504,35.1045
60500000,3026,48.4924060033,-4.5045206502,37.7244
60520000,3027,48.4924060926,-4.5045205415,40.1958
60540000,3028,48.4924061809,-4.5045204244,42.5233
60560000,3029,48.4924062683,-4.504520299,44.7132
60580000,3030,48.4924063548,-4.5045201655,46.7721
60600000,3031,48.4924064403,-4.5045200239,48.7075
60620000,3032,48.4924065248,-4.5045198743,50.5269
60640000,3033,48.4924066083,-4.5045197169,52.2378
60660000,3034,48.4924066909,-4.5045195518,53.8476
60680000,3035,48.4924067724,-4.504519379,55.3633
60700000,3036,48.492406853,-4.5045191987,56.7917
60720000,3037,48.4924069326,-4.504519011,58.1391
60740000,3038,48.4924070111,-4.504518816,59.4115
60760000,3039,48.4924070887,-4.5045186138,60.6143
60780000,3040,48.4924071652,-4.5045184045,61.7528
60800000,3041,48.4924072406,-4.5045181882,62.8316
60820000,3042,48.4924073151,-4.5045179651,63.8552
60840000,3043,48.4924073884,-4.5045177352,64.8277
60860000,3044,48.4924074608,-4.5045174987,65.7526
60880000,3045,48.492407532,-4.5045172556,66.6336
60900000,3046,48.4924076022,-4.5045170061,67.4736
60920000,3047,48.4924076713,-4.5045167503,68.2757
60940000,3048,48.4924077394,-4.5045164883,69.0424
60960000,3049,48.4924078063,-4.5045162202,69.7764
60980000,3050,48.4924078722,-4.5045159461,70.4797
61000000,3051,48.4924079369,-4.5045156661,71.1545
61020000,3052,48.4924080005,-4.5045153803,71.8027
61040000,3053,48.492408063,-4.5045150889,72.4261
61060000,3054,48.4924081244,-4.5045147919,73.0263
61080000,3055,48.4924081846,-4.5045144895,73.6049
61100000,3056,48.4924082437,-4.5045141817,74.1633
61120000,3057,48.4924083017,-4.5045138687,74.7026
61140000,3058,48.4924083585,-4.5045135506,75.2243
61160000,3059,48.4924084141,-4.5045132275,75.7293
61180000,3060,48.4924084686,-4.5045128994,76.2187
61200000,3061,48.4924085219,-4.5045125666,76.6936
61220000,3062,48.492408574,-4.5045122291,77.1547
61240000,3063,48.4924086249,-4.504511887,77.603
61260000,3064,48.4924086746,-4.5045115405,78.0393
61280000,3065,48.4924087231,-4.5045111896,78.4642
61300000,3066,48.4924087704,-4.5045108345,78.8785
61320000,3067,48.4924088164,-4.5045104752,79.2828
61340000,3068,48.4924088613,-4.5045101119,79.6778
61360000,3069,48.4924089049,-4.5045097447,80.064
61380000,3070,48.4924089472,-4.5045093736,80.4419
61400000,3071,48.4924089883,-4.5045089989,80.8121
61420000,3072,48.4924090282,-4.5045086206,81.175
61440000,3073,48.4924090668,-4.5045082388,81.5312
61460000,3074,48.4924091041,-4.5045078536,81.881
61480000,3075,48.4924091401,-4.5045074652,82.2249
61500000,3076,48.4924091749,-4.5045070736,82.5632
61520000,3077,48.4924092084,-4.5045066789,82.8963
61540000,3078,48.4924092405,-4.5045062814,83.2246
61560000,3079,48.4924092714,-4.504505881,83.5484
61580000,3080,48.4924093009,-4.5045054778,83.8681
61600000,3081,48.4924093291,-4.5045050721,84.1839
61620000,3082,48.492409356,-4.5045046639,84.4961
61640000,3083,48.4924093816,-4.5045042532,84.8051
61660000,3084,48.4924094058,-4.5045038403,85.1112
61680000,3085,48.4924094287,-4.5045034253,85.4145
61700000,3086,48.4924094502,-4.5045030081,85.7153
61720000,3087,48.4924094703,-4.504502589,86.0139
61740000,3088,48.4924094891,-4.5045021681,86.3106
61760000,3089,48.4924095065,-4.5045017454,86.6055
61780000,3090,48.4924095225,-4.5045013211,86.899
61800000,3091,48.4924095371,-4.5045008953,87.1911
61820000,3092,48.4924095503,-4.5045004681,87.4823
61840000,3093,48.4924095621,-4.5045000396,87.7726
61860000,3094,48.4924095725,-4.5044996098,88.0622
61880000,3095,48.4924095814,-4.504499179,88.3515
61900000,3096,48.492409589,-4.5044987473,88.6406
61920000,3097,48.4924095951,-4.5044983146,88.9296
61940000,3098,48.4924095997,-4.5044978813,89.2189
61960000,3099,48.4924096029,-4.5044974472,89.5086
61980000,3100,48.4924096047,-4.5044970127,89.7989
62000000,3101,48.492409605,-4.5044965777,90.09
62020000,3102,48.4924096038,-4.5044961423,90.3821
62040000,3103,48.4924096011,-4.5044957068,90.6755
62060000,3104,48.492409597,-4.5044952712,90.9703
62080000,3105,48.4924095913,-4.5044948356,91.2667
62100000,3106,48.4924095842,-4.5044944001,91.5649
62120000,3107,48.4924095755,-4.5044939648,91.8652
62140000,3108,48.4924095653,-4.5044935299,92.1677
62160000,3109,48.4924095536,-4.5044930954,92.4727
62180000,3110,48.4924095404,-4.5044926615,92.7804
62200000,3111,48.4924095256,-4.5044922283,93.091
62220000,3112,48.4924095093,-4.5044917958,93.4047
62240000,3113,48.4924094915,-4.5044913642,93.7218
62260000,3114,48.492409472,-4.5044909336,94.0425
62280000,3115,48.4924094511,-4.5044905041,94.3671
62300000,3116,48.4924094285,-4.5044900758,94.6958
62320000,3117,48.4924094044,-4.5044896488,95.0288
62340000,3118,48.4924093786,-4.5044892232,95.3664
62360000,3119,48.4924093513,-4.5044887992,95.709
62380000,3120,48.4924093224,-4.5044883769,96.0567
62400000,3121,48.4924092919,-4.5044879563,96.4099
62420000,3122,48.4924092597,-4.5044875375,96.7689
62440000,3123,48.4924092259,-4.5044871207,97.134
62460000,3124,48.4924091905,-4.5044867061,97.5055
62480000,3125,48.4924091535,-4.5044862936,97.8838
62500000,3126,48.4924091148,-4.5044858834,98.2691
62520000,3127,48.4924090745,-4.5044854756,98.662
62540000,3128,48.4924090325,-4.5044850703,99.0627
62560000,3129,48.4924089888,-4.5044846677,99.4717
62580000,3130,48.4924089435,-4.5044842678,99.8893
62600000,3131,48.4924088965,-4.5044838707,100.3161
62620000,3132,48.4924088478,-4.5044834766,100.7524
62640000,3133,48.4924087974,-4.5044830856,101.1988
62660000,3134,48.4924087453,-4.5044826978,101.6557
62680000,3135,48.4924086914,-4.5044823132,102.1237
62700000,3136,48.4924086359,-4.504481932,102.6033
62720000,3137,48.4924085787,-4.5044815543,103.0951
62740000,3138,48.4924085197,-4.5044811803,103.5996
62760000,3139,48.492408459,-4.5044808099,104.1176
62780000,3140,48.4924083965,-4.5044804434,104.6497
62800000,3141,48.4924083323,-4.5044800808,105.1966
62820000,3142,48.4924082663,-4.5044797223,105.759
62840000,3143,48.4924081985,-4.5044793679,106.3377
62860000,3144,48.492408129,-4.5044790178,106.9335
62880000,3145,48.4924080577,-4.5044786721,107.5473
62900000,3146,48.4924079846,-4.5044783309,108.1799
62920000,3147,48.4924079097,-4.5044779942,108.8324
62940000,3148,48.4924078331,-4.5044776623,109.5056
62960000,3149,48.4924077546,-4.5044773351,110.2006
62980000,3150,48.4924076742,-4.5044770129,110.9186
63000000,3151,48.4924075921,-4.5044766957,111.6606
63020000,3152,48.4924075081,-4.5044763836,112.4279
63040000,3153,48.4924074223,-4.5044760768,113.2218
63060000,3154,48.4924073346,-4.5044757754,114.0435
63080000,3155,48.4924072451,-4.5044754794,114.8944
63100000,3156,48.4924071538,-4.504475189,115.776
63120000,3157,48.4924070605,-4.5044749043,116.6898
63140000,3158,48.4924069654,-4.5044746253,117.6373
63160000,3159,48.4924068684,-4.5044743523,118.6201
63180000,3160,48.4924067695,-4.5044740853,119.6399
63200000,3161,48.4924066687,-4.5044738244,120.6984
63220000,3162,48.492406566,-4.5044735697,121.7974
63240000,3163,48.4924064614,-4.5044733214,122.9386
63260000,3164,48.4924063549,-4.5044730795,124.1238
63280000,3165,48.4924062465,-4.5044728442,125.3548
63300000,3166,48.4924061361,-4.5044726156,126.6334
63320000,3167,48.4924060238,-4.5044723937,127.9614
63340000,3168,48.4924059095,-4.5044721787,129.3404
63360000,3169,48.4924059095,-4.5044721787,129.3404
63380000,3170,48.4924057383,-4.5044718644,129.3404
63400000,3171,48.4924055671,-4.5044715502,129.3404
63420000,3172,48.4924053959,-4.504471236,129.3404
63440000,3173,48.4924052247,-4.5044709217,129.3404
63460000,3174,48.4924050535,-4.5044706075,129.3404
63480000,3175,48.4924048823,-4.5044702932,129.3404
63500000,3176,48.4924047111,-4.504469979,129.3404
63520000,3177,48.4924045399,-4.5044696648,129.3404
63540000,3178,48.4924043687,-4.5044693505,129.3404
63560000,3179,48.4924041975,-4.5044690363,129.3404
63580000,3180,48.4924040263,-4.504468722,129.3404
63600000,3181,48.4924038551,-4.5044684078,129.3404
63620000,3182,48.4924036839,-4.5044680936,129.3404
63640000,3183,48.4924035127,-4.5044677793,129.3404
63660000,3184,48.4924033415,-4.5044674651,129.3404
63680000,3185,48.4924031703,-4.5044671508,129.3404
63700000,3186,48.4924029991,-4.5044668366,129.3404
63720000,3187,48.4924028279,-4.5044665223,129.3404
63740000,3188,48.4924026567,-4.5044662081,129.3404
63760000,3189,48.4924024855,-4.5044658939,129.3404
63780000,3190,48.4924023143,-4.5044655796,129.3404
63800000,3191,48.4924021431,-4.5044652654,129.3404
63820000,3192,48.4924019719,-4.5044649511,129.3404
63840000,3193,48.4924018007,-4.5044646369,129.3404
63860000,3194,48.4924016295,-4.5044643227,129.3404
63880000,3195,48.4924014583,-4.5044640084,129.3404
63900000,3196,48.4924012871,-4.5044636942,129.3404
63920000,3197,48.4924011159,-4.5044633799,129.3404
63940000,3198,48.4924009446,-4.5044630657,129.3404
63960000,3199,48.4924007734,-4.5044627514,129.3404
63980000,3200,48.4924006022,-4.5044624372,129.3404
64000000,3201,48.492400431,-4.504462123,129.3404
64020000,3202,48.4924002598,-4.5044618087,129.3404
64040000,3203,48.4924000886,-4.5044614945,129.3404
64060000,3204,48.4923999174,-4.5044611802,129.3404
64080000,3205,48.4923997462,-4.504460866,129.3404
64100000,3206,48.492399575,-4.5044605518,129.3404
64120000,3207,48.4923994038,-4.5044602375,129.3404
64140000,3208,48.4923992326,-4.5044599233,129.3404
64160000,3209,48.4923990614,-4.504459609,129.3404
64180000,3210,48.4923988902,-4.5044592948,129.3404
64200000,3211,48.492398719,-4.5044589805,129.3404
64220000,3212,48.4923985478,-4.5044586663,129.3404
64240000,3213,48.4923983766,-4.5044583521,129.3404
64260000,3214,48.4923982054,-4.5044580378,129.3404
64280000,3215,48.4923980342,-4.5044577236,129.3404
64300000,3216,48.492397863,-4.5044574093,129.3404
64320000,3217,48.4923976918,-4.5044570951,129.3404
64340000,3218,48.4923975206,-4.5044567809,129.3404
64360000,3219,48.4923973494,-4.5044564666,129.3404
64380000,3220,48.4923971782,-4.5044561524,129.3404
64400000,3221,48.492397007,-4.5044558381,129.3404
64420000,3222,48.4923968358,-4.5044555239,129.3404
64440000,3223,48.4923966646,-4.5044552097,129.3404
64460000,3224,48.4923964934,-4.5044548954,129.3404
64480000,3225,48.4923963222,-4.5044545812,129.3404
64500000,3226,48.492396151,-4.5044542669,129.3404
64520000,3227,48.4923959798,-4.5044539527,129.3404
64540000,3228,48.4923958086,-4.5044536384,129.3404
64560000,3229,48.4923956374,-4.5044533242,129.3404
64580000,3230,48.4923954662,-4.50445301,129.3404
64600000,3231,48.4923952949,-4.5044526957,129.3404
64620000,3232,48.4923951237,-4.5044523815,129.3404
64640000,3233,48.4923949525,-4.5044520672,129.3404
64660000,3234,48.4923947813,-4.504451753,129.3404
64680000,3235,48.4923946101,-4.5044514388,129.3404
64700000,3236,48.4923944389,-4.5044511245,129.3404
64720000,3237,48.4923942677,-4.5044508103,129.3404
64740000,3238,48.4923940965,-4.504450496,129.3404
64760000,3239,48.4923939253,-4.5044501818,129.3404
64780000,3240,48.4923937541,-4.5044498675,129.3404
64800000,3241,48.4923935829,-4.5044495533,129.3404
64820000,3242,48.4923934117,-4.5044492391,129.3404
64840000,3243,48.4923932405,-4.5044489248,129.3404
64860000,3244,48.4923930693,-4.5044486106,129.3404
64880000,3245,48.4923928981,-4.5044482963,129.3404
64900000,3246,48.4923927269,-4.5044479821,129.3404
64920000,3247,48.4923925557,-4.5044476679,129.3404
64940000,3248,48.4923923845,-4.5044473536,129.3404
64960000,3249,48.4923922133,-4.5044470394,129.3404
64980000,3250,48.4923920421,-4.5044467251,129.3404
65000000,3251,48.4923918709,-4.5044464109,129.3404
65020000,3252,48.4923916997,-4.5044460967,129.3404
65040000,3253,48.4923915285,-4.5044457824,129.3404
65060000,3254,48.4923913573,-4.5044454682,129.3404
65080000,3255,48.4923911861,-4.5044451539,129.3404
65100000,3256,48.4923910149,-4.5044448397,129.3404
65120000,3257,48.4923908437,-4.5044445254,129.3404
65140000,3258,48.4923906725,-4.5044442112,129.3404
65160000,3259,48.4923905013,-4.504443897,129.3404
65180000,3260,48.4923903301,-4.5044435827,129.3404
65200000,3261,48.4923901589,-4.5044432685,129.3404
65220000,3262,48.4923899877,-4.5044429542,129.3404
65240000,3263,48.4923898165,-4.50444264,129.3404
65260000,3264,48.4923896453,-4.5044423258,129.3404
65280000,3265,48.492389474,-4.5044420115,129.3404
65300000,3266,48.4923893028,-4.5044416973,129.3404
65320000,3267,48.4923891316,-4.504441383,129.3404
65340000,3268,48.4923889604,-4.5044410688,129.3404
65360000,3269,48.4923887892,-4.5044407546,129.3404
65380000,3270,48.492388618,-4.5044404403,129.3404
65400000,3271,48.4923884468,-4.5044401261,129.3404
65420000,3272,48.4923882756,-4.5044398118,129.3404
65440000,3273,48.4923881044,-4.5044394976,129.3404
65460000,3274,48.4923879332,-4.5044391833,129.3404
65480000,3275,48.492387762,-4.5044388691,129.3404
65500000,3276,48.4923875908,-4.5044385549,129.3404
65520000,3277,48.4923874196,-4.5044382406,129.3404
65540000,3278,48.4923872484,-4.5044379264,129.3404
65560000,3279,48.4923870772,-4.5044376121,129.3404
65580000,3280,48.492386906,-4.5044372979,129.3404
65600000,3281,48.4923867348,-4.5044369837,129.3404
65620000,3282,48.4923865636,-4.5044366694,129.3404
65640000,3283,48.4923863924,-4.5044363552,129.3404
65660000,3284,48.4923862212,-4.5044360409,129.3404
65680000,3285,48.49238605,-4.5044357267,129.3404
65700000,3286,48.4923858788,-4.5044354124,129.3404
65720000,3287,48.4923857076,-4.5044350982,129.3404
65740000,3288,48.4923855364,-4.504434784,129.3404
65760000,3289,48.4923853652,-4.5044344697,129.3404
65780000,3290,48.492385194,-4.5044341555,129.3404
65800000,3291,48.4923850228,-4.5044338412,129.3404
65820000,3292,48.4923848516,-4.504433527,129.3404
65840000,3293,48.4923846804,-4.5044332128,129.3404
65860000,3294,48.4923845092,-4.5044328985,129.3404
65880000,3295,48.492384338,-4.5044325843,129.3404
65900000,3296,48.4923841668,-4.50443227,129.3404
65920000,3297,48.4923839955,-4.5044319558,129.3404
65940000,3298,48.4923838243,-4.5044316416,129.3404
65960000,3299,48.4923836531,-4.5044313273,129.3404
65980000,3300,48.4923834819,-4.5044310131,129.3404
66000000,3301,48.4923833107,-4.5044306988,129.3404
66020000,3302,48.4923831395,-4.5044303846,129.3404
66040000,3303,48.4923829683,-4.5044300703,129.3404
66060000,3304,48.4923827971,-4.5044297561,129.3404
66080000,3305,48.4923826259,-4.5044294419,129.3404
66100000,3306,48.4923824547,-4.5044291276,129.3404
66120000,3307,48.4923822835,-4.5044288134,129.3404
66140000,3308,48.4923821123,-4.5044284991,129.3404
66160000,3309,48.4923819411,-4.5044281849,129.3404
66180000,3310,48.4923817699,-4.5044278707,129.3404
66200000,3311,48.4923815987,-4.5044275564,129.3404
66220000,3312,48.4923814275,-4.5044272422,129.3404
66240000,3313,48.4923812563,-4.5044269279,129.3404
66260000,3314,48.4923810851,-4.5044266137,129.3404
66280000,3315,48.4923809139,-4.5044262995,129.3404
66300000,3316,48.4923807427,-4.5044259852,129.3404
66320000,3317,48.4923805715,-4.504425671,129.3404
66340000,3318,48.4923804003,-4.5044253567,129.3404
66360000,3319,48.4923802291,-4.5044250425,129.3404
66380000,3320,48.4923800579,-4.5044247282,129.3404
66400000,3321,48.4923798867,-4.504424414,129.3404
66420000,3322,48.4923797155,-4.5044240998,129.3404
66440000,3323,48.4923795443,-4.5044237855,129.3404
66460000,3324,48.4923793731,-4.5044234713,129.3404
66480000,3325,48.4923792019,-4.504423157,129.3404
66500000,3326,48.4923790307,-4.5044228428,129.3404
66520000,3327,48.4923788595,-4.5044225286,129.3404
66540000,3328,48.4923786883,-4.5044222143,129.3404
66560000,3329,48.4923785171,-4.5044219001,129.3404
66580000,3330,48.4923783458,-4.5044215858,129.3404
66600000,3331,48.4923781746,-4.5044212716,129.3404
66620000,3332,48.4923780034,-4.5044209574,129.3404
66640000,3333,48.4923778322,-4.5044206431,129.3404
66660000,3334,48.492377661,-4.5044203289,129.3404
66680000,3335,48.4923774898,-4.5044200146,129.3404
66700000,3336,48.4923773186,-4.5044197004,129.3404
66720000,3337,48.4923771474,-4.5044193861,129.3404
66740000,3338,48.4923769762,-4.5044190719,129.3404
66760000,3339,48.492376805,-4.5044187577,129.3404
66780000,3340,48.4923766338,-4.5044184434,129.3404
66800000,3341,48.4923764626,-4.5044181292,129.3404
66820000,3342,48.4923762914,-4.5044178149,129.3404
66840000,3343,48.4923761202,-4.5044175007,129.3404
66860000,3344,48.492375949,-4.5044171865,129.3404
66880000,3345,48.4923757778,-4.5044168722,129.3404
66900000,3346,48.4923756066,-4.504416558,129.3404
66920000,3347,48.4923754354,-4.5044162437,129.3404
66940000,3348,48.4923752642,-4.5044159295,129.3404
66960000,3349,48.492375093,-4.5044156153,129.3404
66980000,3350,48.4923749218,-4.504415301,129.3404
67000000,3351,48.4923747506,-4.5044149868,129.3404
67020000,3352,48.4923745794,-4.5044146725,129.3404
67040000,3353,48.4923744082,-4.5044143583,129.3404
67060000,3354,48.492374237,-4.504414044,129.3404
67080000,3355,48.4923740658,-4.5044137298,129.3404
67100000,3356,48.4923738946,-4.5044134156,129.3404
67120000,3357,48.4923737234,-4.5044131013,129.3404
67140000,3358,48.4923735522,-4.5044127871,129.3404
67160000,3359,48.492373381,-4.5044124728,129.3404
67180000,3360,48.4923732098,-4.5044121586,129.3404
67200000,3361,48.4923730386,-4.5044118444,129.3404
67220000,3362,48.4923728673,-4.5044115301,129.3404
67240000,3363,48.4923726961,-4.5044112159,129.3404
67260000,3364,48.4923725249,-4.5044109016,129.3404
67280000,3365,48.4923723537,-4.5044105874,129.3404
67300000,3366,48.4923721825,-4.5044102732,129.3404
67320000,3367,48.4923720113,-4.5044099589,129.3404
67340000,3368,48.4923718401,-4.5044096447,129.3404
67360000,3369,48.4923716689,-4.5044093304,129.3404
67380000,3370,48.4923714977,-4.5044090162,129.3404
67400000,3371,48.4923713265,-4.5044087019,129.3404
67420000,3372,48.4923711553,-4.5044083877,129.3404
67440000,3373,48.4923709841,-4.5044080735,129.3404
67460000,3374,48.4923708129,-4.5044077592,129.3404
67480000,3375,48.4923706417,-4.504407445,129.3404
67500000,3376,48.4923704705,-4.5044071307,129.3404
67520000,3377,48.4923702993,-4.5044068165,129.3404
67540000,3378,48.4923701281,-4.5044065023,129.3404
67560000,3379,48.4923699569,-4.504406188,129.3404
67580000,3380,48.4923697857,-4.5044058738,129.3404
67600000,3381,48.4923696145,-4.5044055595,129.3404
67620000,3382,48.4923694433,-4.5044052453,129.3404
67640000,3383,48.4923692721,-4.5044049311,129.3404
67660000,3384,48.4923691009,-4.5044046168,129.3404
67680000,3385,48.4923689297,-4.5044043026,129.3404
67700000,3386,48.4923687585,-4.5044039883,129.3404
67720000,3387,48.4923685873,-4.5044036741,129.3404
67740000,3388,48.4923684161,-4.5044033599,129.3404
67760000,3389,48.4923682449,-4.5044030456,129.3404
67780000,3390,48.4923680737,-4.5044027314,129.3404
67800000,3391,48.4923679025,-4.5044024171,129.3404
67820000,3392,48.4923677313,-4.5044021029,129.3404
67840000,3393,48.4923675601,-4.5044017886,129.3404
67860000,3394,48.4923673888,-4.5044014744,129.3404
67880000,3395,48.4923672176,-4.5044011602,129.3404
67900000,3396,48.4923670464,-4.5044008459,129.3404
67920000,3397,48.4923668752,-4.5044005317,129.3404
67940000,3398,48.492366704,-4.5044002174,129.3404
67960000,3399,48.4923665328,-4.5043999032,129.3404
67980000,3400,48.4923663616,-4.504399589,129.3404
68000000,3401,48.4923661904,-4.5043992747,129.3404
68020000,3402,48.4923660192,-4.5043989605,129.3404
68040000,3403,48.492365848,-4.5043986462,129.3404
68060000,3404,48.4923656768,-4.504398332,129.3404
68080000,3405,48.4923655056,-4.5043980178,129.3404
68100000,3406,48.4923653344,-4.5043977035,129.3404
68120000,3407,48.4923651632,-4.5043973893,129.3404
68140000,3408,48.492364992,-4.504397075,129.3404
68160000,3409,48.4923648208,-4.5043967608,129.3404
68180000,3410,48.4923646496,-4.5043964465,129.3404
68200000,3411,48.4923644784,-4.5043961323,129.3404
68220000,3412,48.4923643072,-4.5043958181,129.3404
68240000,3413,48.492364136,-4.5043955038,129.3404
68260000,3414,48.4923639648,-4.5043951896,129.3404
68280000,3415,48.4923637936,-4.5043948753,129.3404
68300000,3416,48.4923636224,-4.5043945611,129.3404
68320000,3417,48.4923634512,-4.5043942469,129.3404
68340000,3418,48.49236328,-4.5043939326,129.3404
68360000,3419,48.4923631088,-4.5043936184,129.3404
68380000,3420,48.4923629376,-4.5043933041,129.3404
68400000,3421,48.4923627664,-4.5043929899,129.3404
68420000,3422,48.4923625952,-4.5043926757,129.3404
68440000,3423,48.492362424,-4.5043923614,129.3404
68460000,3424,48.4923622528,-4.5043920472,129.3404
68480000,3425,48.4923620816,-4.5043917329,129.3404
68500000,3426,48.4923619103,-4.5043914187,129.3404
68520000,3427,48.4923617391,-4.5043911045,129.3404
68540000,3428,48.4923615679,-4.5043907902,129.3404
68560000,3429,48.4923613967,-4.504390476,129.3404
68580000,3430,48.4923612255,-4.5043901617,129.3404
68600000,3431,48.4923610543,-4.5043898475,129.3404
68620000,3432,48.4923608831,-4.5043895332,129.3404
68640000,3433,48.4923607119,-4.504389219,129.3404
68660000,3434,48.4923605407,-4.5043889048,129.3404
68680000,3435,48.4923603695,-4.5043885905,129.3404
68700000,3436,48.4923601983,-4.5043882763,129.3404
68720000,3437,48.4923600271,-4.504387962,129.3404
68740000,3438,48.4923598559,-4.5043876478,129.3404
68760000,3439,48.4923596847,-4.5043873336,129.3404
68780000,3440,48.4923595135,-4.5043870193,129.3404
68800000,3441,48.4923593423,-4.5043867051,129.3404
68820000,3442,48.4923591711,-4.5043863908,129.3404
68840000,3443,48.4923589999,-4.5043860766,129.3404
68860000,3444,48.4923588287,-4.5043857624,129.3404
68880000,3445,48.4923586575,-4.5043854481,129.3404
68900000,3446,48.4923584863,-4.5043851339,129.3404
68920000,3447,48.4923583151,-4.5043848196,129.3404
68940000,3448,48.4923581439,-4.5043845054,129.3404
68960000,3449,48.4923579727,-4.5043841912,129.3404
68980000,3450,48.4923578015,-4.5043838769,129.3404
69000000,3451,48.4923576303,-4.5043835627,129.3404
69020000,3452,48.4923574591,-4.5043832484,129.3404
69040000,3453,48.4923572879,-4.5043829342,129.3404
69060000,3454,48.4923571167,-4.5043826199,129.3404
69080000,3455,48.4923569455,-4.5043823057,129.3404
69100000,3456,48.4923567743,-4.5043819915,129.3404
69120000,3457,48.492356603,-4.5043816772,129.3404
69140000,3458,48.4923564318,-4.504381363,129.3404
69160000,3459,48.4923562606,-4.5043810487,129.3404
69180000,3460,48.4923560894,-4.5043807345,129.3404
69200000,3461,48.4923559182,-4.5043804203,129.3404
69220000,3462,48.492355747,-4.504380106,129.3404
69240000,3463,48.4923555758,-4.5043797918,129.3404
69260000,3464,48.4923554046,-4.5043794775,129.3404
69280000,3465,48.4923552334,-4.5043791633,129.3404
69300000,3466,48.4923550622,-4.5043788491,129.3404
69320000,3467,48.492354891,-4.5043785348,129.3404
69340000,3468,48.4923547198,-4.5043782206,129.3404
69360000,3469,48.4923545486,-4.5043779063,129.3404
69380000,3470,48.4923543774,-4.5043775921,129.3404
69400000,3471,48.4923542062,-4.5043772779,129.3404
69420000,3472,48.492354035,-4.5043769636,129.3404
69440000,3473,48.4923538638,-4.5043766494,129.3404
69460000,3474,48.4923536926,-4.5043763351,129.3404
69480000,3475,48.4923535214,-4.5043760209,129.3404
69500000,3476,48.4923533502,-4.5043757066,129.3404
69520000,3477,48.492353179,-4.5043753924,129.3404
69540000,3478,48.4923530078,-4.5043750782,129.3404
69560000,3479,48.4923528366,-4.5043747639,129.3404
69580000,3480,48.4923526654,-4.5043744497,129.3404
69600000,3481,48.4923524942,-4.5043741354,129.3404
69620000,3482,48.492352323,-4.5043738212,129.3404
69640000,3483,48.4923521518,-4.504373507,129.3404
69660000,3484,48.4923519806,-4.5043731927,129.3404
69680000,3485,48.4923518094,-4.5043728785,129.3404
69700000,3486,48.4923516382,-4.5043725642,129.3404
69720000,3487,48.492351467,-4.50437225,129.3404
69740000,3488,48.4923512958,-4.5043719358,129.3404
69760000,3489,48.4923511245,-4.5043716215,129.3404
69780000,3490,48.4923509533,-4.5043713073,129.3404
69800000,3491,48.4923507821,-4.504370993,129.3404
69820000,3492,48.4923506109,-4.5043706788,129.3404
69840000,3493,48.4923504397,-4.5043703646,129.3404
69860000,3494,48.4923502685,-4.5043700503,129.3404
69880000,3495,48.4923500973,-4.5043697361,129.3404
69900000,3496,48.4923499261,-4.5043694218,129.3404
69920000,3497,48.4923497549,-4.5043691076,129.3404
69940000,3498,48.4923495837,-4.5043687933,129.3404
69960000,3499,48.4923494125,-4.5043684791,129.3404
69980000,3500,48.4923492413,-4.5043681649,129.3404
70000000,3501,48.4923490701,-4.5043678506,129.3404
70020000,3502,48.4923488989,-4.5043675364,129.3404
70040000,3503,48.4923487277,-4.5043672221,129.3404
70060000,3504,48.4923485565,-4.5043669079,129.3404
70080000,3505,48.4923483853,-4.5043665937,129.3404
70100000,3506,48.4923482141,-4.5043662794,129.3404
70120000,3507,48.4923480429,-4.5043659652,129.3404
70140000,3508,48.4923478717,-4.5043656509,129.3404
70160000,3509,48.4923477005,-4.5043653367,129.3404
70180000,3510,48.4923475293,-4.5043650225,129.3404
70200000,3511,48.4923473581,-4.5043647082,129.3404
70220000,3512,48.4923471869,-4.504364394,129.3404
70240000,3513,48.4923470157,-4.5043640797,129.3404
70260000,3514,48.4923468445,-4.5043637655,129.3404
70280000,3515,48.4923466733,-4.5043634513,129.3404
70300000,3516,48.4923465021,-4.504363137,129.3404
70320000,3517,48.4923463309,-4.5043628228,129.3404
70340000,3518,48.4923461597,-4.5043625085,129.3404
70360000,3519,48.4923459884,-4.5043621943,129.3404
70380000,3520,48.4923458172,-4.5043618801,129.3404
70400000,3521,48.492345646,-4.5043615658,129.3404
70420000,3522,48.4923454748,-4.5043612516,129.3404
70440000,3523,48.4923453036,-4.5043609373,129.3404
70460000,3524,48.4923451324,-4.5043606231,129.3404
70480000,3525,48.4923449612,-4.5043603088,129.3404
70500000,3526,48.49234479,-4.5043599946,129.3404
70520000,3527,48.4923446188,-4.5043596804,129.3404
70540000,3528,48.4923444476,-4.5043593661,129.3404
70560000,3529,48.4923442764,-4.5043590519,129.3404
70580000,3530,48.4923441052,-4.5043587376,129.3404
70600000,3531,48.492343934,-4.5043584234,129.3404
70620000,3532,48.4923437628,-4.5043581092,129.3404
70640000,3533,48.4923435916,-4.5043577949,129.3404
70660000,3534,48.4923434204,-4.5043574807,129.3404
70680000,3535,48.4923432492,-4.5043571664,129.3404
70700000,3536,48.492343078,-4.5043568522,129.3404
70720000,3537,48.4923429068,-4.504356538,129.3404
70740000,3538,48.4923427356,-4.5043562237,129.3404
70760000,3539,48.4923425644,-4.5043559095,129.3404
70780000,3540,48.4923423932,-4.5043555952,129.3404
70800000,3541,48.492342222,-4.504355281,129.3404
70820000,3542,48.4923420508,-4.5043549668,129.3404
70840000,3543,48.4923418796,-4.5043546525,129.3404
70860000,3544,48.4923417084,-4.5043543383,129.3404
70880000,3545,48.4923415372,-4.504354024,129.3404
70900000,3546,48.492341366,-4.5043537098,129.3404
70920000,3547,48.4923411948,-4.5043533956,129.3404
70940000,3548,48.4923410236,-4.5043530813,129.3404
70960000,3549,48.4923408524,-4.5043527671,129.3404
70980000,3550,48.4923406811,-4.5043524528,129.3404
71000000,3551,48.4923405099,-4.5043521386,129.3404
71020000,3552,48.4923403387,-4.5043518243,129.3404
71040000,3553,48.4923401675,-4.5043515101,129.3404
71060000,3554,48.4923399963,-4.5043511959,129.3404
71080000,3555,48.4923398251,-4.5043508816,129.3404
71100000,3556,48.4923396539,-4.5043505674,129.3404
71120000,3557,48.4923394827,-4.5043502531,129.3404
71140000,3558,48.4923393115,-4.5043499389,129.3404
71160000,3559,48.4923391403,-4.5043496247,129.3404
71180000,3560,48.4923389691,-4.5043493104,129.3404
71200000,3561,48.4923387979,-4.5043489962,129.3404
71220000,3562,48.4923386267,-4.5043486819,129.3404
71240000,3563,48.4923384555,-4.5043483677,129.3404
71260000,3564,48.4923382843,-4.5043480535,129.3404
71280000,3565,48.4923381131,-4.5043477392,129.3404
71300000,3566,48.4923379419,-4.504347425,129.3404
71320000,3567,48.4923377707,-4.5043471107,129.3404
71340000,3568,48.4923375995,-4.5043467965,129.3404
71360000,3569,48.4923374283,-4.5043464823,129.3404
71380000,3570,48.4923372571,-4.504346168,129.3404
71400000,3571,48.4923370859,-4.5043458538,129.3404
71420000,3572,48.4923369147,-4.5043455395,129.3404
71440000,3573,48.4923367435,-4.5043452253,129.3404
71460000,3574,48.4923365723,-4.5043449111,129.3404
71480000,3575,48.4923364011,-4.5043445968,129.3404
71500000,3576,48.4923362299,-4.5043442826,129.3404
71520000,3577,48.4923360587,-4.5043439683,129.3404
71540000,3578,48.4923358875,-4.5043436541,129.3404
71560000,3579,48.4923357163,-4.5043433398,129.3404
71580000,3580,48.492335545,-4.5043430256,129.3404
71600000,3581,48.4923353738,-4.5043427114,129.3404
71620000,3582,48.4923352026,-4.5043423971,129.3404
71640000,3583,48.4923350314,-4.5043420829,129.3404
71660000,3584,48.4923348602,-4.5043417686,129.3404
71680000,3585,48.492334689,-4.5043414544,129.3404
71700000,3586,48.4923345178,-4.5043411402,129.3404
71720000,3587,48.4923343466,-4.5043408259,129.3404
71740000,3588,48.4923341754,-4.5043405117,129.3404
71760000,3589,48.4923340042,-4.5043401974,129.3404
71780000,3590,48.492333833,-4.5043398832,129.3404
71800000,3591,48.4923336618,-4.504339569,129.3404
71820000,3592,48.4923334906,-4.5043392547,129.3404
71840000,3593,48.4923333194,-4.5043389405,129.3404
71860000,3594,48.4923331482,-4.5043386262,129.3404
71880000,3595,48.492332977,-4.504338312,129.3404
71900000,3596,48.4923328058,-4.5043379978,129.3404
71920000,3597,48.4923326346,-4.5043376835,129.3404
71940000,3598,48.4923324634,-4.5043373693,129.3404
71960000,3599,48.4923322922,-4.504337055,129.3404
71980000,3600,48.492332121,-4.5043367408,129.3404
72000000,3601,48.4923319498,-4.5043364266,129.3404
72020000,3602,48.4923317786,-4.5043361123,129.3404
72040000,3603,48.4923316074,-4.5043357981,129.3404
72060000,3604,48.4923314362,-4.5043354838,129.3404
72080000,3605,48.492331265,-4.5043351696,129.3404
72100000,3606,48.4923310938,-4.5043348554,129.3404
72120000,3607,48.4923309226,-4.5043345411,129.3404
72140000,3608,48.4923307514,-4.5043342269,129.3404
72160000,3609,48.4923305802,-4.5043339126,129.3404
72180000,3610,48.492330409,-4.5043335984,129.3404
72200000,3611,48.4923302377,-4.5043332841,129.3404
72220000,3612,48.4923300665,-4.5043329699,129.3404
72240000,3613,48.4923298953,-4.5043326557,129.3404
72260000,3614,48.4923297241,-4.5043323414,129.3404
72280000,3615,48.4923295529,-4.5043320272,129.3404
72300000,3616,48.4923293817,-4.5043317129,129.3404
72320000,3617,48.4923292105,-4.5043313987,129.3404
72340000,3618,48.4923290393,-4.5043310845,129.3404
72360000,3619,48.4923288681,-4.5043307702,129.3404
72380000,3620,48.4923286969,-4.504330456,129.3404
72400000,3621,48.4923285257,-4.5043301417,129.3404
72420000,3622,48.4923283545,-4.5043298275,129.3404
72440000,3623,48.4923281833,-4.5043295133,129.3404
72460000,3624,48.4923280121,-4.504329199,129.3404
72480000,3625,48.4923278409,-4.5043288848,129.3404
72500000,3626,48.4923276697,-4.5043285705,129.3404
72520000,3627,48.4923274985,-4.5043282563,129.3404
72540000,3628,48.4923273273,-4.5043279421,129.3404
72560000,3629,48.4923271561,-4.5043276278,129.3404
72580000,3630,48.4923269849,-4.5043273136,129.3404
72600000,3631,48.4923268137,-4.5043269993,129.3404
72620000,3632,48.4923266425,-4.5043266851,129.3404
72640000,3633,48.4923264713,-4.5043263709,129.3404
72660000,3634,48.4923263001,-4.5043260566,129.3404
72680000,3635,48.4923261289,-4.5043257424,129.3404
72700000,3636,48.4923259577,-4.5043254281,129.3404
72720000,3637,48.4923257865,-4.5043251139,129.3404
72740000,3638,48.4923256153,-4.5043247997,129.3404
72760000,3639,48.4923254441,-4.5043244854,129.3404
72780000,3640,48.4923252729,-4.5043241712,129.3404
72800000,3641,48.4923251016,-4.5043238569,129.3404
72820000,3642,48.4923249304,-4.5043235427,129.3404
72840000,3643,48.4923247592,-4.5043232285,129.3404
72860000,3644,48.492324588,-4.5043229142,129.3404
72880000,3645,48.4923244168,-4.5043226,129.3404
72900000,3646,48.4923242456,-4.5043222857,129.3404
72920000,3647,48.4923240744,-4.5043219715,129.3404
72940000,3648,48.4923239032,-4.5043216572,129.3404
72960000,3649,48.492323732,-4.504321343,129.3404
72980000,3650,48.4923235608,-4.5043210288,129.3404
73000000,3651,48.4923233896,-4.5043207145,129.3404
73020000,3652,48.4923232184,-4.5043204003,129.3404
73040000,3653,48.4923230472,-4.504320086,129.3404
73060000,3654,48.492322876,-4.5043197718,129.3404
73080000,3655,48.4923227048,-4.5043194576,129.3404
73100000,3656,48.4923225336,-4.5043191433,129.3404
73120000,3657,48.4923223624,-4.5043188291,129.3404
73140000,3658,48.4923221912,-4.5043185148,129.3404
73160000,3659,48.49232202,-4.5043182006,129.3404
73180000,3660,48.4923218488,-4.5043178864,129.3404
73200000,3661,48.4923216776,-4.5043175721,129.3404
73220000,3662,48.4923215064,-4.5043172579,129.3404
73240000,3663,48.4923213352,-4.5043169436,129.3404
73260000,3664,48.492321164,-4.5043166294,129.3404
73280000,3665,48.4923209928,-4.5043163152,129.3404
73300000,3666,48.4923208216,-4.5043160009,129.3404
73320000,3667,48.4923206504,-4.5043156867,129.3404
73340000,3668,48.4923204792,-4.5043153724,129.3404
73360000,3669,48.492320308,-4.5043150582,129.3404
73380000,3670,48.4923201367,-4.504314744,129.3404
73400000,3671,48.4923199655,-4.5043144297,129.3404
73420000,3672,48.4923197943,-4.5043141155,129.3404
73440000,3673,48.4923196231,-4.5043138012,129.3404
73460000,3674,48.4923194519,-4.504313487,129.3404
73480000,3675,48.4923192807,-4.5043131728,129.3404
73500000,3676,48.4923191095,-4.5043128585,129.3404
73520000,3677,48.4923189383,-4.5043125443,129.3404
73540000,3678,48.4923187671,-4.50431223,129.3404
73560000,3679,48.4923185959,-4.5043119158,129.3404
73580000,3680,48.4923184247,-4.5043116016,129.3404
73600000,3681,48.4923182535,-4.5043112873,129.3404
73620000,3682,48.4923180823,-4.5043109731,129.3404
73640000,3683,48.4923179111,-4.5043106588,129.3404
73660000,3684,48.4923177399,-4.5043103446,129.3404
73680000,3685,48.4923175687,-4.5043100304,129.3404
73700000,3686,48.4923173975,-4.5043097161,129.3404
73720000,3687,48.4923172263,-4.5043094019,129.3404
73740000,3688,48.4923170551,-4.5043090876,129.3404
73760000,3689,48.4923168839,-4.5043087734,129.3404
73780000,3690,48.4923167127,-4.5043084591,129.3404
73800000,3691,48.4923165415,-4.5043081449,129.3404
73820000,3692,48.4923163703,-4.5043078307,129.3404
73840000,3693,48.4923161991,-4.5043075164,129.3404
73860000,3694,48.4923160279,-4.5043072022,129.3404
73880000,3695,48.4923158567,-4.5043068879,129.3404
73900000,3696,48.4923156855,-4.5043065737,129.3404
73920000,3697,48.4923155143,-4.5043062595,129.3404
73940000,3698,48.4923153431,-4.5043059452,129.3404
73960000,3699,48.4923151719,-4.504305631,129.3404
73980000,3700,48.4923150006,-4.5043053167,129.3404
74000000,3701,48.4923148294,-4.5043050025,129.3404
74020000,3702,48.4923146582,-4.5043046883,129.3404
74040000,3703,48.492314487,-4.504304374,129.3404
74060000,3704,48.4923143158,-4.5043040598,129.3404
74080000,3705,48.4923141446,-4.5043037455,129.3404
74100000,3706,48.4923139734,-4.5043034313,129.3404
74120000,3707,48.4923138022,-4.5043031171,129.3404
74140000,3708,48.492313631,-4.5043028028,129.3404
74160000,3709,48.4923134598,-4.5043024886,129.3404
74180000,3710,48.4923132886,-4.5043021743,129.3404
74200000,3711,48.4923131174,-4.5043018601,129.3404
74220000,3712,48.4923129462,-4.5043015459,129.3404
74240000,3713,48.492312775,-4.5043012316,129.3404
74260000,3714,48.4923126038,-4.5043009174,129.3404
74280000,3715,48.4923124326,-4.5043006031,129.3404
74300000,3716,48.4923122614,-4.5043002889,129.3404
74320000,3717,48.4923120902,-4.5042999747,129.3404
74340000,3718,48.492311919,-4.5042996604,129.3404
74360000,3719,48.4923117478,-4.5042993462,129.3404
74380000,3720,48.4923115766,-4.5042990319,129.3404
74400000,3721,48.4923114054,-4.5042987177,129.3404
74420000,3722,48.4923112342,-4.5042984035,129.3404
74440000,3723,48.492311063,-4.5042980892,129.3404
74460000,3724,48.4923108918,-4.504297775,129.3404
74480000,3725,48.4923107206,-4.5042974607,129.3404
74500000,3726,48.4923105494,-4.5042971465,129.3404
74520000,3727,48.4923103782,-4.5042968323,129.3404
74540000,3728,48.492310207,-4.504296518,129.3404
74560000,3729,48.4923100357,-4.5042962038,129.3404
74580000,3730,48.4923098645,-4.5042958895,129.3404
74600000,3731,48.4923096933,-4.5042955753,129.3404
74620000,3732,48.4923095221,-4.5042952611,129.3404
74640000,3733,48.4923093509,-4.5042949468,129.3404
74660000,3734,48.4923091797,-4.5042946326,129.3404
74680000,3735,48.4923090085,-4.5042943183,129.3404
74700000,3736,48.4923088373,-4.5042940041,129.3404
74720000,3737,48.4923086661,-4.5042936899,129.3404
74740000,3738,48.4923084949,-4.5042933756,129.3404
74760000,3739,48.4923083237,-4.5042930614,129.3404
74780000,3740,48.4923081525,-4.5042927471,129.3404
74800000,3741,48.4923079813,-4.5042924329,129.3404
74820000,3742,48.4923078101,-4.5042921187,129.3404
74840000,3743,48.4923076389,-4.5042918044,129.3404
74860000,3744,48.4923074677,-4.5042914902,129.3404
74880000,3745,48.4923072965,-4.5042911759,129.3404
74900000,3746,48.4923071253,-4.5042908617,129.3404
74920000,3747,48.4923069541,-4.5042905475,129.3404
74940000,3748,48.4923067829,-4.5042902332,129.3404
74960000,3749,48.4923066117,-4.504289919,129.3404
74980000,3750,48.4923064405,-4.5042896047,129.3404
75000000,3751,48.4923062693,-4.5042892905,129.3404
75020000,3752,48.4923060981,-4.5042889762,129.3404
75040000,3753,48.4923059269,-4.504288662,129.3404
75060000,3754,48.4923057557,-4.5042883478,129.3404
75080000,3755,48.4923055845,-4.5042880335,129.3404
75100000,3756,48.4923054133,-4.5042877193,129.3404
75120000,3757,48.4923052421,-4.504287405,129.3404
75140000,3758,48.4923050708,-4.5042870908,129.3404
75160000,3759,48.4923048996,-4.5042867766,129.3404
75180000,3760,48.4923047284,-4.5042864623,129.3404
75200000,3761,48.4923045572,-4.5042861481,129.3404
75220000,3762,48.492304386,-4.5042858338,129.3404
75240000,3763,48.4923042148,-4.5042855196,129.3404
75260000,3764,48.4923040436,-4.5042852054,129.3404
75280000,3765,48.4923038724,-4.5042848911,129.3404
75300000,3766,48.4923037012,-4.5042845769,129.3404
75320000,3767,48.49230353,-4.5042842626,129.3404
75340000,3768,48.4923033588,-4.5042839484,129.3404
75360000,3769,48.4923031876,-4.5042836342,129.3404
75380000,3770,48.4923030164,-4.5042833199,129.3404
75400000,3771,48.4923028452,-4.5042830057,129.3404
75420000,3772,48.492302674,-4.5042826914,129.3404
75440000,3773,48.4923025028,-4.5042823772,129.3404
75460000,3774,48.4923023316,-4.504282063,129.3404
75480000,3775,48.4923021604,-4.5042817487,129.3404
75500000,3776,48.4923019892,-4.5042814345,129.3404
75520000,3777,48.492301818,-4.5042811202,129.3404
75540000,3778,48.4923016468,-4.504280806,129.3404
75560000,3779,48.4923014756,-4.5042804918,129.3404
75580000,3780,48.4923013044,-4.5042801775,129.3404
75600000,3781,48.4923011332,-4.5042798633,129.3404
75620000,3782,48.492300962,-4.504279549,129.3404
75640000,3783,48.4923007908,-4.5042792348,129.3404
75660000,3784,48.4923006196,-4.5042789206,129.3404
75680000,3785,48.4923004484,-4.5042786063,129.3404
75700000,3786,48.4923002772,-4.5042782921,129.3404
75720000,3787,48.4923001059,-4.5042779778,129.3404
75740000,3788,48.4922999347,-4.5042776636,129.3404
75760000,3789,48.4922997635,-4.5042773494,129.3404
75780000,3790,48.4922995923,-4.5042770351,129.3404
75800000,3791,48.4922994211,-4.5042767209,129.3404
75820000,3792,48.4922992499,-4.5042764066,129.3404
75840000,3793,48.4922990787,-4.5042760924,129.3404
75860000,3794,48.4922989075,-4.5042757782,129.3404
75880000,3795,48.4922987363,-4.5042754639,129.3404
75900000,3796,48.4922985651,-4.5042751497,129.3404
75920000,3797,48.4922983939,-4.5042748354,129.3404
75940000,3798,48.4922982227,-4.5042745212,129.3404
75960000,3799,48.4922980515,-4.504274207,129.3404
75980000,3800,48.4922978803,-4.5042738927,129.3404
76000000,3801,48.4922977091,-4.5042735785,129.3404
76020000,3802,48.4922975379,-4.5042732642,129.3404
76040000,3803,48.4922973667,-4.50427295,129.3404
76060000,3804,48.4922971955,-4.5042726358,129.3404
76080000,3805,48.4922970243,-4.5042723215,129.3404
76100000,3806,48.4922968531,-4.5042720073,129.3404
76120000,3807,48.4922966819,-4.504271693,129.3404
76140000,3808,48.4922965107,-4.5042713788,129.3404
76160000,3809,48.4922963395,-4.5042710646,129.3404
76180000,3810,48.4922961683,-4.5042707503,129.3404
76200000,3811,48.4922959971,-4.5042704361,129.3404
76220000,3812,48.4922958259,-4.5042701218,129.3404
76240000,3813,48.4922956547,-4.5042698076,129.3404
76260000,3814,48.4922954835,-4.5042694934,129.3404
76280000,3815,48.4922953122,-4.5042691791,129.3404
76300000,3816,48.492295141,-4.5042688649,129.3404
76320000,3817,48.4922949698,-4.5042685506,129.3404
76340000,3818,48.4922947986,-4.5042682364,129.3404
76360000,3819,48.4922946274,-4.5042679222,129.3404
76380000,3820,48.4922944562,-4.5042676079,129.3404
76400000,3821,48.492294285,-4.5042672937,129.3404
76420000,3822,48.4922941138,-4.5042669794,129.3404
76440000,3823,48.4922939426,-4.5042666652,129.3404
76460000,3824,48.4922937714,-4.504266351,129.3404
76480000,3825,48.4922936002,-4.5042660367,129.3404
76500000,3826,48.492293429,-4.5042657225,129.3404
76520000,3827,48.4922932578,-4.5042654082,129.3404
76540000,3828,48.4922930866,-4.504265094,129.3404
76560000,3829,48.4922929154,-4.5042647798,129.3404
76580000,3830,48.4922927442,-4.5042644655,129.3404
76600000,3831,48.492292573,-4.5042641513,129.3404
76620000,3832,48.4922924018,-4.504263837,129.3404
76640000,3833,48.4922922306,-4.5042635228,129.3404
76660000,3834,48.4922920594,-4.5042632086,129.3404
76680000,3835,48.4922918882,-4.5042628943,129.3404
76700000,3836,48.492291717,-4.5042625801,129.3404
76720000,3837,48.4922915458,-4.5042622658,129.3404
76740000,3838,48.4922913746,-4.5042619516,129.3404
76760000,3839,48.4922912034,-4.5042616374,129.3404
76780000,3840,48.4922910322,-4.5042613231,129.3404
76800000,3841,48.492290861,-4.5042610089,129.3404
76820000,3842,48.4922906898,-4.5042606946,129.3404
76840000,3843,48.4922905186,-4.5042603804,129.3404
76860000,3844,48.4922903473,-4.5042600662,129.3404
76880000,3845,48.4922901761,-4.5042597519,129.3404
76900000,3846,48.4922900049,-4.5042594377,129.3404
76920000,3847,48.4922898337,-4.5042591234,129.3404
76940000,3848,48.4922896625,-4.5042588092,129.3404
76960000,3849,48.4922894913,-4.504258495,129.3404
76980000,3850,48.4922893201,-4.5042581807,129.3404
77000000,3851,48.4922891489,-4.5042578665,129.3404
77020000,3852,48.4922889777,-4.5042575522,129.3404
77040000,3853,48.4922888065,-4.504257238,129.3404
77060000,3854,48.4922886353,-4.5042569238,129.3404
77080000,3855,48.4922884641,-4.5042566095,129.3404
77100000,3856,48.4922882929,-4.5042562953,129.3404
77120000,3857,48.4922881217,-4.504255981,129.3404
77140000,3858,48.4922879505,-4.5042556668,129.3404
77160000,3859,48.4922877793,-4.5042553526,129.3404
77180000,3860,48.4922876081,-4.5042550383,129.3404
77200000,3861,48.4922874369,-4.5042547241,129.3404
77220000,3862,48.4922872657,-4.5042544098,129.3404
77240000,3863,48.4922870945,-4.5042540956,129.3404
77260000,3864,48.4922869233,-4.5042537814,129.3404
77280000,3865,48.4922867521,-4.5042534671,129.3404
77300000,3866,48.4922865809,-4.5042531529,129.3404
77320000,3867,48.4922864097,-4.5042528386,129.3404
77340000,3868,48.4922862385,-4.5042525244,129.3404
77360000,3869,48.4922860673,-4.5042522102,129.3404
77380000,3870,48.4922858961,-4.5042518959,129.3404
77400000,3871,48.4922857249,-4.5042515817,129.3404
77420000,3872,48.4922855536,-4.5042512674,129.3404
77440000,3873,48.4922853824,-4.5042509532,129.3404
77460000,3874,48.4922852112,-4.504250639,129.3404
77480000,3875,48.49228504,-4.5042503247,129.3404
77500000,3876,48.4922848688,-4.5042500105,129.3404
77520000,3877,48.4922846976,-4.5042496962,129.3404
77540000,3878,48.4922845264,-4.504249382,129.3404
77560000,3879,48.4922843552,-4.5042490678,129.3404
77580000,3880,48.492284184,-4.5042487535,129.3404
77600000,3881,48.4922840128,-4.5042484393,129.3404
77620000,3882,48.4922838416,-4.504248125,129.3404
77640000,3883,48.4922836704,-4.5042478108,129.3404
77660000,3884,48.4922834992,-4.5042474966,129.3404
77680000,3885,48.492283328,-4.5042471823,129.3404
77700000,3886,48.4922831568,-4.5042468681,129.3404
77720000,3887,48.4922829856,-4.5042465538,129.3404
77740000,3888,48.4922828144,-4.5042462396,129.3404
77760000,3889,48.4922826432,-4.5042459254,129.3404
77780000,3890,48.492282472,-4.5042456111,129.3404
77800000,3891,48.4922823008,-4.5042452969,129.3404
77820000,3892,48.4922821296,-4.5042449826,129.3404
77840000,3893,48.4922819584,-4.5042446684,129.3404
77860000,3894,48.4922817872,-4.5042443542,129.3404
77880000,3895,48.492281616,-4.5042440399,129.3404
77900000,3896,48.4922814448,-4.5042437257,129.3404
77920000,3897,48.4922812736,-4.5042434114,129.3404
77940000,3898,48.4922811024,-4.5042430972,129.3404
77960000,3899,48.4922809312,-4.504242783,129.3404
77980000,3900,48.4922807599,-4.5042424687,129.3404
78000000,3901,48.4922805887,-4.5042421545,129.3404
78020000,3902,48.4922804175,-4.5042418402,129.3404
78040000,3903,48.4922802463,-4.504241526,129.3404
78060000,3904,48.4922800751,-4.5042412118,129.3404
78080000,3905,48.4922799039,-4.5042408975,129.3404
78100000,3906,48.4922797327,-4.5042405833,129.3404
78120000,3907,48.4922795615,-4.504240269,129.3404
78140000,3908,48.4922793903,-4.5042399548,129.3404
78160000,3909,48.4922792191,-4.5042396406,129.3404
78180000,3910,48.4922790479,-4.5042393263,129.3404
78200000,3911,48.4922788767,-4.5042390121,129.3404
78220000,3912,48.4922787055,-4.5042386978,129.3404
78240000,3913,48.4922785343,-4.5042383836,129.3404
78260000,3914,48.4922783631,-4.5042380694,129.3404
78280000,3915,48.4922781919,-4.5042377551,129.3404
78300000,3916,48.4922780207,-4.5042374409,129.3404
78320000,3917,48.4922778495,-4.5042371266,129.3404
78340000,3918,48.4922776783,-4.5042368124,129.3404
78360000,3919,48.4922775071,-4.5042364982,129.3404
78380000,3920,48.4922773359,-4.5042361839,129.3404
78400000,3921,48.4922771647,-4.5042358697,129.3404
78420000,3922,48.4922769935,-4.5042355554,129.3404
78440000,3923,48.4922768223,-4.5042352412,129.3404
78460000,3924,48.4922766511,-4.504234927,129.3404
78480000,3925,48.4922764799,-4.5042346127,129.3404
78500000,3926,48.4922763087,-4.5042342985,129.3404
78520000,3927,48.4922761375,-4.5042339842,129.3404
78540000,3928,48.4922759662,-4.50423367,129.3404
78560000,3929,48.492275795,-4.5042333558,129.3404
78580000,3930,48.4922756238,-4.5042330415,129.3404
78600000,3931,48.4922754526,-4.5042327273,129.3404
78620000,3932,48.4922752814,-4.504232413,129.3404
78640000,3933,48.4922751102,-4.5042320988,129.3404
78660000,3934,48.492274939,-4.5042317846,129.3404
78680000,3935,48.4922747678,-4.5042314703,129.3404
78700000,3936,48.4922745966,-4.5042311561,129.3404
78720000,3937,48.4922744254,-4.5042308418,129.3404
78740000,3938,48.4922742542,-4.5042305276,129.3404
78760000,3939,48.492274083,-4.5042302134,129.3404
78780000,3940,48.4922739118,-4.5042298991,129.3404
78800000,3941,48.4922737406,-4.5042295849,129.3404
78820000,3942,48.4922735694,-4.5042292706,129.3404
78840000,3943,48.4922733982,-4.5042289564,129.3404
78860000,3944,48.492273227,-4.5042286422,129.3404
78880000,3945,48.4922730558,-4.5042283279,129.3404
78900000,3946,48.4922728846,-4.5042280137,129.3404
78920000,3947,48.4922727134,-4.5042276994,129.3404
78940000,3948,48.4922725422,-4.5042273852,129.3404
78960000,3949,48.492272371,-4.504227071,129.3404
78980000,3950,48.4922721998,-4.5042267567,129.3404
79000000,3951,48.4922720286,-4.5042264425,129.3404
79020000,3952,48.4922718574,-4.5042261282,129.3404
79040000,3953,48.4922716862,-4.504225814,129.3404
79060000,3954,48.492271515,-4.5042254998,129.3404
79080000,3955,48.4922713438,-4.5042251855,129.3404
79100000,3956,48.4922711725,-4.5042248713,129.3404
79120000,3957,48.4922710013,-4.504224557,129.3404
79140000,3958,48.4922708301,-4.5042242428,129.3404
79160000,3959,48.4922706589,-4.5042239286,129.3404
79180000,3960,48.4922704877,-4.5042236143,129.3404
79200000,3961,48.4922703165,-4.5042233001,129.3404
79220000,3962,48.4922701453,-4.5042229858,129.3404
79240000,3963,48.4922699741,-4.5042226716,129.3404
79260000,3964,48.4922698029,-4.5042223574,129.3404
79280000,3965,48.4922696317,-4.5042220431,129.3404
79300000,3966,48.4922694605,-4.5042217289,129.3404
79320000,3967,48.4922692893,-4.5042214146,129.3404
79340000,3968,48.4922691181,-4.5042211004,129.3404
79360000,3969,48.4922689469,-4.5042207862,129.3404
79380000,3970,48.4922687757,-4.5042204719,129.3404
79400000,3971,48.4922686045,-4.5042201577,129.3404
79420000,3972,48.4922684333,-4.5042198434,129.3404
79440000,3973,48.4922682621,-4.5042195292,129.3404
79460000,3974,48.4922680909,-4.504219215,129.3404
79480000,3975,48.4922679197,-4.5042189007,129.3404
79500000,3976,48.4922677485,-4.5042185865,129.3404
79520000,3977,48.4922675773,-4.5042182722,129.3404
79540000,3978,48.4922674061,-4.504217958,129.3404
79560000,3979,48.4922672349,-4.5042176438,129.3404
79580000,3980,48.4922670637,-4.5042173295,129.3404
79600000,3981,48.4922668925,-4.5042170153,129.3404
79620000,3982,48.4922667213,-4.504216701,129.3404
79640000,3983,48.49226655,-4.5042163868,129.3404
79660000,3984,48.4922663788,-4.5042160726,129.3404
79680000,3985,48.4922662076,-4.5042157583,129.3404
79700000,3986,48.4922660364,-4.5042154441,129.3404
79720000,3987,48.4922658652,-4.5042151298,129.3404
79740000,3988,48.492265694,-4.5042148156,129.3404
79760000,3989,48.4922655228,-4.5042145014,129.3404
79780000,3990,48.4922653516,-4.5042141871,129.3404
79800000,3991,48.4922651804,-4.5042138729,129.3404
79820000,3992,48.4922650092,-4.5042135586,129.3404
79840000,3993,48.492264838,-4.5042132444,129.3404
79860000,3994,48.4922646668,-4.5042129302,129.3404
79880000,3995,48.4922644956,-4.5042126159,129.3404
79900000,3996,48.4922643244,-4.5042123017,129.3404
79920000,3997,48.4922641532,-4.5042119874,129.3404
79940000,3998,48.492263982,-4.5042116732,129.3404
79960000,3999,48.4922638108,-4.504211359,129.3404
79980000,4000,48.4922636396,-4.5042110447,129.3404
80000000,4001,48.4922634684,-4.5042107305,129.3404
80020000,4002,48.4922632972,-4.5042104162,129.3404
80040000,4003,48.492263126,-4.504210102,129.3404
80060000,4004,48.4922629548,-4.5042097878,129.3404
80080000,4005,48.4922627836,-4.5042094735,129.3404
80100000,4006,48.4922626124,-4.5042091593,129.3404
80120000,4007,48.4922624412,-4.504208845,129.3404
80140000,4008,48.49226227,-4.5042085308,129.3404
80160000,4009,48.4922620988,-4.5042082166,129.3404
80180000,4010,48.4922619276,-4.5042079023,129.3404
80200000,4011,48.4922617563,-4.5042075881,129.3404
80220000,4012,48.4922615851,-4.5042072738,129.3404
80240000,4013,48.4922614139,-4.5042069596,129.3404
80260000,4014,48.4922612427,-4.5042066454,129.3404
80280000,4015,48.4922610715,-4.5042063311,129.3404
80300000,4016,48.4922609003,-4.5042060169,129.3404
80320000,4017,48.4922607291,-4.5042057026,129.3404
80340000,4018,48.4922605579,-4.5042053884,129.3404
80360000,4019,48.4922603867,-4.5042050742,129.3404
80380000,4020,48.4922602155,-4.5042047599,129.3404
80400000,4021,48.4922600443,-4.5042044457,129.3404
80420000,4022,48.4922598731,-4.5042041315,129.3404
80440000,4023,48.4922597019,-4.5042038172,129.3404
80460000,4024,48.4922595307,-4.504203503,129.3404
80480000,4025,48.4922593595,-4.5042031887,129.3404
80500000,4026,48.4922591883,-4.5042028745,129.3404
80520000,4027,48.4922590171,-4.5042025603,129.3404
80540000,4028,48.4922588459,-4.504202246,129.3404
80560000,4029,48.4922586747,-4.5042019318,129.3404
80580000,4030,48.4922585035,-4.5042016175,129.3404
80600000,4031,48.4922583323,-4.5042013033,129.3404
80620000,4032,48.4922581611,-4.5042009891,129.3404
80640000,4033,48.4922579899,-4.5042006748,129.3404
80660000,4034,48.4922578187,-4.5042003606,129.3404
80680000,4035,48.4922576475,-4.5042000463,129.3404
80700000,4036,48.4922574763,-4.5041997321,129.3404
80720000,4037,48.4922573051,-4.5041994179,129.3404
80740000,4038,48.4922571338,-4.5041991036,129.3404
80760000,4039,48.4922569626,-4.5041987894,129.3404
80780000,4040,48.4922567914,-4.5041984751,129.3404
80800000,4041,48.4922566202,-4.5041981609,129.3404
80820000,4042,48.492256449,-4.5041978467,129.3404
80840000,4043,48.4922562778,-4.5041975324,129.3404
80860000,4044,48.4922561066,-4.5041972182,129.3404
80880000,4045,48.4922559354,-4.5041969039,129.3404
80900000,4046,48.4922557642,-4.5041965897,129.3404
80920000,4047,48.492255593,-4.5041962755,129.3404
80940000,4048,48.4922554218,-4.5041959612,129.3404
80960000,4049,48.4922552506,-4.504195647,129.3404
80980000,4050,48.4922550794,-4.5041953327,129.3404
81000000,4051,48.4922549082,-4.5041950185,129.3404
81020000,4052,48.492254737,-4.5041947043,129.3404
81040000,4053,48.4922545658,-4.50419439,129.3404
81060000,4054,48.4922543946,-4.5041940758,129.3404
81080000,4055,48.4922542234,-4.5041937615,129.3404
81100000,4056,48.4922540522,-4.5041934473,129.3404
81120000,4057,48.492253881,-4.5041931331,129.3404
81140000,4058,48.4922537098,-4.5041928188,129.3404
81160000,4059,48.4922535386,-4.5041925046,129.3404
81180000,4060,48.4922533674,-4.5041921903,129.3404
81200000,4061,48.4922531962,-4.5041918761,129.3404
81220000,4062,48.492253025,-4.5041915619,129.3404
81240000,4063,48.4922528538,-4.5041912476,129.3404
81260000,4064,48.4922526826,-4.5041909334,129.3404
81280000,4065,48.4922525113,-4.5041906191,129.3404
81300000,4066,48.4922523401,-4.5041903049,129.3404
81320000,4067,48.4922521689,-4.5041899907,129.3404
81340000,4068,48.4922519977,-4.5041896764,129.3404
81360000,4069,48.4922518265,-4.5041893622,129.3404
81380000,4070,48.4922516553,-4.5041890479,129.3404
81400000,4071,48.4922514841,-4.5041887337,129.3404
81420000,4072,48.4922513129,-4.5041884195,129.3404
81440000,4073,48.4922511417,-4.5041881052,129.3404
81460000,4074,48.4922509705,-4.504187791,129.3404
81480000,4075,48.4922507993,-4.5041874767,129.3404
81500000,4076,48.4922506281,-4.5041871625,129.3404
81520000,4077,48.4922504569,-4.5041868483,129.3404
81540000,4078,48.4922502857,-4.504186534,129.3404
81560000,4079,48.4922501145,-4.5041862198,129.3404
81580000,4080,48.4922499433,-4.5041859056,129.3404
81600000,4081,48.4922497721,-4.5041855913,129.3404
81620000,4082,48.4922496009,-4.5041852771,129.3404
81640000,4083,48.4922494297,-4.5041849628,129.3404
81660000,4084,48.4922492585,-4.5041846486,129.3404
81680000,4085,48.4922490873,-4.5041843344,129.3404
81700000,4086,48.4922489161,-4.5041840201,129.3404
81720000,4087,48.4922487449,-4.5041837059,129.3404
81740000,4088,48.4922485737,-4.5041833916,129.3404
81760000,4089,48.4922484025,-4.5041830774,129.3404
81780000,4090,48.4922482313,-4.5041827632,129.3404
81800000,4091,48.49224806,-4.5041824489,129.3404
81820000,4092,48.4922478888,-4.5041821347,129.3404
81840000,4093,48.4922477176,-4.5041818204,129.3404
81860000,4094,48.4922475464,-4.5041815062,129.3404
81880000,4095,48.4922473752,-4.504181192,129.3404
81900000,4096,48.492247204,-4.5041808777,129.3404
81920000,4097,48.4922470328,-4.5041805635,129.3404
81940000,4098,48.4922468616,-4.5041802492,129.3404
81960000,4099,48.4922466904,-4.504179935,129.3404
81980000,4100,48.4922465192,-4.5041796208,129.3404
82000000,4101,48.492246348,-4.5041793065,129.3404
82020000,4102,48.4922461768,-4.5041789923,129.3404
82040000,4103,48.4922460056,-4.504178678,129.3404
82060000,4104,48.4922458344,-4.5041783638,129.3404
82080000,4105,48.4922456632,-4.5041780496,129.3404
82100000,4106,48.492245492,-4.5041777353,129.3404
82120000,4107,48.4922453208,-4.5041774211,129.3404
82140000,4108,48.4922451496,-4.5041771068,129.3404
82160000,4109,48.4922449784,-4.5041767926,129.3404
82180000,4110,48.4922448072,-4.5041764784,129.3404
82200000,4111,48.492244636,-4.5041761641,129.3404
82220000,4112,48.4922444648,-4.5041758499,129.3404
82240000,4113,48.4922442936,-4.5041755356,129.3404
82260000,4114,48.4922441224,-4.5041752214,129.3404
82280000,4115,48.4922439512,-4.5041749072,129.3404
82300000,4116,48.49224378,-4.5041745929,129.3404
82320000,4117,48.4922436088,-4.5041742787,129.3404
82340000,4118,48.4922434375,-4.5041739644,129.3404
82360000,4119,48.4922432663,-4.5041736502,129.3404
82380000,4120,48.4922430951,-4.504173336,129.3404
82400000,4121,48.4922429239,-4.5041730217,129.3404
82420000,4122,48.4922427527,-4.5041727075,129.3404
82440000,4123,48.4922425815,-4.5041723933,129.3404
82460000,4124,48.4922424103,-4.504172079,129.3404
82480000,4125,48.4922422391,-4.5041717648,129.3404
82500000,4126,48.4922420679,-4.5041714505,129.3404
82520000,4127,48.4922418967,-4.5041711363,129.3404
82540000,4128,48.4922417255,-4.5041708221,129.3404
82560000,4129,48.4922415543,-4.5041705078,129.3404
82580000,4130,48.4922413831,-4.5041701936,129.3404
82600000,4131,48.4922412119,-4.5041698793,129.3404
82620000,4132,48.4922410407,-4.5041695651,129.3404
82640000,4133,48.4922408695,-4.5041692509,129.3404
82660000,4134,48.4922406983,-4.5041689366,129.3404
82680000,4135,48.4922405271,-4.5041686224,129.3404
82700000,4136,48.4922403559,-4.5041683081,129.3404
82720000,4137,48.4922401847,-4.5041679939,129.3404
82740000,4138,48.4922400135,-4.5041676797,129.3404
82760000,4139,48.4922398423,-4.5041673654,129.3404
82780000,4140,48.4922396711,-4.5041670512,129.3404
82800000,4141,48.4922394999,-4.5041667369,129.3404
82820000,4142,48.4922393287,-4.5041664227,129.3404
82840000,4143,48.4922391575,-4.5041661085,129.3404
82860000,4144,48.4922389863,-4.5041657942,129.3404
82880000,4145,48.492238815,-4.50416548,129.3404
82900000,4146,48.4922386438,-4.5041651657,129.3404
82920000,4147,48.4922384726,-4.5041648515,129.3404
82940000,4148,48.4922383014,-4.5041645373,129.3404
82960000,4149,48.4922381302,-4.504164223,129.3404
82980000,4150,48.492237959,-4.5041639088,129.3404
83000000,4151,48.4922377878,-4.5041635945,129.3404
83020000,4152,48.4922376166,-4.5041632803,129.3404
83040000,4153,48.4922374454,-4.5041629661,129.3404
83060000,4154,48.4922372742,-4.5041626518,129.3404
83080000,4155,48.492237103,-4.5041623376,129.3404
83100000,4156,48.4922369318,-4.5041620233,129.3404
83120000,4157,48.4922367606,-4.5041617091,129.3404
83140000,4158,48.4922365894,-4.5041613949,129.3404
83160000,4159,48.4922364182,-4.5041610806,129.3404
83180000,4160,48.492236247,-4.5041607664,129.3404
83200000,4161,48.4922360758,-4.5041604522,129.3404
83220000,4162,48.4922359046,-4.5041601379,129.3404
83240000,4163,48.4922357334,-4.5041598237,129.3404
83260000,4164,48.4922355622,-4.5041595094,129.3404
83280000,4165,48.492235391,-4.5041591952,129.3404
83300000,4166,48.4922352198,-4.504158881,129.3404
83320000,4167,48.4922350486,-4.5041585667,129.3404
83340000,4168,48.4922348774,-4.5041582525,129.3404
83360000,4169,48.4922347062,-4.5041579382,129.3404
83380000,4170,48.492234535,-4.504157624,129.3404
83400000,4171,48.4922343637,-4.5041573098,129.3404
83420000,4172,48.4922341925,-4.5041569955,129.3404
83440000,4173,48.4922340213,-4.5041566813,129.3404
83460000,4174,48.4922338501,-4.504156367,129.3404
83480000,4175,48.4922336789,-4.5041560528,129.3404
83500000,4176,48.4922335077,-4.5041557386,129.3404
83520000,4177,48.4922333365,-4.5041554243,129.3404
83540000,4178,48.4922331653,-4.5041551101,129.3404
83560000,4179,48.4922329941,-4.5041547958,129.3404
83580000,4180,48.4922328229,-4.5041544816,129.3404
83600000,4181,48.4922326517,-4.5041541674,129.3404
83620000,4182,48.4922324805,-4.5041538531,129.3404
83640000,4183,48.4922323093,-4.5041535389,129.3404
83660000,4184,48.4922321381,-4.5041532246,129.3404
83680000,4185,48.4922319669,-4.5041529104,129.3404
83700000,4186,48.4922317957,-4.5041525962,129.3404
83720000,4187,48.4922316245,-4.5041522819,129.3404
83740000,4188,48.4922314533,-4.5041519677,129.3404
83760000,4189,48.4922312821,-4.5041516534,129.3404
83780000,4190,48.4922311109,-4.5041513392,129.3404
83800000,4191,48.4922309397,-4.504151025,129.3404
83820000,4192,48.4922307685,-4.5041507107,129.3404
83840000,4193,48.4922305973,-4.5041503965,129.3404
83860000,4194,48.4922304261,-4.5041500823,129.3404
83880000,4195,48.4922302549,-4.504149768,129.3404
83900000,4196,48.4922300837,-4.5041494538,129.3404
83920000,4197,48.4922299124,-4.5041491395,129.3404
83940000,4198,48.4922297412,-4.5041488253,129.3404
83960000,4199,48.49222957,-4.5041485111,129.3404
83980000,4200,48.4922293988,-4.5041481968,129.3404
84000000,4201,48.4922292276,-4.5041478826,129.3404
84020000,4202,48.4922290564,-4.5041475683,129.3404
84040000,4203,48.4922288852,-4.5041472541,129.3404
84060000,4204,48.492228714,-4.5041469399,129.3404
84080000,4205,48.4922285428,-4.5041466256,129.3404
84100000,4206,48.4922283716,-4.5041463114,129.3404
84120000,4207,48.4922282004,-4.5041459971,129.3404
84140000,4208,48.4922280292,-4.5041456829,129.3404
84160000,4209,48.492227858,-4.5041453687,129.3404
84180000,4210,48.4922276868,-4.5041450544,129.3404
84200000,4211,48.4922275156,-4.5041447402,129.3404
84220000,4212,48.4922273444,-4.5041444259,129.3404
84240000,4213,48.4922271732,-4.5041441117,129.3404
84260000,4214,48.492227002,-4.5041437975,129.3404
84280000,4215,48.4922268308,-4.5041434832,129.3404
84300000,4216,48.4922266596,-4.504143169,129.3404
84320000,4217,48.4922264884,-4.5041428547,129.3404
84340000,4218,48.4922263172,-4.5041425405,129.3404
84360000,4219,48.492226146,-4.5041422263,129.3404
84380000,4220,48.4922259748,-4.504141912,129.3404
84400000,4221,48.4922258036,-4.5041415978,129.3404
84420000,4222,48.4922256324,-4.5041412836,129.3404
84440000,4223,48.4922254611,-4.5041409693,129.3404
84460000,4224,48.4922252899,-4.5041406551,129.3404
84480000,4225,48.4922251187,-4.5041403408,129.3404
84500000,4226,48.4922249475,-4.5041400266,129.3404
84520000,4227,48.4922247763,-4.5041397124,129.3404
84540000,4228,48.4922246051,-4.5041393981,129.3404
84560000,4229,48.4922244339,-4.5041390839,129.3404
84580000,4230,48.4922242627,-4.5041387696,129.3404
84600000,4231,48.4922240915,-4.5041384554,129.3404
84620000,4232,48.4922239203,-4.5041381412,129.3404
84640000,4233,48.4922237491,-4.5041378269,129.3404
84660000,4234,48.4922235779,-4.5041375127,129.3404
84680000,4235,48.4922234067,-4.5041371984,129.3404
84700000,4236,48.4922232355,-4.5041368842,129.3404
84720000,4237,48.4922230643,-4.50413657,129.3404
84740000,4238,48.4922228931,-4.5041362557,129.3404
84760000,4239,48.4922227219,-4.5041359415,129.3404
84780000,4240,48.4922225507,-4.5041356272,129.3404
84800000,4241,48.4922223795,-4.504135313,129.3404
84820000,4242,48.4922222083,-4.5041349988,129.3404
84840000,4243,48.4922220371,-4.5041346845,129.3404
84860000,4244,48.4922218659,-4.5041343703,129.3404
84880000,4245,48.4922216947,-4.504134056,129.3404
84900000,4246,48.4922215235,-4.5041337418,129.3404
84920000,4247,48.4922213523,-4.5041334276,129.3404
84940000,4248,48.4922211811,-4.5041331133,129.3404
84960000,4249,48.4922210098,-4.5041327991,129.3404
84980000,4250,48.4922208386,-4.5041324849,129.3404
85000000,4251,48.4922206674,-4.5041321706,129.3404
85020000,4252,48.4922204962,-4.5041318564,129.3404
85040000,4253,48.492220325,-4.5041315421,129.3404
85060000,4254,48.4922201538,-4.5041312279,129.3404
85080000,4255,48.4922199826,-4.5041309137,129.3404
85100000,4256,48.4922198114,-4.5041305994,129.3404
85120000,4257,48.4922196402,-4.5041302852,129.3404
85140000,4258,48.492219469,-4.5041299709,129.3404
85160000,4259,48.4922192978,-4.5041296567,129.3404
85180000,4260,48.4922191266,-4.5041293425,129.3404
85200000,4261,48.4922189554,-4.5041290282,129.3404
85220000,4262,48.4922187842,-4.504128714,129.3404
85240000,4263,48.492218613,-4.5041283997,129.3404
85260000,4264,48.4922184418,-4.5041280855,129.3404
85280000,4265,48.4922182706,-4.5041277713,129.3404
85300000,4266,48.4922180994,-4.504127457,129.3404
85320000,4267,48.4922179282,-4.5041271428,129.3404
85340000,4268,48.492217757,-4.5041268285,129.3404
85360000,4269,48.4922175858,-4.5041265143,129.3404
85380000,4270,48.4922174146,-4.5041262001,129.3404
85400000,4271,48.4922172434,-4.5041258858,129.3404
85420000,4272,48.4922170722,-4.5041255716,129.3404
85440000,4273,48.492216901,-4.5041252574,129.3404
85460000,4274,48.4922167298,-4.5041249431,129.3404
85480000,4275,48.4922165585,-4.5041246289,129.3404
85500000,4276,48.4922163873,-4.5041243146,129.3404
85520000,4277,48.4922162161,-4.5041240004,129.3404
85540000,4278,48.4922160449,-4.5041236862,129.3404
85560000,4279,48.4922158737,-4.5041233719,129.3404
85580000,4280,48.4922157025,-4.5041230577,129.3404
85600000,4281,48.4922155313,-4.5041227434,129.3404
85620000,4282,48.4922153601,-4.5041224292,129.3404
85640000,4283,48.4922151889,-4.504122115,129.3404
85660000,4284,48.4922150177,-4.5041218007,129.3404
85680000,4285,48.4922148465,-4.5041214865,129.3404
85700000,4286,48.4922146753,-4.5041211722,129.3404
85720000,4287,48.4922145041,-4.504120858,129.3404
85740000,4288,48.4922143329,-4.5041205438,129.3404
85760000,4289,48.4922141617,-4.5041202295,129.3404
85780000,4290,48.4922139905,-4.5041199153,129.3404
85800000,4291,48.4922138193,-4.504119601,129.3404
85820000,4292,48.4922136481,-4.5041192868,129.3404
85840000,4293,48.4922134769,-4.5041189726,129.3404
85860000,4294,48.4922133057,-4.5041186583,129.3404
85880000,4295,48.4922131345,-4.5041183441,129.3404
85900000,4296,48.4922129633,-4.5041180298,129.3404
85920000,4297,48.4922127921,-4.5041177156,129.3404
85940000,4298,48.4922126209,-4.5041174014,129.3404
85960000,4299,48.4922124497,-4.5041170871,129.3404
85980000,4300,48.4922122784,-4.5041167729,129.3404
86000000,4301,48.4922121072,-4.5041164587,129.3404
86020000,4302,48.492211936,-4.5041161444,129.3404
86040000,4303,48.4922117648,-4.5041158302,129.3404
86060000,4304,48.4922115936,-4.5041155159,129.3404
86080000,4305,48.4922114224,-4.5041152017,129.3404
86100000,4306,48.4922112512,-4.5041148875,129.3404
86120000,4307,48.49221108,-4.5041145732,129.3404
86140000,4308,48.4922109088,-4.504114259,129.3404
86160000,4309,48.4922107376,-4.5041139447,129.3404
86180000,4310,48.4922105664,-4.5041136305,129.3404
86200000,4311,48.4922103952,-4.5041133163,129.3404
86220000,4312,48.492210224,-4.504113002,129.3404
86240000,4313,48.4922100528,-4.5041126878,129.3404
86260000,4314,48.4922098816,-4.5041123735,129.3404
86280000,4315,48.4922097104,-4.5041120593,129.3404
86300000,4316,48.4922095392,-4.5041117451,129.3404
86320000,4317,48.492209368,-4.5041114308,129.3404
86340000,4318,48.4922091968,-4.5041111166,129.3404
86360000,4319,48.4922090256,-4.5041108024,129.3404
86380000,4320,48.4922088544,-4.5041104881,129.3404
86400000,4321,48.4922086832,-4.5041101739,129.3404
86420000,4322,48.492208512,-4.5041098596,129.3404
86440000,4323,48.4922083408,-4.5041095454,129.3404
86460000,4324,48.4922081696,-4.5041092312,129.3404
86480000,4325,48.4922079984,-4.5041089169,129.3404
86500000,4326,48.4922078271,-4.5041086027,129.3404
86520000,4327,48.4922076559,-4.5041082884,129.3404
86540000,4328,48.4922074847,-4.5041079742,129.3404
86560000,4329,48.4922073135,-4.50410766,129.3404
86580000,4330,48.4922071423,-4.5041073457,129.3404
86600000,4331,48.4922069711,-4.5041070315,129.3404
86620000,4332,48.4922067999,-4.5041067172,129.3404
86640000,4333,48.4922066287,-4.504106403,129.3404
86660000,4334,48.4922064575,-4.5041060888,129.3404
86680000,4335,48.4922062863,-4.5041057745,129.3404
86700000,4336,48.4922061151,-4.5041054603,129.3404
86720000,4337,48.4922059439,-4.504105146,129.3404
86740000,4338,48.4922057727,-4.5041048318,129.3404
86760000,4339,48.4922056015,-4.5041045176,129.3404
86780000,4340,48.4922054303,-4.5041042033,129.3404
86800000,4341,48.4922052591,-4.5041038891,129.3404
86820000,4342,48.4922050879,-4.5041035749,129.3404
86840000,4343,48.4922049167,-4.5041032606,129.3404
86860000,4344,48.4922047455,-4.5041029464,129.3404
86880000,4345,48.4922045743,-4.5041026321,129.3404
86900000,4346,48.4922044031,-4.5041023179,129.3404
86920000,4347,48.4922042319,-4.5041020037,129.3404
86940000,4348,48.4922040607,-4.5041016894,129.3404
86960000,4349,48.4922038895,-4.5041013752,129.3404
86980000,4350,48.4922037183,-4.5041010609,129.3404
87000000,4351,48.492203547,-4.5041007467,129.3404
87020000,4352,48.4922033758,-4.5041004325,129.3404
87040000,4353,48.4922032046,-4.5041001182,129.3404
87060000,4354,48.4922030334,-4.504099804,129.3404
87080000,4355,48.4922028622,-4.5040994897,129.3404
87100000,4356,48.492202691,-4.5040991755,129.3404
87120000,4357,48.4922025198,-4.5040988613,129.3404
87140000,4358,48.4922023486,-4.504098547,129.3404
87160000,4359,48.4922021774,-4.5040982328,129.3404
87180000,4360,48.4922020062,-4.5040979185,129.3404
87200000,4361,48.492201835,-4.5040976043,129.3404
87220000,4362,48.4922016638,-4.5040972901,129.3404
87240000,4363,48.4922014926,-4.5040969758,129.3404
87260000,4364,48.4922013214,-4.5040966616,129.3404
87280000,4365,48.4922011502,-4.5040963474,129.3404
87300000,4366,48.492200979,-4.5040960331,129.3404
87320000,4367,48.4922008078,-4.5040957189,129.3404
87340000,4368,48.4922006366,-4.5040954046,129.3404
87360000,4369,48.4922004654,-4.5040950904,129.3404
87380000,4370,48.4922002942,-4.5040947762,129.3404
87400000,4371,48.492200123,-4.5040944619,129.3404
87420000,4372,48.4921999518,-4.5040941477,129.3404
87440000,4373,48.4921997806,-4.5040938334,129.3404
87460000,4374,48.4921996094,-4.5040935192,129.3404
87480000,4375,48.4921994382,-4.504093205,129.3404
87500000,4376,48.4921992669,-4.5040928907,129.3404
87520000,4377,48.4921990957,-4.5040925765,129.3404
87540000,4378,48.4921989245,-4.5040922622,129.3404
87560000,4379,48.4921987533,-4.504091948,129.3404
87580000,4380,48.4921985821,-4.5040916338,129.3404
87600000,4381,48.4921984109,-4.5040913195,129.3404
87620000,4382,48.4921982397,-4.5040910053,129.3404
87640000,4383,48.4921980685,-4.5040906911,129.3404
87660000,4384,48.4921978973,-4.5040903768,129.3404
87680000,4385,48.4921977261,-4.5040900626,129.3404
87700000,4386,48.4921975549,-4.5040897483,129.3404
87720000,4387,48.4921973837,-4.5040894341,129.3404
87740000,4388,48.4921972125,-4.5040891199,129.3404
87760000,4389,48.4921970413,-4.5040888056,129.3404
87780000,4390,48.4921968701,-4.5040884914,129.3404
87800000,4391,48.4921966989,-4.5040881771,129.3404
87820000,4392,48.4921965277,-4.5040878629,129.3404
87840000,4393,48.4921963565,-4.5040875487,129.3404
87860000,4394,48.4921961853,-4.5040872344,129.3404
87880000,4395,48.4921960141,-4.5040869202,129.3404
87900000,4396,48.4921958429,-4.5040866059,129.3404
87920000,4397,48.4921956717,-4.5040862917,129.3404
87940000,4398,48.4921955005,-4.5040859775,129.3404
87960000,4399,48.4921953293,-4.5040856632,129.3404
87980000,4400,48.4921951581,-4.504085349,129.3404
88000000,4401,48.4921949868,-4.5040850348,129.3404
88020000,4402,48.4921948156,-4.5040847205,129.3404
88040000,4403,48.4921946444,-4.5040844063,129.3404
88060000,4404,48.4921944732,-4.504084092,129.3404
88080000,4405,48.492194302,-4.5040837778,129.3404
88100000,4406,48.4921941308,-4.5040834636,129.3404
88120000,4407,48.4921939596,-4.5040831493,129.3404
88140000,4408,48.4921937884,-4.5040828351,129.3404
88160000,4409,48.4921936172,-4.5040825208,129.3404
88180000,4410,48.492193446,-4.5040822066,129.3404
88200000,4411,48.4921932748,-4.5040818924,129.3404
88220000,4412,48.4921931036,-4.5040815781,129.3404
88240000,4413,48.4921929324,-4.5040812639,129.3404
88260000,4414,48.4921927612,-4.5040809496,129.3404
88280000,4415,48.49219259,-4.5040806354,129.3404
88300000,4416,48.4921924188,-4.5040803212,129.3404
88320000,4417,48.4921922476,-4.5040800069,129.3404
88340000,4418,48.4921920764,-4.5040796927,129.3404
88360000,4419,48.4921919052,-4.5040793785,129.3404
88380000,4420,48.492191734,-4.5040790642,129.3404
88400000,4421,48.4921915628,-4.50407875,129.3404
88420000,4422,48.4921913916,-4.5040784357,129.3404
88440000,4423,48.4921912204,-4.5040781215,129.3404
88460000,4424,48.4921910492,-4.5040778073,129.3404
88480000,4425,48.492190878,-4.504077493,129.3404
88500000,4426,48.4921907067,-4.5040771788,129.3404
88520000,4427,48.4921905355,-4.5040768645,129.3404
88540000,4428,48.4921903643,-4.5040765503,129.3404
88560000,4429,48.4921901931,-4.5040762361,129.3404
88580000,4430,48.4921900219,-4.5040759218,129.3404
88600000,4431,48.4921898507,-4.5040756076,129.3404
88620000,4432,48.4921896795,-4.5040752933,129.3404
88640000,4433,48.4921895083,-4.5040749791,129.3404
88660000,4434,48.4921893371,-4.5040746649,129.3404
88680000,4435,48.4921891659,-4.5040743506,129.3404
88700000,4436,48.4921889947,-4.5040740364,129.3404
88720000,4437,48.4921888235,-4.5040737222,129.3404
88740000,4438,48.4921886523,-4.5040734079,129.3404
88760000,4439,48.4921884811,-4.5040730937,129.3404
88780000,4440,48.4921883099,-4.5040727794,129.3404
88800000,4441,48.4921881387,-4.5040724652,129.3404
88820000,4442,48.4921879675,-4.504072151,129.3404
88840000,4443,48.4921877963,-4.5040718367,129.3404
88860000,4444,48.4921876251,-4.5040715225,129.3404
88880000,4445,48.4921874539,-4.5040712082,129.3404
88900000,4446,48.4921872827,-4.504070894,129.3404
88920000,4447,48.4921871115,-4.5040705798,129.3404
88940000,4448,48.4921869403,-4.5040702655,129.3404
88960000,4449,48.4921867691,-4.5040699513,129.3404
88980000,4450,48.4921865979,-4.504069637,129.3404
89000000,4451,48.4921864266,-4.5040693228,129.3404
89020000,4452,48.4921862554,-4.5040690086,129.3404
89040000,4453,48.4921860842,-4.5040686943,129.3404
89060000,4454,48.492185913,-4.5040683801,129.3404
89080000,4455,48.4921857418,-4.5040680659,129.3404
89100000,4456,48.4921855706,-4.5040677516,129.3404
89120000,4457,48.4921853994,-4.5040674374,129.3404
89140000,4458,48.4921852282,-4.5040671231,129.3404
89160000,4459,48.492185057,-4.5040668089,129.3404
89180000,4460,48.4921848858,-4.5040664947,129.3404
89200000,4461,48.4921847146,-4.5040661804,129.3404
89220000,4462,48.4921845434,-4.5040658662,129.3404
89240000,4463,48.4921843722,-4.5040655519,129.3404
89260000,4464,48.492184201,-4.5040652377,129.3404
89280000,4465,48.4921840298,-4.5040649235,129.3404
89300000,4466,48.4921838586,-4.5040646092,129.3404
89320000,4467,48.4921836874,-4.504064295,129.3404
89340000,4468,48.4921835162,-4.5040639808,129.3404
89360000,4469,48.492183345,-4.5040636665,129.3404
89380000,4470,48.4921831738,-4.5040633523,129.3404
89400000,4471,48.4921830026,-4.504063038,129.3404
89420000,4472,48.4921828314,-4.5040627238,129.3404
89440000,4473,48.4921826602,-4.5040624096,129.3404
89460000,4474,48.492182489,-4.5040620953,129.3404
89480000,4475,48.4921823177,-4.5040617811,129.3404
89500000,4476,48.4921821465,-4.5040614668,129.3404
89520000,4477,48.4921819753,-4.5040611526,129.3404
89540000,4478,48.4921818041,-4.5040608384,129.3404
89560000,4479,48.4921816329,-4.5040605241,129.3404
89580000,4480,48.4921814617,-4.5040602099,129.3404
89600000,4481,48.4921812905,-4.5040598956,129.3404
89620000,4482,48.4921811193,-4.5040595814,129.3404
89640000,4483,48.4921809481,-4.5040592672,129.3404
89660000,4484,48.4921807769,-4.5040589529,129.3404
89680000,4485,48.4921806057,-4.5040586387,129.3404
89700000,4486,48.4921804345,-4.5040583245,129.3404
89720000,4487,48.4921802633,-4.5040580102,129.3404
89740000,4488,48.4921800921,-4.504057696,129.3404
89760000,4489,48.4921799209,-4.5040573817,129.3404
89780000,4490,48.4921797497,-4.5040570675,129.3404
89800000,4491,48.4921795785,-4.5040567533,129.3404
89820000,4492,48.4921794073,-4.504056439,129.3404
89840000,4493,48.4921792361,-4.5040561248,129.3404
89860000,4494,48.4921790649,-4.5040558105,129.3404
89880000,4495,48.4921788937,-4.5040554963,129.3404
89900000,4496,48.4921787225,-4.5040551821,129.3404
89920000,4497,48.4921785513,-4.5040548678,129.3404
89940000,4498,48.4921783801,-4.5040545536,129.3404
89960000,4499,48.4921782089,-4.5040542394,129.3404
89980000,4500,48.4921780376,-4.5040539251,129.3404
90000000,4501,48.4921778664,-4.5040536109,129.3404
90020000,4502,48.4921776952,-4.5040532966,129.3404
90040000,4503,48.492177524,-4.5040529824,129.3404
90060000,4504,48.4921773528,-4.5040526682,129.3404
90080000,4505,48.4921771816,-4.5040523539,129.3404
90100000,4506,48.4921770104,-4.5040520397,129.3404
90120000,4507,48.4921768392,-4.5040517254,129.3404
90140000,4508,48.492176668,-4.5040514112,129.3404
90160000,4509,48.4921764968,-4.504051097,129.3404
90180000,4510,48.4921763256,-4.5040507827,129.3404
90200000,4511,48.4921761544,-4.5040504685,129.3404
90220000,4512,48.4921759832,-4.5040501542,129.3404
90240000,4513,48.492175812,-4.50404984,129.3404
90260000,4514,48.4921756408,-4.5040495258,129.3404
90280000,4515,48.4921754696,-4.5040492115,129.3404
90300000,4516,48.4921752984,-4.5040488973,129.3404
90320000,4517,48.4921751272,-4.5040485831,129.3404
90340000,4518,48.492174956,-4.5040482688,129.3404
90360000,4519,48.4921747848,-4.5040479546,129.3404
90380000,4520,48.4921746136,-4.5040476403,129.3404
90400000,4521,48.4921744424,-4.5040473261,129.3404
90420000,4522,48.4921742712,-4.5040470119,129.3404
90440000,4523,48.4921741,-4.5040466976,129.3404
90460000,4524,48.4921739287,-4.5040463834,129.3404
90480000,4525,48.4921737575,-4.5040460691,129.3404
90500000,4526,48.4921735863,-4.5040457549,129.3404
90520000,4527,48.4921734151,-4.5040454407,129.3404
90540000,4528,48.4921732439,-4.5040451264,129.3404
90560000,4529,48.4921730727,-4.5040448122,129.3404
90580000,4530,48.4921729015,-4.504044498,129.3404
90600000,4531,48.4921727303,-4.5040441837,129.3404
90620000,4532,48.4921725591,-4.5040438695,129.3404
90640000,4533,48.4921723879,-4.5040435552,129.3404
90660000,4534,48.4921722167,-4.504043241,129.3404
90680000,4535,48.4921720455,-4.5040429268,129.3404
90700000,4536,48.4921718743,-4.5040426125,129.3404
90720000,4537,48.4921717031,-4.5040422983,129.3404
90740000,4538,48.4921715319,-4.504041984,129.3404
90760000,4539,48.4921713607,-4.5040416698,129.3404
90780000,4540,48.4921711895,-4.5040413556,129.3404
90800000,4541,48.4921710183,-4.5040410413,129.3404
90820000,4542,48.4921708471,-4.5040407271,129.3404
90840000,4543,48.4921706759,-4.5040404128,129.3404
90860000,4544,48.4921705047,-4.5040400986,129.3404
90880000,4545,48.4921703335,-4.5040397844,129.3404
90900000,4546,48.4921701623,-4.5040394701,129.3404
90920000,4547,48.4921699911,-4.5040391559,129.3404
90940000,4548,48.4921698198,-4.5040388417,129.3404
90960000,4549,48.4921696486,-4.5040385274,129.3404
90980000,4550,48.4921694774,-4.5040382132,129.3404
91000000,4551,48.4921693062,-4.5040378989,129.3404
91020000,4552,48.492169135,-4.5040375847,129.3404
91040000,4553,48.4921689638,-4.5040372705,129.3404
91060000,4554,48.4921687926,-4.5040369562,129.3404
91080000,4555,48.4921686214,-4.504036642,129.3404
91100000,4556,48.4921684502,-4.5040363277,129.3404
91120000,4557,48.492168279,-4.5040360135,129.3404
91140000,4558,48.4921681078,-4.5040356993,129.3404
91160000,4559,48.4921679366,-4.504035385,129.3404
91180000,4560,48.4921677654,-4.5040350708,129.3404
91200000,4561,48.4921675942,-4.5040347566,129.3404
91220000,4562,48.492167423,-4.5040344423,129.3404
91240000,4563,48.4921672518,-4.5040341281,129.3404
91260000,4564,48.4921670806,-4.5040338138,129.3404
91280000,4565,48.4921669094,-4.5040334996,129.3404
91300000,4566,48.4921667382,-4.5040331854,129.3404
91320000,4567,48.492166567,-4.5040328711,129.3404
91340000,4568,48.4921663958,-4.5040325569,129.3404
91360000,4569,48.4921662246,-4.5040322426,129.3404
91380000,4570,48.4921660534,-4.5040319284,129.3404
91400000,4571,48.4921658822,-4.5040316142,129.3404
91420000,4572,48.4921657109,-4.5040312999,129.3404
91440000,4573,48.4921655397,-4.5040309857,129.3404
91460000,4574,48.4921653685,-4.5040306715,129.3404
91480000,4575,48.4921651973,-4.5040303572,129.3404
91500000,4576,48.4921650261,-4.504030043,129.3404
91520000,4577,48.4921648549,-4.5040297287,129.3404
91540000,4578,48.4921646837,-4.5040294145,129.3404
91560000,4579,48.4921646837,-4.5040294145,129.3404
91580000,4580,48.4921645695,-4.5040291995,127.9614
91600000,4581,48.4921644571,-4.5040289776,126.6334
91620000,4582,48.4921643468,-4.504028749,125.3548
91640000,4583,48.4921642383,-4.5040285137,124.1238
91660000,4584,48.4921641318,-4.5040282718,122.9386
91680000,4585,48.4921640272,-4.5040280235,121.7974
91700000,4586,48.4921639245,-4.5040277688,120.6984
91720000,4587,48.4921638237,-4.5040275079,119.6399
91740000,4588,48.4921637248,-4.5040272409,118.6201
91760000,4589,48.4921636278,-4.5040269679,117.6373
91780000,4590,48.4921635327,-4.5040266889,116.6898
91800000,4591,48.4921634395,-4.5040264042,115.776
91820000,4592,48.4921633481,-4.5040261138,114.8944
91840000,4593,48.4921632586,-4.5040258178,114.0435
91860000,4594,48.4921631709,-4.5040255164,113.2218
91880000,4595,48.4921630851,-4.5040252096,112.4279
91900000,4596,48.4921630011,-4.5040248975,111.6606
91920000,4597,48.492162919,-4.5040245803,110.9186
91940000,4598,48.4921628387,-4.5040242581,110.2006
91960000,4599,48.4921627602,-4.504023931,109.5056
91980000,4600,48.4921626835,-4.504023599,108.8324
92000000,4601,48.4921626086,-4.5040232624,108.1799
92020000,4602,48.4921625355,-4.5040229211,107.5473
92040000,4603,48.4921624642,-4.5040225754,106.9335
92060000,4604,48.4921623947,-4.5040222253,106.3377
92080000,4605,48.4921623269,-4.5040218709,105.759
92100000,4606,48.492162261,-4.5040215124,105.1966
92120000,4607,48.4921621967,-4.5040211498,104.6497
92140000,4608,48.4921621343,-4.5040207833,104.1176
92160000,4609,48.4921620735,-4.504020413,103.5996
92180000,4610,48.4921620146,-4.5040200389,103.0951
92200000,4611,48.4921619573,-4.5040196612,102.6033
92220000,4612,48.4921619018,-4.5040192801,102.1237
92240000,4613,48.492161848,-4.5040188955,101.6557
92260000,4614,48.4921617959,-4.5040185076,101.1988
92280000,4615,48.4921617455,-4.5040181166,100.7524
92300000,4616,48.4921616967,-4.5040177225,100.3161
92320000,4617,48.4921616497,-4.5040173255,99.8893
92340000,4618,48.4921616044,-4.5040169256,99.4717
92360000,4619,48.4921615607,-4.504016523,99.0627
92380000,4620,48.4921615187,-4.5040161177,98.662
92400000,4621,48.4921614784,-4.5040157099,98.2691
92420000,4622,48.4921614397,-4.5040152997,97.8838
92440000,4623,48.4921614027,-4.5040148872,97.5055
92460000,4624,48.4921613673,-4.5040144726,97.134
92480000,4625,48.4921613335,-4.5040140558,96.7689
92500000,4626,48.4921613013,-4.504013637,96.4099
92520000,4627,48.4921612708,-4.5040132164,96.0567
92540000,4628,48.4921612419,-4.5040127941,95.709
92560000,4629,48.4921612146,-4.5040123701,95.3664
92580000,4630,48.4921611888,-4.5040119445,95.0288
92600000,4631,48.4921611647,-4.5040115175,94.6958
92620000,4632,48.4921611421,-4.5040110892,94.3671
92640000,4633,48.4921611211,-4.5040106597,94.0425
92660000,4634,48.4921611017,-4.5040102291,93.7218
92680000,4635,48.4921610839,-4.5040097975,93.4047
92700000,4636,48.4921610676,-4.5040093651,93.091
92720000,4637,48.4921610528,-4.5040089318,92.7804
92740000,4638,48.4921610396,-4.5040084979,92.4727
92760000,4639,48.4921610279,-4.5040080634,92.1677
92780000,4640,48.4921610177,-4.5040076285,91.8652
92800000,4641,48.492161009,-4.5040071932,91.5649
92820000,4642,48.4921610019,-4.5040067577,91.2667
92840000,4643,48.4921609962,-4.5040063221,90.9703
92860000,4644,48.492160992,-4.5040058865,90.6755
92880000,4645,48.4921609894,-4.504005451,90.3821
92900000,4646,48.4921609882,-4.5040050157,90.09
92920000,4647,48.4921609885,-4.5040045807,89.7989
92940000,4648,48.4921609902,-4.5040041461,89.5086
92960000,4649,48.4921609934,-4.5040037121,89.2189
92980000,4650,48.4921609981,-4.5040032787,88.9296
93000000,4651,48.4921610042,-4.5040028461,88.6406
93020000,4652,48.4921610117,-4.5040024143,88.3515
93040000,4653,48.4921610207,-4.5040019835,88.0622
93060000,4654,48.4921610311,-4.5040015538,87.7726
93080000,4655,48.4921610429,-4.5040011253,87.4823
93100000,4656,48.4921610561,-4.5040006981,87.1911
93120000,4657,48.4921610707,-4.5040002722,86.899
93140000,4658,48.4921610867,-4.5039998479,86.6055
93160000,4659,48.4921611041,-4.5039994253,86.3106
93180000,4660,48.4921611228,-4.5039990043,86.0139
93200000,4661,48.492161143,-4.5039985852,85.7153
93220000,4662,48.4921611645,-4.5039981681,85.4145
93240000,4663,48.4921611873,-4.503997753,85.1112
93260000,4664,48.4921612115,-4.5039973401,84.8051
93280000,4665,48.4921612371,-4.5039969295,84.4961
93300000,4666,48.492161264,-4.5039965213,84.1839
93320000,4667,48.4921612922,-4.5039961156,83.8681
93340000,4668,48.4921613217,-4.5039957124,83.5484
93360000,4669,48.4921613526,-4.503995312,83.2246
93380000,4670,48.4921613848,-4.5039949145,82.8963
93400000,4671,48.4921614182,-4.5039945198,82.5632
93420000,4672,48.492161453,-4.5039941282,82.2249
93440000,4673,48.492161489,-4.5039937398,81.881
93460000,4674,48.4921615263,-4.5039933546,81.5312
93480000,4675,48.4921615649,-4.5039929728,81.175
93500000,4676,48.4921616048,-4.5039925945,80.8121
93520000,4677,48.4921616459,-4.5039922198,80.4419
93540000,4678,48.4921616882,-4.5039918487,80.064
93560000,4679,48.4921617318,-4.5039914815,79.6778
93580000,4680,48.4921617767,-4.5039911182,79.2828
93600000,4681,48.4921618227,-4.5039907589,78.8785
93620000,4682,48.49216187,-4.5039904038,78.4642
93640000,4683,48.4921619185,-4.5039900529,78.0393
93660000,4684,48.4921619682,-4.5039897064,77.603
93680000,4685,48.4921620191,-4.5039893643,77.1547
93700000,4686,48.4921620712,-4.5039890268,76.6936
93720000,4687,48.4921621245,-4.503988694,76.2187
93740000,4688,48.492162179,-4.503988366,75.7293
93760000,4689,48.4921622346,-4.5039880428,75.2243
93780000,4690,48.4921622914,-4.5039877247,74.7026
93800000,4691,48.4921623493,-4.5039874117,74.1633
93820000,4692,48.4921624084,-4.503987104,73.6049
93840000,4693,48.4921624687,-4.5039868015,73.0263
93860000,4694,48.4921625301,-4.5039865045,72.4261
93880000,4695,48.4921625926,-4.5039862131,71.8027
93900000,4696,48.4921626562,-4.5039859273,71.1545
93920000,4697,48.4921627209,-4.5039856473,70.4797
93940000,4698,48.4921627868,-4.5039853732,69.7764
93960000,4699,48.4921628537,-4.5039851051,69.0424
93980000,4700,48.4921629217,-4.5039848431,68.2757
94000000,4701,48.4921629908,-4.5039845873,67.4736
94020000,4702,48.492163061,-4.5039843378,66.6336
94040000,4703,48.4921631323,-4.5039840947,65.7526
94060000,4704,48.4921632046,-4.5039838582,64.8277
94080000,4705,48.492163278,-4.5039836283,63.8552
94100000,4706,48.4921633524,-4.5039834052,62.8316
94120000,4707,48.4921634279,-4.5039831889,61.7528
94140000,4708,48.4921635044,-4.5039829797,60.6143
94160000,4709,48.4921635819,-4.5039827775,59.4115
94180000,4710,48.4921636605,-4.5039825825,58.1391
94200000,4711,48.4921637401,-4.5039823947,56.7917
94220000,4712,48.4921638206,-4.5039822144,55.3633
94240000,4713,48.4921639022,-4.5039820417,53.8476
94260000,4714,48.4921639847,-4.5039818765,52.2378
94280000,4715,48.4921640683,-4.5039817191,50.5269
94300000,4716,48.4921641528,-4.5039815695,48.7075
94320000,4717,48.4921642383,-4.5039814279,46.7721
94340000,4718,48.4921643247,-4.5039812944,44.7132
94360000,4719,48.4921644121,-4.503981169,42.5233
94380000,4720,48.4921645005,-4.5039810519,40.1958
94400000,4721,48.4921645898,-4.5039809432,37.7244
94420000,4722,48.49216468,-4.503980843,35.1045
94440000,4723,48.4921647712,-4.5039807515,32.333
94460000,4724,48.4921648632,-4.5039806686,29.4094
94480000,4725,48.4921649562,-4.5039805946,26.336
94500000,4726,48.4921650501,-4.5039805295,23.1189
94520000,4727,48.4921651449,-4.5039804734,19.768
94540000,4728,48.4921652405,-4.5039804265,16.2978
94560000,4729,48.4921653371,-4.5039803889,12.7274
94580000,4730,48.4921654345,-4.5039803606,9.0797
94600000,4731,48.4921655328,-4.5039803419,5.3813
94620000,4732,48.492165632,-4.5039803327,1.6611
94640000,4733,48.492165732,-4.5039803332,357.9491
94660000,4734,48.4921658329,-4.5039803435,354.275
94680000,4735,48.4921659346,-4.5039803638,350.6666
94700000,4736,48.4921660371,-4.5039803941,347.1487
94720000,4737,48.4921661405,-4.5039804345,343.7424
94740000,4738,48.4921662447,-4.5039804852,340.4644
94760000,4739,48.4921663496,-4.5039805462,337.3269
94780000,4740,48.4921664554,-4.5039806177,334.3377
94800000,4741,48.492166562,-4.5039806998,331.5011
94820000,4742,48.4921666694,-4.5039807925,328.8176
94840000,4743,48.4921667776,-4.5039808961,326.2856
94860000,4744,48.4921668865,-4.5039810105,323.901
94880000,4745,48.4921669962,-4.503981136,321.6583
94900000,4746,48.4921671067,-4.5039812725,319.551
94920000,4747,48.4921672179,-4.5039814203,317.572
94940000,4748,48.4921673299,-4.5039815795,315.7138
94960000,4749,48.4921674426,-4.5039817501,313.9688
94980000,4750,48.492167556,-4.5039819322,312.3297
95000000,4751,48.4921676702,-4.503982126,310.7892
95020000,4752,48.4921677851,-4.5039823316,309.3404
95040000,4753,48.4921677851,-4.5039823316,309.3404
95060000,4754,48.4921679563,-4.5039826459,309.3404
95080000,4755,48.4921681275,-4.5039829601,309.3404
95100000,4756,48.4921682987,-4.5039832743,309.3404
95120000,4757,48.4921684699,-4.5039835886,309.3404
95140000,4758,48.4921686411,-4.5039839028,309.3404
95160000,4759,48.4921688123,-4.5039842171,309.3404
95180000,4760,48.4921689835,-4.5039845313,309.3404
95200000,4761,48.4921691547,-4.5039848455,309.3404
95220000,4762,48.4921693259,-4.5039851598,309.3404
95240000,4763,48.4921694971,-4.503985474,309.3404
95260000,4764,48.4921696683,-4.5039857882,309.3404
95280000,4765,48.4921698395,-4.5039861025,309.3404
95300000,4766,48.4921700107,-4.5039864167,309.3404
95320000,4767,48.4921701819,-4.503986731,309.3404
95340000,4768,48.4921703531,-4.5039870452,309.3404
95360000,4769,48.4921705243,-4.5039873594,309.3404
95380000,4770,48.4921706955,-4.5039876737,309.3404
95400000,4771,48.4921708667,-4.5039879879,309.3404
95420000,4772,48.4921710379,-4.5039883022,309.3404
95440000,4773,48.4921712092,-4.5039886164,309.3404
95460000,4774,48.4921713804,-4.5039889306,309.3404
95480000,4775,48.4921715516,-4.5039892449,309.3404
95500000,4776,48.4921717228,-4.5039895591,309.3404
95520000,4777,48.492171894,-4.5039898733,309.3404
95540000,4778,48.4921720652,-4.5039901876,309.3404
95560000,4779,48.4921722364,-4.5039905018,309.3404
95580000,4780,48.4921724076,-4.5039908161,309.3404
95600000,4781,48.4921725788,-4.5039911303,309.3404
95620000,4782,48.49217275,-4.5039914445,309.3404
95640000,4783,48.4921729212,-4.5039917588,309.3404
95660000,4784,48.4921730924,-4.503992073,309.3404
95680000,4785,48.4921732636,-4.5039923873,309.3404
95700000,4786,48.4921734348,-4.5039927015,309.3404
95720000,4787,48.492173606,-4.5039930157,309.3404
95740000,4788,48.4921737772,-4.50399333,309.3404
95760000,4789,48.4921739484,-4.5039936442,309.3404
95780000,4790,48.4921741196,-4.5039939584,309.3404
95800000,4791,48.4921742908,-4.5039942727,309.3404
95820000,4792,48.492174462,-4.5039945869,309.3404
95840000,4793,48.4921746332,-4.5039949012,309.3404
95860000,4794,48.4921748044,-4.5039952154,309.3404
95880000,4795,48.4921749756,-4.5039955296,309.3404
95900000,4796,48.4921751468,-4.5039958439,309.3404
95920000,4797,48.4921753181,-4.5039961581,309.3404
95940000,4798,48.4921754893,-4.5039964724,309.3404
95960000,4799,48.4921756605,-4.5039967866,309.3404
95980000,4800,48.4921758317,-4.5039971008,309.3404
96000000,4801,48.4921760029,-4.5039974151,309.3404
96020000,4802,48.4921761741,-4.5039977293,309.3404
96040000,4803,48.4921763453,-4.5039980435,309.3404
96060000,4804,48.4921765165,-4.5039983578,309.3404
96080000,4805,48.4921766877,-4.503998672,309.3404
96100000,4806,48.4921768589,-4.5039989863,309.3404
96120000,4807,48.4921770301,-4.5039993005,309.3404
96140000,4808,48.4921772013,-4.5039996147,309.3404
96160000,4809,48.4921773725,-4.503999929,309.3404
96180000,4810,48.4921775437,-4.5040002432,309.3404
96200000,4811,48.4921777149,-4.5040005575,309.3404
96220000,4812,48.4921778861,-4.5040008717,309.3404
96240000,4813,48.4921780573,-4.5040011859,309.3404
96260000,4814,48.4921782285,-4.5040015002,309.3404
96280000,4815,48.4921783997,-4.5040018144,309.3404
96300000,4816,48.4921785709,-4.5040021286,309.3404
96320000,4817,48.4921787421,-4.5040024429,309.3404
96340000,4818,48.4921789133,-4.5040027571,309.3404
96360000,4819,48.4921790845,-4.5040030714,309.3404
96380000,4820,48.4921792558,-4.5040033856,309.3404
96400000,4821,48.492179427,-4.5040036998,309.3404
96420000,4822,48.4921795982,-4.5040040141,309.3404
96440000,4823,48.4921797694,-4.5040043283,309.3404
96460000,4824,48.4921799406,-4.5040046426,309.3404
96480000,4825,48.4921801118,-4.5040049568,309.3404
96500000,4826,48.492180283,-4.504005271,309.3404
96520000,4827,48.4921804542,-4.5040055853,309.3404
96540000,4828,48.4921806254,-4.5040058995,309.3404
96560000,4829,48.4921807966,-4.5040062137,309.3404
96580000,4830,48.4921809678,-4.504006528,309.3404
96600000,4831,48.492181139,-4.5040068422,309.3404
96620000,4832,48.4921813102,-4.5040071565,309.3404
96640000,4833,48.4921814814,-4.5040074707,309.3404
96660000,4834,48.4921816526,-4.5040077849,309.3404
96680000,4835,48.4921818238,-4.5040080992,309.3404
96700000,4836,48.492181995,-4.5040084134,309.3404
96720000,4837,48.4921821662,-4.5040087277,309.3404
96740000,4838,48.4921823374,-4.5040090419,309.3404
96760000,4839,48.4921825086,-4.5040093561,309.3404
96780000,4840,48.4921826798,-4.5040096704,309.3404
96800000,4841,48.492182851,-4.5040099846,309.3404
96820000,4842,48.4921830222,-4.5040102989,309.3404
96840000,4843,48.4921831934,-4.5040106131,309.3404
96860000,4844,48.4921833647,-4.5040109273,309.3404
96880000,4845,48.4921835359,-4.5040112416,309.3404
96900000,4846,48.4921837071,-4.5040115558,309.3404
96920000,4847,48.4921838783,-4.50401187,309.3404
96940000,4848,48.4921840495,-4.5040121843,309.3404
96960000,4849,48.4921842207,-4.5040124985,309.3404
96980000,4850,48.4921843919,-4.5040128128,309.3404
97000000,4851,48.4921845631,-4.504013127,309.3404
97020000,4852,48.4921847343,-4.5040134412,309.3404
97040000,4853,48.4921849055,-4.5040137555,309.3404
97060000,4854,48.4921850767,-4.5040140697,309.3404
97080000,4855,48.4921852479,-4.504014384,309.3404
97100000,4856,48.4921854191,-4.5040146982,309.3404
97120000,4857,48.4921855903,-4.5040150124,309.3404
97140000,4858,48.4921857615,-4.5040153267,309.3404
97160000,4859,48.4921859327,-4.5040156409,309.3404
97180000,4860,48.4921861039,-4.5040159551,309.3404
97200000,4861,48.4921862751,-4.5040162694,309.3404
97220000,4862,48.4921864463,-4.5040165836,309.3404
97240000,4863,48.4921866175,-4.5040168979,309.3404
97260000,4864,48.4921867887,-4.5040172121,309.3404
97280000,4865,48.4921869599,-4.5040175263,309.3404
97300000,4866,48.4921871311,-4.5040178406,309.3404
97320000,4867,48.4921873023,-4.5040181548,309.3404
97340000,4868,48.4921874736,-4.5040184691,309.3404
97360000,4869,48.4921876448,-4.5040187833,309.3404
97380000,4870,48.492187816,-4.5040190975,309.3404
97400000,4871,48.4921879872,-4.5040194118,309.3404
97420000,4872,48.4921881584,-4.504019726,309.3404
97440000,4873,48.4921883296,-4.5040200402,309.3404
97460000,4874,48.4921885008,-4.5040203545,309.3404
97480000,4875,48.492188672,-4.5040206687,309.3404
97500000,4876,48.4921888432,-4.504020983,309.3404
97520000,4877,48.4921890144,-4.5040212972,309.3404
97540000,4878,48.4921891856,-4.5040216114,309.3404
97560000,4879,48.4921893568,-4.5040219257,309.3404
97580000,4880,48.492189528,-4.5040222399,309.3404
97600000,4881,48.4921896992,-4.5040225542,309.3404
97620000,4882,48.4921898704,-4.5040228684,309.3404
97640000,4883,48.4921900416,-4.5040231826,309.3404
97660000,4884,48.4921902128,-4.5040234969,309.3404
97680000,4885,48.492190384,-4.5040238111,309.3404
97700000,4886,48.4921905552,-4.5040241254,309.3404
97720000,4887,48.4921907264,-4.5040244396,309.3404
97740000,4888,48.4921908976,-4.5040247538,309.3404
97760000,4889,48.4921910688,-4.5040250681,309.3404
97780000,4890,48.49219124,-4.5040253823,309.3404
97800000,4891,48.4921914112,-4.5040256965,309.3404
97820000,4892,48.4921915825,-4.5040260108,309.3404
97840000,4893,48.4921917537,-4.504026325,309.3404
97860000,4894,48.4921919249,-4.5040266393,309.3404
97880000,4895,48.4921920961,-4.5040269535,309.3404
97900000,4896,48.4921922673,-4.5040272677,309.3404
97920000,4897,48.4921924385,-4.504027582,309.3404
97940000,4898,48.4921926097,-4.5040278962,309.3404
97960000,4899,48.4921927809,-4.5040282105,309.3404
97980000,4900,48.4921929521,-4.5040285247,309.3404
98000000,4901,48.4921931233,-4.5040288389,309.3404
98020000,4902,48.4921932945,-4.5040291532,309.3404
98040000,4903,48.4921934657,-4.5040294674,309.3404
98060000,4904,48.4921936369,-4.5040297816,309.3404
98080000,4905,48.4921938081,-4.5040300959,309.3404
98100000,4906,48.4921939793,-4.5040304101,309.3404
98120000,4907,48.4921941505,-4.5040307244,309.3404
98140000,4908,48.4921943217,-4.5040310386,309.3404
98160000,4909,48.4921944929,-4.5040313528,309.3404
98180000,4910,48.4921946641,-4.5040316671,309.3404
98200000,4911,48.4921948353,-4.5040319813,309.3404
98220000,4912,48.4921950065,-4.5040322956,309.3404
98240000,4913,48.4921951777,-4.5040326098,309.3404
98260000,4914,48.4921953489,-4.504032924,309.3404
98280000,4915,48.4921955201,-4.5040332383,309.3404
98300000,4916,48.4921956914,-4.5040335525,309.3404
98320000,4917,48.4921958626,-4.5040338667,309.3404
98340000,4918,48.4921960338,-4.504034181,309.3404
98360000,4919,48.492196205,-4.5040344952,309.3404
98380000,4920,48.4921963762,-4.5040348095,309.3404
98400000,4921,48.4921965474,-4.5040351237,309.3404
98420000,4922,48.4921967186,-4.5040354379,309.3404
98440000,4923,48.4921968898,-4.5040357522,309.3404
98460000,4924,48.492197061,-4.5040360664,309.3404
98480000,4925,48.4921972322,-4.5040363807,309.3404
98500000,4926,48.4921974034,-4.5040366949,309.3404
98520000,4927,48.4921975746,-4.5040370091,309.3404
98540000,4928,48.4921977458,-4.5040373234,309.3404
98560000,4929,48.492197917,-4.5040376376,309.3404
98580000,4930,48.4921980882,-4.5040379519,309.3404
98600000,4931,48.4921982594,-4.5040382661,309.3404
98620000,4932,48.4921984306,-4.5040385803,309.3404
98640000,4933,48.4921986018,-4.5040388946,309.3404
98660000,4934,48.492198773,-4.5040392088,309.3404
98680000,4935,48.4921989442,-4.504039523,309.3404
98700000,4936,48.4921991154,-4.5040398373,309.3404
98720000,4937,48.4921992866,-4.5040401515,309.3404
98740000,4938,48.4921994578,-4.5040404658,309.3404
98760000,4939,48.492199629,-4.50404078,309.3404
98780000,4940,48.4921998003,-4.5040410942,309.3404
98800000,4941,48.4921999715,-4.5040414085,309.3404
98820000,4942,48.4922001427,-4.5040417227,309.3404
98840000,4943,48.4922003139,-4.504042037,309.3404
98860000,4944,48.4922004851,-4.5040423512,309.3404
98880000,4945,48.4922006563,-4.5040426654,309.3404
98900000,4946,48.4922008275,-4.5040429797,309.3404
98920000,4947,48.4922009987,-4.5040432939,309.3404
98940000,4948,48.4922011699,-4.5040436082,309.3404
98960000,4949,48.4922013411,-4.5040439224,309.3404
98980000,4950,48.4922015123,-4.5040442366,309.3404
99000000,4951,48.4922016835,-4.5040445509,309.3404
99020000,4952,48.4922018547,-4.5040448651,309.3404
99040000,4953,48.4922020259,-4.5040451793,309.3404
99060000,4954,48.4922021971,-4.5040454936,309.3404
99080000,4955,48.4922023683,-4.5040458078,309.3404
99100000,4956,48.4922025395,-4.5040461221,309.3404
99120000,4957,48.4922027107,-4.5040464363,309.3404
99140000,4958,48.4922028819,-4.5040467505,309.3404
99160000,4959,48.4922030531,-4.5040470648,309.3404
99180000,4960,48.4922032243,-4.504047379,309.3404
99200000,4961,48.4922033955,-4.5040476933,309.3404
99220000,4962,48.4922035667,-4.5040480075,309.3404
99240000,4963,48.4922037379,-4.5040483217,309.3404
99260000,4964,48.4922039092,-4.504048636,309.3404
99280000,4965,48.4922040804,-4.5040489502,309.3404
99300000,4966,48.4922042516,-4.5040492645,309.3404
99320000,4967,48.4922044228,-4.5040495787,309.3404
99340000,4968,48.492204594,-4.5040498929,309.3404
99360000,4969,48.4922047652,-4.5040502072,309.3404
99380000,4970,48.4922049364,-4.5040505214,309.3404
99400000,4971,48.4922051076,-4.5040508356,309.3404
99420000,4972,48.4922052788,-4.5040511499,309.3404
99440000,4973,48.49220545,-4.5040514641,309.3404
99460000,4974,48.4922056212,-4.5040517784,309.3404
99480000,4975,48.4922057924,-4.5040520926,309.3404
99500000,4976,48.4922059636,-4.5040524068,309.3404
99520000,4977,48.4922061348,-4.5040527211,309.3404
99540000,4978,48.492206306,-4.5040530353,309.3404
99560000,4979,48.4922064772,-4.5040533496,309.3404
99580000,4980,48.4922066484,-4.5040536638,309.3404
99600000,4981,48.4922068196,-4.504053978,309.3404
99620000,4982,48.4922069908,-4.5040542923,309.3404
99640000,4983,48.492207162,-4.5040546065,309.3404
99660000,4984,48.4922073332,-4.5040549208,309.3404
99680000,4985,48.4922075044,-4.504055235,309.3404
99700000,4986,48.4922076756,-4.5040555492,309.3404
99720000,4987,48.4922078468,-4.5040558635,309.3404
99740000,4988,48.4922080181,-4.5040561777,309.3404
99760000,4989,48.4922081893,-4.5040564919,309.3404
99780000,4990,48.4922083605,-4.5040568062,309.3404
99800000,4991,48.4922085317,-4.5040571204,309.3404
99820000,4992,48.4922087029,-4.5040574347,309.3404
99840000,4993,48.4922088741,-4.5040577489,309.3404
99860000,4994,48.4922090453,-4.5040580631,309.3404
99880000,4995,48.4922092165,-4.5040583774,309.3404
99900000,4996,48.4922093877,-4.5040586916,309.3404
99920000,4997,48.4922095589,-4.5040590059,309.3404
99940000,4998,48.4922097301,-4.5040593201,309.3404
99960000,4999,48.4922099013,-4.5040596343,309.3404
99980000,5000,48.4922100725,-4.5040599486,309.3404
100000000,5001,48.4922102437,-4.5040602628,309.3404
100020000,5002,48.4922104149,-4.5040605771,309.3404
100040000,5003,48.4922105861,-4.5040608913,309.3404
100060000,5004,48.4922107573,-4.5040612055,309.3404
100080000,5005,48.4922109285,-4.5040615198,309.3404
100100000,5006,48.4922110997,-4.504061834,309.3404
100120000,5007,48.4922112709,-4.5040621482,309.3404
100140000,5008,48.4922114421,-4.5040624625,309.3404
100160000,5009,48.4922116133,-4.5040627767,309.3404
100180000,5010,48.4922117845,-4.504063091,309.3404
100200000,5011,48.4922119557,-4.5040634052,309.3404
100220000,5012,48.4922121269,-4.5040637194,309.3404
100240000,5013,48.4922122982,-4.5040640337,309.3404
100260000,5014,48.4922124694,-4.5040643479,309.3404
100280000,5015,48.4922126406,-4.5040646622,309.3404
100300000,5016,48.4922128118,-4.5040649764,309.3404
100320000,5017,48.492212983,-4.5040652906,309.3404
100340000,5018,48.4922131542,-4.5040656049,309.3404
100360000,5019,48.4922133254,-4.5040659191,309.3404
100380000,5020,48.4922134966,-4.5040662334,309.3404
100400000,5021,48.4922136678,-4.5040665476,309.3404
100420000,5022,48.492213839,-4.5040668618,309.3404
100440000,5023,48.4922140102,-4.5040671761,309.3404
100460000,5024,48.4922141814,-4.5040674903,309.3404
100480000,5025,48.4922143526,-4.5040678045,309.3404
100500000,5026,48.4922145238,-4.5040681188,309.3404
100520000,5027,48.492214695,-4.504068433,309.3404
100540000,5028,48.4922148662,-4.5040687473,309.3404
100560000,5029,48.4922150374,-4.5040690615,309.3404
100580000,5030,48.4922152086,-4.5040693757,309.3404
100600000,5031,48.4922153798,-4.50406969,309.3404
100620000,5032,48.492215551,-4.5040700042,309.3404
100640000,5033,48.4922157222,-4.5040703185,309.3404
100660000,5034,48.4922158934,-4.5040706327,309.3404
100680000,5035,48.4922160646,-4.5040709469,309.3404
100700000,5036,48.4922162358,-4.5040712612,309.3404
100720000,5037,48.492216407,-4.5040715754,309.3404
100740000,5038,48.4922165783,-4.5040718897,309.3404
100760000,5039,48.4922167495,-4.5040722039,309.3404
100780000,5040,48.4922169207,-4.5040725181,309.3404
100800000,5041,48.4922170919,-4.5040728324,309.3404
100820000,5042,48.4922172631,-4.5040731466,309.3404
100840000,5043,48.4922174343,-4.5040734608,309.3404
100860000,5044,48.4922176055,-4.5040737751,309.3404
100880000,5045,48.4922177767,-4.5040740893,309.3404
100900000,5046,48.4922179479,-4.5040744036,309.3404
100920000,5047,48.4922181191,-4.5040747178,309.3404
100940000,5048,48.4922182903,-4.504075032,309.3404
100960000,5049,48.4922184615,-4.5040753463,309.3404
100980000,5050,48.4922186327,-4.5040756605,309.3404
101000000,5051,48.4922188039,-4.5040759748,309.3404
101020000,5052,48.4922189751,-4.504076289,309.3404
101040000,5053,48.4922191463,-4.5040766032,309.3404
101060000,5054,48.4922193175,-4.5040769175,309.3404
101080000,5055,48.4922194887,-4.5040772317,309.3404
101100000,5056,48.4922196599,-4.504077546,309.3404
101120000,5057,48.4922198311,-4.5040778602,309.3404
101140000,5058,48.4922200023,-4.5040781744,309.3404
101160000,5059,48.4922201735,-4.5040784887,309.3404
101180000,5060,48.4922203447,-4.5040788029,309.3404
101200000,5061,48.4922205159,-4.5040791172,309.3404
101220000,5062,48.4922206872,-4.5040794314,309.3404
101240000,5063,48.4922208584,-4.5040797456,309.3404
101260000,5064,48.4922210296,-4.5040800599,309.3404
101280000,5065,48.4922212008,-4.5040803741,309.3404
101300000,5066,48.492221372,-4.5040806883,309.3404
101320000,5067,48.4922215432,-4.5040810026,309.3404
101340000,5068,48.4922217144,-4.5040813168,309.3404
101360000,5069,48.4922218856,-4.5040816311,309.3404
101380000,5070,48.4922220568,-4.5040819453,309.3404
101400000,5071,48.492222228,-4.5040822595,309.3404
101420000,5072,48.4922223992,-4.5040825738,309.3404
101440000,5073,48.4922225704,-4.504082888,309.3404
101460000,5074,48.4922227416,-4.5040832023,309.3404
101480000,5075,48.4922229128,-4.5040835165,309.3404
101500000,5076,48.492223084,-4.5040838307,309.3404
101520000,5077,48.4922232552,-4.504084145,309.3404
101540000,5078,48.4922234264,-4.5040844592,309.3404
101560000,5079,48.4922235976,-4.5040847735,309.3404
101580000,5080,48.4922237688,-4.5040850877,309.3404
101600000,5081,48.49222394,-4.5040854019,309.3404
101620000,5082,48.4922241112,-4.5040857162,309.3404
101640000,5083,48.4922242824,-4.5040860304,309.3404
101660000,5084,48.4922244536,-4.5040863446,309.3404
101680000,5085,48.4922246248,-4.5040866589,309.3404
101700000,5086,48.492224796,-4.5040869731,309.3404
101720000,5087,48.4922249673,-4.5040872874,309.3404
101740000,5088,48.4922251385,-4.5040876016,309.3404
101760000,5089,48.4922253097,-4.5040879158,309.3404
101780000,5090,48.4922254809,-4.5040882301,309.3404
101800000,5091,48.4922256521,-4.5040885443,309.3404
101820000,5092,48.4922258233,-4.5040888586,309.3404
101840000,5093,48.4922259945,-4.5040891728,309.3404
101860000,5094,48.4922261657,-4.504089487,309.3404
101880000,5095,48.4922263369,-4.5040898013,309.3404
101900000,5096,48.4922265081,-4.5040901155,309.3404
101920000,5097,48.4922266793,-4.5040904298,309.3404
101940000,5098,48.4922268505,-4.504090744,309.3404
101960000,5099,48.4922270217,-4.5040910582,309.3404
101980000,5100,48.4922271929,-4.5040913725,309.3404
102000000,5101,48.4922273641,-4.5040916867,309.3404
102020000,5102,48.4922275353,-4.504092001,309.3404
102040000,5103,48.4922277065,-4.5040923152,309.3404
102060000,5104,48.4922278777,-4.5040926294,309.3404
102080000,5105,48.4922280489,-4.5040929437,309.3404
102100000,5106,48.4922282201,-4.5040932579,309.3404
102120000,5107,48.4922283913,-4.5040935721,309.3404
102140000,5108,48.4922285625,-4.5040938864,309.3404
102160000,5109,48.4922287337,-4.5040942006,309.3404
102180000,5110,48.4922289049,-4.5040945149,309.3404
102200000,5111,48.4922290761,-4.5040948291,309.3404
102220000,5112,48.4922292474,-4.5040951433,309.3404
102240000,5113,48.4922294186,-4.5040954576,309.3404
102260000,5114,48.4922295898,-4.5040957718,309.3404
102280000,5115,48.492229761,-4.5040960861,309.3404
102300000,5116,48.4922299322,-4.5040964003,309.3404
102320000,5117,48.4922301034,-4.5040967145,309.3404
102340000,5118,48.4922302746,-4.5040970288,309.3404
102360000,5119,48.4922304458,-4.504097343,309.3404
102380000,5120,48.492230617,-4.5040976573,309.3404
102400000,5121,48.4922307882,-4.5040979715,309.3404
102420000,5122,48.4922309594,-4.5040982857,309.3404
102440000,5123,48.4922311306,-4.5040986,309.3404
102460000,5124,48.4922313018,-4.5040989142,309.3404
102480000,5125,48.492231473,-4.5040992285,309.3404
102500000,5126,48.4922316442,-4.5040995427,309.3404
102520000,5127,48.4922318154,-4.5040998569,309.3404
102540000,5128,48.4922319866,-4.5041001712,309.3404
102560000,5129,48.4922321578,-4.5041004854,309.3404
102580000,5130,48.492232329,-4.5041007996,309.3404
102600000,5131,48.4922325002,-4.5041011139,309.3404
102620000,5132,48.4922326714,-4.5041014281,309.3404
102640000,5133,48.4922328426,-4.5041017424,309.3404
102660000,5134,48.4922330138,-4.5041020566,309.3404
102680000,5135,48.492233185,-4.5041023708,309.3404
102700000,5136,48.4922333562,-4.5041026851,309.3404
102720000,5137,48.4922335274,-4.5041029993,309.3404
102740000,5138,48.4922336987,-4.5041033136,309.3404
102760000,5139,48.4922338699,-4.5041036278,309.3404
102780000,5140,48.4922340411,-4.504103942,309.3404
102800000,5141,48.4922342123,-4.5041042563,309.3404
102820000,5142,48.4922343835,-4.5041045705,309.3404
102840000,5143,48.4922345547,-4.5041048848,309.3404
102860000,5144,48.4922347259,-4.504105199,309.3404
102880000,5145,48.4922348971,-4.5041055132,309.3404
102900000,5146,48.4922350683,-4.5041058275,309.3404
102920000,5147,48.4922352395,-4.5041061417,309.3404
102940000,5148,48.4922354107,-4.504106456,309.3404
102960000,5149,48.4922355819,-4.5041067702,309.3404
102980000,5150,48.4922357531,-4.5041070844,309.3404
103000000,5151,48.4922359243,-4.5041073987,309.3404
103020000,5152,48.4922360955,-4.5041077129,309.3404
103040000,5153,48.4922362667,-4.5041080272,309.3404
103060000,5154,48.4922364379,-4.5041083414,309.3404
103080000,5155,48.4922366091,-4.5041086556,309.3404
103100000,5156,48.4922367803,-4.5041089699,309.3404
103120000,5157,48.4922369515,-4.5041092841,309.3404
103140000,5158,48.4922371227,-4.5041095983,309.3404
103160000,5159,48.4922372939,-4.5041099126,309.3404
103180000,5160,48.4922374651,-4.5041102268,309.3404
103200000,5161,48.4922376363,-4.5041105411,309.3404
103220000,5162,48.4922378075,-4.5041108553,309.3404
103240000,5163,48.4922379788,-4.5041111695,309.3404
103260000,5164,48.49223815,-4.5041114838,309.3404
103280000,5165,48.4922383212,-4.504111798,309.3404
103300000,5166,48.4922384924,-4.5041121123,309.3404
103320000,5167,48.4922386636,-4.5041124265,309.3404
103340000,5168,48.4922388348,-4.5041127407,309.3404
103360000,5169,48.492239006,-4.504113055,309.3404
103380000,5170,48.4922391772,-4.5041133692,309.3404
103400000,5171,48.4922393484,-4.5041136835,309.3404
103420000,5172,48.4922395196,-4.5041139977,309.3404
103440000,5173,48.4922396908,-4.5041143119,309.3404
103460000,5174,48.492239862,-4.5041146262,309.3404
103480000,5175,48.4922400332,-4.5041149404,309.3404
103500000,5176,48.4922402044,-4.5041152547,309.3404
103520000,5177,48.4922403756,-4.5041155689,309.3404
103540000,5178,48.4922405468,-4.5041158831,309.3404
103560000,5179,48.492240718,-4.5041161974,309.3404
103580000,5180,48.4922408892,-4.5041165116,309.3404
103600000,5181,48.4922410604,-4.5041168259,309.3404
103620000,5182,48.4922412316,-4.5041171401,309.3404
103640000,5183,48.4922414028,-4.5041174543,309.3404
103660000,5184,48.492241574,-4.5041177686,309.3404
103680000,5185,48.4922417452,-4.5041180828,309.3404
103700000,5186,48.4922419164,-4.504118397,309.3404
103720000,5187,48.4922420876,-4.5041187113,309.3404
103740000,5188,48.4922422589,-4.5041190255,309.3404
103760000,5189,48.4922424301,-4.5041193398,309.3404
103780000,5190,48.4922426013,-4.504119654,309.3404
103800000,5191,48.4922427725,-4.5041199682,309.3404
103820000,5192,48.4922429437,-4.5041202825,309.3404
103840000,5193,48.4922431149,-4.5041205967,309.3404
103860000,5194,48.4922432861,-4.504120911,309.3404
103880000,5195,48.4922434573,-4.5041212252,309.3404
103900000,5196,48.4922436285,-4.5041215394,309.3404
103920000,5197,48.4922437997,-4.5041218537,309.3404
103940000,5198,48.4922439709,-4.5041221679,309.3404
103960000,5199,48.4922441421,-4.5041224822,309.3404
103980000,5200,48.4922443133,-4.5041227964,309.3404
104000000,5201,48.4922444845,-4.5041231106,309.3404
104020000,5202,48.4922446557,-4.5041234249,309.3404
104040000,5203,48.4922448269,-4.5041237391,309.3404
104060000,5204,48.4922449981,-4.5041240534,309.3404
104080000,5205,48.4922451693,-4.5041243676,309.3404
104100000,5206,48.4922453405,-4.5041246818,309.3404
104120000,5207,48.4922455117,-4.5041249961,309.3404
104140000,5208,48.4922456829,-4.5041253103,309.3404
104160000,5209,48.4922458541,-4.5041256246,309.3404
104180000,5210,48.4922460253,-4.5041259388,309.3404
104200000,5211,48.4922461965,-4.504126253,309.3404
104220000,5212,48.4922463677,-4.5041265673,309.3404
104240000,5213,48.4922465389,-4.5041268815,309.3404
104260000,5214,48.4922467102,-4.5041271957,309.3404
104280000,5215,48.4922468814,-4.50412751,309.3404
104300000,5216,48.4922470526,-4.5041278242,309.3404
104320000,5217,48.4922472238,-4.5041281385,309.3404
104340000,5218,48.492247395,-4.5041284527,309.3404
104360000,5219,48.4922475662,-4.5041287669,309.3404
104380000,5220,48.4922477374,-4.5041290812,309.3404
104400000,5221,48.4922479086,-4.5041293954,309.3404
104420000,5222,48.4922480798,-4.5041297097,309.3404
104440000,5223,48.492248251,-4.5041300239,309.3404
104460000,5224,48.4922484222,-4.5041303381,309.3404
104480000,5225,48.4922485934,-4.5041306524,309.3404
104500000,5226,48.4922487646,-4.5041309666,309.3404
104520000,5227,48.4922489358,-4.5041312809,309.3404
104540000,5228,48.492249107,-4.5041315951,309.3404
104560000,5229,48.4922492782,-4.5041319093,309.3404
104580000,5230,48.4922494494,-4.5041322236,309.3404
104600000,5231,48.4922496206,-4.5041325378,309.3404
104620000,5232,48.4922497918,-4.5041328521,309.3404
104640000,5233,48.492249963,-4.5041331663,309.3404
104660000,5234,48.4922501342,-4.5041334805,309.3404
104680000,5235,48.4922503054,-4.5041337948,309.3404
104700000,5236,48.4922504766,-4.504134109,309.3404
104720000,5237,48.4922506478,-4.5041344233,309.3404
104740000,5238,48.492250819,-4.5041347375,309.3404
104760000,5239,48.4922509902,-4.5041350517,309.3404
104780000,5240,48.4922511615,-4.504135366,309.3404
104800000,5241,48.4922513327,-4.5041356802,309.3404
104820000,5242,48.4922515039,-4.5041359945,309.3404
104840000,5243,48.4922516751,-4.5041363087,309.3404
104860000,5244,48.4922518463,-4.5041366229,309.3404
104880000,5245,48.4922520175,-4.5041369372,309.3404
104900000,5246,48.4922521887,-4.5041372514,309.3404
104920000,5247,48.4922523599,-4.5041375656,309.3404
104940000,5248,48.4922525311,-4.5041378799,309.3404
104960000,5249,48.4922527023,-4.5041381941,309.3404
104980000,5250,48.4922528735,-4.5041385084,309.3404
105000000,5251,48.4922530447,-4.5041388226,309.3404
105020000,5252,48.4922532159,-4.5041391368,309.3404
105040000,5253,48.4922533871,-4.5041394511,309.3404
105060000,5254,48.4922535583,-4.5041397653,309.3404
105080000,5255,48.4922537295,-4.5041400796,309.3404
105100000,5256,48.4922539007,-4.5041403938,309.3404
105120000,5257,48.4922540719,-4.504140708,309.3404
105140000,5258,48.4922542431,-4.5041410223,309.3404
105160000,5259,48.4922544143,-4.5041413365,309.3404
105180000,5260,48.4922545855,-4.5041416508,309.3404
105200000,5261,48.4922547567,-4.504141965,309.3404
105220000,5262,48.4922549279,-4.5041422792,309.3404
105240000,5263,48.4922550991,-4.5041425935,309.3404
105260000,5264,48.4922552703,-4.5041429077,309.3404
105280000,5265,48.4922554415,-4.504143222,309.3404
105300000,5266,48.4922556128,-4.5041435362,309.3404
105320000,5267,48.492255784,-4.5041438504,309.3404
105340000,5268,48.4922559552,-4.5041441647,309.3404
105360000,5269,48.4922561264,-4.5041444789,309.3404
105380000,5270,48.4922562976,-4.5041447932,309.3404
105400000,5271,48.4922564688,-4.5041451074,309.3404
105420000,5272,48.49225664,-4.5041454216,309.3404
105440000,5273,48.4922568112,-4.5041457359,309.3404
105460000,5274,48.4922569824,-4.5041460501,309.3404
105480000,5275,48.4922571536,-4.5041463644,309.3404
105500000,5276,48.4922573248,-4.5041466786,309.3404
105520000,5277,48.492257496,-4.5041469928,309.3404
105540000,5278,48.4922576672,-4.5041473071,309.3404
105560000,5279,48.4922578384,-4.5041476213,309.3404
105580000,5280,48.4922580096,-4.5041479356,309.3404
105600000,5281,48.4922581808,-4.5041482498,309.3404
105620000,5282,48.492258352,-4.504148564,309.3404
105640000,5283,48.4922585232,-4.5041488783,309.3404
105660000,5284,48.4922586944,-4.5041491925,309.3404
105680000,5285,48.4922588656,-4.5041495067,309.3404
105700000,5286,48.4922590368,-4.504149821,309.3404
105720000,5287,48.492259208,-4.5041501352,309.3404
105740000,5288,48.4922593792,-4.5041504495,309.3404
105760000,5289,48.4922595504,-4.5041507637,309.3404
105780000,5290,48.4922597216,-4.5041510779,309.3404
105800000,5291,48.4922598928,-4.5041513922,309.3404
105820000,5292,48.4922600641,-4.5041517064,309.3404
105840000,5293,48.4922602353,-4.5041520207,309.3404
105860000,5294,48.4922604065,-4.5041523349,309.3404
105880000,5295,48.4922605777,-4.5041526491,309.3404
105900000,5296,48.4922607489,-4.5041529634,309.3404
105920000,5297,48.4922609201,-4.5041532776,309.3404
105940000,5298,48.4922610913,-4.5041535919,309.3404
105960000,5299,48.4922612625,-4.5041539061,309.3404
105980000,5300,48.4922614337,-4.5041542203,309.3404
106000000,5301,48.4922616049,-4.5041545346,309.3404
106020000,5302,48.4922617761,-4.5041548488,309.3404
106040000,5303,48.4922619473,-4.5041551631,309.3404
106060000,5304,48.4922621185,-4.5041554773,309.3404
106080000,5305,48.4922622897,-4.5041557915,309.3404
106100000,5306,48.4922624609,-4.5041561058,309.3404
106120000,5307,48.4922626321,-4.50415642,309.3404
106140000,5308,48.4922628033,-4.5041567343,309.3404
106160000,5309,48.4922629745,-4.5041570485,309.3404
106180000,5310,48.4922631457,-4.5041573627,309.3404
106200000,5311,48.4922633169,-4.504157677,309.3404
106220000,5312,48.4922634881,-4.5041579912,309.3404
106240000,5313,48.4922636593,-4.5041583055,309.3404
106260000,5314,48.4922638305,-4.5041586197,309.3404
106280000,5315,48.4922640017,-4.5041589339,309.3404
106300000,5316,48.4922641729,-4.5041592482,309.3404
106320000,5317,48.4922643441,-4.5041595624,309.3404
106340000,5318,48.4922645154,-4.5041598767,309.3404
106360000,5319,48.4922646866,-4.5041601909,309.3404
106380000,5320,48.4922648578,-4.5041605051,309.3404
106400000,5321,48.492265029,-4.5041608194,309.3404
106420000,5322,48.4922652002,-4.5041611336,309.3404
106440000,5323,48.4922653714,-4.5041614479,309.3404
106460000,5324,48.4922655426,-4.5041617621,309.3404
106480000,5325,48.4922657138,-4.5041620763,309.3404
106500000,5326,48.492265885,-4.5041623906,309.3404
106520000,5327,48.4922660562,-4.5041627048,309.3404
106540000,5328,48.4922662274,-4.5041630191,309.3404
106560000,5329,48.4922663986,-4.5041633333,309.3404
106580000,5330,48.4922665698,-4.5041636475,309.3404
106600000,5331,48.492266741,-4.5041639618,309.3404
106620000,5332,48.4922669122,-4.504164276,309.3404
106640000,5333,48.4922670834,-4.5041645902,309.3404
106660000,5334,48.4922672546,-4.5041649045,309.3404
106680000,5335,48.4922674258,-4.5041652187,309.3404
106700000,5336,48.492267597,-4.504165533,309.3404
106720000,5337,48.4922677682,-4.5041658472,309.3404
106740000,5338,48.4922679394,-4.5041661614,309.3404
106760000,5339,48.4922681106,-4.5041664757,309.3404
106780000,5340,48.4922682818,-4.5041667899,309.3404
106800000,5341,48.492268453,-4.5041671042,309.3404
106820000,5342,48.4922686242,-4.5041674184,309.3404
106840000,5343,48.4922687954,-4.5041677326,309.3404
106860000,5344,48.4922689667,-4.5041680469,309.3404
106880000,5345,48.4922691379,-4.5041683611,309.3404
106900000,5346,48.4922693091,-4.5041686754,309.3404
106920000,5347,48.4922694803,-4.5041689896,309.3404
106940000,5348,48.4922696515,-4.5041693038,309.3404
106960000,5349,48.4922698227,-4.5041696181,309.3404
106980000,5350,48.4922699939,-4.5041699323,309.3404
107000000,5351,48.4922701651,-4.5041702466,309.3404
107020000,5352,48.4922703363,-4.5041705608,309.3404
107040000,5353,48.4922705075,-4.504170875,309.3404
107060000,5354,48.4922706787,-4.5041711893,309.3404
107080000,5355,48.4922708499,-4.5041715035,309.3404
107100000,5356,48.4922710211,-4.5041718178,309.3404
107120000,5357,48.4922711923,-4.504172132,309.3404
107140000,5358,48.4922713635,-4.5041724462,309.3404
107160000,5359,48.4922715347,-4.5041727605,309.3404
107180000,5360,48.4922717059,-4.5041730747,309.3404
107200000,5361,48.4922718771,-4.504173389,309.3404
107220000,5362,48.4922720483,-4.5041737032,309.3404
107240000,5363,48.4922722195,-4.5041740174,309.3404
107260000,5364,48.4922723907,-4.5041743317,309.3404
107280000,5365,48.4922725619,-4.5041746459,309.3404
107300000,5366,48.4922727331,-4.5041749602,309.3404
107320000,5367,48.4922729043,-4.5041752744,309.3404
107340000,5368,48.4922730755,-4.5041755886,309.3404
107360000,5369,48.4922732467,-4.5041759029,309.3404
107380000,5370,48.4922734179,-4.5041762171,309.3404
107400000,5371,48.4922735892,-4.5041765314,309.3404
107420000,5372,48.4922737604,-4.5041768456,309.3404
107440000,5373,48.4922739316,-4.5041771598,309.3404
107460000,5374,48.4922741028,-4.5041774741,309.3404
107480000,5375,48.492274274,-4.5041777883,309.3404
107500000,5376,48.4922744452,-4.5041781026,309.3404
107520000,5377,48.4922746164,-4.5041784168,309.3404
107540000,5378,48.4922747876,-4.504178731,309.3404
107560000,5379,48.4922749588,-4.5041790453,309.3404
107580000,5380,48.49227513,-4.5041793595,309.3404
107600000,5381,48.4922753012,-4.5041796738,309.3404
107620000,5382,48.4922754724,-4.504179988,309.3404
107640000,5383,48.4922756436,-4.5041803022,309.3404
107660000,5384,48.4922758148,-4.5041806165,309.3404
107680000,5385,48.492275986,-4.5041809307,309.3404
107700000,5386,48.4922761572,-4.504181245,309.3404
107720000,5387,48.4922763284,-4.5041815592,309.3404
107740000,5388,48.4922764996,-4.5041818734,309.3404
107760000,5389,48.4922766708,-4.5041821877,309.3404
107780000,5390,48.492276842,-4.5041825019,309.3404
107800000,5391,48.4922770132,-4.5041828162,309.3404
107820000,5392,48.4922771844,-4.5041831304,309.3404
107840000,5393,48.4922773556,-4.5041834446,309.3404
107860000,5394,48.4922775268,-4.5041837589,309.3404
107880000,5395,48.492277698,-4.5041840731,309.3404
107900000,5396,48.4922778692,-4.5041843873,309.3404
107920000,5397,48.4922780405,-4.5041847016,309.3404
107940000,5398,48.4922782117,-4.5041850158,309.3404
107960000,5399,48.4922783829,-4.5041853301,309.3404
107980000,5400,48.4922785541,-4.5041856443,309.3404
108000000,5401,48.4922787253,-4.5041859585,309.3404
108020000,5402,48.4922788965,-4.5041862728,309.3404
108040000,5403,48.4922790677,-4.504186587,309.3404
108060000,5404,48.4922792389,-4.5041869013,309.3404
108080000,5405,48.4922794101,-4.5041872155,309.3404
108100000,5406,48.4922795813,-4.5041875297,309.3404
108120000,5407,48.4922797525,-4.504187844,309.3404
108140000,5408,48.4922799237,-4.5041881582,309.3404
108160000,5409,48.4922800949,-4.5041884725,309.3404
108180000,5410,48.4922802661,-4.5041887867,309.3404
108200000,5411,48.4922804373,-4.5041891009,309.3404
108220000,5412,48.4922806085,-4.5041894152,309.3404
108240000,5413,48.4922807797,-4.5041897294,309.3404
108260000,5414,48.4922809509,-4.5041900437,309.3404
108280000,5415,48.4922811221,-4.5041903579,309.3404
108300000,5416,48.4922812933,-4.5041906721,309.3404
108320000,5417,48.4922814645,-4.5041909864,309.3404
108340000,5418,48.4922816357,-4.5041913006,309.3404
108360000,5419,48.4922818069,-4.5041916149,309.3404
108380000,5420,48.4922819781,-4.5041919291,309.3404
108400000,5421,48.4922821493,-4.5041922433,309.3404
108420000,5422,48.4922823205,-4.5041925576,309.3404
108440000,5423,48.4922824917,-4.5041928718,309.3404
108460000,5424,48.492282663,-4.5041931861,309.3404
108480000,5425,48.4922828342,-4.5041935003,309.3404
108500000,5426,48.4922830054,-4.5041938145,309.3404
108520000,5427,48.4922831766,-4.5041941288,309.3404
108540000,5428,48.4922833478,-4.504194443,309.3404
108560000,5429,48.492283519,-4.5041947573,309.3404
108580000,5430,48.4922836902,-4.5041950715,309.3404
108600000,5431,48.4922838614,-4.5041953857,309.3404
108620000,5432,48.4922840326,-4.5041957,309.3404
108640000,5433,48.4922842038,-4.5041960142,309.3404
108660000,5434,48.492284375,-4.5041963285,309.3404
108680000,5435,48.4922845462,-4.5041966427,309.3404
108700000,5436,48.4922847174,-4.5041969569,309.3404
108720000,5437,48.4922848886,-4.5041972712,309.3404
108740000,5438,48.4922850598,-4.5041975854,309.3404
108760000,5439,48.492285231,-4.5041978997,309.3404
108780000,5440,48.4922854022,-4.5041982139,309.3404
108800000,5441,48.4922855734,-4.5041985281,309.3404
108820000,5442,48.4922857446,-4.5041988424,309.3404
108840000,5443,48.4922859158,-4.5041991566,309.3404
108860000,5444,48.492286087,-4.5041994709,309.3404
108880000,5445,48.4922862582,-4.5041997851,309.3404
108900000,5446,48.4922864294,-4.5042000993,309.3404
108920000,5447,48.4922866006,-4.5042004136,309.3404
108940000,5448,48.4922867718,-4.5042007278,309.3404
108960000,5449,48.492286943,-4.5042010421,309.3404
108980000,5450,48.4922871142,-4.5042013563,309.3404
109000000,5451,48.4922872855,-4.5042016705,309.3404
109020000,5452,48.4922874567,-4.5042019848,309.3404
109040000,5453,48.4922876279,-4.504202299,309.3404
109060000,5454,48.4922877991,-4.5042026133,309.3404
109080000,5455,48.4922879703,-4.5042029275,309.3404
109100000,5456,48.4922881415,-4.5042032417,309.3404
109120000,5457,48.4922883127,-4.504203556,309.3404
109140000,5458,48.4922884839,-4.5042038702,309.3404
109160000,5459,48.4922886551,-4.5042041845,309.3404
109180000,5460,48.4922888263,-4.5042044987,309.3404
109200000,5461,48.4922889975,-4.5042048129,309.3404
109220000,5462,48.4922891687,-4.5042051272,309.3404
109240000,5463,48.4922893399,-4.5042054414,309.3404
109260000,5464,48.4922895111,-4.5042057557,309.3404
109280000,5465,48.4922896823,-4.5042060699,309.3404
109300000,5466,48.4922898535,-4.5042063841,309.3404
109320000,5467,48.4922900247,-4.5042066984,309.3404
109340000,5468,48.4922901959,-4.5042070126,309.3404
109360000,5469,48.4922903671,-4.5042073269,309.3404
109380000,5470,48.4922905383,-4.5042076411,309.3404
109400000,5471,48.4922907095,-4.5042079553,309.3404
109420000,5472,48.4922908807,-4.5042082696,309.3404
109440000,5473,48.4922910519,-4.5042085838,309.3404
109460000,5474,48.4922912231,-4.5042088981,309.3404
109480000,5475,48.4922913943,-4.5042092123,309.3404
109500000,5476,48.4922915655,-4.5042095265,309.3404
109520000,5477,48.4922917367,-4.5042098408,309.3404
109540000,5478,48.492291908,-4.504210155,309.3404
109560000,5479,48.4922920792,-4.5042104693,309.3404
109580000,5480,48.4922922504,-4.5042107835,309.3404
109600000,5481,48.4922924216,-4.5042110977,309.3404
109620000,5482,48.4922925928,-4.504211412,309.3404
109640000,5483,48.492292764,-4.5042117262,309.3404
109660000,5484,48.4922929352,-4.5042120405,309.3404
109680000,5485,48.4922931064,-4.5042123547,309.3404
109700000,5486,48.4922932776,-4.5042126689,309.3404
109720000,5487,48.4922934488,-4.5042129832,309.3404
109740000,5488,48.49229362,-4.5042132974,309.3404
109760000,5489,48.4922937912,-4.5042136117,309.3404
109780000,5490,48.4922939624,-4.5042139259,309.3404
109800000,5491,48.4922941336,-4.5042142401,309.3404
109820000,5492,48.4922943048,-4.5042145544,309.3404
109840000,5493,48.492294476,-4.5042148686,309.3404
109860000,5494,48.4922946472,-4.5042151829,309.3404
109880000,5495,48.4922948184,-4.5042154971,309.3404
109900000,5496,48.4922949896,-4.5042158113,309.3404
109920000,5497,48.4922951608,-4.5042161256,309.3404
109940000,5498,48.492295332,-4.5042164398,309.3404
109960000,5499,48.4922955032,-4.5042167541,309.3404
109980000,5500,48.4922956744,-4.5042170683,309.3404
110000000,5501,48.4922958456,-4.5042173825,309.3404
110020000,5502,48.4922960168,-4.5042176968,309.3404
110040000,5503,48.492296188,-4.504218011,309.3404
110060000,5504,48.4922963592,-4.5042183253,309.3404
110080000,5505,48.4922965304,-4.5042186395,309.3404
110100000,5506,48.4922967017,-4.5042189537,309.3404
110120000,5507,48.4922968729,-4.504219268,309.3404
110140000,5508,48.4922970441,-4.5042195822,309.3404
110160000,5509,48.4922972153,-4.5042198965,309.3404
110180000,5510,48.4922973865,-4.5042202107,309.3404
110200000,5511,48.4922975577,-4.5042205249,309.3404
110220000,5512,48.4922977289,-4.5042208392,309.3404
110240000,5513,48.4922979001,-4.5042211534,309.3404
110260000,5514,48.4922980713,-4.5042214677,309.3404
110280000,5515,48.4922982425,-4.5042217819,309.3404
110300000,5516,48.4922984137,-4.5042220961,309.3404
110320000,5517,48.4922985849,-4.5042224104,309.3404
110340000,5518,48.4922987561,-4.5042227246,309.3404
110360000,5519,48.4922989273,-4.5042230389,309.3404
110380000,5520,48.4922990985,-4.5042233531,309.3404
110400000,5521,48.4922992697,-4.5042236673,309.3404
110420000,5522,48.4922994409,-4.5042239816,309.3404
110440000,5523,48.4922996121,-4.5042242958,309.3404
110460000,5524,48.4922997833,-4.5042246101,309.3404
110480000,5525,48.4922999545,-4.5042249243,309.3404
110500000,5526,48.4923001257,-4.5042252385,309.3404
110520000,5527,48.4923002969,-4.5042255528,309.3404
110540000,5528,48.4923004681,-4.504225867,309.3404
110560000,5529,48.4923006393,-4.5042261813,309.3404
110580000,5530,48.4923008105,-4.5042264955,309.3404
110600000,5531,48.4923009817,-4.5042268097,309.3404
110620000,5532,48.4923011529,-4.504227124,309.3404
110640000,5533,48.4923013242,-4.5042274382,309.3404
110660000,5534,48.4923014954,-4.5042277525,309.3404
110680000,5535,48.4923016666,-4.5042280667,309.3404
110700000,5536,48.4923018378,-4.5042283809,309.3404
110720000,5537,48.492302009,-4.5042286952,309.3404
110740000,5538,48.4923021802,-4.5042290094,309.3404
110760000,5539,48.4923023514,-4.5042293237,309.3404
110780000,5540,48.4923025226,-4.5042296379,309.3404
110800000,5541,48.4923026938,-4.5042299521,309.3404
110820000,5542,48.492302865,-4.5042302664,309.3404
110840000,5543,48.4923030362,-4.5042305806,309.3404
110860000,5544,48.4923032074,-4.5042308949,309.3404
110880000,5545,48.4923033786,-4.5042312091,309.3404
110900000,5546,48.4923035498,-4.5042315233,309.3404
110920000,5547,48.492303721,-4.5042318376,309.3404
110940000,5548,48.4923038922,-4.5042321518,309.3404
110960000,5549,48.4923040634,-4.5042324661,309.3404
110980000,5550,48.4923042346,-4.5042327803,309.3404
111000000,5551,48.4923044058,-4.5042330945,309.3404
111020000,5552,48.492304577,-4.5042334088,309.3404
111040000,5553,48.4923047482,-4.504233723,309.3404
111060000,5554,48.4923049194,-4.5042340373,309.3404
111080000,5555,48.4923050906,-4.5042343515,309.3404
111100000,5556,48.4923052618,-4.5042346657,309.3404
111120000,5557,48.492305433,-4.50423498,309.3404
111140000,5558,48.4923056042,-4.5042352942,309.3404
111160000,5559,48.4923057754,-4.5042356085,309.3404
111180000,5560,48.4923059466,-4.5042359227,309.3404
111200000,5561,48.4923061179,-4.5042362369,309.3404
111220000,5562,48.4923062891,-4.5042365512,309.3404
111240000,5563,48.4923064603,-4.5042368654,309.3404
111260000,5564,48.4923066315,-4.5042371797,309.3404
111280000,5565,48.4923068027,-4.5042374939,309.3404
111300000,5566,48.4923069739,-4.5042378081,309.3404
111320000,5567,48.4923071451,-4.5042381224,309.3404
111340000,5568,48.4923073163,-4.5042384366,309.3404
111360000,5569,48.4923074875,-4.5042387509,309.3404
111380000,5570,48.4923076587,-4.5042390651,309.3404
111400000,5571,48.4923078299,-4.5042393793,309.3404
111420000,5572,48.4923080011,-4.5042396936,309.3404
111440000,5573,48.4923081723,-4.5042400078,309.3404
111460000,5574,48.4923083435,-4.5042403221,309.3404
111480000,5575,48.4923085147,-4.5042406363,309.3404
111500000,5576,48.4923086859,-4.5042409505,309.3404
111520000,5577,48.4923088571,-4.5042412648,309.3404
111540000,5578,48.4923090283,-4.504241579,309.3404
111560000,5579,48.4923091995,-4.5042418933,309.3404
111580000,5580,48.4923093707,-4.5042422075,309.3404
111600000,5581,48.4923095419,-4.5042425217,309.3404
111620000,5582,48.4923097131,-4.504242836,309.3404
111640000,5583,48.4923098843,-4.5042431502,309.3404
111660000,5584,48.4923100555,-4.5042434645,309.3404
111680000,5585,48.4923102267,-4.5042437787,309.3404
111700000,5586,48.4923103979,-4.5042440929,309.3404
111720000,5587,48.4923105691,-4.5042444072,309.3404
111740000,5588,48.4923107403,-4.5042447214,309.3404
111760000,5589,48.4923109116,-4.5042450357,309.3404
111780000,5590,48.4923110828,-4.5042453499,309.3404
111800000,5591,48.492311254,-4.5042456641,309.3404
111820000,5592,48.4923114252,-4.5042459784,309.3404
111840000,5593,48.4923115964,-4.5042462926,309.3404
111860000,5594,48.4923117676,-4.5042466069,309.3404
111880000,5595,48.4923119388,-4.5042469211,309.3404
111900000,5596,48.49231211,-4.5042472353,309.3404
111920000,5597,48.4923122812,-4.5042475496,309.3404
111940000,5598,48.4923124524,-4.5042478638,309.3404
111960000,5599,48.4923126236,-4.5042481781,309.3404
111980000,5600,48.4923127948,-4.5042484923,309.3404
112000000,5601,48.492312966,-4.5042488065,309.3404
112020000,5602,48.4923131372,-4.5042491208,309.3404
112040000,5603,48.4923133084,-4.504249435,309.3404
112060000,5604,48.4923134796,-4.5042497493,309.3404
112080000,5605,48.4923136508,-4.5042500635,309.3404
112100000,5606,48.492313822,-4.5042503777,309.3404
112120000,5607,48.4923139932,-4.504250692,309.3404
112140000,5608,48.4923141644,-4.5042510062,309.3404
112160000,5609,48.4923143356,-4.5042513205,309.3404
112180000,5610,48.4923145068,-4.5042516347,309.3404
112200000,5611,48.492314678,-4.5042519489,309.3404
112220000,5612,48.4923148492,-4.5042522632,309.3404
112240000,5613,48.4923150204,-4.5042525774,309.3404
112260000,5614,48.4923151916,-4.5042528917,309.3404
112280000,5615,48.4923153628,-4.5042532059,309.3404
112300000,5616,48.492315534,-4.5042535201,309.3404
112320000,5617,48.4923157053,-4.5042538344,309.3404
112340000,5618,48.4923158765,-4.5042541486,309.3404
112360000,5619,48.4923160477,-4.5042544629,309.3404
112380000,5620,48.4923162189,-4.5042547771,309.3404
112400000,5621,48.4923163901,-4.5042550913,309.3404
112420000,5622,48.4923165613,-4.5042554056,309.3404
112440000,5623,48.4923167325,-4.5042557198,309.3404
112460000,5624,48.4923169037,-4.5042560341,309.3404
112480000,5625,48.4923170749,-4.5042563483,309.3404
112500000,5626,48.4923172461,-4.5042566625,309.3404
112520000,5627,48.4923174173,-4.5042569768,309.3404
112540000,5628,48.4923175885,-4.504257291,309.3404
112560000,5629,48.4923177597,-4.5042576053,309.3404
112580000,5630,48.4923179309,-4.5042579195,309.3404
112600000,5631,48.4923181021,-4.5042582337,309.3404
112620000,5632,48.4923182733,-4.504258548,309.3404
112640000,5633,48.4923184445,-4.5042588622,309.3404
112660000,5634,48.4923186157,-4.5042591765,309.3404
112680000,5635,48.4923187869,-4.5042594907,309.3404
112700000,5636,48.4923189581,-4.504259805,309.3404
112720000,5637,48.4923191293,-4.5042601192,309.3404
112740000,5638,48.4923193005,-4.5042604334,309.3404
112760000,5639,48.4923194717,-4.5042607477,309.3404
112780000,5640,48.4923196429,-4.5042610619,309.3404
112800000,5641,48.4923198141,-4.5042613762,309.3404
112820000,5642,48.4923199853,-4.5042616904,309.3404
112840000,5643,48.4923201565,-4.5042620046,309.3404
112860000,5644,48.4923203277,-4.5042623189,309.3404
112880000,5645,48.492320499,-4.5042626331,309.3404
112900000,5646,48.4923206702,-4.5042629474,309.3404
112920000,5647,48.4923208414,-4.5042632616,309.3404
112940000,5648,48.4923210126,-4.5042635758,309.3404
112960000,5649,48.4923211838,-4.5042638901,309.3404
112980000,5650,48.492321355,-4.5042642043,309.3404
113000000,5651,48.4923215262,-4.5042645186,309.3404
113020000,5652,48.4923216974,-4.5042648328,309.3404
113040000,5653,48.4923218686,-4.504265147,309.3404
113060000,5654,48.4923220398,-4.5042654613,309.3404
113080000,5655,48.492322211,-4.5042657755,309.3404
113100000,5656,48.4923223822,-4.5042660898,309.3404
113120000,5657,48.4923225534,-4.504266404,309.3404
113140000,5658,48.4923227246,-4.5042667182,309.3404
113160000,5659,48.4923228958,-4.5042670325,309.3404
113180000,5660,48.492323067,-4.5042673467,309.3404
113200000,5661,48.4923232382,-4.504267661,309.3404
113220000,5662,48.4923234094,-4.5042679752,309.3404
113240000,5663,48.4923235806,-4.5042682894,309.3404
113260000,5664,48.4923237518,-4.5042686037,309.3404
113280000,5665,48.492323923,-4.5042689179,309.3404
113300000,5666,48.4923240942,-4.5042692322,309.3404
113320000,5667,48.4923242654,-4.5042695464,309.3404
113340000,5668,48.4923244366,-4.5042698606,309.3404
113360000,5669,48.4923246078,-4.5042701749,309.3404
113380000,5670,48.492324779,-4.5042704891,309.3404
113400000,5671,48.4923249502,-4.5042708034,309.3404
113420000,5672,48.4923251214,-4.5042711176,309.3404
113440000,5673,48.4923252926,-4.5042714318,309.3404
113460000,5674,48.4923254639,-4.5042717461,309.3404
113480000,5675,48.4923256351,-4.5042720603,309.3404
113500000,5676,48.4923258063,-4.5042723746,309.3404
113520000,5677,48.4923259775,-4.5042726888,309.3404
113540000,5678,48.4923261487,-4.504273003,309.3404
113560000,5679,48.4923263199,-4.5042733173,309.3404
113580000,5680,48.4923264911,-4.5042736315,309.3404
113600000,5681,48.4923266623,-4.5042739458,309.3404
113620000,5682,48.4923268335,-4.50427426,309.3404
113640000,5683,48.4923270047,-4.5042745742,309.3404
113660000,5684,48.4923271759,-4.5042748885,309.3404
113680000,5685,48.4923273471,-4.5042752027,309.3404
113700000,5686,48.4923275183,-4.504275517,309.3404
113720000,5687,48.4923276895,-4.5042758312,309.3404
113740000,5688,48.4923278607,-4.5042761454,309.3404
113760000,5689,48.4923280319,-4.5042764597,309.3404
113780000,5690,48.4923282031,-4.5042767739,309.3404
113800000,5691,48.4923283743,-4.5042770882,309.3404
113820000,5692,48.4923285455,-4.5042774024,309.3404
113840000,5693,48.4923287167,-4.5042777166,309.3404
113860000,5694,48.4923288879,-4.5042780309,309.3404
113880000,5695,48.4923290591,-4.5042783451,309.3404
113900000,5696,48.4923292303,-4.5042786594,309.3404
113920000,5697,48.4923294015,-4.5042789736,309.3404
113940000,5698,48.4923295727,-4.5042792879,309.3404
113960000,5699,48.4923297439,-4.5042796021,309.3404
113980000,5700,48.4923299151,-4.5042799163,309.3404
114000000,5701,48.4923300863,-4.5042802306,309.3404
114020000,5702,48.4923302575,-4.5042805448,309.3404
114040000,5703,48.4923304288,-4.5042808591,309.3404
114060000,5704,48.4923306,-4.5042811733,309.3404
114080000,5705,48.4923307712,-4.5042814875,309.3404
114100000,5706,48.4923309424,-4.5042818018,309.3404
114120000,5707,48.4923311136,-4.504282116,309.3404
114140000,5708,48.4923312848,-4.5042824303,309.3404
114160000,5709,48.492331456,-4.5042827445,309.3404
114180000,5710,48.4923316272,-4.5042830587,309.3404
114200000,5711,48.4923317984,-4.504283373,309.3404
114220000,5712,48.4923319696,-4.5042836872,309.3404
114240000,5713,48.4923321408,-4.5042840015,309.3404
114260000,5714,48.492332312,-4.5042843157,309.3404
114280000,5715,48.4923324832,-4.5042846299,309.3404
114300000,5716,48.4923326544,-4.5042849442,309.3404
114320000,5717,48.4923328256,-4.5042852584,309.3404
114340000,5718,48.4923329968,-4.5042855727,309.3404
114360000,5719,48.492333168,-4.5042858869,309.3404
114380000,5720,48.4923333392,-4.5042862011,309.3404
114400000,5721,48.4923335104,-4.5042865154,309.3404
114420000,5722,48.4923336816,-4.5042868296,309.3404
114440000,5723,48.4923338528,-4.5042871439,309.3404
114460000,5724,48.492334024,-4.5042874581,309.3404
114480000,5725,48.4923341952,-4.5042877723,309.3404
114500000,5726,48.4923343664,-4.5042880866,309.3404
114520000,5727,48.4923345376,-4.5042884008,309.3404
114540000,5728,48.4923347088,-4.5042887151,309.3404
114560000,5729,48.49233488,-4.5042890293,309.3404
114580000,5730,48.4923350512,-4.5042893435,309.3404
114600000,5731,48.4923352225,-4.5042896578,309.3404
114620000,5732,48.4923353937,-4.504289972,309.3404
114640000,5733,48.4923355649,-4.5042902863,309.3404
114660000,5734,48.4923357361,-4.5042906005,309.3404
114680000,5735,48.4923359073,-4.5042909147,309.3404
114700000,5736,48.4923360785,-4.504291229,309.3404
114720000,5737,48.4923362497,-4.5042915432,309.3404
114740000,5738,48.4923364209,-4.5042918575,309.3404
114760000,5739,48.4923365921,-4.5042921717,309.3404
114780000,5740,48.4923367633,-4.5042924859,309.3404
114800000,5741,48.4923369345,-4.5042928002,309.3404
114820000,5742,48.4923371057,-4.5042931144,309.3404
114840000,5743,48.4923372769,-4.5042934287,309.3404
114860000,5744,48.4923374481,-4.5042937429,309.3404
114880000,5745,48.4923376193,-4.5042940572,309.3404
114900000,5746,48.4923377905,-4.5042943714,309.3404
114920000,5747,48.4923379617,-4.5042946856,309.3404
114940000,5748,48.4923381329,-4.5042949999,309.3404
114960000,5749,48.4923383041,-4.5042953141,309.3404
114980000,5750,48.4923384753,-4.5042956284,309.3404
115000000,5751,48.4923386465,-4.5042959426,309.3404
115020000,5752,48.4923388177,-4.5042962568,309.3404
115040000,5753,48.4923389889,-4.5042965711,309.3404
115060000,5754,48.4923391601,-4.5042968853,309.3404
115080000,5755,48.4923393313,-4.5042971996,309.3404
115100000,5756,48.4923395025,-4.5042975138,309.3404
115120000,5757,48.4923396737,-4.504297828,309.3404
115140000,5758,48.4923398449,-4.5042981423,309.3404
115160000,5759,48.4923400161,-4.5042984565,309.3404
115180000,5760,48.4923401873,-4.5042987708,309.3404
115200000,5761,48.4923403586,-4.504299085,309.3404
115220000,5762,48.4923405298,-4.5042993992,309.3404
115240000,5763,48.492340701,-4.5042997135,309.3404
115260000,5764,48.4923408722,-4.5043000277,309.3404
115280000,5765,48.4923410434,-4.504300342,309.3404
115300000,5766,48.4923412146,-4.5043006562,309.3404
115320000,5767,48.4923413858,-4.5043009704,309.3404
115340000,5768,48.492341557,-4.5043012847,309.3404
115360000,5769,48.4923417282,-4.5043015989,309.3404
115380000,5770,48.4923418994,-4.5043019132,309.3404
115400000,5771,48.4923420706,-4.5043022274,309.3404
115420000,5772,48.4923422418,-4.5043025416,309.3404
115440000,5773,48.492342413,-4.5043028559,309.3404
115460000,5774,48.4923425842,-4.5043031701,309.3404
115480000,5775,48.4923427554,-4.5043034844,309.3404
115500000,5776,48.4923429266,-4.5043037986,309.3404
115520000,5777,48.4923430978,-4.5043041128,309.3404
115540000,5778,48.492343269,-4.5043044271,309.3404
115560000,5779,48.4923434402,-4.5043047413,309.3404
115580000,5780,48.4923436114,-4.5043050556,309.3404
115600000,5781,48.4923437826,-4.5043053698,309.3404
115620000,5782,48.4923439538,-4.5043056841,309.3404
115640000,5783,48.492344125,-4.5043059983,309.3404
115660000,5784,48.4923442962,-4.5043063125,309.3404
115680000,5785,48.4923444674,-4.5043066268,309.3404
115700000,5786,48.4923446386,-4.504306941,309.3404
115720000,5787,48.4923448098,-4.5043072553,309.3404
115740000,5788,48.492344981,-4.5043075695,309.3404
115760000,5789,48.4923451522,-4.5043078837,309.3404
115780000,5790,48.4923453235,-4.504308198,309.3404
115800000,5791,48.4923454947,-4.5043085122,309.3404
115820000,5792,48.4923456659,-4.5043088265,309.3404
115840000,5793,48.4923458371,-4.5043091407,309.3404
115860000,5794,48.4923460083,-4.5043094549,309.3404
115880000,5795,48.4923461795,-4.5043097692,309.3404
115900000,5796,48.4923463507,-4.5043100834,309.3404
115920000,5797,48.4923465219,-4.5043103977,309.3404
115940000,5798,48.4923466931,-4.5043107119,309.3404
115960000,5799,48.4923468643,-4.5043110261,309.3404
115980000,5800,48.4923470355,-4.5043113404,309.3404
116000000,5801,48.4923472067,-4.5043116546,309.3404
116020000,5802,48.4923473779,-4.5043119689,309.3404
116040000,5803,48.4923475491,-4.5043122831,309.3404
116060000,5804,48.4923477203,-4.5043125973,309.3404
116080000,5805,48.4923478915,-4.5043129116,309.3404
116100000,5806,48.4923480627,-4.5043132258,309.3404
116120000,5807,48.4923482339,-4.5043135401,309.3404
116140000,5808,48.4923484051,-4.5043138543,309.3404
116160000,5809,48.4923485763,-4.5043141685,309.3404
116180000,5810,48.4923487475,-4.5043144828,309.3404
116200000,5811,48.4923489187,-4.504314797,309.3404
116220000,5812,48.4923490899,-4.5043151113,309.3404
116240000,5813,48.4923492611,-4.5043154255,309.3404
116260000,5814,48.4923494323,-4.5043157398,309.3404
116280000,5815,48.4923496035,-4.504316054,309.3404
116300000,5816,48.4923497747,-4.5043163682,309.3404
116320000,5817,48.4923499459,-4.5043166825,309.3404
116340000,5818,48.4923501171,-4.5043169967,309.3404
116360000,5819,48.4923502884,-4.504317311,309.3404
116380000,5820,48.4923504596,-4.5043176252,309.3404
116400000,5821,48.4923506308,-4.5043179394,309.3404
116420000,5822,48.492350802,-4.5043182537,309.3404
116440000,5823,48.4923509732,-4.5043185679,309.3404
116460000,5824,48.4923511444,-4.5043188822,309.3404
116480000,5825,48.4923513156,-4.5043191964,309.3404
116500000,5826,48.4923514868,-4.5043195106,309.3404
116520000,5827,48.492351658,-4.5043198249,309.3404
116540000,5828,48.4923518292,-4.5043201391,309.3404
116560000,5829,48.4923520004,-4.5043204534,309.3404
116580000,5830,48.4923521716,-4.5043207676,309.3404
116600000,5831,48.4923523428,-4.5043210818,309.3404
116620000,5832,48.492352514,-4.5043213961,309.3404
116640000,5833,48.4923526852,-4.5043217103,309.3404
116660000,5834,48.4923528564,-4.5043220246,309.3404
116680000,5835,48.4923530276,-4.5043223388,309.3404
116700000,5836,48.4923531988,-4.504322653,309.3404
116720000,5837,48.49235337,-4.5043229673,309.3404
116740000,5838,48.4923535412,-4.5043232815,309.3404
116760000,5839,48.4923537124,-4.5043235958,309.3404
116780000,5840,48.4923538836,-4.50432391,309.3404
116800000,5841,48.4923540548,-4.5043242242,309.3404
116820000,5842,48.492354226,-4.5043245385,309.3404
116840000,5843,48.4923543972,-4.5043248527,309.3404
116860000,5844,48.4923545684,-4.504325167,309.3404
116880000,5845,48.4923547396,-4.5043254812,309.3404
116900000,5846,48.4923549108,-4.5043257955,309.3404
116920000,5847,48.492355082,-4.5043261097,309.3404
116940000,5848,48.4923552532,-4.5043264239,309.3404
116960000,5849,48.4923554245,-4.5043267382,309.3404
116980000,5850,48.4923555957,-4.5043270524,309.3404
117000000,5851,48.4923557669,-4.5043273667,309.3404
117020000,5852,48.4923559381,-4.5043276809,309.3404
117040000,5853,48.4923561093,-4.5043279951,309.3404
117060000,5854,48.4923562805,-4.5043283094,309.3404
117080000,5855,48.4923564517,-4.5043286236,309.3404
117100000,5856,48.4923566229,-4.5043289379,309.3404
117120000,5857,48.4923567941,-4.5043292521,309.3404
117140000,5858,48.4923569653,-4.5043295663,309.3404
117160000,5859,48.4923571365,-4.5043298806,309.3404
117180000,5860,48.4923573077,-4.5043301948,309.3404
117200000,5861,48.4923574789,-4.5043305091,309.3404
117220000,5862,48.4923576501,-4.5043308233,309.3404
117240000,5863,48.4923578213,-4.5043311375,309.3404
117260000,5864,48.4923579925,-4.5043314518,309.3404
117280000,5865,48.4923581637,-4.504331766,309.3404
117300000,5866,48.4923583349,-4.5043320803,309.3404
117320000,5867,48.4923585061,-4.5043323945,309.3404
117340000,5868,48.4923586773,-4.5043327087,309.3404
117360000,5869,48.4923588485,-4.504333023,309.3404
117380000,5870,48.4923590197,-4.5043333372,309.3404
117400000,5871,48.4923591909,-4.5043336515,309.3404
117420000,5872,48.4923593621,-4.5043339657,309.3404
117440000,5873,48.4923595333,-4.50433428,309.3404
117460000,5874,48.4923597045,-4.5043345942,309.3404
117480000,5875,48.4923598757,-4.5043349084,309.3404
117500000,5876,48.4923600469,-4.5043352227,309.3404
117520000,5877,48.4923602181,-4.5043355369,309.3404
117540000,5878,48.4923603893,-4.5043358512,309.3404
117560000,5879,48.4923605606,-4.5043361654,309.3404
117580000,5880,48.4923607318,-4.5043364796,309.3404
117600000,5881,48.492360903,-4.5043367939,309.3404
117620000,5882,48.4923610742,-4.5043371081,309.3404
117640000,5883,48.4923612454,-4.5043374224,309.3404
117660000,5884,48.4923614166,-4.5043377366,309.3404
117680000,5885,48.4923615878,-4.5043380508,309.3404
117700000,5886,48.492361759,-4.5043383651,309.3404
117720000,5887,48.4923619302,-4.5043386793,309.3404
117740000,5888,48.4923621014,-4.5043389936,309.3404
117760000,5889,48.4923622726,-4.5043393078,309.3404
117780000,5890,48.4923624438,-4.504339622,309.3404
117800000,5891,48.492362615,-4.5043399363,309.3404
117820000,5892,48.4923627862,-4.5043402505,309.3404
117840000,5893,48.4923629574,-4.5043405648,309.3404
117860000,5894,48.4923631286,-4.504340879,309.3404
117880000,5895,48.4923632998,-4.5043411932,309.3404
117900000,5896,48.492363471,-4.5043415075,309.3404
117920000,5897,48.4923636422,-4.5043418217,309.3404
117940000,5898,48.4923638134,-4.504342136,309.3404
117960000,5899,48.4923639846,-4.5043424502,309.3404
117980000,5900,48.4923641558,-4.5043427645,309.3404
118000000,5901,48.492364327,-4.5043430787,309.3404
118020000,5902,48.4923644982,-4.5043433929,309.3404
118040000,5903,48.4923646694,-4.5043437072,309.3404
118060000,5904,48.4923648406,-4.5043440214,309.3404
118080000,5905,48.4923650118,-4.5043443357,309.3404
118100000,5906,48.492365183,-4.5043446499,309.3404
118120000,5907,48.4923653542,-4.5043449641,309.3404
118140000,5908,48.4923655254,-4.5043452784,309.3404
118160000,5909,48.4923656967,-4.5043455926,309.3404
118180000,5910,48.4923658679,-4.5043459069,309.3404
118200000,5911,48.4923660391,-4.5043462211,309.3404
118220000,5912,48.4923662103,-4.5043465353,309.3404
118240000,5913,48.4923663815,-4.5043468496,309.3404
118260000,5914,48.4923665527,-4.5043471638,309.3404
118280000,5915,48.4923667239,-4.5043474781,309.3404
118300000,5916,48.4923668951,-4.5043477923,309.3404
118320000,5917,48.4923670663,-4.5043481065,309.3404
118340000,5918,48.4923672375,-4.5043484208,309.3404
118360000,5919,48.4923674087,-4.504348735,309.3404
118380000,5920,48.4923675799,-4.5043490493,309.3404
118400000,5921,48.4923677511,-4.5043493635,309.3404
118420000,5922,48.4923679223,-4.5043496778,309.3404
118440000,5923,48.4923680935,-4.504349992,309.3404
118460000,5924,48.4923682647,-4.5043503062,309.3404
118480000,5925,48.4923684359,-4.5043506205,309.3404
118500000,5926,48.4923686071,-4.5043509347,309.3404
118520000,5927,48.4923687783,-4.504351249,309.3404
118540000,5928,48.4923689495,-4.5043515632,309.3404
118560000,5929,48.4923691207,-4.5043518774,309.3404
118580000,5930,48.4923692919,-4.5043521917,309.3404
118600000,5931,48.4923694631,-4.5043525059,309.3404
118620000,5932,48.4923696343,-4.5043528202,309.3404
118640000,5933,48.4923698055,-4.5043531344,309.3404
118660000,5934,48.4923699767,-4.5043534486,309.3404
118680000,5935,48.4923701479,-4.5043537629,309.3404
118700000,5936,48.4923703191,-4.5043540771,309.3404
118720000,5937,48.4923704903,-4.5043543914,309.3404
118740000,5938,48.4923706615,-4.5043547056,309.3404
118760000,5939,48.4923708327,-4.5043550198,309.3404
118780000,5940,48.492371004,-4.5043553341,309.3404
118800000,5941,48.4923711752,-4.5043556483,309.3404
118820000,5942,48.4923713464,-4.5043559626,309.3404
118840000,5943,48.4923715176,-4.5043562768,309.3404
118860000,5944,48.4923716888,-4.5043565911,309.3404
118880000,5945,48.49237186,-4.5043569053,309.3404
118900000,5946,48.4923720312,-4.5043572195,309.3404
118920000,5947,48.4923722024,-4.5043575338,309.3404
118940000,5948,48.4923723736,-4.504357848,309.3404
118960000,5949,48.4923725448,-4.5043581623,309.3404
118980000,5950,48.492372716,-4.5043584765,309.3404
119000000,5951,48.4923728872,-4.5043587907,309.3404
119020000,5952,48.4923730584,-4.504359105,309.3404
119040000,5953,48.4923732296,-4.5043594192,309.3404
119060000,5954,48.4923734008,-4.5043597335,309.3404
119080000,5955,48.492373572,-4.5043600477,309.3404
119100000,5956,48.4923737432,-4.5043603619,309.3404
119120000,5957,48.4923739144,-4.5043606762,309.3404
119140000,5958,48.4923740856,-4.5043609904,309.3404
119160000,5959,48.4923742568,-4.5043613047,309.3404
119180000,5960,48.492374428,-4.5043616189,309.3404
119200000,5961,48.4923745992,-4.5043619331,309.3404
119220000,5962,48.4923747704,-4.5043622474,309.3404
119240000,5963,48.4923749416,-4.5043625616,309.3404
119260000,5964,48.4923751128,-4.5043628759,309.3404
119280000,5965,48.492375284,-4.5043631901,309.3404
119300000,5966,48.4923754552,-4.5043635044,309.3404
119320000,5967,48.4923756264,-4.5043638186,309.3404
119340000,5968,48.4923757976,-4.5043641328,309.3404
119360000,5969,48.4923759688,-4.5043644471,309.3404
119380000,5970,48.49237614,-4.5043647613,309.3404
119400000,5971,48.4923763113,-4.5043650756,309.3404
119420000,5972,48.4923764825,-4.5043653898,309.3404
119440000,5973,48.4923766537,-4.504365704,309.3404
119460000,5974,48.4923768249,-4.5043660183,309.3404
119480000,5975,48.4923769961,-4.5043663325,309.3404
119500000,5976,48.4923771673,-4.5043666468,309.3404
119520000,5977,48.4923773385,-4.504366961,309.3404
119540000,5978,48.4923775097,-4.5043672752,309.3404
119560000,5979,48.4923776809,-4.5043675895,309.3404
119580000,5980,48.4923778521,-4.5043679037,309.3404
119600000,5981,48.4923780233,-4.504368218,309.3404
119620000,5982,48.4923781945,-4.5043685322,309.3404
119640000,5983,48.4923783657,-4.5043688464,309.3404
119660000,5984,48.4923785369,-4.5043691607,309.3404
119680000,5985,48.4923787081,-4.5043694749,309.3404
119700000,5986,48.4923788793,-4.5043697892,309.3404
119720000,5987,48.4923790505,-4.5043701034,309.3404
119740000,5988,48.4923792217,-4.5043704177,309.3404
119760000,5989,48.4923793929,-4.5043707319,309.3404
119780000,5990,48.4923795641,-4.5043710461,309.3404
119800000,5991,48.4923797353,-4.5043713604,309.3404
119820000,5992,48.4923799065,-4.5043716746,309.3404
119840000,5993,48.4923800777,-4.5043719889,309.3404
119860000,5994,48.4923802489,-4.5043723031,309.3404
119880000,5995,48.4923804201,-4.5043726173,309.3404
119900000,5996,48.4923805913,-4.5043729316,309.3404
119920000,5997,48.4923807625,-4.5043732458,309.3404
119940000,5998,48.4923809337,-4.5043735601,309.3404
119960000,5999,48.4923811049,-4.5043738743,309.3404
119980000,6000,48.4923812761,-4.5043741885,309.3404
120000000,6001,48.4923814473,-4.5043745028,309.3404
120020000,6002,48.4923816186,-4.504374817,309.3404
120040000,6003,48.4923817898,-4.5043751313,309.3404
120060000,6004,48.492381961,-4.5043754455,309.3404
120080000,6005,48.4923821322,-4.5043757598,309.3404
120100000,6006,48.4923823034,-4.504376074,309.3404
120120000,6007,48.4923824746,-4.5043763882,309.3404
120140000,6008,48.4923826458,-4.5043767025,309.3404
120160000,6009,48.492382817,-4.5043770167,309.3404
120180000,6010,48.4923829882,-4.504377331,309.3404
120200000,6011,48.4923831594,-4.5043776452,309.3404
120220000,6012,48.4923833306,-4.5043779594,309.3404
120240000,6013,48.4923835018,-4.5043782737,309.3404
120260000,6014,48.492383673,-4.5043785879,309.3404
120280000,6015,48.4923838442,-4.5043789022,309.3404
120300000,6016,48.4923840154,-4.5043792164,309.3404
120320000,6017,48.4923841866,-4.5043795306,309.3404
120340000,6018,48.4923843578,-4.5043798449,309.3404
120360000,6019,48.492384529,-4.5043801591,309.3404
120380000,6020,48.4923847002,-4.5043804734,309.3404
120400000,6021,48.4923848714,-4.5043807876,309.3404
120420000,6022,48.4923850426,-4.5043811018,309.3404
120440000,6023,48.4923852138,-4.5043814161,309.3404
120460000,6024,48.492385385,-4.5043817303,309.3404
120480000,6025,48.4923855562,-4.5043820446,309.3404
120500000,6026,48.4923857274,-4.5043823588,309.3404
120520000,6027,48.4923858986,-4.5043826731,309.3404
120540000,6028,48.4923860698,-4.5043829873,309.3404
120560000,6029,48.492386241,-4.5043833015,309.3404
120580000,6030,48.4923864122,-4.5043836158,309.3404
120600000,6031,48.4923865834,-4.50438393,309.3404
120620000,6032,48.4923867546,-4.5043842443,309.3404
120640000,6033,48.4923869259,-4.5043845585,309.3404
120660000,6034,48.4923870971,-4.5043848727,309.3404
120680000,6035,48.4923872683,-4.504385187,309.3404
120700000,6036,48.4923874395,-4.5043855012,309.3404
120720000,6037,48.4923876107,-4.5043858155,309.3404
120740000,6038,48.4923877819,-4.5043861297,309.3404
120760000,6039,48.4923879531,-4.5043864439,309.3404
120780000,6040,48.4923881243,-4.5043867582,309.3404
120800000,6041,48.4923882955,-4.5043870724,309.3404
120820000,6042,48.4923884667,-4.5043873867,309.3404
120840000,6043,48.4923886379,-4.5043877009,309.3404
120860000,6044,48.4923888091,-4.5043880152,309.3404
120880000,6045,48.4923889803,-4.5043883294,309.3404
120900000,6046,48.4923891515,-4.5043886436,309.3404
120920000,6047,48.4923893227,-4.5043889579,309.3404
120940000,6048,48.4923894939,-4.5043892721,309.3404
120960000,6049,48.4923896651,-4.5043895864,309.3404
120980000,6050,48.4923898363,-4.5043899006,309.3404
121000000,6051,48.4923900075,-4.5043902148,309.3404
121020000,6052,48.4923901787,-4.5043905291,309.3404
121040000,6053,48.4923903499,-4.5043908433,309.3404
121060000,6054,48.4923905211,-4.5043911576,309.3404
121080000,6055,48.4923906923,-4.5043914718,309.3404
121100000,6056,48.4923908635,-4.504391786,309.3404
121120000,6057,48.4923910347,-4.5043921003,309.3404
121140000,6058,48.4923912059,-4.5043924145,309.3404
121160000,6059,48.4923913771,-4.5043927288,309.3404
121180000,6060,48.4923915483,-4.504393043,309.3404
121200000,6061,48.4923917195,-4.5043933573,309.3404
121220000,6062,48.4923918907,-4.5043936715,309.3404
121240000,6063,48.4923920619,-4.5043939857,309.3404
121260000,6064,48.4923922332,-4.5043943,309.3404
121280000,6065,48.4923924044,-4.5043946142,309.3404
121300000,6066,48.4923925756,-4.5043949285,309.3404
121320000,6067,48.4923927468,-4.5043952427,309.3404
121340000,6068,48.492392918,-4.5043955569,309.3404
121360000,6069,48.4923930892,-4.5043958712,309.3404
121380000,6070,48.4923932604,-4.5043961854,309.3404
121400000,6071,48.4923934316,-4.5043964997,309.3404
121420000,6072,48.4923936028,-4.5043968139,309.3404
121440000,6073,48.492393774,-4.5043971281,309.3404
121460000,6074,48.4923939452,-4.5043974424,309.3404
121480000,6075,48.4923941164,-4.5043977566,309.3404
121500000,6076,48.4923942876,-4.5043980709,309.3404
121520000,6077,48.4923944588,-4.5043983851,309.3404
121540000,6078,48.49239463,-4.5043986994,309.3404
121560000,6079,48.4923948012,-4.5043990136,309.3404
121580000,6080,48.4923949724,-4.5043993278,309.3404
121600000,6081,48.4923951436,-4.5043996421,309.3404
121620000,6082,48.4923953148,-4.5043999563,309.3404
121640000,6083,48.492395486,-4.5044002706,309.3404
121660000,6084,48.4923956572,-4.5044005848,309.3404
121680000,6085,48.4923958284,-4.504400899,309.3404
121700000,6086,48.4923959996,-4.5044012133,309.3404
121720000,6087,48.4923961708,-4.5044015275,309.3404
121740000,6088,48.492396342,-4.5044018418,309.3404
121760000,6089,48.4923965132,-4.504402156,309.3404
121780000,6090,48.4923966844,-4.5044024702,309.3404
121800000,6091,48.4923968556,-4.5044027845,309.3404
121820000,6092,48.4923970268,-4.5044030987,309.3404
121840000,6093,48.492397198,-4.504403413,309.3404
121860000,6094,48.4923973692,-4.5044037272,309.3404
121880000,6095,48.4923975404,-4.5044040415,309.3404
121900000,6096,48.4923977117,-4.5044043557,309.3404
121920000,6097,48.4923978829,-4.5044046699,309.3404
121940000,6098,48.4923980541,-4.5044049842,309.3404
121960000,6099,48.4923982253,-4.5044052984,309.3404
121980000,6100,48.4923983965,-4.5044056127,309.3404
122000000,6101,48.4923985677,-4.5044059269,309.3404
122020000,6102,48.4923987389,-4.5044062411,309.3404
122040000,6103,48.4923989101,-4.5044065554,309.3404
122060000,6104,48.4923990813,-4.5044068696,309.3404
122080000,6105,48.4923992525,-4.5044071839,309.3404
122100000,6106,48.4923994237,-4.5044074981,309.3404
122120000,6107,48.4923995949,-4.5044078123,309.3404
122140000,6108,48.4923997661,-4.5044081266,309.3404
122160000,6109,48.4923999373,-4.5044084408,309.3404
122180000,6110,48.4924001085,-4.5044087551,309.3404
122200000,6111,48.4924002797,-4.5044090693,309.3404
122220000,6112,48.4924004509,-4.5044093836,309.3404
122240000,6113,48.4924006221,-4.5044096978,309.3404
122260000,6114,48.4924007933,-4.504410012,309.3404
122280000,6115,48.4924009645,-4.5044103263,309.3404
122300000,6116,48.4924011357,-4.5044106405,309.3404
122320000,6117,48.4924013069,-4.5044109548,309.3404
122340000,6118,48.4924014781,-4.504411269,309.3404
122360000,6119,48.4924016493,-4.5044115832,309.3404
122380000,6120,48.4924018205,-4.5044118975,309.3404
122400000,6121,48.4924019917,-4.5044122117,309.3404
122420000,6122,48.4924021629,-4.504412526,309.3404
122440000,6123,48.4924023341,-4.5044128402,309.3404
122460000,6124,48.4924025053,-4.5044131544,309.3404
122480000,6125,48.4924026765,-4.5044134687,309.3404
122500000,6126,48.4924028477,-4.5044137829,309.3404
122520000,6127,48.4924030189,-4.5044140972,309.3404
122540000,6128,48.4924031902,-4.5044144114,309.3404
122560000,6129,48.4924033614,-4.5044147257,309.3404
122580000,6130,48.4924035326,-4.5044150399,309.3404
122600000,6131,48.4924037038,-4.5044153541,309.3404
122620000,6132,48.492403875,-4.5044156684,309.3404
122640000,6133,48.4924040462,-4.5044159826,309.3404
122660000,6134,48.4924042174,-4.5044162969,309.3404
122680000,6135,48.4924043886,-4.5044166111,309.3404
122700000,6136,48.4924045598,-4.5044169253,309.3404
122720000,6137,48.492404731,-4.5044172396,309.3404
122740000,6138,48.4924049022,-4.5044175538,309.3404
122760000,6139,48.4924050734,-4.5044178681,309.3404
122780000,6140,48.4924052446,-4.5044181823,309.3404
122800000,6141,48.4924054158,-4.5044184966,309.3404
122820000,6142,48.492405587,-4.5044188108,309.3404
122840000,6143,48.4924057582,-4.504419125,309.3404
122860000,6144,48.4924059294,-4.5044194393,309.3404
122880000,6145,48.4924061006,-4.5044197535,309.3404
122900000,6146,48.4924062718,-4.5044200678,309.3404
122920000,6147,48.492406443,-4.504420382,309.3404
122940000,6148,48.4924066142,-4.5044206962,309.3404
122960000,6149,48.4924067854,-4.5044210105,309.3404
122980000,6150,48.4924069566,-4.5044213247,309.3404
123000000,6151,48.4924071278,-4.504421639,309.3404
123020000,6152,48.492407299,-4.5044219532,309.3404
123040000,6153,48.4924074702,-4.5044222674,309.3404
123060000,6154,48.4924076414,-4.5044225817,309.3404
123080000,6155,48.4924078126,-4.5044228959,309.3404
123100000,6156,48.4924079838,-4.5044232102,309.3404
123120000,6157,48.492408155,-4.5044235244,309.3404
123140000,6158,48.4924083262,-4.5044238387,309.3404
123160000,6159,48.4924084974,-4.5044241529,309.3404
123180000,6160,48.4924086687,-4.5044244671,309.3404
123200000,6161,48.4924088399,-4.5044247814,309.3404
123220000,6162,48.4924090111,-4.5044250956,309.3404
123240000,6163,48.4924090111,-4.5044250956,309.3404
123260000,6164,48.4924091259,-4.5044253012,310.7892
123280000,6165,48.4924092401,-4.504425495,312.3297
123300000,6166,48.4924093535,-4.5044256772,313.9688
123320000,6167,48.4924094662,-4.5044258478,315.7138
123340000,6168,48.4924095782,-4.5044260069,317.572
123360000,6169,48.4924096894,-4.5044261547,319.551
123380000,6170,48.4924097999,-4.5044262913,321.6583
123400000,6171,48.4924099096,-4.5044264168,323.901
123420000,6172,48.4924100185,-4.5044265312,326.2856
123440000,6173,48.4924101267,-4.5044266348,328.8176
123460000,6174,48.4924102341,-4.5044267275,331.5011
123480000,6175,48.4924103407,-4.5044268096,334.3377
123500000,6176,48.4924104465,-4.5044268811,337.3269
123520000,6177,48.4924105515,-4.5044269421,340.4644
123540000,6178,48.4924106556,-4.5044269928,343.7424
123560000,6179,48.492410759,-4.5044270332,347.1487
123580000,6180,48.4924108615,-4.5044270635,350.6666
123600000,6181,48.4924109632,-4.5044270837,354.275
123620000,6182,48.4924110641,-4.5044270941,357.9491
123640000,6183,48.4924111641,-4.5044270946,1.6611
123660000,6184,48.4924112633,-4.5044270854,5.3813
123680000,6185,48.4924113616,-4.5044270666,9.0797
123700000,6186,48.492411459,-4.5044270384,12.7274
123720000,6187,48.4924115556,-4.5044270008,16.2978
123740000,6188,48.4924116512,-4.5044269539,19.768
123760000,6189,48.492411746,-4.5044268978,23.1189
123780000,6190,48.4924118399,-4.5044268327,26.336
123800000,6191,48.4924119329,-4.5044267587,29.4094
123820000,6192,48.492412025,-4.5044266758,32.333
123840000,6193,48.4924121161,-4.5044265842,35.1045
123860000,6194,48.4924122063,-4.504426484,37.7244
123880000,6195,48.4924122956,-4.5044263754,40.1958
123900000,6196,48.492412384,-4.5044262583,42.5233
123920000,6197,48.4924124714,-4.5044261329,44.7132
123940000,6198,48.4924125578,-4.5044259993,46.7721
123960000,6199,48.4924126433,-4.5044258577,48.7075
123980000,6200,48.4924127278,-4.5044257082,50.5269
124000000,6201,48.4924128114,-4.5044255508,52.2378
124020000,6202,48.4924128939,-4.5044253856,53.8476
124040000,6203,48.4924129755,-4.5044252128,55.3633
124060000,6204,48.4924130561,-4.5044250325,56.7917
124080000,6205,48.4924131356,-4.5044248448,58.1391
124100000,6206,48.4924132142,-4.5044246498,59.4115
124120000,6207,48.4924132917,-4.5044244476,60.6143
124140000,6208,48.4924133682,-4.5044242383,61.7528
124160000,6209,48.4924134437,-4.5044240221,62.8316
124180000,6210,48.4924135181,-4.5044237989,63.8552
124200000,6211,48.4924135915,-4.5044235691,64.8277
124220000,6212,48.4924136638,-4.5044233325,65.7526
124240000,6213,48.4924137351,-4.5044230895,66.6336
124260000,6214,48.4924138053,-4.50442284,67.4736
124280000,6215,48.4924138744,-4.5044225842,68.2757
124300000,6216,48.4924139424,-4.5044223222,69.0424
124320000,6217,48.4924140094,-4.504422054,69.7764
124340000,6218,48.4924140752,-4.5044217799,70.4797
124360000,6219,48.4924141399,-4.5044214999,71.1545
124380000,6220,48.4924142036,-4.5044212142,71.8027
124400000,6221,48.4924142661,-4.5044209227,72.4261
124420000,6222,48.4924143275,-4.5044206258,73.0263
124440000,6223,48.4924143877,-4.5044203233,73.6049
124460000,6224,48.4924144468,-4.5044200155,74.1633
124480000,6225,48.4924145047,-4.5044197025,74.7026
124500000,6226,48.4924145615,-4.5044193844,75.2243
124520000,6227,48.4924146172,-4.5044190613,75.7293
124540000,6228,48.4924146716,-4.5044187333,76.2187
124560000,6229,48.4924147249,-4.5044184005,76.6936
124580000,6230,48.492414777,-4.504418063,77.1547
124600000,6231,48.4924148279,-4.5044177209,77.603
124620000,6232,48.4924148776,-4.5044173743,78.0393
124640000,6233,48.4924149261,-4.5044170235,78.4642
124660000,6234,48.4924149734,-4.5044166683,78.8785
124680000,6235,48.4924150195,-4.504416309,79.2828
124700000,6236,48.4924150643,-4.5044159457,79.6778
124720000,6237,48.4924151079,-4.5044155785,80.064
124740000,6238,48.4924151503,-4.5044152075,80.4419
124760000,6239,48.4924151914,-4.5044148328,80.8121
124780000,6240,48.4924152312,-4.5044144544,81.175
124800000,6241,48.4924152698,-4.5044140726,81.5312
124820000,6242,48.4924153072,-4.5044136875,81.881
124840000,6243,48.4924153432,-4.504413299,82.2249
124860000,6244,48.4924153779,-4.5044129074,82.5632
124880000,6245,48.4924154114,-4.5044125128,82.8963
124900000,6246,48.4924154436,-4.5044121152,83.2246
124920000,6247,48.4924154744,-4.5044117148,83.5484
124940000,6248,48.492415504,-4.5044113117,83.8681
124960000,6249,48.4924155322,-4.504410906,84.1839
124980000,6250,48.4924155591,-4.5044104977,84.4961
125000000,6251,48.4924155846,-4.5044100871,84.8051
125020000,6252,48.4924156088,-4.5044096742,85.1112
125040000,6253,48.4924156317,-4.5044092591,85.4145
125060000,6254,48.4924156532,-4.504408842,85.7153
125080000,6255,48.4924156734,-4.5044084229,86.0139
125100000,6256,48.4924156921,-4.504408002,86.3106
125120000,6257,48.4924157095,-4.5044075793,86.6055
125140000,6258,48.4924157255,-4.504407155,86.899
125160000,6259,48.4924157401,-4.5044067292,87.1911
125180000,6260,48.4924157533,-4.5044063019,87.4823
125200000,6261,48.4924157651,-4.5044058734,87.7726
125220000,6262,48.4924157755,-4.5044054437,88.0622
125240000,6263,48.4924157845,-4.5044050129,88.3515
125260000,6264,48.492415792,-4.5044045811,88.6406
125280000,6265,48.4924157981,-4.5044041485,88.9296
125300000,6266,48.4924158028,-4.5044037151,89.2189
125320000,6267,48.492415806,-4.5044032811,89.5086
125340000,6268,48.4924158077,-4.5044028465,89.7989
125360000,6269,48.492415808,-4.5044024115,90.09
125380000,6270,48.4924158068,-4.5044019762,90.3821
125400000,6271,48.4924158042,-4.5044015407,90.6755
125420000,6272,48.4924158,-4.5044011051,90.9703
125440000,6273,48.4924157943,-4.5044006694,91.2667
125460000,6274,48.4924157872,-4.504400234,91.5649
125480000,6275,48.4924157785,-4.5043997987,91.8652
125500000,6276,48.4924157684,-4.5043993638,92.1677
125520000,6277,48.4924157567,-4.5043989293,92.4727
125540000,6278,48.4924157434,-4.5043984954,92.7804
125560000,6279,48.4924157287,-4.5043980621,93.091
125580000,6280,48.4924157124,-4.5043976296,93.4047
125600000,6281,48.4924156945,-4.504397198,93.7218
125620000,6282,48.4924156751,-4.5043967674,94.0425
125640000,6283,48.4924156541,-4.5043963379,94.3671
125660000,6284,48.4924156315,-4.5043959096,94.6958
125680000,6285,48.4924156074,-4.5043954826,95.0288
125700000,6286,48.4924155817,-4.5043950571,95.3664
125720000,6287,48.4924155543,-4.5043946331,95.709
125740000,6288,48.4924155254,-4.5043942107,96.0567
125760000,6289,48.4924154949,-4.5043937901,96.4099
125780000,6290,48.4924154627,-4.5043933714,96.7689
125800000,6291,48.492415429,-4.5043929546,97.134
125820000,6292,48.4924153936,-4.5043925399,97.5055
125840000,6293,48.4924153565,-4.5043921274,97.8838
125860000,6294,48.4924153178,-4.5043917172,98.2691
125880000,6295,48.4924152775,-4.5043913094,98.662
125900000,6296,48.4924152355,-4.5043909042,99.0627
125920000,6297,48.4924151919,-4.5043905015,99.4717
125940000,6298,48.4924151465,-4.5043901016,99.8893
125960000,6299,48.4924150995,-4.5043897046,100.3161
125980000,6300,48.4924150508,-4.5043893105,100.7524
126000000,6301,48.4924150004,-4.5043889195,101.1988
126020000,6302,48.4924149483,-4.5043885316,101.6557
126040000,6303,48.4924148945,-4.504388147,102.1237
126060000,6304,48.492414839,-4.5043877659,102.6033
126080000,6305,48.4924147817,-4.5043873882,103.0951
126100000,6306,48.4924147227,-4.5043870141,103.5996
126120000,6307,48.492414662,-4.5043866438,104.1176
126140000,6308,48.4924145995,-4.5043862773,104.6497
126160000,6309,48.4924145353,-4.5043859147,105.1966
126180000,6310,48.4924144693,-4.5043855562,105.759
126200000,6311,48.4924144016,-4.5043852018,106.3377
126220000,6312,48.4924143321,-4.5043848517,106.9335
126240000,6313,48.4924142608,-4.504384506,107.5473
126260000,6314,48.4924141877,-4.5043841647,108.1799
126280000,6315,48.4924141128,-4.5043838281,108.8324
126300000,6316,48.4924140361,-4.5043834961,109.5056
126320000,6317,48.4924139576,-4.504383169,110.2006
126340000,6318,48.4924138773,-4.5043828467,110.9186
126360000,6319,48.4924137951,-4.5043825295,111.6606
126380000,6320,48.4924137111,-4.5043822175,112.4279
126400000,6321,48.4924136253,-4.5043819107,113.2218
126420000,6322,48.4924135377,-4.5043816092,114.0435
126440000,6323,48.4924134482,-4.5043813133,114.8944
126460000,6324,48.4924133568,-4.5043810229,115.776
126480000,6325,48.4924132635,-4.5043807381,116.6898
126500000,6326,48.4924131684,-4.5043804592,117.6373
126520000,6327,48.4924130714,-4.5043801862,118.6201
126540000,6328,48.4924129725,-4.5043799192,119.6399
126560000,6329,48.4924128718,-4.5043796583,120.6984
126580000,6330,48.4924127691,-4.5043794036,121.7974
126600000,6331,48.4924126645,-4.5043791553,122.9386
126620000,6332,48.492412558,-4.5043789134,124.1238
126640000,6333,48.4924124495,-4.5043786781,125.3548
126660000,6334,48.4924123391,-4.5043784494,126.6334
126680000,6335,48.4924122268,-4.5043782275,127.9614
126700000,6336,48.4924121126,-4.5043780125,129.3404
126720000,6337,48.4924121126,-4.5043780125,129.3404
126740000,6338,48.4924119414,-4.5043776983,129.3404
126760000,6339,48.4924117702,-4.5043773841,129.3404
126780000,6340,48.4924115989,-4.5043770698,129.3404
126800000,6341,48.4924114277,-4.5043767556,129.3404
126820000,6342,48.4924112565,-4.5043764413,129.3404
126840000,6343,48.4924110853,-4.5043761271,129.3404
126860000,6344,48.4924109141,-4.5043758129,129.3404
126880000,6345,48.4924107429,-4.5043754986,129.3404
126900000,6346,48.4924105717,-4.5043751844,129.3404
126920000,6347,48.4924104005,-4.5043748701,129.3404
126940000,6348,48.4924102293,-4.5043745559,129.3404
126960000,6349,48.4924100581,-4.5043742416,129.3404
126980000,6350,48.4924098869,-4.5043739274,129.3404
127000000,6351,48.4924097157,-4.5043736132,129.3404
127020000,6352,48.4924095445,-4.5043732989,129.3404
127040000,6353,48.4924093733,-4.5043729847,129.3404
127060000,6354,48.4924092021,-4.5043726704,129.3404
127080000,6355,48.4924090309,-4.5043723562,129.3404
127100000,6356,48.4924088597,-4.504372042,129.3404
127120000,6357,48.4924086885,-4.5043717277,129.3404
127140000,6358,48.4924085173,-4.5043714135,129.3404
127160000,6359,48.4924083461,-4.5043710992,129.3404
127180000,6360,48.4924081749,-4.504370785,129.3404
127200000,6361,48.4924080037,-4.5043704708,129.3404
127220000,6362,48.4924078325,-4.5043701565,129.3404
127240000,6363,48.4924076613,-4.5043698423,129.3404
127260000,6364,48.4924074901,-4.504369528,129.3404
127280000,6365,48.4924073189,-4.5043692138,129.3404
127300000,6366,48.4924071477,-4.5043688995,129.3404
127320000,6367,48.4924069765,-4.5043685853,129.3404
127340000,6368,48.4924068053,-4.5043682711,129.3404
127360000,6369,48.4924066341,-4.5043679568,129.3404
127380000,6370,48.4924064629,-4.5043676426,129.3404
127400000,6371,48.4924062916,-4.5043673283,129.3404
127420000,6372,48.4924061204,-4.5043670141,129.3404
127440000,6373,48.4924059492,-4.5043666999,129.3404
127460000,6374,48.492405778,-4.5043663856,129.3404
127480000,6375,48.4924056068,-4.5043660714,129.3404
127500000,6376,48.4924054356,-4.5043657571,129.3404
127520000,6377,48.4924052644,-4.5043654429,129.3404
127540000,6378,48.4924050932,-4.5043651287,129.3404
127560000,6379,48.492404922,-4.5043648144,129.3404
127580000,6380,48.4924047508,-4.5043645002,129.3404
127600000,6381,48.4924045796,-4.5043641859,129.3404
127620000,6382,48.4924044084,-4.5043638717,129.3404
127640000,6383,48.4924042372,-4.5043635574,129.3404
127660000,6384,48.492404066,-4.5043632432,129.3404
127680000,6385,48.4924038948,-4.504362929,129.3404
127700000,6386,48.4924037236,-4.5043626147,129.3404
127720000,6387,48.4924035524,-4.5043623005,129.3404
127740000,6388,48.4924033812,-4.5043619862,129.3404
127760000,6389,48.49240321,-4.504361672,129.3404
127780000,6390,48.4924030388,-4.5043613578,129.3404
127800000,6391,48.4924028676,-4.5043610435,129.3404
127820000,6392,48.4924026964,-4.5043607293,129.3404
127840000,6393,48.4924025252,-4.504360415,129.3404
127860000,6394,48.492402354,-4.5043601008,129.3404
127880000,6395,48.4924021828,-4.5043597866,129.3404
127900000,6396,48.4924020116,-4.5043594723,129.3404
127920000,6397,48.4924018404,-4.5043591581,129.3404
127940000,6398,48.4924016692,-4.5043588438,129.3404
127960000,6399,48.492401498,-4.5043585296,129.3404
127980000,6400,48.4924013268,-4.5043582154,129.3404
128000000,6401,48.4924011556,-4.5043579011,129.3404
128020000,6402,48.4924009843,-4.5043575869,129.3404
128040000,6403,48.4924008131,-4.5043572726,129.3404
128060000,6404,48.4924006419,-4.5043569584,129.3404
128080000,6405,48.4924004707,-4.5043566441,129.3404
128100000,6406,48.4924002995,-4.5043563299,129.3404
128120000,6407,48.4924001283,-4.5043560157,129.3404
128140000,6408,48.4923999571,-4.5043557014,129.3404
128160000,6409,48.4923997859,-4.5043553872,129.3404
128180000,6410,48.4923996147,-4.5043550729,129.3404
128200000,6411,48.4923994435,-4.5043547587,129.3404
128220000,6412,48.4923992723,-4.5043544445,129.3404
128240000,6413,48.4923991011,-4.5043541302,129.3404
128260000,6414,48.4923989299,-4.504353816,129.3404
128280000,6415,48.4923987587,-4.5043535017,129.3404
128300000,6416,48.4923985875,-4.5043531875,129.3404
128320000,6417,48.4923984163,-4.5043528733,129.3404
128340000,6418,48.4923982451,-4.504352559,129.3404
128360000,6419,48.4923980739,-4.5043522448,129.3404
128380000,6420,48.4923979027,-4.5043519305,129.3404
128400000,6421,48.4923977315,-4.5043516163,129.3404
128420000,6422,48.4923975603,-4.504351302,129.3404
128440000,6423,48.4923973891,-4.5043509878,129.3404
128460000,6424,48.4923972179,-4.5043506736,129.3404
128480000,6425,48.4923970467,-4.5043503593,129.3404
128500000,6426,48.4923968755,-4.5043500451,129.3404
128520000,6427,48.4923967043,-4.5043497308,129.3404
128540000,6428,48.4923965331,-4.5043494166,129.3404
128560000,6429,48.4923963619,-4.5043491024,129.3404
128580000,6430,48.4923961907,-4.5043487881,129.3404
128600000,6431,48.4923960195,-4.5043484739,129.3404
128620000,6432,48.4923958483,-4.5043481596,129.3404
128640000,6433,48.492395677,-4.5043478454,129.3404
128660000,6434,48.4923955058,-4.5043475312,129.3404
128680000,6435,48.4923953346,-4.5043472169,129.3404
128700000,6436,48.4923951634,-4.5043469027,129.3404
128720000,6437,48.4923949922,-4.5043465884,129.3404
128740000,6438,48.492394821,-4.5043462742,129.3404
128760000,6439,48.4923946498,-4.5043459599,129.3404
128780000,6440,48.4923944786,-4.5043456457,129.3404
128800000,6441,48.4923943074,-4.5043453315,129.3404
128820000,6442,48.4923941362,-4.5043450172,129.3404
128840000,6443,48.492393965,-4.504344703,129.3404
128860000,6444,48.4923937938,-4.5043443887,129.3404
128880000,6445,48.4923936226,-4.5043440745,129.3404
128900000,6446,48.4923934514,-4.5043437603,129.3404
128920000,6447,48.4923932802,-4.504343446,129.3404
128940000,6448,48.492393109,-4.5043431318,129.3404
128960000,6449,48.4923929378,-4.5043428175,129.3404
128980000,6450,48.4923927666,-4.5043425033,129.3404
129000000,6451,48.4923925954,-4.5043421891,129.3404
129020000,6452,48.4923924242,-4.5043418748,129.3404
129040000,6453,48.492392253,-4.5043415606,129.3404
129060000,6454,48.4923920818,-4.5043412463,129.3404
129080000,6455,48.4923919106,-4.5043409321,129.3404
129100000,6456,48.4923917394,-4.5043406179,129.3404
129120000,6457,48.4923915682,-4.5043403036,129.3404
129140000,6458,48.492391397,-4.5043399894,129.3404
129160000,6459,48.4923912258,-4.5043396751,129.3404
129180000,6460,48.4923910546,-4.5043393609,129.3404
129200000,6461,48.4923908834,-4.5043390466,129.3404
129220000,6462,48.4923907122,-4.5043387324,129.3404
129240000,6463,48.4923905409,-4.5043384182,129.3404
129260000,6464,48.4923903697,-4.5043381039,129.3404
129280000,6465,48.4923901985,-4.5043377897,129.3404
129300000,6466,48.4923900273,-4.5043374754,129.3404
129320000,6467,48.4923898561,-4.5043371612,129.3404
129340000,6468,48.4923896849,-4.504336847,129.3404
129360000,6469,48.4923895137,-4.5043365327,129.3404
129380000,6470,48.4923893425,-4.5043362185,129.3404
129400000,6471,48.4923891713,-4.5043359042,129.3404
129420000,6472,48.4923890001,-4.50433559,129.3404
129440000,6473,48.4923888289,-4.5043352758,129.3404
129460000,6474,48.4923886577,-4.5043349615,129.3404
129480000,6475,48.4923884865,-4.5043346473,129.3404
129500000,6476,48.4923883153,-4.504334333,129.3404
129520000,6477,48.4923881441,-4.5043340188,129.3404
129540000,6478,48.4923879729,-4.5043337046,129.3404
129560000,6479,48.4923878017,-4.5043333903,129.3404
129580000,6480,48.4923876305,-4.5043330761,129.3404
129600000,6481,48.4923874593,-4.5043327618,129.3404
129620000,6482,48.4923872881,-4.5043324476,129.3404
129640000,6483,48.4923871169,-4.5043321333,129.3404
129660000,6484,48.4923869457,-4.5043318191,129.3404
129680000,6485,48.4923867745,-4.5043315049,129.3404
129700000,6486,48.4923866033,-4.5043311906,129.3404
129720000,6487,48.4923864321,-4.5043308764,129.3404
129740000,6488,48.4923862609,-4.5043305621,129.3404
129760000,6489,48.4923860897,-4.5043302479,129.3404
129780000,6490,48.4923859185,-4.5043299337,129.3404
129800000,6491,48.4923857473,-4.5043296194,129.3404
129820000,6492,48.4923855761,-4.5043293052,129.3404
129840000,6493,48.4923854048,-4.5043289909,129.3404
129860000,6494,48.4923852336,-4.5043286767,129.3404
129880000,6495,48.4923850624,-4.5043283625,129.3404
129900000,6496,48.4923848912,-4.5043280482,129.3404
129920000,6497,48.49238472,-4.504327734,129.3404
129940000,6498,48.4923845488,-4.5043274197,129.3404
129960000,6499,48.4923843776,-4.5043271055,129.3404
129980000,6500,48.4923842064,-4.5043267913,129.3404
130000000,6501,48.4923840352,-4.504326477,129.3404
130020000,6502,48.492383864,-4.5043261628,129.3404
130040000,6503,48.4923836928,-4.5043258485,129.3404
130060000,6504,48.4923835216,-4.5043255343,129.3404
130080000,6505,48.4923833504,-4.50432522,129.3404
130100000,6506,48.4923831792,-4.5043249058,129.3404
130120000,6507,48.492383008,-4.5043245916,129.3404
130140000,6508,48.4923828368,-4.5043242773,129.3404
130160000,6509,48.4923826656,-4.5043239631,129.3404
130180000,6510,48.4923824944,-4.5043236488,129.3404
130200000,6511,48.4923823232,-4.5043233346,129.3404
130220000,6512,48.492382152,-4.5043230204,129.3404
130240000,6513,48.4923819808,-4.5043227061,129.3404
130260000,6514,48.4923818096,-4.5043223919,129.3404
130280000,6515,48.4923816384,-4.5043220776,129.3404
130300000,6516,48.4923814672,-4.5043217634,129.3404
130320000,6517,48.492381296,-4.5043214492,129.3404
130340000,6518,48.4923811248,-4.5043211349,129.3404
130360000,6519,48.4923809536,-4.5043208207,129.3404
130380000,6520,48.4923807824,-4.5043205064,129.3404
130400000,6521,48.4923806112,-4.5043201922,129.3404
130420000,6522,48.49238044,-4.504319878,129.3404
130440000,6523,48.4923802687,-4.5043195637,129.3404
130460000,6524,48.4923800975,-4.5043192495,129.3404
130480000,6525,48.4923799263,-4.5043189352,129.3404
130500000,6526,48.4923797551,-4.504318621,129.3404
130520000,6527,48.4923795839,-4.5043183067,129.3404
130540000,6528,48.4923794127,-4.5043179925,129.3404
130560000,6529,48.4923792415,-4.5043176783,129.3404
130580000,6530,48.4923790703,-4.504317364,129.3404
130600000,6531,48.4923788991,-4.5043170498,129.3404
130620000,6532,48.4923787279,-4.5043167355,129.3404
130640000,6533,48.4923785567,-4.5043164213,129.3404
130660000,6534,48.4923783855,-4.5043161071,129.3404
130680000,6535,48.4923782143,-4.5043157928,129.3404
130700000,6536,48.4923780431,-4.5043154786,129.3404
130720000,6537,48.4923778719,-4.5043151643,129.3404
130740000,6538,48.4923777007,-4.5043148501,129.3404
130760000,6539,48.4923775295,-4.5043145359,129.3404
130780000,6540,48.4923773583,-4.5043142216,129.3404
130800000,6541,48.4923771871,-4.5043139074,129.3404
130820000,6542,48.4923770159,-4.5043135931,129.3404
130840000,6543,48.4923768447,-4.5043132789,129.3404
130860000,6544,48.4923766735,-4.5043129647,129.3404
130880000,6545,48.4923765023,-4.5043126504,129.3404
130900000,6546,48.4923763311,-4.5043123362,129.3404
130920000,6547,48.4923761599,-4.5043120219,129.3404
130940000,6548,48.4923759887,-4.5043117077,129.3404
130960000,6549,48.4923758175,-4.5043113934,129.3404
130980000,6550,48.4923756463,-4.5043110792,129.3404
131000000,6551,48.4923754751,-4.504310765,129.3404
131020000,6552,48.4923753039,-4.5043104507,129.3404
131040000,6553,48.4923751326,-4.5043101365,129.3404
131060000,6554,48.4923749614,-4.5043098222,129.3404
131080000,6555,48.4923747902,-4.504309508,129.3404
131100000,6556,48.492374619,-4.5043091938,129.3404
131120000,6557,48.4923744478,-4.5043088795,129.3404
131140000,6558,48.4923742766,-4.5043085653,129.3404
131160000,6559,48.4923741054,-4.504308251,129.3404
131180000,6560,48.4923739342,-4.5043079368,129.3404
131200000,6561,48.492373763,-4.5043076226,129.3404
131220000,6562,48.4923735918,-4.5043073083,129.3404
131240000,6563,48.4923734206,-4.5043069941,129.3404
131260000,6564,48.4923732494,-4.5043066798,129.3404
131280000,6565,48.4923730782,-4.5043063656,129.3404
131300000,6566,48.492372907,-4.5043060514,129.3404
131320000,6567,48.4923727358,-4.5043057371,129.3404
131340000,6568,48.4923725646,-4.5043054229,129.3404
131360000,6569,48.4923723934,-4.5043051086,129.3404
131380000,6570,48.4923722222,-4.5043047944,129.3404
131400000,6571,48.492372051,-4.5043044802,129.3404
131420000,6572,48.4923718798,-4.5043041659,129.3404
131440000,6573,48.4923717086,-4.5043038517,129.3404
131460000,6574,48.4923715374,-4.5043035374,129.3404
131480000,6575,48.4923713662,-4.5043032232,129.3404
131500000,6576,48.492371195,-4.5043029089,129.3404
131520000,6577,48.4923710238,-4.5043025947,129.3404
131540000,6578,48.4923708526,-4.5043022805,129.3404
131560000,6579,48.4923706814,-4.5043019662,129.3404
131580000,6580,48.4923705102,-4.504301652,129.3404
131600000,6581,48.492370339,-4.5043013377,129.3404
131620000,6582,48.4923701677,-4.5043010235,129.3404
131640000,6583,48.4923699965,-4.5043007093,129.3404
131660000,6584,48.4923698253,-4.504300395,129.3404
131680000,6585,48.4923696541,-4.5043000808,129.3404
131700000,6586,48.4923694829,-4.5042997665,129.3404
131720000,6587,48.4923693117,-4.5042994523,129.3404
131740000,6588,48.4923691405,-4.5042991381,129.3404
131760000,6589,48.4923689693,-4.5042988238,129.3404
131780000,6590,48.4923687981,-4.5042985096,129.3404
131800000,6591,48.4923686269,-4.5042981953,129.3404
131820000,6592,48.4923684557,-4.5042978811,129.3404
131840000,6593,48.4923682845,-4.5042975669,129.3404
131860000,6594,48.4923681133,-4.5042972526,129.3404
131880000,6595,48.4923679421,-4.5042969384,129.3404
131900000,6596,48.4923677709,-4.5042966241,129.3404
131920000,6597,48.4923675997,-4.5042963099,129.3404
131940000,6598,48.4923674285,-4.5042959957,129.3404
131960000,6599,48.4923672573,-4.5042956814,129.3404
131980000,6600,48.4923670861,-4.5042953672,129.3404
132000000,6601,48.4923669149,-4.5042950529,129.3404
132020000,6602,48.4923667437,-4.5042947387,129.3404
132040000,6603,48.4923665725,-4.5042944245,129.3404
132060000,6604,48.4923664013,-4.5042941102,129.3404
132080000,6605,48.4923662301,-4.504293796,129.3404
132100000,6606,48.4923660589,-4.5042934817,129.3404
132120000,6607,48.4923658877,-4.5042931675,129.3404
132140000,6608,48.4923657165,-4.5042928532,129.3404
132160000,6609,48.4923655453,-4.504292539,129.3404
132180000,6610,48.4923653741,-4.5042922248,129.3404
132200000,6611,48.4923652028,-4.5042919105,129.3404
132220000,6612,48.4923650316,-4.5042915963,129.3404
132240000,6613,48.4923648604,-4.504291282,129.3404
132260000,6614,48.4923646892,-4.5042909678,129.3404
132280000,6615,48.492364518,-4.5042906536,129.3404
132300000,6616,48.4923643468,-4.5042903393,129.3404
132320000,6617,48.4923641756,-4.5042900251,129.3404
132340000,6618,48.4923640044,-4.5042897108,129.3404
132360000,6619,48.4923638332,-4.5042893966,129.3404
132380000,6620,48.492363662,-4.5042890824,129.3404
132400000,6621,48.4923634908,-4.5042887681,129.3404
132420000,6622,48.4923633196,-4.5042884539,129.3404
132440000,6623,48.4923631484,-4.5042881396,129.3404
132460000,6624,48.4923629772,-4.5042878254,129.3404
132480000,6625,48.492362806,-4.5042875112,129.3404
132500000,6626,48.4923626348,-4.5042871969,129.3404
132520000,6627,48.4923624636,-4.5042868827,129.3404
132540000,6628,48.4923622924,-4.5042865684,129.3404
132560000,6629,48.4923621212,-4.5042862542,129.3404
132580000,6630,48.49236195,-4.50428594,129.3404
132600000,6631,48.4923617788,-4.5042856257,129.3404
132620000,6632,48.4923616076,-4.5042853115,129.3404
132640000,6633,48.4923614364,-4.5042849972,129.3404
132660000,6634,48.4923612652,-4.504284683,129.3404
132680000,6635,48.492361094,-4.5042843688,129.3404
132700000,6636,48.4923609228,-4.5042840545,129.3404
132720000,6637,48.4923607516,-4.5042837403,129.3404
132740000,6638,48.4923605804,-4.504283426,129.3404
132760000,6639,48.4923604092,-4.5042831118,129.3404
132780000,6640,48.4923602379,-4.5042827975,129.3404
132800000,6641,48.4923600667,-4.5042824833,129.3404
132820000,6642,48.4923598955,-4.5042821691,129.3404
132840000,6643,48.4923597243,-4.5042818548,129.3404
132860000,6644,48.4923595531,-4.5042815406,129.3404
132880000,6645,48.4923593819,-4.5042812263,129.3404
132900000,6646,48.4923592107,-4.5042809121,129.3404
132920000,6647,48.4923590395,-4.5042805979,129.3404
132940000,6648,48.4923588683,-4.5042802836,129.3404
132960000,6649,48.4923586971,-4.5042799694,129.3404
132980000,6650,48.4923585259,-4.5042796551,129.3404
133000000,6651,48.4923583547,-4.5042793409,129.3404
133020000,6652,48.4923581835,-4.5042790267,129.3404
133040000,6653,48.4923580123,-4.5042787124,129.3404
133060000,6654,48.4923578411,-4.5042783982,129.3404
133080000,6655,48.4923576699,-4.5042780839,129.3404
133100000,6656,48.4923574987,-4.5042777697,129.3404
133120000,6657,48.4923573275,-4.5042774555,129.3404
133140000,6658,48.4923571563,-4.5042771412,129.3404
133160000,6659,48.4923569851,-4.504276827,129.3404
133180000,6660,48.4923568139,-4.5042765127,129.3404
133200000,6661,48.4923566427,-4.5042761985,129.3404
133220000,6662,48.4923564715,-4.5042758843,129.3404
133240000,6663,48.4923563003,-4.50427557,129.3404
133260000,6664,48.4923561291,-4.5042752558,129.3404
133280000,6665,48.4923559579,-4.5042749415,129.3404
133300000,6666,48.4923557867,-4.5042746273,129.3404
133320000,6667,48.4923556155,-4.5042743131,129.3404
133340000,6668,48.4923554443,-4.5042739988,129.3404
133360000,6669,48.492355273,-4.5042736846,129.3404
133380000,6670,48.4923551018,-4.5042733703,129.3404
133400000,6671,48.4923549306,-4.5042730561,129.3404
133420000,6672,48.4923547594,-4.5042727418,129.3404
133440000,6673,48.4923545882,-4.5042724276,129.3404
133460000,6674,48.492354417,-4.5042721134,129.3404
133480000,6675,48.4923542458,-4.5042717991,129.3404
133500000,6676,48.4923540746,-4.5042714849,129.3404
133520000,6677,48.4923539034,-4.5042711706,129.3404
133540000,6678,48.4923537322,-4.5042708564,129.3404
133560000,6679,48.492353561,-4.5042705422,129.3404
133580000,6680,48.4923533898,-4.5042702279,129.3404
133600000,6681,48.4923532186,-4.5042699137,129.3404
133620000,6682,48.4923530474,-4.5042695994,129.3404
133640000,6683,48.4923528762,-4.5042692852,129.3404
133660000,6684,48.492352705,-4.504268971,129.3404
133680000,6685,48.4923525338,-4.5042686567,129.3404
133700000,6686,48.4923523626,-4.5042683425,129.3404
133720000,6687,48.4923521914,-4.5042680282,129.3404
133740000,6688,48.4923520202,-4.504267714,129.3404
133760000,6689,48.492351849,-4.5042673998,129.3404
133780000,6690,48.4923516778,-4.5042670855,129.3404
133800000,6691,48.4923515066,-4.5042667713,129.3404
133820000,6692,48.4923513354,-4.504266457,129.3404
133840000,6693,48.4923511642,-4.5042661428,129.3404
133860000,6694,48.492350993,-4.5042658286,129.3404
133880000,6695,48.4923508218,-4.5042655143,129.3404
133900000,6696,48.4923506506,-4.5042652001,129.3404
133920000,6697,48.4923504793,-4.5042648858,129.3404
133940000,6698,48.4923503081,-4.5042645716,129.3404
133960000,6699,48.4923501369,-4.5042642574,129.3404
133980000,6700,48.4923499657,-4.5042639431,129.3404
134000000,6701,48.4923497945,-4.5042636289,129.3404
134020000,6702,48.4923496233,-4.5042633146,129.3404
134040000,6703,48.4923494521,-4.5042630004,129.3404
134060000,6704,48.4923492809,-4.5042626862,129.3404
134080000,6705,48.4923491097,-4.5042623719,129.3404
134100000,6706,48.4923489385,-4.5042620577,129.3404
134120000,6707,48.4923487673,-4.5042617434,129.3404
134140000,6708,48.4923485961,-4.5042614292,129.3404
134160000,6709,48.4923484249,-4.504261115,129.3404
134180000,6710,48.4923482537,-4.5042608007,129.3404
134200000,6711,48.4923480825,-4.5042604865,129.3404
134220000,6712,48.4923479113,-4.5042601722,129.3404
134240000,6713,48.4923477401,-4.504259858,129.3404
134260000,6714,48.4923475689,-4.5042595437,129.3404
134280000,6715,48.4923473977,-4.5042592295,129.3404
134300000,6716,48.4923472265,-4.5042589153,129.3404
134320000,6717,48.4923470553,-4.504258601,129.3404
134340000,6718,48.4923468841,-4.5042582868,129.3404
134360000,6719,48.4923467129,-4.5042579725,129.3404
134380000,6720,48.4923465417,-4.5042576583,129.3404
134400000,6721,48.4923463705,-4.5042573441,129.3404
134420000,6722,48.4923461993,-4.5042570298,129.3404
134440000,6723,48.4923460281,-4.5042567156,129.3404
134460000,6724,48.4923458569,-4.5042564013,129.3404
134480000,6725,48.4923456857,-4.5042560871,129.3404
134500000,6726,48.4923455144,-4.5042557729,129.3404
134520000,6727,48.4923453432,-4.5042554586,129.3404
134540000,6728,48.492345172,-4.5042551444,129.3404
134560000,6729,48.4923450008,-4.5042548301,129.3404
134580000,6730,48.4923448296,-4.5042545159,129.3404
134600000,6731,48.4923446584,-4.5042542017,129.3404
134620000,6732,48.4923444872,-4.5042538874,129.3404
134640000,6733,48.492344316,-4.5042535732,129.3404
134660000,6734,48.4923441448,-4.5042532589,129.3404
134680000,6735,48.4923439736,-4.5042529447,129.3404
134700000,6736,48.4923438024,-4.5042526305,129.3404
134720000,6737,48.4923436312,-4.5042523162,129.3404
134740000,6738,48.49234346,-4.504252002,129.3404
134760000,6739,48.4923432888,-4.5042516877,129.3404
134780000,6740,48.4923431176,-4.5042513735,129.3404
134800000,6741,48.4923429464,-4.5042510593,129.3404
134820000,6742,48.4923427752,-4.504250745,129.3404
134840000,6743,48.492342604,-4.5042504308,129.3404
134860000,6744,48.4923424328,-4.5042501165,129.3404
134880000,6745,48.4923422616,-4.5042498023,129.3404
134900000,6746,48.4923420904,-4.5042494881,129.3404
134920000,6747,48.4923419192,-4.5042491738,129.3404
134940000,6748,48.492341748,-4.5042488596,129.3404
134960000,6749,48.4923415768,-4.5042485453,129.3404
134980000,6750,48.4923414056,-4.5042482311,129.3404
135000000,6751,48.4923412344,-4.5042479169,129.3404
135020000,6752,48.4923410632,-4.5042476026,129.3404
135040000,6753,48.492340892,-4.5042472884,129.3404
135060000,6754,48.4923407207,-4.5042469741,129.3404
135080000,6755,48.4923405495,-4.5042466599,129.3404
135100000,6756,48.4923403783,-4.5042463457,129.3404
135120000,6757,48.4923402071,-4.5042460314,129.3404
135140000,6758,48.4923400359,-4.5042457172,129.3404
135160000,6759,48.4923398647,-4.5042454029,129.3404
135180000,6760,48.4923396935,-4.5042450887,129.3404
135200000,6761,48.4923395223,-4.5042447745,129.3404
135220000,6762,48.4923393511,-4.5042444602,129.3404
135240000,6763,48.4923391799,-4.504244146,129.3404
135260000,6764,48.4923390087,-4.5042438317,129.3404
135280000,6765,48.4923388375,-4.5042435175,129.3404
135300000,6766,48.4923386663,-4.5042432032,129.3404
135320000,6767,48.4923384951,-4.504242889,129.3404
135340000,6768,48.4923383239,-4.5042425748,129.3404
135360000,6769,48.4923381527,-4.5042422605,129.3404
135380000,6770,48.4923379815,-4.5042419463,129.3404
135400000,6771,48.4923378103,-4.504241632,129.3404
135420000,6772,48.4923376391,-4.5042413178,129.3404
135440000,6773,48.4923374679,-4.5042410036,129.3404
135460000,6774,48.4923372967,-4.5042406893,129.3404
135480000,6775,48.4923371255,-4.5042403751,129.3404
135500000,6776,48.4923369543,-4.5042400608,129.3404
135520000,6777,48.4923367831,-4.5042397466,129.3404
135540000,6778,48.4923366119,-4.5042394324,129.3404
135560000,6779,48.4923364407,-4.5042391181,129.3404
135580000,6780,48.4923362695,-4.5042388039,129.3404
135600000,6781,48.4923360983,-4.5042384896,129.3404
135620000,6782,48.492335927,-4.5042381754,129.3404
135640000,6783,48.4923357558,-4.5042378612,129.3404
135660000,6784,48.4923355846,-4.5042375469,129.3404
135680000,6785,48.4923354134,-4.5042372327,129.3404
135700000,6786,48.4923352422,-4.5042369184,129.3404
135720000,6787,48.492335071,-4.5042366042,129.3404
135740000,6788,48.4923348998,-4.50423629,129.3404
135760000,6789,48.4923347286,-4.5042359757,129.3404
135780000,6790,48.4923345574,-4.5042356615,129.3404
135800000,6791,48.4923343862,-4.5042353472,129.3404
135820000,6792,48.492334215,-4.504235033,129.3404
135840000,6793,48.4923340438,-4.5042347188,129.3404
135860000,6794,48.4923338726,-4.5042344045,129.3404
135880000,6795,48.4923337014,-4.5042340903,129.3404
135900000,6796,48.4923335302,-4.504233776,129.3404
135920000,6797,48.492333359,-4.5042334618,129.3404
135940000,6798,48.4923331878,-4.5042331476,129.3404
135960000,6799,48.4923330166,-4.5042328333,129.3404
135980000,6800,48.4923328454,-4.5042325191,129.3404
136000000,6801,48.4923326742,-4.5042322048,129.3404
136020000,6802,48.492332503,-4.5042318906,129.3404
136040000,6803,48.4923323318,-4.5042315764,129.3404
136060000,6804,48.4923321606,-4.5042312621,129.3404
136080000,6805,48.4923319894,-4.5042309479,129.3404
136100000,6806,48.4923318182,-4.5042306336,129.3404
136120000,6807,48.492331647,-4.5042303194,129.3404
136140000,6808,48.4923314758,-4.5042300052,129.3404
136160000,6809,48.4923313046,-4.5042296909,129.3404
136180000,6810,48.4923311333,-4.5042293767,129.3404
136200000,6811,48.4923309621,-4.5042290624,129.3404
136220000,6812,48.4923307909,-4.5042287482,129.3404
136240000,6813,48.4923306197,-4.504228434,129.3404
136260000,6814,48.4923304485,-4.5042281197,129.3404
136280000,6815,48.4923302773,-4.5042278055,129.3404
136300000,6816,48.4923301061,-4.5042274912,129.3404
136320000,6817,48.4923299349,-4.504227177,129.3404
136340000,6818,48.4923297637,-4.5042268628,129.3404
136360000,6819,48.4923295925,-4.5042265485,129.3404
136380000,6820,48.4923294213,-4.5042262343,129.3404
136400000,6821,48.4923292501,-4.50422592,129.3404
136420000,6822,48.4923290789,-4.5042256058,129.3404
136440000,6823,48.4923289077,-4.5042252916,129.3404
136460000,6824,48.4923287365,-4.5042249773,129.3404
136480000,6825,48.4923285653,-4.5042246631,129.3404
136500000,6826,48.4923283941,-4.5042243488,129.3404
136520000,6827,48.4923282229,-4.5042240346,129.3404
136540000,6828,48.4923280517,-4.5042237204,129.3404
136560000,6829,48.4923278805,-4.5042234061,129.3404
136580000,6830,48.4923277093,-4.5042230919,129.3404
136600000,6831,48.4923275381,-4.5042227776,129.3404
136620000,6832,48.4923273669,-4.5042224634,129.3404
136640000,6833,48.4923271957,-4.5042221492,129.3404
136660000,6834,48.4923270245,-4.5042218349,129.3404
136680000,6835,48.4923268533,-4.5042215207,129.3404
136700000,6836,48.4923266821,-4.5042212064,129.3404
136720000,6837,48.4923265108,-4.5042208922,129.3404
136740000,6838,48.4923263396,-4.504220578,129.3404
136760000,6839,48.4923261684,-4.5042202637,129.3404
136780000,6840,48.4923259972,-4.5042199495,129.3404
136800000,6841,48.492325826,-4.5042196352,129.3404
136820000,6842,48.4923256548,-4.504219321,129.3404
136840000,6843,48.4923254836,-4.5042190068,129.3404
136860000,6844,48.4923253124,-4.5042186925,129.3404
136880000,6845,48.4923251412,-4.5042183783,129.3404
136900000,6846,48.49232497,-4.504218064,129.3404
136920000,6847,48.4923247988,-4.5042177498,129.3404
136940000,6848,48.4923246276,-4.5042174355,129.3404
136960000,6849,48.4923244564,-4.5042171213,129.3404
136980000,6850,48.4923242852,-4.5042168071,129.3404
137000000,6851,48.492324114,-4.5042164928,129.3404
137020000,6852,48.4923239428,-4.5042161786,129.3404
137040000,6853,48.4923237716,-4.5042158643,129.3404
137060000,6854,48.4923236004,-4.5042155501,129.3404
137080000,6855,48.4923234292,-4.5042152359,129.3404
137100000,6856,48.492323258,-4.5042149216,129.3404
137120000,6857,48.4923230868,-4.5042146074,129.3404
137140000,6858,48.4923229156,-4.5042142931,129.3404
137160000,6859,48.4923227444,-4.5042139789,129.3404
137180000,6860,48.4923225732,-4.5042136647,129.3404
137200000,6861,48.492322402,-4.5042133504,129.3404
137220000,6862,48.4923222308,-4.5042130362,129.3404
137240000,6863,48.4923220596,-4.5042127219,129.3404
137260000,6864,48.4923218884,-4.5042124077,129.3404
137280000,6865,48.4923217171,-4.5042120935,129.3404
137300000,6866,48.4923215459,-4.5042117792,129.3404
137320000,6867,48.4923213747,-4.504211465,129.3404
137340000,6868,48.4923212035,-4.5042111507,129.3404
137360000,6869,48.4923210323,-4.5042108365,129.3404
137380000,6870,48.4923208611,-4.5042105223,129.3404
137400000,6871,48.4923206899,-4.504210208,129.3404
137420000,6872,48.4923205187,-4.5042098938,129.3404
137440000,6873,48.4923203475,-4.5042095795,129.3404
137460000,6874,48.4923201763,-4.5042092653,129.3404
137480000,6875,48.4923200051,-4.5042089511,129.3404
137500000,6876,48.4923198339,-4.5042086368,129.3404
137520000,6877,48.4923196627,-4.5042083226,129.3404
137540000,6878,48.4923194915,-4.5042080083,129.3404
137560000,6879,48.4923193203,-4.5042076941,129.3404
137580000,6880,48.4923191491,-4.5042073799,129.3404
137600000,6881,48.4923189779,-4.5042070656,129.3404
137620000,6882,48.4923188067,-4.5042067514,129.3404
137640000,6883,48.4923186355,-4.5042064371,129.3404
137660000,6884,48.4923184643,-4.5042061229,129.3404
137680000,6885,48.4923182931,-4.5042058087,129.3404
137700000,6886,48.4923181219,-4.5042054944,129.3404
137720000,6887,48.4923179507,-4.5042051802,129.3404
137740000,6888,48.4923177795,-4.5042048659,129.3404
137760000,6889,48.4923176083,-4.5042045517,129.3404
137780000,6890,48.4923174371,-4.5042042375,129.3404
137800000,6891,48.4923172659,-4.5042039232,129.3404
137820000,6892,48.4923170946,-4.504203609,129.3404
137840000,6893,48.4923169234,-4.5042032947,129.3404
137860000,6894,48.4923167522,-4.5042029805,129.3404
137880000,6895,48.492316581,-4.5042026663,129.3404
137900000,6896,48.4923164098,-4.504202352,129.3404
137920000,6897,48.4923162386,-4.5042020378,129.3404
137940000,6898,48.4923160674,-4.5042017235,129.3404
137960000,6899,48.4923158962,-4.5042014093,129.3404
137980000,6900,48.492315725,-4.5042010951,129.3404
138000000,6901,48.4923155538,-4.5042007808,129.3404
138020000,6902,48.4923153826,-4.5042004666,129.3404
138040000,6903,48.4923152114,-4.5042001523,129.3404
138060000,6904,48.4923150402,-4.5041998381,129.3404
138080000,6905,48.492314869,-4.5041995239,129.3404
138100000,6906,48.4923146978,-4.5041992096,129.3404
138120000,6907,48.4923145266,-4.5041988954,129.3404
138140000,6908,48.4923143554,-4.5041985811,129.3404
138160000,6909,48.4923141842,-4.5041982669,129.3404
138180000,6910,48.492314013,-4.5041979527,129.3404
138200000,6911,48.4923138418,-4.5041976384,129.3404
138220000,6912,48.4923136706,-4.5041973242,129.3404
138240000,6913,48.4923134994,-4.5041970099,129.3404
138260000,6914,48.4923133282,-4.5041966957,129.3404
138280000,6915,48.492313157,-4.5041963815,129.3404
138300000,6916,48.4923129858,-4.5041960672,129.3404
138320000,6917,48.4923128146,-4.504195753,129.3404
138340000,6918,48.4923126434,-4.5041954387,129.3404
138360000,6919,48.4923124721,-4.5041951245,129.3404
138380000,6920,48.4923123009,-4.5041948103,129.3404
138400000,6921,48.4923121297,-4.504194496,129.3404
138420000,6922,48.4923119585,-4.5041941818,129.3404
138440000,6923,48.4923117873,-4.5041938675,129.3404
138460000,6924,48.4923116161,-4.5041935533,129.3404
138480000,6925,48.4923114449,-4.5041932391,129.3404
138500000,6926,48.4923112737,-4.5041929248,129.3404
138520000,6927,48.4923111025,-4.5041926106,129.3404
138540000,6928,48.4923109313,-4.5041922963,129.3404
138560000,6929,48.4923107601,-4.5041919821,129.3404
138580000,6930,48.4923105889,-4.5041916679,129.3404
138600000,6931,48.4923104177,-4.5041913536,129.3404
138620000,6932,48.4923102465,-4.5041910394,129.3404
138640000,6933,48.4923100753,-4.5041907251,129.3404
138660000,6934,48.4923099041,-4.5041904109,129.3404
138680000,6935,48.4923097329,-4.5041900967,129.3404
138700000,6936,48.4923095617,-4.5041897824,129.3404
138720000,6937,48.4923093905,-4.5041894682,129.3404
138740000,6938,48.4923092193,-4.5041891539,129.3404
138760000,6939,48.4923090481,-4.5041888397,129.3404
138780000,6940,48.4923088769,-4.5041885255,129.3404
138800000,6941,48.4923087057,-4.5041882112,129.3404
138820000,6942,48.4923085345,-4.504187897,129.3404
138840000,6943,48.4923083633,-4.5041875827,129.3404
138860000,6944,48.4923081921,-4.5041872685,129.3404
138880000,6945,48.4923080209,-4.5041869543,129.3404
138900000,6946,48.4923078496,-4.50418664,129.3404
138920000,6947,48.4923076784,-4.5041863258,129.3404
138940000,6948,48.4923075072,-4.5041860115,129.3404
138960000,6949,48.492307336,-4.5041856973,129.3404
138980000,6950,48.4923071648,-4.5041853831,129.3404
139000000,6951,48.4923069936,-4.5041850688,129.3404
139020000,6952,48.4923068224,-4.5041847546,129.3404
139040000,6953,48.4923066512,-4.5041844403,129.3404
139060000,6954,48.49230648,-4.5041841261,129.3404
139080000,6955,48.4923063088,-4.5041838119,129.3404
139100000,6956,48.4923061376,-4.5041834976,129.3404
139120000,6957,48.4923059664,-4.5041831834,129.3404
139140000,6958,48.4923057952,-4.5041828691,129.3404
139160000,6959,48.492305624,-4.5041825549,129.3404
139180000,6960,48.4923054528,-4.5041822407,129.3404
139200000,6961,48.4923052816,-4.5041819264,129.3404
139220000,6962,48.4923051104,-4.5041816122,129.3404
139240000,6963,48.4923049392,-4.5041812979,129.3404
139260000,6964,48.492304768,-4.5041809837,129.3404
139280000,6965,48.4923045968,-4.5041806695,129.3404
139300000,6966,48.4923044256,-4.5041803552,129.3404
139320000,6967,48.4923042544,-4.504180041,129.3404
139340000,6968,48.4923040832,-4.5041797267,129.3404
139360000,6969,48.492303912,-4.5041794125,129.3404
139380000,6970,48.4923037408,-4.5041790983,129.3404
139400000,6971,48.4923035696,-4.504178784,129.3404
139420000,6972,48.4923033984,-4.5041784698,129.3404
139440000,6973,48.4923032271,-4.5041781555,129.3404
139460000,6974,48.4923030559,-4.5041778413,129.3404
139480000,6975,48.4923028847,-4.5041775271,129.3404
139500000,6976,48.4923027135,-4.5041772128,129.3404
139520000,6977,48.4923025423,-4.5041768986,129.3404
139540000,6978,48.4923023711,-4.5041765843,129.3404
139560000,6979,48.4923021999,-4.5041762701,129.3404
139580000,6980,48.4923020287,-4.5041759559,129.3404
139600000,6981,48.4923018575,-4.5041756416,129.3404
139620000,6982,48.4923016863,-4.5041753274,129.3404
139640000,6983,48.4923015151,-4.5041750131,129.3404
139660000,6984,48.4923013439,-4.5041746989,129.3404
139680000,6985,48.4923011727,-4.5041743847,129.3404
139700000,6986,48.4923010015,-4.5041740704,129.3404
139720000,6987,48.4923008303,-4.5041737562,129.3404
139740000,6988,48.4923006591,-4.5041734419,129.3404
139760000,6989,48.4923004879,-4.5041731277,129.3404
139780000,6990,48.4923003167,-4.5041728135,129.3404
139800000,6991,48.4923001455,-4.5041724992,129.3404
139820000,6992,48.4922999743,-4.504172185,129.3404
139840000,6993,48.4922998031,-4.5041718707,129.3404
139860000,6994,48.4922996319,-4.5041715565,129.3404
139880000,6995,48.4922994607,-4.5041712423,129.3404
139900000,6996,48.4922992895,-4.504170928,129.3404
139920000,6997,48.4922991183,-4.5041706138,129.3404
139940000,6998,48.4922989471,-4.5041702996,129.3404
139960000,6999,48.4922987758,-4.5041699853,129.3404
139980000,7000,48.4922986046,-4.5041696711,129.3404
140000000,7001,48.4922984334,-4.5041693568,129.3404
140020000,7002,48.4922982622,-4.5041690426,129.3404
140040000,7003,48.492298091,-4.5041687284,129.3404
140060000,7004,48.4922979198,-4.5041684141,129.3404
140080000,7005,48.4922977486,-4.5041680999,129.3404
140100000,7006,48.4922975774,-4.5041677856,129.3404
140120000,7007,48.4922974062,-4.5041674714,129.3404
140140000,7008,48.492297235,-4.5041671572,129.3404
140160000,7009,48.4922970638,-4.5041668429,129.3404
140180000,7010,48.4922968926,-4.5041665287,129.3404
140200000,7011,48.4922967214,-4.5041662144,129.3404
140220000,7012,48.4922965502,-4.5041659002,129.3404
140240000,7013,48.492296379,-4.504165586,129.3404
140260000,7014,48.4922962078,-4.5041652717,129.3404
140280000,7015,48.4922960366,-4.5041649575,129.3404
140300000,7016,48.4922958654,-4.5041646432,129.3404
140320000,7017,48.4922956942,-4.504164329,129.3404
140340000,7018,48.492295523,-4.5041640148,129.3404
140360000,7019,48.4922953518,-4.5041637005,129.3404
140380000,7020,48.4922951806,-4.5041633863,129.3404
140400000,7021,48.4922950094,-4.504163072,129.3404
140420000,7022,48.4922948382,-4.5041627578,129.3404
140440000,7023,48.492294667,-4.5041624436,129.3404
140460000,7024,48.4922944958,-4.5041621293,129.3404
140480000,7025,48.4922943246,-4.5041618151,129.3404
140500000,7026,48.4922941533,-4.5041615008,129.3404
140520000,7027,48.4922939821,-4.5041611866,129.3404
140540000,7028,48.4922938109,-4.5041608724,129.3404
140560000,7029,48.4922936397,-4.5041605581,129.3404
140580000,7030,48.4922934685,-4.5041602439,129.3404
140600000,7031,48.4922932973,-4.5041599296,129.3404
140620000,7032,48.4922931261,-4.5041596154,129.3404
140640000,7033,48.4922929549,-4.5041593012,129.3404
140660000,7034,48.4922927837,-4.5041589869,129.3404
140680000,7035,48.4922926125,-4.5041586727,129.3404
140700000,7036,48.4922924413,-4.5041583584,129.3404
140720000,7037,48.4922922701,-4.5041580442,129.3404
140740000,7038,48.4922920989,-4.50415773,129.3404
140760000,7039,48.4922919277,-4.5041574157,129.3404
140780000,7040,48.4922917565,-4.5041571015,129.3404
140800000,7041,48.4922915853,-4.5041567872,129.3404
140820000,7042,48.4922914141,-4.504156473,129.3404
140840000,7043,48.4922912429,-4.5041561588,129.3404
140860000,7044,48.4922910717,-4.5041558445,129.3404
140880000,7045,48.4922909005,-4.5041555303,129.3404
140900000,7046,48.4922907293,-4.504155216,129.3404
140920000,7047,48.4922905581,-4.5041549018,129.3404
140940000,7048,48.4922903869,-4.5041545876,129.3404
140960000,7049,48.4922902157,-4.5041542733,129.3404
140980000,7050,48.4922900445,-4.5041539591,129.3404
141000000,7051,48.4922898733,-4.5041536448,129.3404
141020000,7052,48.492289702,-4.5041533306,129.3404
141040000,7053,48.4922895308,-4.5041530164,129.3404
141060000,7054,48.4922893596,-4.5041527021,129.3404
141080000,7055,48.4922891884,-4.5041523879,129.3404
141100000,7056,48.4922890172,-4.5041520736,129.3404
141120000,7057,48.492288846,-4.5041517594,129.3404
141140000,7058,48.4922886748,-4.5041514452,129.3404
141160000,7059,48.4922885036,-4.5041511309,129.3404
141180000,7060,48.4922883324,-4.5041508167,129.3404
141200000,7061,48.4922881612,-4.5041505024,129.3404
141220000,7062,48.49228799,-4.5041501882,129.3404
141240000,7063,48.4922878188,-4.504149874,129.3404
141260000,7064,48.4922876476,-4.5041495597,129.3404
141280000,7065,48.4922874764,-4.5041492455,129.3404
141300000,7066,48.4922873052,-4.5041489312,129.3404
141320000,7067,48.492287134,-4.504148617,129.3404
141340000,7068,48.4922869628,-4.5041483028,129.3404
141360000,7069,48.4922867916,-4.5041479885,129.3404
141380000,7070,48.4922866204,-4.5041476743,129.3404
141400000,7071,48.4922864492,-4.50414736,129.3404
141420000,7072,48.492286278,-4.5041470458,129.3404
141440000,7073,48.4922861068,-4.5041467316,129.3404
141460000,7074,48.4922859356,-4.5041464173,129.3404
141480000,7075,48.4922857644,-4.5041461031,129.3404
141500000,7076,48.4922855932,-4.5041457888,129.3404
141520000,7077,48.492285422,-4.5041454746,129.3404
141540000,7078,48.4922852507,-4.5041451604,129.3404
141560000,7079,48.4922850795,-4.5041448461,129.3404
141580000,7080,48.4922849083,-4.5041445319,129.3404
141600000,7081,48.4922847371,-4.5041442177,129.3404
141620000,7082,48.4922845659,-4.5041439034,129.3404
141640000,7083,48.4922843947,-4.5041435892,129.3404
141660000,7084,48.4922842235,-4.5041432749,129.3404
141680000,7085,48.4922840523,-4.5041429607,129.3404
141700000,7086,48.4922838811,-4.5041426465,129.3404
141720000,7087,48.4922837099,-4.5041423322,129.3404
141740000,7088,48.4922835387,-4.504142018,129.3404
141760000,7089,48.4922833675,-4.5041417037,129.3404
141780000,7090,48.4922831963,-4.5041413895,129.3404
141800000,7091,48.4922830251,-4.5041410753,129.3404
141820000,7092,48.4922828539,-4.504140761,129.3404
141840000,7093,48.4922826827,-4.5041404468,129.3404
141860000,7094,48.4922825115,-4.5041401325,129.3404
141880000,7095,48.4922823403,-4.5041398183,129.3404
141900000,7096,48.4922821691,-4.5041395041,129.3404
141920000,7097,48.4922819979,-4.5041391898,129.3404
141940000,7098,48.4922818267,-4.5041388756,129.3404
141960000,7099,48.4922816555,-4.5041385613,129.3404
141980000,7100,48.4922814843,-4.5041382471,129.3404
142000000,7101,48.4922813131,-4.5041379329,129.3404
142020000,7102,48.4922811419,-4.5041376186,129.3404
142040000,7103,48.4922809707,-4.5041373044,129.3404
142060000,7104,48.4922807994,-4.5041369901,129.3404
142080000,7105,48.4922806282,-4.5041366759,129.3404
142100000,7106,48.492280457,-4.5041363617,129.3404
142120000,7107,48.4922802858,-4.5041360474,129.3404
142140000,7108,48.4922801146,-4.5041357332,129.3404
142160000,7109,48.4922799434,-4.5041354189,129.3404
142180000,7110,48.4922797722,-4.5041351047,129.3404
142200000,7111,48.492279601,-4.5041347905,129.3404
142220000,7112,48.4922794298,-4.5041344762,129.3404
142240000,7113,48.4922792586,-4.504134162,129.3404
142260000,7114,48.4922790874,-4.5041338477,129.3404
142280000,7115,48.4922789162,-4.5041335335,129.3404
142300000,7116,48.492278745,-4.5041332193,129.3404
142320000,7117,48.4922785738,-4.504132905,129.3404
142340000,7118,48.4922784026,-4.5041325908,129.3404
142360000,7119,48.4922782314,-4.5041322765,129.3404
142380000,7120,48.4922780602,-4.5041319623,129.3404
142400000,7121,48.492277889,-4.5041316481,129.3404
142420000,7122,48.4922777178,-4.5041313338,129.3404
142440000,7123,48.4922775466,-4.5041310196,129.3404
142460000,7124,48.4922773754,-4.5041307053,129.3404
142480000,7125,48.4922772042,-4.5041303911,129.3404
142500000,7126,48.492277033,-4.5041300769,129.3404
142520000,7127,48.4922768618,-4.5041297626,129.3404
142540000,7128,48.4922766906,-4.5041294484,129.3404
142560000,7129,48.4922765194,-4.5041291341,129.3404
142580000,7130,48.4922763481,-4.5041288199,129.3404
142600000,7131,48.4922761769,-4.5041285057,129.3404
142620000,7132,48.4922760057,-4.5041281914,129.3404
142640000,7133,48.4922758345,-4.5041278772,129.3404
142660000,7134,48.4922756633,-4.504127563,129.3404
142680000,7135,48.4922754921,-4.5041272487,129.3404
142700000,7136,48.4922753209,-4.5041269345,129.3404
142720000,7137,48.4922751497,-4.5041266202,129.3404
142740000,7138,48.4922749785,-4.504126306,129.3404
142760000,7139,48.4922748073,-4.5041259918,129.3404
142780000,7140,48.4922746361,-4.5041256775,129.3404
142800000,7141,48.4922744649,-4.5041253633,129.3404
142820000,7142,48.4922742937,-4.504125049,129.3404
142840000,7143,48.4922741225,-4.5041247348,129.3404
142860000,7144,48.4922739513,-4.5041244206,129.3404
142880000,7145,48.4922737801,-4.5041241063,129.3404
142900000,7146,48.4922736089,-4.5041237921,129.3404
142920000,7147,48.4922734377,-4.5041234778,129.3404
142940000,7148,48.4922732665,-4.5041231636,129.3404
142960000,7149,48.4922730953,-4.5041228494,129.3404
142980000,7150,48.4922729241,-4.5041225351,129.3404
143000000,7151,48.4922727529,-4.5041222209,129.3404
143020000,7152,48.4922725817,-4.5041219066,129.3404
143040000,7153,48.4922724105,-4.5041215924,129.3404
143060000,7154,48.4922722393,-4.5041212782,129.3404
143080000,7155,48.492272068,-4.5041209639,129.3404
143100000,7156,48.4922718968,-4.5041206497,129.3404
143120000,7157,48.4922717256,-4.5041203354,129.3404
143140000,7158,48.4922715544,-4.5041200212,129.3404
143160000,7159,48.4922713832,-4.504119707,129.3404
143180000,7160,48.492271212,-4.5041193927,129.3404
143200000,7161,48.4922710408,-4.5041190785,129.3404
143220000,7162,48.4922708696,-4.5041187642,129.3404
143240000,7163,48.4922706984,-4.50411845,129.3404
143260000,7164,48.4922705272,-4.5041181358,129.3404
143280000,7165,48.492270356,-4.5041178215,129.3404
143300000,7166,48.4922701848,-4.5041175073,129.3404
143320000,7167,48.4922700136,-4.504117193,129.3404
143340000,7168,48.4922698424,-4.5041168788,129.3404
143360000,7169,48.4922696712,-4.5041165646,129.3404
143380000,7170,48.4922695,-4.5041162503,129.3404
143400000,7171,48.4922693288,-4.5041159361,129.3404
143420000,7172,48.4922691576,-4.5041156219,129.3404
143440000,7173,48.4922689864,-4.5041153076,129.3404
143460000,7174,48.4922688152,-4.5041149934,129.3404
143480000,7175,48.492268644,-4.5041146791,129.3404
143500000,7176,48.4922684728,-4.5041143649,129.3404
143520000,7177,48.4922683016,-4.5041140507,129.3404
143540000,7178,48.4922681304,-4.5041137364,129.3404
143560000,7179,48.4922679592,-4.5041134222,129.3404
143580000,7180,48.492267788,-4.5041131079,129.3404
143600000,7181,48.4922676167,-4.5041127937,129.3404
143620000,7182,48.4922674455,-4.5041124795,129.3404
143640000,7183,48.4922672743,-4.5041121652,129.3404
143660000,7184,48.4922671031,-4.504111851,129.3404
143680000,7185,48.4922669319,-4.5041115367,129.3404
143700000,7186,48.4922667607,-4.5041112225,129.3404
143720000,7187,48.4922665895,-4.5041109083,129.3404
143740000,7188,48.4922664183,-4.504110594,129.3404
143760000,7189,48.4922662471,-4.5041102798,129.3404
143780000,7190,48.4922660759,-4.5041099655,129.3404
143800000,7191,48.4922659047,-4.5041096513,129.3404
143820000,7192,48.4922657335,-4.5041093371,129.3404
143840000,7193,48.4922655623,-4.5041090228,129.3404
143860000,7194,48.4922653911,-4.5041087086,129.3404
143880000,7195,48.4922652199,-4.5041083943,129.3404
143900000,7196,48.4922650487,-4.5041080801,129.3404
143920000,7197,48.4922648775,-4.5041077659,129.3404
143940000,7198,48.4922647063,-4.5041074516,129.3404
143960000,7199,48.4922645351,-4.5041071374,129.3404
143980000,7200,48.4922643639,-4.5041068231,129.3404
144000000,7201,48.4922641927,-4.5041065089,129.3404
144020000,7202,48.4922640215,-4.5041061947,129.3404
144040000,7203,48.4922638503,-4.5041058804,129.3404
144060000,7204,48.4922636791,-4.5041055662,129.3404
144080000,7205,48.4922635079,-4.5041052519,129.3404
144100000,7206,48.4922633366,-4.5041049377,129.3404
144120000,7207,48.4922631654,-4.5041046235,129.3404
144140000,7208,48.4922629942,-4.5041043092,129.3404
144160000,7209,48.492262823,-4.504103995,129.3404
144180000,7210,48.4922626518,-4.5041036808,129.3404
144200000,7211,48.4922624806,-4.5041033665,129.3404
144220000,7212,48.4922623094,-4.5041030523,129.3404
144240000,7213,48.4922621382,-4.504102738,129.3404
144260000,7214,48.492261967,-4.5041024238,129.3404
144280000,7215,48.4922617958,-4.5041021096,129.3404
144300000,7216,48.4922616246,-4.5041017953,129.3404
144320000,7217,48.4922614534,-4.5041014811,129.3404
144340000,7218,48.4922612822,-4.5041011668,129.3404
144360000,7219,48.492261111,-4.5041008526,129.3404
144380000,7220,48.4922609398,-4.5041005384,129.3404
144400000,7221,48.4922607686,-4.5041002241,129.3404
144420000,7222,48.4922605974,-4.5040999099,129.3404
144440000,7223,48.4922604262,-4.5040995956,129.3404
144460000,7224,48.492260255,-4.5040992814,129.3404
144480000,7225,48.4922600838,-4.5040989672,129.3404
144500000,7226,48.4922599126,-4.5040986529,129.3404
144520000,7227,48.4922597414,-4.5040983387,129.3404
144540000,7228,48.4922595702,-4.5040980244,129.3404
144560000,7229,48.492259399,-4.5040977102,129.3404
144580000,7230,48.4922592278,-4.504097396,129.3404
144600000,7231,48.4922590565,-4.5040970817,129.3404
144620000,7232,48.4922588853,-4.5040967675,129.3404
144640000,7233,48.4922587141,-4.5040964532,129.3404
144660000,7234,48.4922585429,-4.504096139,129.3404
144680000,7235,48.4922583717,-4.5040958248,129.3404
144700000,7236,48.4922582005,-4.5040955105,129.3404
144720000,7237,48.4922580293,-4.5040951963,129.3404
144740000,7238,48.4922578581,-4.5040948821,129.3404
144760000,7239,48.4922576869,-4.5040945678,129.3404
144780000,7240,48.4922575157,-4.5040942536,129.3404
144800000,7241,48.4922573445,-4.5040939393,129.3404
144820000,7242,48.4922571733,-4.5040936251,129.3404
144840000,7243,48.4922570021,-4.5040933109,129.3404
144860000,7244,48.4922568309,-4.5040929966,129.3404
144880000,7245,48.4922566597,-4.5040926824,129.3404
144900000,7246,48.4922564885,-4.5040923681,129.3404
144920000,7247,48.4922563173,-4.5040920539,129.3404
144940000,7248,48.4922561461,-4.5040917397,129.3404
144960000,7249,48.4922559749,-4.5040914254,129.3404
144980000,7250,48.4922558037,-4.5040911112,129.3404
145000000,7251,48.4922556325,-4.5040907969,129.3404
145020000,7252,48.4922554613,-4.5040904827,129.3404
145040000,7253,48.4922552901,-4.5040901685,129.3404
145060000,7254,48.4922551189,-4.5040898542,129.3404
145080000,7255,48.4922549477,-4.50408954,129.3404
145100000,7256,48.4922547764,-4.5040892257,129.3404
145120000,7257,48.4922546052,-4.5040889115,129.3404
145140000,7258,48.492254434,-4.5040885973,129.3404
145160000,7259,48.4922542628,-4.504088283,129.3404
145180000,7260,48.4922540916,-4.5040879688,129.3404
145200000,7261,48.4922539204,-4.5040876545,129.3404
145220000,7262,48.4922537492,-4.5040873403,129.3404
145240000,7263,48.492253578,-4.5040870261,129.3404
145260000,7264,48.4922534068,-4.5040867118,129.3404
145280000,7265,48.4922532356,-4.5040863976,129.3404
145300000,7266,48.4922530644,-4.5040860834,129.3404
145320000,7267,48.4922528932,-4.5040857691,129.3404
145340000,7268,48.492252722,-4.5040854549,129.3404
145360000,7269,48.4922525508,-4.5040851406,129.3404
145380000,7270,48.4922523796,-4.5040848264,129.3404
145400000,7271,48.4922522084,-4.5040845122,129.3404
145420000,7272,48.4922520372,-4.5040841979,129.3404
145440000,7273,48.492251866,-4.5040838837,129.3404
145460000,7274,48.4922516948,-4.5040835694,129.3404
145480000,7275,48.4922515236,-4.5040832552,129.3404
145500000,7276,48.4922513524,-4.504082941,129.3404
145520000,7277,48.4922511812,-4.5040826267,129.3404
145540000,7278,48.49225101,-4.5040823125,129.3404
145560000,7279,48.4922508388,-4.5040819982,129.3404
145580000,7280,48.4922506676,-4.504081684,129.3404
145600000,7281,48.4922504963,-4.5040813698,129.3404
145620000,7282,48.4922503251,-4.5040810555,129.3404
145640000,7283,48.4922501539,-4.5040807413,129.3404
145660000,7284,48.4922499827,-4.504080427,129.3404
145680000,7285,48.4922498115,-4.5040801128,129.3404
145700000,7286,48.4922496403,-4.5040797986,129.3404
145720000,7287,48.4922494691,-4.5040794843,129.3404
145740000,7288,48.4922492979,-4.5040791701,129.3404
145760000,7289,48.4922491267,-4.5040788558,129.3404
145780000,7290,48.4922489555,-4.5040785416,129.3404
145800000,7291,48.4922487843,-4.5040782274,129.3404
145820000,7292,48.4922486131,-4.5040779131,129.3404
145840000,7293,48.4922484419,-4.5040775989,129.3404
145860000,7294,48.4922482707,-4.5040772847,129.3404
145880000,7295,48.4922480995,-4.5040769704,129.3404
145900000,7296,48.4922479283,-4.5040766562,129.3404
145920000,7297,48.4922477571,-4.5040763419,129.3404
145940000,7298,48.4922475859,-4.5040760277,129.3404
145960000,7299,48.4922474147,-4.5040757135,129.3404
145980000,7300,48.4922472435,-4.5040753992,129.3404
146000000,7301,48.4922470723,-4.504075085,129.3404
146020000,7302,48.4922469011,-4.5040747707,129.3404
146040000,7303,48.4922467299,-4.5040744565,129.3404
146060000,7304,48.4922465587,-4.5040741423,129.3404
146080000,7305,48.4922463875,-4.504073828,129.3404
146100000,7306,48.4922462162,-4.5040735138,129.3404
146120000,7307,48.492246045,-4.5040731995,129.3404
146140000,7308,48.4922458738,-4.5040728853,129.3404
146160000,7309,48.4922457026,-4.5040725711,129.3404
146180000,7310,48.4922455314,-4.5040722568,129.3404
146200000,7311,48.4922453602,-4.5040719426,129.3404
146220000,7312,48.492245189,-4.5040716283,129.3404
146240000,7313,48.4922450178,-4.5040713141,129.3404
146260000,7314,48.4922448466,-4.5040709999,129.3404
146280000,7315,48.4922446754,-4.5040706856,129.3404
146300000,7316,48.4922445042,-4.5040703714,129.3404
146320000,7317,48.492244333,-4.5040700572,129.3404
146340000,7318,48.4922441618,-4.5040697429,129.3404
146360000,7319,48.4922439906,-4.5040694287,129.3404
146380000,7320,48.4922438194,-4.5040691144,129.3404
146400000,7321,48.4922436482,-4.5040688002,129.3404
146420000,7322,48.492243477,-4.504068486,129.3404
146440000,7323,48.4922433058,-4.5040681717,129.3404
146460000,7324,48.4922431346,-4.5040678575,129.3404
146480000,7325,48.4922429634,-4.5040675432,129.3404
146500000,7326,48.4922427922,-4.504067229,129.3404
146520000,7327,48.492242621,-4.5040669148,129.3404
146540000,7328,48.4922424498,-4.5040666005,129.3404
146560000,7329,48.4922422786,-4.5040662863,129.3404
146580000,7330,48.4922421074,-4.504065972,129.3404
146600000,7331,48.4922419361,-4.5040656578,129.3404
146620000,7332,48.4922417649,-4.5040653436,129.3404
146640000,7333,48.4922415937,-4.5040650293,129.3404
146660000,7334,48.4922414225,-4.5040647151,129.3404
146680000,7335,48.4922412513,-4.5040644008,129.3404
146700000,7336,48.4922410801,-4.5040640866,129.3404
146720000,7337,48.4922409089,-4.5040637724,129.3404
146740000,7338,48.4922407377,-4.5040634581,129.3404
146760000,7339,48.4922405665,-4.5040631439,129.3404
146780000,7340,48.4922403953,-4.5040628297,129.3404
146800000,7341,48.4922402241,-4.5040625154,129.3404
146820000,7342,48.4922400529,-4.5040622012,129.3404
146840000,7343,48.4922398817,-4.5040618869,129.3404
146860000,7344,48.4922397105,-4.5040615727,129.3404
146880000,7345,48.4922395393,-4.5040612585,129.3404
146900000,7346,48.4922393681,-4.5040609442,129.3404
146920000,7347,48.4922391969,-4.50406063,129.3404
146940000,7348,48.4922390257,-4.5040603157,129.3404
146960000,7349,48.4922388545,-4.5040600015,129.3404
146980000,7350,48.4922386833,-4.5040596873,129.3404
147000000,7351,48.4922385121,-4.504059373,129.3404
147020000,7352,48.4922383409,-4.5040590588,129.3404
147040000,7353,48.4922381697,-4.5040587445,129.3404
147060000,7354,48.4922379985,-4.5040584303,129.3404
147080000,7355,48.4922378272,-4.5040581161,129.3404
147100000,7356,48.492237656,-4.5040578018,129.3404
147120000,7357,48.4922374848,-4.5040574876,129.3404
147140000,7358,48.4922373136,-4.5040571733,129.3404
147160000,7359,48.4922371424,-4.5040568591,129.3404
147180000,7360,48.4922369712,-4.5040565449,129.3404
147200000,7361,48.4922368,-4.5040562306,129.3404
147220000,7362,48.4922366288,-4.5040559164,129.3404
147240000,7363,48.4922364576,-4.5040556022,129.3404
147260000,7364,48.4922362864,-4.5040552879,129.3404
147280000,7365,48.4922361152,-4.5040549737,129.3404
147300000,7366,48.492235944,-4.5040546594,129.3404
147320000,7367,48.4922357728,-4.5040543452,129.3404
147340000,7368,48.4922356016,-4.504054031,129.3404
147360000,7369,48.4922354304,-4.5040537167,129.3404
147380000,7370,48.4922352592,-4.5040534025,129.3404
147400000,7371,48.492235088,-4.5040530882,129.3404
147420000,7372,48.4922349168,-4.504052774,129.3404
147440000,7373,48.4922347456,-4.5040524598,129.3404
147460000,7374,48.4922345744,-4.5040521455,129.3404
147480000,7375,48.4922344032,-4.5040518313,129.3404
147500000,7376,48.492234232,-4.504051517,129.3404
147520000,7377,48.4922340608,-4.5040512028,129.3404
147540000,7378,48.4922338896,-4.5040508886,129.3404
147560000,7379,48.4922337184,-4.5040505743,129.3404
147580000,7380,48.4922335471,-4.5040502601,129.3404
147600000,7381,48.4922333759,-4.5040499458,129.3404
147620000,7382,48.4922332047,-4.5040496316,129.3404
147640000,7383,48.4922330335,-4.5040493174,129.3404
147660000,7384,48.4922328623,-4.5040490031,129.3404
147680000,7385,48.4922326911,-4.5040486889,129.3404
147700000,7386,48.4922325199,-4.5040483747,129.3404
147720000,7387,48.4922323487,-4.5040480604,129.3404
147740000,7388,48.4922321775,-4.5040477462,129.3404
147760000,7389,48.4922320063,-4.5040474319,129.3404
147780000,7390,48.4922318351,-4.5040471177,129.3404
147800000,7391,48.4922316639,-4.5040468035,129.3404
147820000,7392,48.4922314927,-4.5040464892,129.3404
147840000,7393,48.4922313215,-4.504046175,129.3404
147860000,7394,48.4922311503,-4.5040458607,129.3404
147880000,7395,48.4922309791,-4.5040455465,129.3404
147900000,7396,48.4922308079,-4.5040452323,129.3404
147920000,7397,48.4922306367,-4.504044918,129.3404
147940000,7398,48.4922304655,-4.5040446038,129.3404
147960000,7399,48.4922302943,-4.5040442895,129.3404
147980000,7400,48.4922301231,-4.5040439753,129.3404
148000000,7401,48.4922299519,-4.5040436611,129.3404
148020000,7402,48.4922297807,-4.5040433468,129.3404
148040000,7403,48.4922296095,-4.5040430326,129.3404
148060000,7404,48.4922294382,-4.5040427184,129.3404
148080000,7405,48.492229267,-4.5040424041,129.3404
148100000,7406,48.4922290958,-4.5040420899,129.3404
148120000,7407,48.4922289246,-4.5040417756,129.3404
148140000,7408,48.4922287534,-4.5040414614,129.3404
148160000,7409,48.4922285822,-4.5040411472,129.3404
148180000,7410,48.492228411,-4.5040408329,129.3404
148200000,7411,48.4922282398,-4.5040405187,129.3404
148220000,7412,48.4922280686,-4.5040402044,129.3404
148240000,7413,48.4922278974,-4.5040398902,129.3404
148260000,7414,48.4922277262,-4.504039576,129.3404
148280000,7415,48.492227555,-4.5040392617,129.3404
148300000,7416,48.4922273838,-4.5040389475,129.3404
148320000,7417,48.4922272126,-4.5040386332,129.3404
148340000,7418,48.4922270414,-4.504038319,129.3404
148360000,7419,48.4922268702,-4.5040380048,129.3404
148380000,7420,48.492226699,-4.5040376905,129.3404
148400000,7421,48.4922265278,-4.5040373763,129.3404
148420000,7422,48.4922263566,-4.5040370621,129.3404
148440000,7423,48.4922261854,-4.5040367478,129.3404
148460000,7424,48.4922260142,-4.5040364336,129.3404
148480000,7425,48.492225843,-4.5040361193,129.3404
148500000,7426,48.4922256718,-4.5040358051,129.3404
148520000,7427,48.4922255006,-4.5040354909,129.3404
148540000,7428,48.4922253293,-4.5040351766,129.3404
148560000,7429,48.4922251581,-4.5040348624,129.3404
148580000,7430,48.4922249869,-4.5040345481,129.3404
148600000,7431,48.4922248157,-4.5040342339,129.3404
148620000,7432,48.4922246445,-4.5040339197,129.3404
148640000,7433,48.4922244733,-4.5040336054,129.3404
148660000,7434,48.4922243021,-4.5040332912,129.3404
148680000,7435,48.4922241309,-4.5040329769,129.3404
148700000,7436,48.4922239597,-4.5040326627,129.3404
148720000,7437,48.4922237885,-4.5040323485,129.3404
148740000,7438,48.4922236173,-4.5040320342,129.3404
148760000,7439,48.4922234461,-4.50403172,129.3404
148780000,7440,48.4922232749,-4.5040314057,129.3404
148800000,7441,48.4922231037,-4.5040310915,129.3404
148820000,7442,48.4922229325,-4.5040307773,129.3404
148840000,7443,48.4922227613,-4.504030463,129.3404
148860000,7444,48.4922225901,-4.5040301488,129.3404
148880000,7445,48.4922224189,-4.5040298346,129.3404
148900000,7446,48.4922222477,-4.5040295203,129.3404
148920000,7447,48.4922220765,-4.5040292061,129.3404
148940000,7448,48.4922219053,-4.5040288918,129.3404
148960000,7449,48.4922217341,-4.5040285776,129.3404
148980000,7450,48.4922215629,-4.5040282634,129.3404
149000000,7451,48.4922213917,-4.5040279491,129.3404
149020000,7452,48.4922212204,-4.5040276349,129.3404
149040000,7453,48.4922210492,-4.5040273206,129.3404
149060000,7454,48.492220878,-4.5040270064,129.3404
149080000,7455,48.4922207068,-4.5040266922,129.3404
149100000,7456,48.4922205356,-4.5040263779,129.3404
149120000,7457,48.4922203644,-4.5040260637,129.3404
149140000,7458,48.4922201932,-4.5040257494,129.3404
149160000,7459,48.492220022,-4.5040254352,129.3404
149180000,7460,48.4922198508,-4.504025121,129.3404
149200000,7461,48.4922196796,-4.5040248067,129.3404
149220000,7462,48.4922195084,-4.5040244925,129.3404
149240000,7463,48.4922193372,-4.5040241783,129.3404
149260000,7464,48.492219166,-4.504023864,129.3404
149280000,7465,48.4922189948,-4.5040235498,129.3404
149300000,7466,48.4922188236,-4.5040232355,129.3404
149320000,7467,48.4922186524,-4.5040229213,129.3404
149340000,7468,48.4922184812,-4.5040226071,129.3404
149360000,7469,48.49221831,-4.5040222928,129.3404
149380000,7470,48.4922181388,-4.5040219786,129.3404
149400000,7471,48.4922179676,-4.5040216643,129.3404
149420000,7472,48.4922177964,-4.5040213501,129.3404
149440000,7473,48.4922176252,-4.5040210359,129.3404
149460000,7474,48.492217454,-4.5040207216,129.3404
149480000,7475,48.4922172828,-4.5040204074,129.3404
149500000,7476,48.4922171115,-4.5040200932,129.3404
149520000,7477,48.4922169403,-4.5040197789,129.3404
149540000,7478,48.4922167691,-4.5040194647,129.3404
149560000,7479,48.4922165979,-4.5040191504,129.3404
149580000,7480,48.4922164267,-4.5040188362,129.3404
149600000,7481,48.4922162555,-4.504018522,129.3404
149620000,7482,48.4922160843,-4.5040182077,129.3404
149640000,7483,48.4922159131,-4.5040178935,129.3404
149660000,7484,48.4922157419,-4.5040175792,129.3404
149680000,7485,48.4922155707,-4.504017265,129.3404
149700000,7486,48.4922153995,-4.5040169508,129.3404
149720000,7487,48.4922152283,-4.5040166365,129.3404
149740000,7488,48.4922150571,-4.5040163223,129.3404
149760000,7489,48.4922148859,-4.504016008,129.3404
149780000,7490,48.4922147147,-4.5040156938,129.3404
149800000,7491,48.4922145435,-4.5040153796,129.3404
149820000,7492,48.4922143723,-4.5040150653,129.3404
149840000,7493,48.4922142011,-4.5040147511,129.3404
149860000,7494,48.4922140299,-4.5040144369,129.3404
149880000,7495,48.4922138587,-4.5040141226,129.3404
149900000,7496,48.4922136875,-4.5040138084,129.3404
149920000,7497,48.4922135163,-4.5040134941,129.3404
149940000,7498,48.4922133451,-4.5040131799,129.3404
149960000,7499,48.4922131739,-4.5040128657,129.3404
149980000,7500,48.4922130026,-4.5040125514,129.3404
150000000,7501,48.4922128314,-4.5040122372,129.3404
150020000,7502,48.4922126602,-4.5040119229,129.3404
150040000,7503,48.492212489,-4.5040116087,129.3404
150060000,7504,48.4922123178,-4.5040112945,129.3404
150080000,7505,48.4922121466,-4.5040109802,129.3404
150100000,7506,48.4922119754,-4.504010666,129.3404
150120000,7507,48.4922118042,-4.5040103517,129.3404
150140000,7508,48.492211633,-4.5040100375,129.3404
150160000,7509,48.4922114618,-4.5040097233,129.3404
150180000,7510,48.4922112906,-4.504009409,129.3404
150200000,7511,48.4922111194,-4.5040090948,129.3404
150220000,7512,48.4922109482,-4.5040087806,129.3404
150240000,7513,48.492210777,-4.5040084663,129.3404
150260000,7514,48.4922106058,-4.5040081521,129.3404
150280000,7515,48.4922104346,-4.5040078378,129.3404
150300000,7516,48.4922102634,-4.5040075236,129.3404
150320000,7517,48.4922100922,-4.5040072094,129.3404
150340000,7518,48.492209921,-4.5040068951,129.3404
150360000,7519,48.4922097498,-4.5040065809,129.3404
150380000,7520,48.4922095786,-4.5040062666,129.3404
150400000,7521,48.4922094074,-4.5040059524,129.3404
150420000,7522,48.4922092362,-4.5040056382,129.3404
150440000,7523,48.492209065,-4.5040053239,129.3404
150460000,7524,48.4922088937,-4.5040050097,129.3404
150480000,7525,48.4922087225,-4.5040046955,129.3404
150500000,7526,48.4922085513,-4.5040043812,129.3404
150520000,7527,48.4922083801,-4.504004067,129.3404
150540000,7528,48.4922082089,-4.5040037527,129.3404
150560000,7529,48.4922080377,-4.5040034385,129.3404
150580000,7530,48.4922078665,-4.5040031243,129.3404
150600000,7531,48.4922076953,-4.50400281,129.3404
150620000,7532,48.4922075241,-4.5040024958,129.3404
150640000,7533,48.4922073529,-4.5040021815,129.3404
150660000,7534,48.4922071817,-4.5040018673,129.3404
150680000,7535,48.4922070105,-4.5040015531,129.3404
150700000,7536,48.4922068393,-4.5040012388,129.3404
150720000,7537,48.4922066681,-4.5040009246,129.3404
150740000,7538,48.4922064969,-4.5040006103,129.3404
150760000,7539,48.4922063257,-4.5040002961,129.3404
150780000,7540,48.4922061545,-4.5039999819,129.3404
150800000,7541,48.4922059833,-4.5039996676,129.3404
150820000,7542,48.4922058121,-4.5039993534,129.3404
150840000,7543,48.4922056409,-4.5039990392,129.3404
150860000,7544,48.4922054697,-4.5039987249,129.3404
150880000,7545,48.4922052985,-4.5039984107,129.3404
150900000,7546,48.4922051273,-4.5039980964,129.3404
150920000,7547,48.492204956,-4.5039977822,129.3404
150940000,7548,48.4922047848,-4.503997468,129.3404
150960000,7549,48.4922046136,-4.5039971537,129.3404
150980000,7550,48.4922044424,-4.5039968395,129.3404
151000000,7551,48.4922042712,-4.5039965252,129.3404
151020000,7552,48.4922041,-4.503996211,129.3404
151040000,7553,48.4922039288,-4.5039958968,129.3404
151060000,7554,48.4922037576,-4.5039955825,129.3404
151080000,7555,48.4922035864,-4.5039952683,129.3404
151100000,7556,48.4922034152,-4.5039949541,129.3404
151120000,7557,48.492203244,-4.5039946398,129.3404
151140000,7558,48.4922030728,-4.5039943256,129.3404
151160000,7559,48.4922029016,-4.5039940113,129.3404
151180000,7560,48.4922027304,-4.5039936971,129.3404
151200000,7561,48.4922025592,-4.5039933829,129.3404
151220000,7562,48.492202388,-4.5039930686,129.3404
151240000,7563,48.4922022168,-4.5039927544,129.3404
151260000,7564,48.4922020456,-4.5039924401,129.3404
151280000,7565,48.4922018744,-4.5039921259,129.3404
151300000,7566,48.4922017032,-4.5039918117,129.3404
151320000,7567,48.492201532,-4.5039914974,129.3404
151340000,7568,48.4922013608,-4.5039911832,129.3404
151360000,7569,48.4922011896,-4.5039908689,129.3404
151380000,7570,48.4922010184,-4.5039905547,129.3404
151400000,7571,48.4922008471,-4.5039902405,129.3404
151420000,7572,48.4922006759,-4.5039899262,129.3404
151440000,7573,48.4922005047,-4.503989612,129.3404
151460000,7574,48.4922003335,-4.5039892978,129.3404
151480000,7575,48.4922001623,-4.5039889835,129.3404
151500000,7576,48.4921999911,-4.5039886693,129.3404
151520000,7577,48.4921998199,-4.503988355,129.3404
151540000,7578,48.4921996487,-4.5039880408,129.3404
151560000,7579,48.4921994775,-4.5039877266,129.3404
151580000,7580,48.4921993063,-4.5039874123,129.3404
151600000,7581,48.4921991351,-4.5039870981,129.3404
151620000,7582,48.4921989639,-4.5039867838,129.3404
151640000,7583,48.4921987927,-4.5039864696,129.3404
151660000,7584,48.4921986215,-4.5039861554,129.3404
151680000,7585,48.4921984503,-4.5039858411,129.3404
151700000,7586,48.4921982791,-4.5039855269,129.3404
151720000,7587,48.4921981079,-4.5039852127,129.3404
151740000,7588,48.4921979367,-4.5039848984,129.3404
151760000,7589,48.4921977655,-4.5039845842,129.3404
151780000,7590,48.4921975943,-4.5039842699,129.3404
151800000,7591,48.4921974231,-4.5039839557,129.3404
151820000,7592,48.4921972519,-4.5039836415,129.3404
151840000,7593,48.4921970807,-4.5039833272,129.3404
151860000,7594,48.4921969094,-4.503983013,129.3404
151880000,7595,48.4921967382,-4.5039826987,129.3404
151900000,7596,48.492196567,-4.5039823845,129.3404
151920000,7597,48.4921963958,-4.5039820703,129.3404
151940000,7598,48.4921962246,-4.503981756,129.3404
151960000,7599,48.4921960534,-4.5039814418,129.3404
151980000,7600,48.4921958822,-4.5039811276,129.3404
152000000,7601,48.492195711,-4.5039808133,129.3404
152020000,7602,48.4921955398,-4.5039804991,129.3404
152040000,7603,48.4921953686,-4.5039801848,129.3404
152060000,7604,48.4921951974,-4.5039798706,129.3404
152080000,7605,48.4921950262,-4.5039795564,129.3404
152100000,7606,48.492194855,-4.5039792421,129.3404
152120000,7607,48.4921946838,-4.5039789279,129.3404
152140000,7608,48.4921945126,-4.5039786136,129.3404
152160000,7609,48.4921943414,-4.5039782994,129.3404
152180000,7610,48.4921941702,-4.5039779852,129.3404
152200000,7611,48.492193999,-4.5039776709,129.3404
152220000,7612,48.4921938278,-4.5039773567,129.3404
152240000,7613,48.4921936566,-4.5039770425,129.3404
152260000,7614,48.4921934854,-4.5039767282,129.3404
152280000,7615,48.4921933142,-4.503976414,129.3404
152300000,7616,48.492193143,-4.5039760997,129.3404
152320000,7617,48.4921929718,-4.5039757855,129.3404
152340000,7618,48.4921928005,-4.5039754713,129.3404
152360000,7619,48.4921926293,-4.503975157,129.3404
152380000,7620,48.4921924581,-4.5039748428,129.3404
152400000,7621,48.4921922869,-4.5039745285,129.3404
152420000,7622,48.4921921157,-4.5039742143,129.3404
152440000,7623,48.4921919445,-4.5039739001,129.3404
152460000,7624,48.4921917733,-4.5039735858,129.3404
152480000,7625,48.4921916021,-4.5039732716,129.3404
152500000,7626,48.4921914309,-4.5039729574,129.3404
152520000,7627,48.4921912597,-4.5039726431,129.3404
152540000,7628,48.4921910885,-4.5039723289,129.3404
152560000,7629,48.4921909173,-4.5039720146,129.3404
152580000,7630,48.4921907461,-4.5039717004,129.3404
152600000,7631,48.4921905749,-4.5039713862,129.3404
152620000,7632,48.4921904037,-4.5039710719,129.3404
152640000,7633,48.4921902325,-4.5039707577,129.3404
152660000,7634,48.4921900613,-4.5039704434,129.3404
152680000,7635,48.4921898901,-4.5039701292,129.3404
152700000,7636,48.4921897189,-4.503969815,129.3404
152720000,7637,48.4921895477,-4.5039695007,129.3404
152740000,7638,48.4921893765,-4.5039691865,129.3404
152760000,7639,48.4921892053,-4.5039688723,129.3404
152780000,7640,48.4921890341,-4.503968558,129.3404
152800000,7641,48.4921888628,-4.5039682438,129.3404
152820000,7642,48.4921886916,-4.5039679295,129.3404
152840000,7643,48.4921885204,-4.5039676153,129.3404
152860000,7644,48.4921883492,-4.5039673011,129.3404
152880000,7645,48.492188178,-4.5039669868,129.3404
152900000,7646,48.4921880068,-4.5039666726,129.3404
152920000,7647,48.4921878356,-4.5039663583,129.3404
152940000,7648,48.4921876644,-4.5039660441,129.3404
152960000,7649,48.4921874932,-4.5039657299,129.3404
152980000,7650,48.492187322,-4.5039654156,129.3404
153000000,7651,48.4921871508,-4.5039651014,129.3404
153020000,7652,48.4921869796,-4.5039647872,129.3404
153040000,7653,48.4921868084,-4.5039644729,129.3404
153060000,7654,48.4921866372,-4.5039641587,129.3404
153080000,7655,48.492186466,-4.5039638444,129.3404
153100000,7656,48.4921862948,-4.5039635302,129.3404
153120000,7657,48.4921861236,-4.503963216,129.3404
153140000,7658,48.4921859524,-4.5039629017,129.3404
153160000,7659,48.4921857812,-4.5039625875,129.3404
153180000,7660,48.49218561,-4.5039622732,129.3404
153200000,7661,48.4921854388,-4.503961959,129.3404
153220000,7662,48.4921852676,-4.5039616448,129.3404
153240000,7663,48.4921850964,-4.5039613305,129.3404
153260000,7664,48.4921849251,-4.5039610163,129.3404
153280000,7665,48.4921847539,-4.5039607021,129.3404
153300000,7666,48.4921845827,-4.5039603878,129.3404
153320000,7667,48.4921844115,-4.5039600736,129.3404
153340000,7668,48.4921842403,-4.5039597593,129.3404
153360000,7669,48.4921840691,-4.5039594451,129.3404
153380000,7670,48.4921838979,-4.5039591309,129.3404
153400000,7671,48.4921837267,-4.5039588166,129.3404
153420000,7672,48.4921835555,-4.5039585024,129.3404
153440000,7673,48.4921833843,-4.5039581881,129.3404
153460000,7674,48.4921832131,-4.5039578739,129.3404
153480000,7675,48.4921830419,-4.5039575597,129.3404
153500000,7676,48.4921828707,-4.5039572454,129.3404
153520000,7677,48.4921826995,-4.5039569312,129.3404
153540000,7678,48.4921825283,-4.503956617,129.3404
153560000,7679,48.4921823571,-4.5039563027,129.3404
153580000,7680,48.4921821859,-4.5039559885,129.3404
153600000,7681,48.4921820147,-4.5039556742,129.3404
153620000,7682,48.4921818435,-4.50395536,129.3404
153640000,7683,48.4921816723,-4.5039550458,129.3404
153660000,7684,48.4921815011,-4.5039547315,129.3404
153680000,7685,48.4921813299,-4.5039544173,129.3404
153700000,7686,48.4921811587,-4.503954103,129.3404
153720000,7687,48.4921809874,-4.5039537888,129.3404
153740000,7688,48.4921808162,-4.5039534746,129.3404
153760000,7689,48.492180645,-4.5039531603,129.3404
153780000,7690,48.4921804738,-4.5039528461,129.3404
153800000,7691,48.4921803026,-4.5039525319,129.3404
153820000,7692,48.4921801314,-4.5039522176,129.3404
153840000,7693,48.4921799602,-4.5039519034,129.3404
153860000,7694,48.492179789,-4.5039515891,129.3404
153880000,7695,48.4921796178,-4.5039512749,129.3404
153900000,7696,48.4921794466,-4.5039509607,129.3404
153920000,7697,48.4921792754,-4.5039506464,129.3404
153940000,7698,48.4921791042,-4.5039503322,129.3404
153960000,7699,48.492178933,-4.5039500179,129.3404
153980000,7700,48.4921787618,-4.5039497037,129.3404
154000000,7701,48.4921785906,-4.5039493895,129.3404
154020000,7702,48.4921784194,-4.5039490752,129.3404
154040000,7703,48.4921782482,-4.503948761,129.3404
154060000,7704,48.492178077,-4.5039484468,129.3404
154080000,7705,48.4921779058,-4.5039481325,129.3404
154100000,7706,48.4921777346,-4.5039478183,129.3404
154120000,7707,48.4921775634,-4.503947504,129.3404
154140000,7708,48.4921773922,-4.5039471898,129.3404
154160000,7709,48.492177221,-4.5039468756,129.3404
154180000,7710,48.4921770497,-4.5039465613,129.3404
154200000,7711,48.4921768785,-4.5039462471,129.3404
154220000,7712,48.4921767073,-4.5039459328,129.3404
154240000,7713,48.4921765361,-4.5039456186,129.3404
154260000,7714,48.4921763649,-4.5039453044,129.3404
154280000,7715,48.4921761937,-4.5039449901,129.3404
154300000,7716,48.4921760225,-4.5039446759,129.3404
154320000,7717,48.4921758513,-4.5039443617,129.3404
154340000,7718,48.4921756801,-4.5039440474,129.3404
154360000,7719,48.4921755089,-4.5039437332,129.3404
154380000,7720,48.4921753377,-4.5039434189,129.3404
154400000,7721,48.4921751665,-4.5039431047,129.3404
154420000,7722,48.4921749953,-4.5039427905,129.3404
154440000,7723,48.4921748241,-4.5039424762,129.3404
154460000,7724,48.4921746529,-4.503942162,129.3404
154480000,7725,48.4921744817,-4.5039418477,129.3404
154500000,7726,48.4921743105,-4.5039415335,129.3404
154520000,7727,48.4921741393,-4.5039412193,129.3404
154540000,7728,48.4921739681,-4.503940905,129.3404
154560000,7729,48.4921737969,-4.5039405908,129.3404
154580000,7730,48.4921736257,-4.5039402766,129.3404
154600000,7731,48.4921734545,-4.5039399623,129.3404
154620000,7732,48.4921732832,-4.5039396481,129.3404
154640000,7733,48.492173112,-4.5039393338,129.3404
154660000,7734,48.4921729408,-4.5039390196,129.3404
154680000,7735,48.4921727696,-4.5039387054,129.3404
154700000,7736,48.4921725984,-4.5039383911,129.3404
154720000,7737,48.4921724272,-4.5039380769,129.3404
154740000,7738,48.492172256,-4.5039377627,129.3404
154760000,7739,48.4921720848,-4.5039374484,129.3404
154780000,7740,48.4921719136,-4.5039371342,129.3404
154800000,7741,48.4921717424,-4.5039368199,129.3404
154820000,7742,48.4921715712,-4.5039365057,129.3404
154840000,7743,48.4921714,-4.5039361915,129.3404
154860000,7744,48.4921712288,-4.5039358772,129.3404
154880000,7745,48.4921710576,-4.503935563,129.3404
154900000,7746,48.4921708864,-4.5039352487,129.3404
154920000,7747,48.4921708864,-4.5039352487,129.3404
154940000,7748,48.4921707721,-4.5039350338,127.9614
154960000,7749,48.4921706598,-4.5039348119,126.6334
154980000,7750,48.4921705494,-4.5039345832,125.3548
155000000,7751,48.492170441,-4.5039343479,124.1238
155020000,7752,48.4921703345,-4.503934106,122.9386
155040000,7753,48.4921702299,-4.5039338577,121.7974
155060000,7754,48.4921701272,-4.503933603,120.6984
155080000,7755,48.4921700264,-4.5039333421,119.6399
155100000,7756,48.4921699275,-4.5039330751,118.6201
155120000,7757,48.4921698305,-4.5039328021,117.6373
155140000,7758,48.4921697354,-4.5039325232,116.6898
155160000,7759,48.4921696422,-4.5039322385,115.776
155180000,7760,48.4921695508,-4.5039319481,114.8944
155200000,7761,48.4921694613,-4.5039316521,114.0435
155220000,7762,48.4921693736,-4.5039313506,113.2218
155240000,7763,48.4921692878,-4.5039310438,112.4279
155260000,7764,48.4921692038,-4.5039307318,111.6606
155280000,7765,48.4921691217,-4.5039304146,110.9186
155300000,7766,48.4921690413,-4.5039300924,110.2006
155320000,7767,48.4921689628,-4.5039297652,109.5056
155340000,7768,48.4921688862,-4.5039294333,108.8324
155360000,7769,48.4921688113,-4.5039290966,108.1799
155380000,7770,48.4921687382,-4.5039287554,107.5473
155400000,7771,48.4921686669,-4.5039284097,106.9335
155420000,7772,48.4921685973,-4.5039280595,106.3377
155440000,7773,48.4921685296,-4.5039277052,105.759
155460000,7774,48.4921684636,-4.5039273467,105.1966
155480000,7775,48.4921683994,-4.5039269841,104.6497
155500000,7776,48.4921683369,-4.5039266176,104.1176
155520000,7777,48.4921682762,-4.5039262472,103.5996
155540000,7778,48.4921682172,-4.5039258732,103.0951
155560000,7779,48.49216816,-4.5039254955,102.6033
155580000,7780,48.4921681044,-4.5039251143,102.1237
155600000,7781,48.4921680506,-4.5039247297,101.6557
155620000,7782,48.4921679985,-4.5039243419,101.1988
155640000,7783,48.4921679481,-4.5039239509,100.7524
155660000,7784,48.4921678994,-4.5039235568,100.3161
155680000,7785,48.4921678524,-4.5039231597,99.8893
155700000,7786,48.492167807,-4.5039227598,99.4717
155720000,7787,48.4921677634,-4.5039223572,99.0627
155740000,7788,48.4921677214,-4.503921952,98.662
155760000,7789,48.492167681,-4.5039215442,98.2691
155780000,7790,48.4921676424,-4.503921134,97.8838
155800000,7791,48.4921676053,-4.5039207215,97.5055
155820000,7792,48.4921675699,-4.5039203068,97.134
155840000,7793,48.4921675361,-4.50391989,96.7689
155860000,7794,48.492167504,-4.5039194713,96.4099
155880000,7795,48.4921674735,-4.5039190507,96.0567
155900000,7796,48.4921674445,-4.5039186283,95.709
155920000,7797,48.4921674172,-4.5039182043,95.3664
155940000,7798,48.4921673915,-4.5039177788,95.0288
155960000,7799,48.4921673673,-4.5039173518,94.6958
155980000,7800,48.4921673448,-4.5039169235,94.3671
156000000,7801,48.4921673238,-4.503916494,94.0425
156020000,7802,48.4921673044,-4.5039160634,93.7218
156040000,7803,48.4921672865,-4.5039156318,93.4047
156060000,7804,48.4921672702,-4.5039151993,93.091
156080000,7805,48.4921672554,-4.503914766,92.7804
156100000,7806,48.4921672422,-4.5039143321,92.4727
156120000,7807,48.4921672305,-4.5039138977,92.1677
156140000,7808,48.4921672203,-4.5039134627,91.8652
156160000,7809,48.4921672117,-4.5039130275,91.5649
156180000,7810,48.4921672045,-4.503912592,91.2667
156200000,7811,48.4921671989,-4.5039121564,90.9703
156220000,7812,48.4921671947,-4.5039117208,90.6755
156240000,7813,48.492167192,-4.5039112852,90.3821
156260000,7814,48.4921671908,-4.5039108499,90.09
156280000,7815,48.4921671911,-4.5039104149,89.7989
156300000,7816,48.4921671929,-4.5039099804,89.5086
156320000,7817,48.4921671961,-4.5039095463,89.2189
156340000,7818,48.4921672007,-4.503909113,88.9296
156360000,7819,48.4921672068,-4.5039086803,88.6406
156380000,7820,48.4921672143,-4.5039082486,88.3515
156400000,7821,48.4921672233,-4.5039078178,88.0622
156420000,7822,48.4921672337,-4.503907388,87.7726
156440000,7823,48.4921672455,-4.5039069595,87.4823
156460000,7824,48.4921672587,-4.5039065323,87.1911
156480000,7825,48.4921672733,-4.5039061065,86.899
156500000,7826,48.4921672893,-4.5039056822,86.6055
156520000,7827,48.4921673067,-4.5039052595,86.3106
156540000,7828,48.4921673255,-4.5039048386,86.0139
156560000,7829,48.4921673456,-4.5039044195,85.7153
156580000,7830,48.4921673671,-4.5039040023,85.4145
156600000,7831,48.49216739,-4.5039035873,85.1112
156620000,7832,48.4921674142,-4.5039031744,84.8051
156640000,7833,48.4921674397,-4.5039027638,84.4961
156660000,7834,48.4921674666,-4.5039023555,84.1839
156680000,7835,48.4921674948,-4.5039019498,83.8681
156700000,7836,48.4921675244,-4.5039015467,83.5484
156720000,7837,48.4921675552,-4.5039011463,83.2246
156740000,7838,48.4921675874,-4.5039007487,82.8963
156760000,7839,48.4921676209,-4.5039003541,82.5632
156780000,7840,48.4921676556,-4.5038999625,82.2249
156800000,7841,48.4921676916,-4.503899574,81.881
156820000,7842,48.492167729,-4.5038991889,81.5312
156840000,7843,48.4921677676,-4.5038988071,81.175
156860000,7844,48.4921678074,-4.5038984287,80.8121
156880000,7845,48.4921678485,-4.503898054,80.4419
156900000,7846,48.4921678909,-4.503897683,80.064
156920000,7847,48.4921679345,-4.5038973158,79.6778
156940000,7848,48.4921679793,-4.5038969525,79.2828
156960000,7849,48.4921680254,-4.5038965932,78.8785
156980000,7850,48.4921680727,-4.503896238,78.4642
157000000,7851,48.4921681212,-4.5038958872,78.0393
157020000,7852,48.4921681709,-4.5038955406,77.603
157040000,7853,48.4921682218,-4.5038951985,77.1547
157060000,7854,48.4921682739,-4.503894861,76.6936
157080000,7855,48.4921683271,-4.5038945282,76.2187
157100000,7856,48.4921683816,-4.5038942002,75.7293
157120000,7857,48.4921684372,-4.5038938771,75.2243
157140000,7858,48.492168494,-4.503893559,74.7026
157160000,7859,48.492168552,-4.503893246,74.1633
157180000,7860,48.4921686111,-4.5038929382,73.6049
157200000,7861,48.4921686713,-4.5038926358,73.0263
157220000,7862,48.4921687327,-4.5038923388,72.4261
157240000,7863,48.4921687952,-4.5038920473,71.8027
157260000,7864,48.4921688588,-4.5038917616,71.1545
157280000,7865,48.4921689235,-4.5038914816,70.4797
157300000,7866,48.4921689894,-4.5038912075,69.7764
157320000,7867,48.4921690563,-4.5038909394,69.0424
157340000,7868,48.4921691244,-4.5038906773,68.2757
157360000,7869,48.4921691935,-4.5038904215,67.4736
157380000,7870,48.4921692637,-4.503890172,66.6336
157400000,7871,48.4921693349,-4.503889929,65.7526
157420000,7872,48.4921694073,-4.5038896924,64.8277
157440000,7873,48.4921694806,-4.5038894626,63.8552
157460000,7874,48.4921695551,-4.5038892394,62.8316
157480000,7875,48.4921696305,-4.5038890232,61.7528
157500000,7876,48.492169707,-4.5038888139,60.6143
157520000,7877,48.4921697846,-4.5038886117,59.4115
157540000,7878,48.4921698631,-4.5038884167,58.1391
157560000,7879,48.4921699427,-4.503888229,56.7917
157580000,7880,48.4921700232,-4.5038880487,55.3633
157600000,7881,48.4921701048,-4.5038878759,53.8476
157620000,7882,48.4921701874,-4.5038877108,52.2378
157640000,7883,48.4921702709,-4.5038875533,50.5269
157660000,7884,48.4921703554,-4.5038874038,48.7075
157680000,7885,48.4921704409,-4.5038872622,46.7721
157700000,7886,48.4921705274,-4.5038871286,44.7132
157720000,7887,48.4921706148,-4.5038870033,42.5233
157740000,7888,48.4921707031,-4.5038868862,40.1958
157760000,7889,48.4921707924,-4.5038867775,37.7244
157780000,7890,48.4921708826,-4.5038866773,35.1045
157800000,7891,48.4921709738,-4.5038865857,32.333
157820000,7892,48.4921710658,-4.5038865028,29.4094
157840000,7893,48.4921711588,-4.5038864288,26.336
157860000,7894,48.4921712527,-4.5038863637,23.1189
157880000,7895,48.4921713475,-4.5038863077,19.768
157900000,7896,48.4921714432,-4.5038862608,16.2978
157920000,7897,48.4921715397,-4.5038862231,12.7274
157940000,7898,48.4921716372,-4.5038861949,9.0797
157960000,7899,48.4921717355,-4.5038861761,5.3813
157980000,7900,48.4921718346,-4.5038861669,1.6611
158000000,7901,48.4921719346,-4.5038861674,357.9491
158020000,7902,48.4921720355,-4.5038861778,354.275
158040000,7903,48.4921721372,-4.503886198,350.6666
158060000,7904,48.4921722397,-4.5038862283,347.1487
158080000,7905,48.4921723431,-4.5038862687,343.7424
158100000,7906,48.4921724473,-4.5038863194,340.4644
158120000,7907,48.4921725523,-4.5038863804,337.3269
158140000,7908,48.4921726581,-4.5038864519,334.3377
158160000,7909,48.4921727647,-4.503886534,331.5011
158180000,7910,48.492172872,-4.5038866267,328.8176
158200000,7911,48.4921729802,-4.5038867303,326.2856
158220000,7912,48.4921730891,-4.5038868447,323.901
158240000,7913,48.4921731988,-4.5038869702,321.6583
158260000,7914,48.4921733093,-4.5038871068,319.551
158280000,7915,48.4921734205,-4.5038872546,317.572
158300000,7916,48.4921735325,-4.5038874137,315.7138
158320000,7917,48.4921736452,-4.5038875843,313.9688
158340000,7918,48.4921737586,-4.5038877665,312.3297
158360000,7919,48.4921738728,-4.5038879603,310.7892
158380000,7920,48.4921739877,-4.5038881659,309.3404
158400000,7921,48.4921739877,-4.5038881659,309.3404
158420000,7922,48.4921741589,-4.5038884801,309.3404
158440000,7923,48.4921743301,-4.5038887943,309.3404
158460000,7924,48.4921745013,-4.5038891086,309.3404
158480000,7925,48.4921746725,-4.5038894228,309.3404
158500000,7926,48.4921748437,-4.503889737,309.3404
158520000,7927,48.4921750149,-4.5038900513,309.3404
158540000,7928,48.4921751861,-4.5038903655,309.3404
158560000,7929,48.4921753573,-4.5038906798,309.3404
158580000,7930,48.4921755285,-4.503890994,309.3404
158600000,7931,48.4921756997,-4.5038913082,309.3404
158620000,7932,48.4921758709,-4.5038916225,309.3404
158640000,7933,48.4921760421,-4.5038919367,309.3404
158660000,7934,48.4921762133,-4.503892251,309.3404
158680000,7935,48.4921763846,-4.5038925652,309.3404
158700000,7936,48.4921765558,-4.5038928794,309.3404
158720000,7937,48.492176727,-4.5038931937,309.3404
158740000,7938,48.4921768982,-4.5038935079,309.3404
158760000,7939,48.4921770694,-4.5038938221,309.3404
158780000,7940,48.4921772406,-4.5038941364,309.3404
158800000,7941,48.4921774118,-4.5038944506,309.3404
158820000,7942,48.492177583,-4.5038947649,309.3404
158840000,7943,48.4921777542,-4.5038950791,309.3404
158860000,7944,48.4921779254,-4.5038953933,309.3404
158880000,7945,48.4921780966,-4.5038957076,309.3404
158900000,7946,48.4921782678,-4.5038960218,309.3404
158920000,7947,48.492178439,-4.5038963361,309.3404
158940000,7948,48.4921786102,-4.5038966503,309.3404
158960000,7949,48.4921787814,-4.5038969645,309.3404
158980000,7950,48.4921789526,-4.5038972788,309.3404
159000000,7951,48.4921791238,-4.503897593,309.3404
159020000,7952,48.492179295,-4.5038979072,309.3404
159040000,7953,48.4921794662,-4.5038982215,309.3404
159060000,7954,48.4921796374,-4.5038985357,309.3404
159080000,7955,48.4921798086,-4.50389885,309.3404
159100000,7956,48.4921799798,-4.5038991642,309.3404
159120000,7957,48.4921801511,-4.5038994784,309.3404
159140000,7958,48.4921803223,-4.5038997927,309.3404
159160000,7959,48.4921804935,-4.5039001069,309.3404
159180000,7960,48.4921806647,-4.5039004211,309.3404
159200000,7961,48.4921808359,-4.5039007354,309.3404
159220000,7962,48.4921810071,-4.5039010496,309.3404
159240000,7963,48.4921811783,-4.5039013639,309.3404
159260000,7964,48.4921813495,-4.5039016781,309.3404
159280000,7965,48.4921815207,-4.5039019923,309.3404
159300000,7966,48.4921816919,-4.5039023066,309.3404
159320000,7967,48.4921818631,-4.5039026208,309.3404
159340000,7968,48.4921820343,-4.5039029351,309.3404
159360000,7969,48.4921822055,-4.5039032493,309.3404
159380000,7970,48.4921823767,-4.5039035635,309.3404
159400000,7971,48.4921825479,-4.5039038778,309.3404
159420000,7972,48.4921827191,-4.503904192,309.3404
159440000,7973,48.4921828903,-4.5039045062,309.3404
159460000,7974,48.4921830615,-4.5039048205,309.3404
159480000,7975,48.4921832327,-4.5039051347,309.3404
159500000,7976,48.4921834039,-4.503905449,309.3404
159520000,7977,48.4921835751,-4.5039057632,309.3404
159540000,7978,48.4921837463,-4.5039060774,309.3404
159560000,7979,48.4921839176,-4.5039063917,309.3404
159580000,7980,48.4921840888,-4.5039067059,309.3404
159600000,7981,48.49218426,-4.5039070201,309.3404
159620000,7982,48.4921844312,-4.5039073344,309.3404
159640000,7983,48.4921846024,-4.5039076486,309.3404
159660000,7984,48.4921847736,-4.5039079629,309.3404
159680000,7985,48.4921849448,-4.5039082771,309.3404
159700000,7986,48.492185116,-4.5039085913,309.3404
159720000,7987,48.4921852872,-4.5039089056,309.3404
159740000,7988,48.4921854584,-4.5039092198,309.3404
159760000,7989,48.4921856296,-4.5039095341,309.3404
159780000,7990,48.4921858008,-4.5039098483,309.3404
159800000,7991,48.492185972,-4.5039101625,309.3404
159820000,7992,48.4921861432,-4.5039104768,309.3404
159840000,7993,48.4921863144,-4.503910791,309.3404
159860000,7994,48.4921864856,-4.5039111052,309.3404
159880000,7995,48.4921866568,-4.5039114195,309.3404
159900000,7996,48.492186828,-4.5039117337,309.3404
159920000,7997,48.4921869992,-4.503912048,309.3404
159940000,7998,48.4921871704,-4.5039123622,309.3404
159960000,7999,48.4921873416,-4.5039126764,309.3404
159980000,8000,48.4921875128,-4.5039129907,309.3404
160000000,8001,48.4921876841,-4.5039133049,309.3404
160020000,8002,48.4921878553,-4.5039136192,309.3404
160040000,8003,48.4921880265,-4.5039139334,309.3404
160060000,8004,48.4921881977,-4.5039142476,309.3404
160080000,8005,48.4921883689,-4.5039145619,309.3404
160100000,8006,48.4921885401,-4.5039148761,309.3404
160120000,8007,48.4921887113,-4.5039151903,309.3404
160140000,8008,48.4921888825,-4.5039155046,309.3404
160160000,8009,48.4921890537,-4.5039158188,309.3404
160180000,8010,48.4921892249,-4.5039161331,309.3404
160200000,8011,48.4921893961,-4.5039164473,309.3404
160220000,8012,48.4921895673,-4.5039167615,309.3404
160240000,8013,48.4921897385,-4.5039170758,309.3404
160260000,8014,48.4921899097,-4.50391739,309.3404
160280000,8015,48.4921900809,-4.5039177043,309.3404
160300000,8016,48.4921902521,-4.5039180185,309.3404
160320000,8017,48.4921904233,-4.5039183327,309.3404
160340000,8018,48.4921905945,-4.503918647,309.3404
160360000,8019,48.4921907657,-4.5039189612,309.3404
160380000,8020,48.4921909369,-4.5039192754,309.3404
160400000,8021,48.4921911081,-4.5039195897,309.3404
160420000,8022,48.4921912793,-4.5039199039,309.3404
160440000,8023,48.4921914505,-4.5039202182,309.3404
160460000,8024,48.4921916218,-4.5039205324,309.3404
160480000,8025,48.492191793,-4.5039208466,309.3404
160500000,8026,48.4921919642,-4.5039211609,309.3404
160520000,8027,48.4921921354,-4.5039214751,309.3404
160540000,8028,48.4921923066,-4.5039217893,309.3404
160560000,8029,48.4921924778,-4.5039221036,309.3404
160580000,8030,48.492192649,-4.5039224178,309.3404
160600000,8031,48.4921928202,-4.5039227321,309.3404
160620000,8032,48.4921929914,-4.5039230463,309.3404
160640000,8033,48.4921931626,-4.5039233605,309.3404
160660000,8034,48.4921933338,-4.5039236748,309.3404
160680000,8035,48.492193505,-4.503923989,309.3404
160700000,8036,48.4921936762,-4.5039243033,309.3404
160720000,8037,48.4921938474,-4.5039246175,309.3404
160740000,8038,48.4921940186,-4.5039249317,309.3404
160760000,8039,48.4921941898,-4.503925246,309.3404
160780000,8040,48.492194361,-4.5039255602,309.3404
160800000,8041,48.4921945322,-4.5039258744,309.3404
160820000,8042,48.4921947034,-4.5039261887,309.3404
160840000,8043,48.4921948746,-4.5039265029,309.3404
160860000,8044,48.4921950458,-4.5039268172,309.3404
160880000,8045,48.492195217,-4.5039271314,309.3404
160900000,8046,48.4921953883,-4.5039274456,309.3404
160920000,8047,48.4921955595,-4.5039277599,309.3404
160940000,8048,48.4921957307,-4.5039280741,309.3404
160960000,8049,48.4921959019,-4.5039283884,309.3404
160980000,8050,48.4921960731,-4.5039287026,309.3404
161000000,8051,48.4921962443,-4.5039290168,309.3404
161020000,8052,48.4921964155,-4.5039293311,309.3404
161040000,8053,48.4921965867,-4.5039296453,309.3404
161060000,8054,48.4921967579,-4.5039299595,309.3404
161080000,8055,48.4921969291,-4.5039302738,309.3404
161100000,8056,48.4921971003,-4.503930588,309.3404
161120000,8057,48.4921972715,-4.5039309023,309.3404
161140000,8058,48.4921974427,-4.5039312165,309.3404
161160000,8059,48.4921976139,-4.5039315307,309.3404
161180000,8060,48.4921977851,-4.503931845,309.3404
161200000,8061,48.4921979563,-4.5039321592,309.3404
161220000,8062,48.4921981275,-4.5039324735,309.3404
161240000,8063,48.4921982987,-4.5039327877,309.3404
161260000,8064,48.4921984699,-4.5039331019,309.3404
161280000,8065,48.4921986411,-4.5039334162,309.3404
161300000,8066,48.4921988123,-4.5039337304,309.3404
161320000,8067,48.4921989835,-4.5039340446,309.3404
161340000,8068,48.4921991547,-4.5039343589,309.3404
161360000,8069,48.492199326,-4.5039346731,309.3404
161380000,8070,48.4921994972,-4.5039349874,309.3404
161400000,8071,48.4921996684,-4.5039353016,309.3404
161420000,8072,48.4921998396,-4.5039356158,309.3404
161440000,8073,48.4922000108,-4.5039359301,309.3404
161460000,8074,48.492200182,-4.5039362443,309.3404
161480000,8075,48.4922003532,-4.5039365586,309.3404
161500000,8076,48.4922005244,-4.5039368728,309.3404
161520000,8077,48.4922006956,-4.503937187,309.3404
161540000,8078,48.4922008668,-4.5039375013,309.3404
161560000,8079,48.492201038,-4.5039378155,309.3404
161580000,8080,48.4922012092,-4.5039381297,309.3404
161600000,8081,48.4922013804,-4.503938444,309.3404
161620000,8082,48.4922015516,-4.5039387582,309.3404
161640000,8083,48.4922017228,-4.5039390725,309.3404
161660000,8084,48.492201894,-4.5039393867,309.3404
161680000,8085,48.4922020652,-4.5039397009,309.3404
161700000,8086,48.4922022364,-4.5039400152,309.3404
161720000,8087,48.4922024076,-4.5039403294,309.3404
161740000,8088,48.4922025788,-4.5039406437,309.3404
161760000,8089,48.49220275,-4.5039409579,309.3404
161780000,8090,48.4922029212,-4.5039412721,309.3404
161800000,8091,48.4922030925,-4.5039415864,309.3404
161820000,8092,48.4922032637,-4.5039419006,309.3404
161840000,8093,48.4922034349,-4.5039422148,309.3404
161860000,8094,48.4922036061,-4.5039425291,309.3404
161880000,8095,48.4922037773,-4.5039428433,309.3404
161900000,8096,48.4922039485,-4.5039431576,309.3404
161920000,8097,48.4922041197,-4.5039434718,309.3404
161940000,8098,48.4922042909,-4.503943786,309.3404
161960000,8099,48.4922044621,-4.5039441003,309.3404
161980000,8100,48.4922046333,-4.5039444145,309.3404
162000000,8101,48.4922048045,-4.5039447288,309.3404
162020000,8102,48.4922049757,-4.503945043,309.3404
162040000,8103,48.4922051469,-4.5039453572,309.3404
162060000,8104,48.4922053181,-4.5039456715,309.3404
162080000,8105,48.4922054893,-4.5039459857,309.3404
162100000,8106,48.4922056605,-4.5039462999,309.3404
162120000,8107,48.4922058317,-4.5039466142,309.3404
162140000,8108,48.4922060029,-4.5039469284,309.3404
162160000,8109,48.4922061741,-4.5039472427,309.3404
162180000,8110,48.4922063453,-4.5039475569,309.3404
162200000,8111,48.4922065165,-4.5039478711,309.3404
162220000,8112,48.4922066877,-4.5039481854,309.3404
162240000,8113,48.4922068589,-4.5039484996,309.3404
162260000,8114,48.4922070302,-4.5039488139,309.3404
162280000,8115,48.4922072014,-4.5039491281,309.3404
162300000,8116,48.4922073726,-4.5039494423,309.3404
162320000,8117,48.4922075438,-4.5039497566,309.3404
162340000,8118,48.492207715,-4.5039500708,309.3404
162360000,8119,48.4922078862,-4.503950385,309.3404
162380000,8120,48.4922080574,-4.5039506993,309.3404
162400000,8121,48.4922082286,-4.5039510135,309.3404
162420000,8122,48.4922083998,-4.5039513278,309.3404
162440000,8123,48.492208571,-4.503951642,309.3404
162460000,8124,48.4922087422,-4.5039519562,309.3404
162480000,8125,48.4922089134,-4.5039522705,309.3404
162500000,8126,48.4922090846,-4.5039525847,309.3404
162520000,8127,48.4922092558,-4.503952899,309.3404
162540000,8128,48.492209427,-4.5039532132,309.3404
162560000,8129,48.4922095982,-4.5039535274,309.3404
162580000,8130,48.4922097694,-4.5039538417,309.3404
162600000,8131,48.4922099406,-4.5039541559,309.3404
162620000,8132,48.4922101118,-4.5039544701,309.3404
162640000,8133,48.492210283,-4.5039547844,309.3404
162660000,8134,48.4922104542,-4.5039550986,309.3404
162680000,8135,48.4922106254,-4.5039554129,309.3404
162700000,8136,48.4922107966,-4.5039557271,309.3404
162720000,8137,48.4922109679,-4.5039560413,309.3404
162740000,8138,48.4922111391,-4.5039563556,309.3404
162760000,8139,48.4922113103,-4.5039566698,309.3404
162780000,8140,48.4922114815,-4.5039569841,309.3404
162800000,8141,48.4922116527,-4.5039572983,309.3404
162820000,8142,48.4922118239,-4.5039576125,309.3404
162840000,8143,48.4922119951,-4.5039579268,309.3404
162860000,8144,48.4922121663,-4.503958241,309.3404
162880000,8145,48.4922123375,-4.5039585552,309.3404
162900000,8146,48.4922125087,-4.5039588695,309.3404
162920000,8147,48.4922126799,-4.5039591837,309.3404
162940000,8148,48.4922128511,-4.503959498,309.3404
162960000,8149,48.4922130223,-4.5039598122,309.3404
162980000,8150,48.4922131935,-4.5039601264,309.3404
163000000,8151,48.4922133647,-4.5039604407,309.3404
163020000,8152,48.4922135359,-4.5039607549,309.3404
163040000,8153,48.4922137071,-4.5039610692,309.3404
163060000,8154,48.4922138783,-4.5039613834,309.3404
163080000,8155,48.4922140495,-4.5039616976,309.3404
163100000,8156,48.4922142207,-4.5039620119,309.3404
163120000,8157,48.4922143919,-4.5039623261,309.3404
163140000,8158,48.4922145631,-4.5039626404,309.3404
163160000,8159,48.4922147343,-4.5039629546,309.3404
163180000,8160,48.4922149056,-4.5039632688,309.3404
163200000,8161,48.4922150768,-4.5039635831,309.3404
163220000,8162,48.492215248,-4.5039638973,309.3404
163240000,8163,48.4922154192,-4.5039642115,309.3404
163260000,8164,48.4922155904,-4.5039645258,309.3404
163280000,8165,48.4922157616,-4.50396484,309.3404
163300000,8166,48.4922159328,-4.5039651543,309.3404
163320000,8167,48.492216104,-4.5039654685,309.3404
163340000,8168,48.4922162752,-4.5039657827,309.3404
163360000,8169,48.4922164464,-4.503966097,309.3404
163380000,8170,48.4922166176,-4.5039664112,309.3404
163400000,8171,48.4922167888,-4.5039667255,309.3404
163420000,8172,48.49221696,-4.5039670397,309.3404
163440000,8173,48.4922171312,-4.5039673539,309.3404
163460000,8174,48.4922173024,-4.5039676682,309.3404
163480000,8175,48.4922174736,-4.5039679824,309.3404
163500000,8176,48.4922176448,-4.5039682966,309.3404
163520000,8177,48.492217816,-4.5039686109,309.3404
163540000,8178,48.4922179872,-4.5039689251,309.3404
163560000,8179,48.4922181584,-4.5039692394,309.3404
163580000,8180,48.4922183296,-4.5039695536,309.3404
163600000,8181,48.4922185008,-4.5039698678,309.3404
163620000,8182,48.492218672,-4.5039701821,309.3404
163640000,8183,48.4922188433,-4.5039704963,309.3404
163660000,8184,48.4922190145,-4.5039708106,309.3404
163680000,8185,48.4922191857,-4.5039711248,309.3404
163700000,8186,48.4922193569,-4.503971439,309.3404
163720000,8187,48.4922195281,-4.5039717533,309.3404
163740000,8188,48.4922196993,-4.5039720675,309.3404
163760000,8189,48.4922198705,-4.5039723817,309.3404
163780000,8190,48.4922200417,-4.503972696,309.3404
163800000,8191,48.4922202129,-4.5039730102,309.3404
163820000,8192,48.4922203841,-4.5039733245,309.3404
163840000,8193,48.4922205553,-4.5039736387,309.3404
163860000,8194,48.4922207265,-4.5039739529,309.3404
163880000,8195,48.4922208977,-4.5039742672,309.3404
163900000,8196,48.4922210689,-4.5039745814,309.3404
163920000,8197,48.4922212401,-4.5039748957,309.3404
163940000,8198,48.4922214113,-4.5039752099,309.3404
163960000,8199,48.4922215825,-4.5039755241,309.3404
163980000,8200,48.4922217537,-4.5039758384,309.3404
164000000,8201,48.4922219249,-4.5039761526,309.3404
164020000,8202,48.4922220961,-4.5039764669,309.3404
164040000,8203,48.4922222673,-4.5039767811,309.3404
164060000,8204,48.4922224385,-4.5039770953,309.3404
164080000,8205,48.4922226097,-4.5039774096,309.3404
164100000,8206,48.492222781,-4.5039777238,309.3404
164120000,8207,48.4922229522,-4.503978038,309.3404
164140000,8208,48.4922231234,-4.5039783523,309.3404
164160000,8209,48.4922232946,-4.5039786665,309.3404
164180000,8210,48.4922234658,-4.5039789808,309.3404
164200000,8211,48.492223637,-4.503979295,309.3404
164220000,8212,48.4922238082,-4.5039796092,309.3404
164240000,8213,48.4922239794,-4.5039799235,309.3404
164260000,8214,48.4922241506,-4.5039802377,309.3404
164280000,8215,48.4922243218,-4.503980552,309.3404
164300000,8216,48.492224493,-4.5039808662,309.3404
164320000,8217,48.4922246642,-4.5039811804,309.3404
164340000,8218,48.4922248354,-4.5039814947,309.3404
164360000,8219,48.4922250066,-4.5039818089,309.3404
164380000,8220,48.4922251778,-4.5039821231,309.3404
164400000,8221,48.492225349,-4.5039824374,309.3404
164420000,8222,48.4922255202,-4.5039827516,309.3404
164440000,8223,48.4922256914,-4.5039830659,309.3404
164460000,8224,48.4922258626,-4.5039833801,309.3404
164480000,8225,48.4922260338,-4.5039836943,309.3404
164500000,8226,48.492226205,-4.5039840086,309.3404
164520000,8227,48.4922263762,-4.5039843228,309.3404
164540000,8228,48.4922265474,-4.5039846371,309.3404
164560000,8229,48.4922267186,-4.5039849513,309.3404
164580000,8230,48.4922268899,-4.5039852655,309.3404
164600000,8231,48.4922270611,-4.5039855798,309.3404
164620000,8232,48.4922272323,-4.503985894,309.3404
164640000,8233,48.4922274035,-4.5039862083,309.3404
164660000,8234,48.4922275747,-4.5039865225,309.3404
164680000,8235,48.4922277459,-4.5039868367,309.3404
164700000,8236,48.4922279171,-4.503987151,309.3404
164720000,8237,48.4922280883,-4.5039874652,309.3404
164740000,8238,48.4922282595,-4.5039877794,309.3404
164760000,8239,48.4922284307,-4.5039880937,309.3404
164780000,8240,48.4922286019,-4.5039884079,309.3404
164800000,8241,48.4922287731,-4.5039887222,309.3404
164820000,8242,48.4922289443,-4.5039890364,309.3404
164840000,8243,48.4922291155,-4.5039893506,309.3404
164860000,8244,48.4922292867,-4.5039896649,309.3404
164880000,8245,48.4922294579,-4.5039899791,309.3404
164900000,8246,48.4922296291,-4.5039902934,309.3404
164920000,8247,48.4922298003,-4.5039906076,309.3404
164940000,8248,48.4922299715,-4.5039909218,309.3404
164960000,8249,48.4922301427,-4.5039912361,309.3404
164980000,8250,48.4922303139,-4.5039915503,309.3404
165000000,8251,48.4922304851,-4.5039918646,309.3404
165020000,8252,48.4922306563,-4.5039921788,309.3404
165040000,8253,48.4922308276,-4.503992493,309.3404
165060000,8254,48.4922309988,-4.5039928073,309.3404
165080000,8255,48.49223117,-4.5039931215,309.3404
165100000,8256,48.4922313412,-4.5039934357,309.3404
165120000,8257,48.4922315124,-4.50399375,309.3404
165140000,8258,48.4922316836,-4.5039940642,309.3404
165160000,8259,48.4922318548,-4.5039943785,309.3404
165180000,8260,48.492232026,-4.5039946927,309.3404
165200000,8261,48.4922321972,-4.5039950069,309.3404
165220000,8262,48.4922323684,-4.5039953212,309.3404
165240000,8263,48.4922325396,-4.5039956354,309.3404
165260000,8264,48.4922327108,-4.5039959497,309.3404
165280000,8265,48.492232882,-4.5039962639,309.3404
165300000,8266,48.4922330532,-4.5039965781,309.3404
165320000,8267,48.4922332244,-4.5039968924,309.3404
165340000,8268,48.4922333956,-4.5039972066,309.3404
165360000,8269,48.4922335668,-4.5039975209,309.3404
165380000,8270,48.492233738,-4.5039978351,309.3404
165400000,8271,48.4922339092,-4.5039981493,309.3404
165420000,8272,48.4922340804,-4.5039984636,309.3404
165440000,8273,48.4922342516,-4.5039987778,309.3404
165460000,8274,48.4922344228,-4.503999092,309.3404
165480000,8275,48.492234594,-4.5039994063,309.3404
165500000,8276,48.4922347653,-4.5039997205,309.3404
165520000,8277,48.4922349365,-4.5040000348,309.3404
165540000,8278,48.4922351077,-4.504000349,309.3404
165560000,8279,48.4922352789,-4.5040006632,309.3404
165580000,8280,48.4922354501,-4.5040009775,309.3404
165600000,8281,48.4922356213,-4.5040012917,309.3404
165620000,8282,48.4922357925,-4.504001606,309.3404
165640000,8283,48.4922359637,-4.5040019202,309.3404
165660000,8284,48.4922361349,-4.5040022344,309.3404
165680000,8285,48.4922363061,-4.5040025487,309.3404
165700000,8286,48.4922364773,-4.5040028629,309.3404
165720000,8287,48.4922366485,-4.5040031772,309.3404
165740000,8288,48.4922368197,-4.5040034914,309.3404
165760000,8289,48.4922369909,-4.5040038056,309.3404
165780000,8290,48.4922371621,-4.5040041199,309.3404
165800000,8291,48.4922373333,-4.5040044341,309.3404
165820000,8292,48.4922375045,-4.5040047483,309.3404
165840000,8293,48.4922376757,-4.5040050626,309.3404
165860000,8294,48.4922378469,-4.5040053768,309.3404
165880000,8295,48.4922380181,-4.5040056911,309.3404
165900000,8296,48.4922381893,-4.5040060053,309.3404
165920000,8297,48.4922383605,-4.5040063195,309.3404
165940000,8298,48.4922385317,-4.5040066338,309.3404
165960000,8299,48.4922387029,-4.504006948,309.3404
165980000,8300,48.4922388742,-4.5040072623,309.3404
166000000,8301,48.4922390454,-4.5040075765,309.3404
166020000,8302,48.4922392166,-4.5040078907,309.3404
166040000,8303,48.4922393878,-4.504008205,309.3404
166060000,8304,48.492239559,-4.5040085192,309.3404
166080000,8305,48.4922397302,-4.5040088335,309.3404
166100000,8306,48.4922399014,-4.5040091477,309.3404
166120000,8307,48.4922400726,-4.5040094619,309.3404
166140000,8308,48.4922402438,-4.5040097762,309.3404
166160000,8309,48.492240415,-4.5040100904,309.3404
166180000,8310,48.4922405862,-4.5040104046,309.3404
166200000,8311,48.4922407574,-4.5040107189,309.3404
166220000,8312,48.4922409286,-4.5040110331,309.3404
166240000,8313,48.4922410998,-4.5040113474,309.3404
166260000,8314,48.492241271,-4.5040116616,309.3404
166280000,8315,48.4922414422,-4.5040119758,309.3404
166300000,8316,48.4922416134,-4.5040122901,309.3404
166320000,8317,48.4922417846,-4.5040126043,309.3404
166340000,8318,48.4922419558,-4.5040129186,309.3404
166360000,8319,48.492242127,-4.5040132328,309.3404
166380000,8320,48.4922422982,-4.504013547,309.3404
166400000,8321,48.4922424694,-4.5040138613,309.3404
166420000,8322,48.4922426406,-4.5040141755,309.3404
166440000,8323,48.4922428118,-4.5040144898,309.3404
166460000,8324,48.4922429831,-4.504014804,309.3404
166480000,8325,48.4922431543,-4.5040151182,309.3404
166500000,8326,48.4922433255,-4.5040154325,309.3404
166520000,8327,48.4922434967,-4.5040157467,309.3404
166540000,8328,48.4922436679,-4.5040160609,309.3404
166560000,8329,48.4922438391,-4.5040163752,309.3404
166580000,8330,48.4922440103,-4.5040166894,309.3404
166600000,8331,48.4922441815,-4.5040170037,309.3404
166620000,8332,48.4922443527,-4.5040173179,309.3404
166640000,8333,48.4922445239,-4.5040176321,309.3404
166660000,8334,48.4922446951,-4.5040179464,309.3404
166680000,8335,48.4922448663,-4.5040182606,309.3404
166700000,8336,48.4922450375,-4.5040185749,309.3404
166720000,8337,48.4922452087,-4.5040188891,309.3404
166740000,8338,48.4922453799,-4.5040192033,309.3404
166760000,8339,48.4922455511,-4.5040195176,309.3404
166780000,8340,48.4922457223,-4.5040198318,309.3404
166800000,8341,48.4922458935,-4.5040201461,309.3404
166820000,8342,48.4922460647,-4.5040204603,309.3404
166840000,8343,48.4922462359,-4.5040207745,309.3404
166860000,8344,48.4922464071,-4.5040210888,309.3404
166880000,8345,48.4922465783,-4.504021403,309.3404
166900000,8346,48.4922467495,-4.5040217172,309.3404
166920000,8347,48.4922469207,-4.5040220315,309.3404
166940000,8348,48.492247092,-4.5040223457,309.3404
166960000,8349,48.4922472632,-4.50402266,309.3404
166980000,8350,48.4922474344,-4.5040229742,309.3404
167000000,8351,48.4922476056,-4.5040232884,309.3404
167020000,8352,48.4922477768,-4.5040236027,309.3404
167040000,8353,48.492247948,-4.5040239169,309.3404
167060000,8354,48.4922481192,-4.5040242312,309.3404
167080000,8355,48.4922482904,-4.5040245454,309.3404
167100000,8356,48.4922484616,-4.5040248596,309.3404
167120000,8357,48.4922486328,-4.5040251739,309.3404
167140000,8358,48.492248804,-4.5040254881,309.3404
167160000,8359,48.4922489752,-4.5040258024,309.3404
167180000,8360,48.4922491464,-4.5040261166,309.3404
167200000,8361,48.4922493176,-4.5040264308,309.3404
167220000,8362,48.4922494888,-4.5040267451,309.3404
167240000,8363,48.49224966,-4.5040270593,309.3404
167260000,8364,48.4922498312,-4.5040273736,309.3404
167280000,8365,48.4922500024,-4.5040276878,309.3404
167300000,8366,48.4922501736,-4.504028002,309.3404
167320000,8367,48.4922503448,-4.5040283163,309.3404
167340000,8368,48.492250516,-4.5040286305,309.3404
167360000,8369,48.4922506872,-4.5040289447,309.3404
167380000,8370,48.4922508584,-4.504029259,309.3404
167400000,8371,48.4922510296,-4.5040295732,309.3404
167420000,8372,48.4922512009,-4.5040298875,309.3404
167440000,8373,48.4922513721,-4.5040302017,309.3404
167460000,8374,48.4922515433,-4.5040305159,309.3404
167480000,8375,48.4922517145,-4.5040308302,309.3404
167500000,8376,48.4922518857,-4.5040311444,309.3404
167520000,8377,48.4922520569,-4.5040314587,309.3404
167540000,8378,48.4922522281,-4.5040317729,309.3404
167560000,8379,48.4922523993,-4.5040320871,309.3404
167580000,8380,48.4922525705,-4.5040324014,309.3404
167600000,8381,48.4922527417,-4.5040327156,309.3404
167620000,8382,48.4922529129,-4.5040330299,309.3404
167640000,8383,48.4922530841,-4.5040333441,309.3404
167660000,8384,48.4922532553,-4.5040336583,309.3404
167680000,8385,48.4922534265,-4.5040339726,309.3404
167700000,8386,48.4922535977,-4.5040342868,309.3404
167720000,8387,48.4922537689,-4.504034601,309.3404
167740000,8388,48.4922539401,-4.5040349153,309.3404
167760000,8389,48.4922541113,-4.5040352295,309.3404
167780000,8390,48.4922542825,-4.5040355438,309.3404
167800000,8391,48.4922544537,-4.504035858,309.3404
167820000,8392,48.4922546249,-4.5040361722,309.3404
167840000,8393,48.4922547961,-4.5040364865,309.3404
167860000,8394,48.4922549673,-4.5040368007,309.3404
167880000,8395,48.4922551385,-4.504037115,309.3404
167900000,8396,48.4922553098,-4.5040374292,309.3404
167920000,8397,48.492255481,-4.5040377434,309.3404
167940000,8398,48.4922556522,-4.5040380577,309.3404
167960000,8399,48.4922558234,-4.5040383719,309.3404
167980000,8400,48.4922559946,-4.5040386862,309.3404
168000000,8401,48.4922561658,-4.5040390004,309.3404
168020000,8402,48.492256337,-4.5040393146,309.3404
168040000,8403,48.4922565082,-4.5040396289,309.3404
168060000,8404,48.4922566794,-4.5040399431,309.3404
168080000,8405,48.4922568506,-4.5040402574,309.3404
168100000,8406,48.4922570218,-4.5040405716,309.3404
168120000,8407,48.492257193,-4.5040408858,309.3404
168140000,8408,48.4922573642,-4.5040412001,309.3404
168160000,8409,48.4922575354,-4.5040415143,309.3404
168180000,8410,48.4922577066,-4.5040418285,309.3404
168200000,8411,48.4922578778,-4.5040421428,309.3404
168220000,8412,48.492258049,-4.504042457,309.3404
168240000,8413,48.4922582202,-4.5040427713,309.3404
168260000,8414,48.4922583914,-4.5040430855,309.3404
168280000,8415,48.4922585626,-4.5040433997,309.3404
168300000,8416,48.4922587338,-4.504043714,309.3404
168320000,8417,48.492258905,-4.5040440282,309.3404
168340000,8418,48.4922590762,-4.5040443425,309.3404
168360000,8419,48.4922592474,-4.5040446567,309.3404
168380000,8420,48.4922594187,-4.5040449709,309.3404
168400000,8421,48.4922595899,-4.5040452852,309.3404
168420000,8422,48.4922597611,-4.5040455994,309.3404
168440000,8423,48.4922599323,-4.5040459137,309.3404
168460000,8424,48.4922601035,-4.5040462279,309.3404
168480000,8425,48.4922602747,-4.5040465421,309.3404
168500000,8426,48.4922604459,-4.5040468564,309.3404
168520000,8427,48.4922606171,-4.5040471706,309.3404
168540000,8428,48.4922607883,-4.5040474849,309.3404
168560000,8429,48.4922609595,-4.5040477991,309.3404
168580000,8430,48.4922611307,-4.5040481133,309.3404
168600000,8431,48.4922613019,-4.5040484276,309.3404
168620000,8432,48.4922614731,-4.5040487418,309.3404
168640000,8433,48.4922616443,-4.5040490561,309.3404
168660000,8434,48.4922618155,-4.5040493703,309.3404
168680000,8435,48.4922619867,-4.5040496845,309.3404
168700000,8436,48.4922621579,-4.5040499988,309.3404
168720000,8437,48.4922623291,-4.504050313,309.3404
168740000,8438,48.4922625003,-4.5040506272,309.3404
168760000,8439,48.4922626715,-4.5040509415,309.3404
168780000,8440,48.4922628427,-4.5040512557,309.3404
168800000,8441,48.4922630139,-4.50405157,309.3404
168820000,8442,48.4922631851,-4.5040518842,309.3404
168840000,8443,48.4922633563,-4.5040521984,309.3404
168860000,8444,48.4922635276,-4.5040525127,309.3404
168880000,8445,48.4922636988,-4.5040528269,309.3404
168900000,8446,48.49226387,-4.5040531412,309.3404
168920000,8447,48.4922640412,-4.5040534554,309.3404
168940000,8448,48.4922642124,-4.5040537696,309.3404
168960000,8449,48.4922643836,-4.5040540839,309.3404
168980000,8450,48.4922645548,-4.5040543981,309.3404
169000000,8451,48.492264726,-4.5040547124,309.3404
169020000,8452,48.4922648972,-4.5040550266,309.3404
169040000,8453,48.4922650684,-4.5040553408,309.3404
169060000,8454,48.4922652396,-4.5040556551,309.3404
169080000,8455,48.4922654108,-4.5040559693,309.3404
169100000,8456,48.492265582,-4.5040562836,309.3404
169120000,8457,48.4922657532,-4.5040565978,309.3404
169140000,8458,48.4922659244,-4.504056912,309.3404
169160000,8459,48.4922660956,-4.5040572263,309.3404
169180000,8460,48.4922662668,-4.5040575405,309.3404
169200000,8461,48.492266438,-4.5040578547,309.3404
169220000,8462,48.4922666092,-4.504058169,309.3404
169240000,8463,48.4922667804,-4.5040584832,309.3404
169260000,8464,48.4922669516,-4.5040587975,309.3404
169280000,8465,48.4922671228,-4.5040591117,309.3404
169300000,8466,48.492267294,-4.5040594259,309.3404
169320000,8467,48.4922674652,-4.5040597402,309.3404
169340000,8468,48.4922676364,-4.5040600544,309.3404
169360000,8469,48.4922678077,-4.5040603687,309.3404
169380000,8470,48.4922679789,-4.5040606829,309.3404
169400000,8471,48.4922681501,-4.5040609971,309.3404
169420000,8472,48.4922683213,-4.5040613114,309.3404
169440000,8473,48.4922684925,-4.5040616256,309.3404
169460000,8474,48.4922686637,-4.5040619399,309.3404
169480000,8475,48.4922688349,-4.5040622541,309.3404
169500000,8476,48.4922690061,-4.5040625683,309.3404
169520000,8477,48.4922691773,-4.5040628826,309.3404
169540000,8478,48.4922693485,-4.5040631968,309.3404
169560000,8479,48.4922695197,-4.5040635111,309.3404
169580000,8480,48.4922696909,-4.5040638253,309.3404
169600000,8481,48.4922698621,-4.5040641395,309.3404
169620000,8482,48.4922700333,-4.5040644538,309.3404
169640000,8483,48.4922702045,-4.504064768,309.3404
169660000,8484,48.4922703757,-4.5040650823,309.3404
169680000,8485,48.4922705469,-4.5040653965,309.3404
169700000,8486,48.4922707181,-4.5040657107,309.3404
169720000,8487,48.4922708893,-4.504066025,309.3404
169740000,8488,48.4922710605,-4.5040663392,309.3404
169760000,8489,48.4922712317,-4.5040666534,309.3404
169780000,8490,48.4922714029,-4.5040669677,309.3404
169800000,8491,48.4922715741,-4.5040672819,309.3404
169820000,8492,48.4922717453,-4.5040675962,309.3404
169840000,8493,48.4922719166,-4.5040679104,309.3404
169860000,8494,48.4922720878,-4.5040682246,309.3404
169880000,8495,48.492272259,-4.5040685389,309.3404
169900000,8496,48.4922724302,-4.5040688531,309.3404
169920000,8497,48.4922726014,-4.5040691674,309.3404
169940000,8498,48.4922727726,-4.5040694816,309.3404
169960000,8499,48.4922729438,-4.5040697958,309.3404
169980000,8500,48.492273115,-4.5040701101,309.3404
170000000,8501,48.4922732862,-4.5040704243,309.3404
170020000,8502,48.4922734574,-4.5040707386,309.3404
170040000,8503,48.4922736286,-4.5040710528,309.3404
170060000,8504,48.4922737998,-4.504071367,309.3404
170080000,8505,48.492273971,-4.5040716813,309.3404
170100000,8506,48.4922741422,-4.5040719955,309.3404
170120000,8507,48.4922743134,-4.5040723098,309.3404
170140000,8508,48.4922744846,-4.504072624,309.3404
170160000,8509,48.4922746558,-4.5040729382,309.3404
170180000,8510,48.492274827,-4.5040732525,309.3404
170200000,8511,48.4922749982,-4.5040735667,309.3404
170220000,8512,48.4922751694,-4.504073881,309.3404
170240000,8513,48.4922753406,-4.5040741952,309.3404
170260000,8514,48.4922755118,-4.5040745094,309.3404
170280000,8515,48.492275683,-4.5040748237,309.3404
170300000,8516,48.4922758542,-4.5040751379,309.3404
170320000,8517,48.4922760254,-4.5040754522,309.3404
170340000,8518,48.4922761967,-4.5040757664,309.3404
170360000,8519,48.4922763679,-4.5040760806,309.3404
170380000,8520,48.4922765391,-4.5040763949,309.3404
170400000,8521,48.4922767103,-4.5040767091,309.3404
170420000,8522,48.4922768815,-4.5040770233,309.3404
170440000,8523,48.4922770527,-4.5040773376,309.3404
170460000,8524,48.4922772239,-4.5040776518,309.3404
170480000,8525,48.4922773951,-4.5040779661,309.3404
170500000,8526,48.4922775663,-4.5040782803,309.3404
170520000,8527,48.4922777375,-4.5040785945,309.3404
170540000,8528,48.4922779087,-4.5040789088,309.3404
170560000,8529,48.4922780799,-4.504079223,309.3404
170580000,8530,48.4922782511,-4.5040795373,309.3404
170600000,8531,48.4922784223,-4.5040798515,309.3404
170620000,8532,48.4922785935,-4.5040801657,309.3404
170640000,8533,48.4922787647,-4.50408048,309.3404
170660000,8534,48.4922789359,-4.5040807942,309.3404
170680000,8535,48.4922791071,-4.5040811085,309.3404
170700000,8536,48.4922792783,-4.5040814227,309.3404
170720000,8537,48.4922794495,-4.5040817369,309.3404
170740000,8538,48.4922796207,-4.5040820512,309.3404
170760000,8539,48.4922797919,-4.5040823654,309.3404
170780000,8540,48.4922799631,-4.5040826797,309.3404
170800000,8541,48.4922801343,-4.5040829939,309.3404
170820000,8542,48.4922803055,-4.5040833081,309.3404
170840000,8543,48.4922804768,-4.5040836224,309.3404
170860000,8544,48.492280648,-4.5040839366,309.3404
170880000,8545,48.4922808192,-4.5040842509,309.3404
170900000,8546,48.4922809904,-4.5040845651,309.3404
170920000,8547,48.4922811616,-4.5040848793,309.3404
170940000,8548,48.4922813328,-4.5040851936,309.3404
170960000,8549,48.492281504,-4.5040855078,309.3404
170980000,8550,48.4922816752,-4.5040858221,309.3404
171000000,8551,48.4922818464,-4.5040861363,309.3404
171020000,8552,48.4922820176,-4.5040864505,309.3404
171040000,8553,48.4922821888,-4.5040867648,309.3404
171060000,8554,48.49228236,-4.504087079,309.3404
171080000,8555,48.4922825312,-4.5040873932,309.3404
171100000,8556,48.4922827024,-4.5040877075,309.3404
171120000,8557,48.4922828736,-4.5040880217,309.3404
171140000,8558,48.4922830448,-4.504088336,309.3404
171160000,8559,48.492283216,-4.5040886502,309.3404
171180000,8560,48.4922833872,-4.5040889644,309.3404
171200000,8561,48.4922835584,-4.5040892787,309.3404
171220000,8562,48.4922837296,-4.5040895929,309.3404
171240000,8563,48.4922839008,-4.5040899072,309.3404
171260000,8564,48.492284072,-4.5040902214,309.3404
171280000,8565,48.4922842432,-4.5040905356,309.3404
171300000,8566,48.4922844144,-4.5040908499,309.3404
171320000,8567,48.4922845856,-4.5040911641,309.3404
171340000,8568,48.4922847569,-4.5040914784,309.3404
171360000,8569,48.4922849281,-4.5040917926,309.3404
171380000,8570,48.4922850993,-4.5040921068,309.3404
171400000,8571,48.4922852705,-4.5040924211,309.3404
171420000,8572,48.4922854417,-4.5040927353,309.3404
171440000,8573,48.4922856129,-4.5040930496,309.3404
171460000,8574,48.4922857841,-4.5040933638,309.3404
171480000,8575,48.4922859553,-4.504093678,309.3404
171500000,8576,48.4922861265,-4.5040939923,309.3404
171520000,8577,48.4922862977,-4.5040943065,309.3404
171540000,8578,48.4922864689,-4.5040946208,309.3404
171560000,8579,48.4922866401,-4.504094935,309.3404
171580000,8580,48.4922868113,-4.5040952492,309.3404
171600000,8581,48.4922869825,-4.5040955635,309.3404
171620000,8582,48.4922871537,-4.5040958777,309.3404
171640000,8583,48.4922873249,-4.504096192,309.3404
171660000,8584,48.4922874961,-4.5040965062,309.3404
171680000,8585,48.4922876673,-4.5040968204,309.3404
171700000,8586,48.4922878385,-4.5040971347,309.3404
171720000,8587,48.4922880097,-4.5040974489,309.3404
171740000,8588,48.4922881809,-4.5040977632,309.3404
171760000,8589,48.4922883521,-4.5040980774,309.3404
171780000,8590,48.4922885233,-4.5040983916,309.3404
171800000,8591,48.4922886945,-4.5040987059,309.3404
171820000,8592,48.4922888657,-4.5040990201,309.3404
171840000,8593,48.492289037,-4.5040993343,309.3404
171860000,8594,48.4922892082,-4.5040996486,309.3404
171880000,8595,48.4922893794,-4.5040999628,309.3404
171900000,8596,48.4922895506,-4.5041002771,309.3404
171920000,8597,48.4922897218,-4.5041005913,309.3404
171940000,8598,48.492289893,-4.5041009055,309.3404
171960000,8599,48.4922900642,-4.5041012198,309.3404
171980000,8600,48.4922902354,-4.504101534,309.3404
172000000,8601,48.4922904066,-4.5041018483,309.3404
172020000,8602,48.4922905778,-4.5041021625,309.3404
172040000,8603,48.492290749,-4.5041024767,309.3404
172060000,8604,48.4922909202,-4.504102791,309.3404
172080000,8605,48.4922910914,-4.5041031052,309.3404
172100000,8606,48.4922912626,-4.5041034195,309.3404
172120000,8607,48.4922914338,-4.5041037337,309.3404
172140000,8608,48.492291605,-4.5041040479,309.3404
172160000,8609,48.4922917762,-4.5041043622,309.3404
172180000,8610,48.4922919474,-4.5041046764,309.3404
172200000,8611,48.4922921186,-4.5041049907,309.3404
172220000,8612,48.4922922898,-4.5041053049,309.3404
172240000,8613,48.492292461,-4.5041056191,309.3404
172260000,8614,48.4922926322,-4.5041059334,309.3404
172280000,8615,48.4922928034,-4.5041062476,309.3404
172300000,8616,48.4922929746,-4.5041065619,309.3404
172320000,8617,48.4922931458,-4.5041068761,309.3404
172340000,8618,48.4922933171,-4.5041071903,309.3404
172360000,8619,48.4922934883,-4.5041075046,309.3404
172380000,8620,48.4922936595,-4.5041078188,309.3404
172400000,8621,48.4922938307,-4.5041081331,309.3404
172420000,8622,48.4922940019,-4.5041084473,309.3404
172440000,8623,48.4922941731,-4.5041087615,309.3404
172460000,8624,48.4922943443,-4.5041090758,309.3404
172480000,8625,48.4922945155,-4.50410939,309.3404
172500000,8626,48.4922946867,-4.5041097043,309.3404
172520000,8627,48.4922948579,-4.5041100185,309.3404
172540000,8628,48.4922950291,-4.5041103327,309.3404
172560000,8629,48.4922952003,-4.504110647,309.3404
172580000,8630,48.4922953715,-4.5041109612,309.3404
172600000,8631,48.4922955427,-4.5041112755,309.3404
172620000,8632,48.4922957139,-4.5041115897,309.3404
172640000,8633,48.4922958851,-4.5041119039,309.3404
172660000,8634,48.4922960563,-4.5041122182,309.3404
172680000,8635,48.4922962275,-4.5041125324,309.3404
172700000,8636,48.4922963987,-4.5041128467,309.3404
172720000,8637,48.4922965699,-4.5041131609,309.3404
172740000,8638,48.4922967411,-4.5041134751,309.3404
172760000,8639,48.4922969123,-4.5041137894,309.3404
172780000,8640,48.4922970835,-4.5041141036,309.3404
172800000,8641,48.4922972547,-4.5041144178,309.3404
172820000,8642,48.4922974259,-4.5041147321,309.3404
172840000,8643,48.4922975971,-4.5041150463,309.3404
172860000,8644,48.4922977684,-4.5041153606,309.3404
172880000,8645,48.4922979396,-4.5041156748,309.3404
172900000,8646,48.4922981108,-4.504115989,309.3404
172920000,8647,48.492298282,-4.5041163033,309.3404
172940000,8648,48.4922984532,-4.5041166175,309.3404
172960000,8649,48.4922986244,-4.5041169318,309.3404
172980000,8650,48.4922987956,-4.504117246,309.3404
173000000,8651,48.4922989668,-4.5041175602,309.3404
173020000,8652,48.492299138,-4.5041178745,309.3404
173040000,8653,48.4922993092,-4.5041181887,309.3404
173060000,8654,48.4922994804,-4.504118503,309.3404
173080000,8655,48.4922996516,-4.5041188172,309.3404
173100000,8656,48.4922998228,-4.5041191314,309.3404
173120000,8657,48.492299994,-4.5041194457,309.3404
173140000,8658,48.4923001652,-4.5041197599,309.3404
173160000,8659,48.4923003364,-4.5041200742,309.3404
173180000,8660,48.4923005076,-4.5041203884,309.3404
173200000,8661,48.4923006788,-4.5041207026,309.3404
173220000,8662,48.49230085,-4.5041210169,309.3404
173240000,8663,48.4923010212,-4.5041213311,309.3404
173260000,8664,48.4923011924,-4.5041216454,309.3404
173280000,8665,48.4923013636,-4.5041219596,309.3404
173300000,8666,48.4923015348,-4.5041222738,309.3404
173320000,8667,48.492301706,-4.5041225881,309.3404
173340000,8668,48.4923018772,-4.5041229023,309.3404
173360000,8669,48.4923020485,-4.5041232166,309.3404
173380000,8670,48.4923022197,-4.5041235308,309.3404
173400000,8671,48.4923023909,-4.504123845,309.3404
173420000,8672,48.4923025621,-4.5041241593,309.3404
173440000,8673,48.4923027333,-4.5041244735,309.3404
173460000,8674,48.4923029045,-4.5041247878,309.3404
173480000,8675,48.4923030757,-4.504125102,309.3404
173500000,8676,48.4923032469,-4.5041254162,309.3404
173520000,8677,48.4923034181,-4.5041257305,309.3404
173540000,8678,48.4923035893,-4.5041260447,309.3404
173560000,8679,48.4923037605,-4.504126359,309.3404
173580000,8680,48.4923039317,-4.5041266732,309.3404
173600000,8681,48.4923041029,-4.5041269874,309.3404
173620000,8682,48.4923042741,-4.5041273017,309.3404
173640000,8683,48.4923044453,-4.5041276159,309.3404
173660000,8684,48.4923046165,-4.5041279302,309.3404
173680000,8685,48.4923047877,-4.5041282444,309.3404
173700000,8686,48.4923049589,-4.5041285586,309.3404
173720000,8687,48.4923051301,-4.5041288729,309.3404
173740000,8688,48.4923053013,-4.5041291871,309.3404
173760000,8689,48.4923054725,-4.5041295014,309.3404
173780000,8690,48.4923056437,-4.5041298156,309.3404
173800000,8691,48.4923058149,-4.5041301298,309.3404
173820000,8692,48.4923059861,-4.5041304441,309.3404
173840000,8693,48.4923061573,-4.5041307583,309.3404
173860000,8694,48.4923063285,-4.5041310726,309.3404
173880000,8695,48.4923064998,-4.5041313868,309.3404
173900000,8696,48.492306671,-4.504131701,309.3404
173920000,8697,48.4923068422,-4.5041320153,309.3404
173940000,8698,48.4923070134,-4.5041323295,309.3404
173960000,8699,48.4923071846,-4.5041326438,309.3404
173980000,8700,48.4923073558,-4.504132958,309.3404
174000000,8701,48.492307527,-4.5041332722,309.3404
174020000,8702,48.4923076982,-4.5041335865,309.3404
174040000,8703,48.4923078694,-4.5041339007,309.3404
174060000,8704,48.4923080406,-4.504134215,309.3404
174080000,8705,48.4923082118,-4.5041345292,309.3404
174100000,8706,48.492308383,-4.5041348434,309.3404
174120000,8707,48.4923085542,-4.5041351577,309.3404
174140000,8708,48.4923087254,-4.5041354719,309.3404
174160000,8709,48.4923088966,-4.5041357861,309.3404
174180000,8710,48.4923090678,-4.5041361004,309.3404
174200000,8711,48.492309239,-4.5041364146,309.3404
174220000,8712,48.4923094102,-4.5041367289,309.3404
174240000,8713,48.4923095814,-4.5041370431,309.3404
174260000,8714,48.4923097526,-4.5041373573,309.3404
174280000,8715,48.4923099238,-4.5041376716,309.3404
174300000,8716,48.492310095,-4.5041379858,309.3404
174320000,8717,48.4923102662,-4.5041383001,309.3404
174340000,8718,48.4923104374,-4.5041386143,309.3404
174360000,8719,48.4923106086,-4.5041389285,309.3404
174380000,8720,48.4923107798,-4.5041392428,309.3404
174400000,8721,48.4923109511,-4.504139557,309.3404
174420000,8722,48.4923111223,-4.5041398713,309.3404
174440000,8723,48.4923112935,-4.5041401855,309.3404
174460000,8724,48.4923114647,-4.5041404997,309.3404
174480000,8725,48.4923116359,-4.504140814,309.3404
174500000,8726,48.4923118071,-4.5041411282,309.3404
174520000,8727,48.4923119783,-4.5041414425,309.3404
174540000,8728,48.4923121495,-4.5041417567,309.3404
174560000,8729,48.4923123207,-4.5041420709,309.3404
174580000,8730,48.4923124919,-4.5041423852,309.3404
174600000,8731,48.4923126631,-4.5041426994,309.3404
174620000,8732,48.4923128343,-4.5041430137,309.3404
174640000,8733,48.4923130055,-4.5041433279,309.3404
174660000,8734,48.4923131767,-4.5041436421,309.3404
174680000,8735,48.4923133479,-4.5041439564,309.3404
174700000,8736,48.4923135191,-4.5041442706,309.3404
174720000,8737,48.4923136903,-4.5041445849,309.3404
174740000,8738,48.4923138615,-4.5041448991,309.3404
174760000,8739,48.4923140327,-4.5041452133,309.3404
174780000,8740,48.4923142039,-4.5041455276,309.3404
174800000,8741,48.4923143751,-4.5041458418,309.3404
174820000,8742,48.4923145463,-4.5041461561,309.3404
174840000,8743,48.4923147175,-4.5041464703,309.3404
174860000,8744,48.4923148887,-4.5041467845,309.3404
174880000,8745,48.4923150599,-4.5041470988,309.3404
174900000,8746,48.4923152311,-4.504147413,309.3404
174920000,8747,48.4923154024,-4.5041477273,309.3404
174940000,8748,48.4923155736,-4.5041480415,309.3404
174960000,8749,48.4923157448,-4.5041483557,309.3404
174980000,8750,48.492315916,-4.50414867,309.3404
175000000,8751,48.4923160872,-4.5041489842,309.3404
175020000,8752,48.4923162584,-4.5041492985,309.3404
175040000,8753,48.4923164296,-4.5041496127,309.3404
175060000,8754,48.4923166008,-4.5041499269,309.3404
175080000,8755,48.492316772,-4.5041502412,309.3404
175100000,8756,48.4923169432,-4.5041505554,309.3404
175120000,8757,48.4923171144,-4.5041508697,309.3404
175140000,8758,48.4923172856,-4.5041511839,309.3404
175160000,8759,48.4923174568,-4.5041514981,309.3404
175180000,8760,48.492317628,-4.5041518124,309.3404
175200000,8761,48.4923177992,-4.5041521266,309.3404
175220000,8762,48.4923179704,-4.5041524409,309.3404
175240000,8763,48.4923181416,-4.5041527551,309.3404
175260000,8764,48.4923183128,-4.5041530693,309.3404
175280000,8765,48.492318484,-4.5041533836,309.3404
175300000,8766,48.4923186552,-4.5041536978,309.3404
175320000,8767,48.4923188264,-4.5041540121,309.3404
175340000,8768,48.4923189976,-4.5041543263,309.3404
175360000,8769,48.4923191688,-4.5041546405,309.3404
175380000,8770,48.49231934,-4.5041549548,309.3404
175400000,8771,48.4923195112,-4.504155269,309.3404
175420000,8772,48.4923196824,-4.5041555833,309.3404
175440000,8773,48.4923198537,-4.5041558975,309.3404
175460000,8774,48.4923200249,-4.5041562117,309.3404
175480000,8775,48.4923201961,-4.504156526,309.3404
175500000,8776,48.4923203673,-4.5041568402,309.3404
175520000,8777,48.4923205385,-4.5041571545,309.3404
175540000,8778,48.4923207097,-4.5041574687,309.3404
175560000,8779,48.4923208809,-4.5041577829,309.3404
175580000,8780,48.4923210521,-4.5041580972,309.3404
175600000,8781,48.4923212233,-4.5041584114,309.3404
175620000,8782,48.4923213945,-4.5041587257,309.3404
175640000,8783,48.4923215657,-4.5041590399,309.3404
175660000,8784,48.4923217369,-4.5041593541,309.3404
175680000,8785,48.4923219081,-4.5041596684,309.3404
175700000,8786,48.4923220793,-4.5041599826,309.3404
175720000,8787,48.4923222505,-4.5041602969,309.3404
175740000,8788,48.4923224217,-4.5041606111,309.3404
175760000,8789,48.4923225929,-4.5041609253,309.3404
175780000,8790,48.4923227641,-4.5041612396,309.3404
175800000,8791,48.4923229353,-4.5041615538,309.3404
175820000,8792,48.4923231065,-4.5041618681,309.3404
175840000,8793,48.4923232777,-4.5041621823,309.3404
175860000,8794,48.4923234489,-4.5041624965,309.3404
175880000,8795,48.4923236201,-4.5041628108,309.3404
175900000,8796,48.4923237913,-4.504163125,309.3404
175920000,8797,48.4923239625,-4.5041634393,309.3404
175940000,8798,48.4923241337,-4.5041637535,309.3404
175960000,8799,48.492324305,-4.5041640677,309.3404
175980000,8800,48.4923244762,-4.504164382,309.3404
176000000,8801,48.4923246474,-4.5041646962,309.3404
176020000,8802,48.4923248186,-4.5041650105,309.3404
176040000,8803,48.4923249898,-4.5041653247,309.3404
176060000,8804,48.492325161,-4.5041656389,309.3404
176080000,8805,48.4923253322,-4.5041659532,309.3404
176100000,8806,48.4923255034,-4.5041662674,309.3404
176120000,8807,48.4923256746,-4.5041665817,309.3404
176140000,8808,48.4923258458,-4.5041668959,309.3404
176160000,8809,48.492326017,-4.5041672101,309.3404
176180000,8810,48.4923261882,-4.5041675244,309.3404
176200000,8811,48.4923263594,-4.5041678386,309.3404
176220000,8812,48.4923265306,-4.5041681529,309.3404
176240000,8813,48.4923267018,-4.5041684671,309.3404
176260000,8814,48.492326873,-4.5041687813,309.3404
176280000,8815,48.4923270442,-4.5041690956,309.3404
176300000,8816,48.4923272154,-4.5041694098,309.3404
176320000,8817,48.4923273866,-4.5041697241,309.3404
176340000,8818,48.4923275578,-4.5041700383,309.3404
176360000,8819,48.492327729,-4.5041703525,309.3404
176380000,8820,48.4923279002,-4.5041706668,309.3404
176400000,8821,48.4923280714,-4.504170981,309.3404
176420000,8822,48.4923282426,-4.5041712953,309.3404
176440000,8823,48.4923284138,-4.5041716095,309.3404
176460000,8824,48.492328585,-4.5041719237,309.3404
176480000,8825,48.4923287562,-4.504172238,309.3404
176500000,8826,48.4923289275,-4.5041725522,309.3404
176520000,8827,48.4923290987,-4.5041728665,309.3404
176540000,8828,48.4923292699,-4.5041731807,309.3404
176560000,8829,48.4923294411,-4.5041734949,309.3404
176580000,8830,48.4923296123,-4.5041738092,309.3404
176600000,8831,48.4923297835,-4.5041741234,309.3404
176620000,8832,48.4923299547,-4.5041744377,309.3404
176640000,8833,48.4923301259,-4.5041747519,309.3404
176660000,8834,48.4923302971,-4.5041750661,309.3404
176680000,8835,48.4923304683,-4.5041753804,309.3404
176700000,8836,48.4923306395,-4.5041756946,309.3404
176720000,8837,48.4923308107,-4.5041760089,309.3404
176740000,8838,48.4923309819,-4.5041763231,309.3404
176760000,8839,48.4923311531,-4.5041766373,309.3404
176780000,8840,48.4923313243,-4.5041769516,309.3404
176800000,8841,48.4923314955,-4.5041772658,309.3404
176820000,8842,48.4923316667,-4.5041775801,309.3404
176840000,8843,48.4923318379,-4.5041778943,309.3404
176860000,8844,48.4923320091,-4.5041782085,309.3404
176880000,8845,48.4923321803,-4.5041785228,309.3404
176900000,8846,48.4923323515,-4.504178837,309.3404
176920000,8847,48.4923325227,-4.5041791513,309.3404
176940000,8848,48.4923326939,-4.5041794655,309.3404
176960000,8849,48.4923328651,-4.5041797797,309.3404
176980000,8850,48.4923330363,-4.504180094,309.3404
177000000,8851,48.4923332075,-4.5041804082,309.3404
177020000,8852,48.4923333788,-4.5041807225,309.3404
177040000,8853,48.49233355,-4.5041810367,309.3404
177060000,8854,48.4923337212,-4.5041813509,309.3404
177080000,8855,48.4923338924,-4.5041816652,309.3404
177100000,8856,48.4923340636,-4.5041819794,309.3404
177120000,8857,48.4923342348,-4.5041822937,309.3404
177140000,8858,48.492334406,-4.5041826079,309.3404
177160000,8859,48.4923345772,-4.5041829221,309.3404
177180000,8860,48.4923347484,-4.5041832364,309.3404
177200000,8861,48.4923349196,-4.5041835506,309.3404
177220000,8862,48.4923350908,-4.5041838649,309.3404
177240000,8863,48.492335262,-4.5041841791,309.3404
177260000,8864,48.4923354332,-4.5041844933,309.3404
177280000,8865,48.4923356044,-4.5041848076,309.3404
177300000,8866,48.4923357756,-4.5041851218,309.3404
177320000,8867,48.4923359468,-4.5041854361,309.3404
177340000,8868,48.492336118,-4.5041857503,309.3404
177360000,8869,48.4923362892,-4.5041860645,309.3404
177380000,8870,48.4923364604,-4.5041863788,309.3404
177400000,8871,48.4923366316,-4.504186693,309.3404
177420000,8872,48.4923368028,-4.5041870073,309.3404
177440000,8873,48.492336974,-4.5041873215,309.3404
177460000,8874,48.4923371452,-4.5041876357,309.3404
177480000,8875,48.4923373164,-4.50418795,309.3404
177500000,8876,48.4923374876,-4.5041882642,309.3404
177520000,8877,48.4923376588,-4.5041885785,309.3404
177540000,8878,48.49233783,-4.5041888927,309.3404
177560000,8879,48.4923380013,-4.5041892069,309.3404
177580000,8880,48.4923381725,-4.5041895212,309.3404
177600000,8881,48.4923383437,-4.5041898354,309.3404
177620000,8882,48.4923385149,-4.5041901497,309.3404
177640000,8883,48.4923386861,-4.5041904639,309.3404
177660000,8884,48.4923388573,-4.5041907781,309.3404
177680000,8885,48.4923390285,-4.5041910924,309.3404
177700000,8886,48.4923391997,-4.5041914066,309.3404
177720000,8887,48.4923393709,-4.5041917209,309.3404
177740000,8888,48.4923395421,-4.5041920351,309.3404
177760000,8889,48.4923397133,-4.5041923493,309.3404
177780000,8890,48.4923398845,-4.5041926636,309.3404
177800000,8891,48.4923400557,-4.5041929778,309.3404
177820000,8892,48.4923402269,-4.5041932921,309.3404
177840000,8893,48.4923403981,-4.5041936063,309.3404
177860000,8894,48.4923405693,-4.5041939205,309.3404
177880000,8895,48.4923407405,-4.5041942348,309.3404
177900000,8896,48.4923409117,-4.504194549,309.3404
177920000,8897,48.4923410829,-4.5041948633,309.3404
177940000,8898,48.4923412541,-4.5041951775,309.3404
177960000,8899,48.4923414253,-4.5041954917,309.3404
177980000,8900,48.4923415965,-4.504195806,309.3404
178000000,8901,48.4923417677,-4.5041961202,309.3404
178020000,8902,48.4923419389,-4.5041964345,309.3404
178040000,8903,48.4923421101,-4.5041967487,309.3404
178060000,8904,48.4923422813,-4.5041970629,309.3404
178080000,8905,48.4923424525,-4.5041973772,309.3404
178100000,8906,48.4923426238,-4.5041976914,309.3404
178120000,8907,48.492342795,-4.5041980057,309.3404
178140000,8908,48.4923429662,-4.5041983199,309.3404
178160000,8909,48.4923431374,-4.5041986341,309.3404
178180000,8910,48.4923433086,-4.5041989484,309.3404
178200000,8911,48.4923434798,-4.5041992626,309.3404
178220000,8912,48.492343651,-4.5041995769,309.3404
178240000,8913,48.4923438222,-4.5041998911,309.3404
178260000,8914,48.4923439934,-4.5042002053,309.3404
178280000,8915,48.4923441646,-4.5042005196,309.3404
178300000,8916,48.4923443358,-4.5042008338,309.3404
178320000,8917,48.492344507,-4.5042011481,309.3404
178340000,8918,48.4923446782,-4.5042014623,309.3404
178360000,8919,48.4923448494,-4.5042017766,309.3404
178380000,8920,48.4923450206,-4.5042020908,309.3404
178400000,8921,48.4923451918,-4.504202405,309.3404
178420000,8922,48.492345363,-4.5042027193,309.3404
178440000,8923,48.4923455342,-4.5042030335,309.3404
178460000,8924,48.4923457054,-4.5042033478,309.3404
178480000,8925,48.4923458766,-4.504203662,309.3404
178500000,8926,48.4923460478,-4.5042039762,309.3404
178520000,8927,48.492346219,-4.5042042905,309.3404
178540000,8928,48.4923463902,-4.5042046047,309.3404
178560000,8929,48.4923465614,-4.504204919,309.3404
178580000,8930,48.4923467326,-4.5042052332,309.3404
178600000,8931,48.4923469038,-4.5042055474,309.3404
178620000,8932,48.492347075,-4.5042058617,309.3404
178640000,8933,48.4923472463,-4.5042061759,309.3404
178660000,8934,48.4923474175,-4.5042064902,309.3404
178680000,8935,48.4923475887,-4.5042068044,309.3404
178700000,8936,48.4923477599,-4.5042071186,309.3404
178720000,8937,48.4923479311,-4.5042074329,309.3404
178740000,8938,48.4923481023,-4.5042077471,309.3404
178760000,8939,48.4923482735,-4.5042080614,309.3404
178780000,8940,48.4923484447,-4.5042083756,309.3404
178800000,8941,48.4923486159,-4.5042086898,309.3404
178820000,8942,48.4923487871,-4.5042090041,309.3404
178840000,8943,48.4923489583,-4.5042093183,309.3404
178860000,8944,48.4923491295,-4.5042096326,309.3404
178880000,8945,48.4923493007,-4.5042099468,309.3404
178900000,8946,48.4923494719,-4.504210261,309.3404
178920000,8947,48.4923496431,-4.5042105753,309.3404
178940000,8948,48.4923498143,-4.5042108895,309.3404
178960000,8949,48.4923499855,-4.5042112038,309.3404
178980000,8950,48.4923501567,-4.504211518,309.3404
179000000,8951,48.4923503279,-4.5042118322,309.3404
179020000,8952,48.4923504991,-4.5042121465,309.3404
179040000,8953,48.4923506703,-4.5042124607,309.3404
179060000,8954,48.4923508415,-4.504212775,309.3404
179080000,8955,48.4923510127,-4.5042130892,309.3404
179100000,8956,48.4923511839,-4.5042134034,309.3404
179120000,8957,48.4923513551,-4.5042137177,309.3404
179140000,8958,48.4923515263,-4.5042140319,309.3404
179160000,8959,48.4923516975,-4.5042143462,309.3404
179180000,8960,48.4923518688,-4.5042146604,309.3404
179200000,8961,48.49235204,-4.5042149746,309.3404
179220000,8962,48.4923522112,-4.5042152889,309.3404
179240000,8963,48.4923523824,-4.5042156031,309.3404
179260000,8964,48.4923525536,-4.5042159174,309.3404
179280000,8965,48.4923527248,-4.5042162316,309.3404
179300000,8966,48.492352896,-4.5042165458,309.3404
179320000,8967,48.4923530672,-4.5042168601,309.3404
179340000,8968,48.4923532384,-4.5042171743,309.3404
179360000,8969,48.4923534096,-4.5042174886,309.3404
179380000,8970,48.4923535808,-4.5042178028,309.3404
179400000,8971,48.492353752,-4.504218117,309.3404
179420000,8972,48.4923539232,-4.5042184313,309.3404
179440000,8973,48.4923540944,-4.5042187455,309.3404
179460000,8974,48.4923542656,-4.5042190598,309.3404
179480000,8975,48.4923544368,-4.504219374,309.3404
179500000,8976,48.492354608,-4.5042196882,309.3404
179520000,8977,48.4923547792,-4.5042200025,309.3404
179540000,8978,48.4923549504,-4.5042203167,309.3404
179560000,8979,48.4923551216,-4.504220631,309.3404
179580000,8980,48.4923552928,-4.5042209452,309.3404
179600000,8981,48.492355464,-4.5042212594,309.3404
179620000,8982,48.4923556352,-4.5042215737,309.3404
179640000,8983,48.4923558064,-4.5042218879,309.3404
179660000,8984,48.4923559776,-4.5042222022,309.3404
179680000,8985,48.4923561488,-4.5042225164,309.3404
179700000,8986,48.49235632,-4.5042228307,309.3404
179720000,8987,48.4923564912,-4.5042231449,309.3404
179740000,8988,48.4923566625,-4.5042234591,309.3404
179760000,8989,48.4923568337,-4.5042237734,309.3404
179780000,8990,48.4923570049,-4.5042240876,309.3404
179800000,8991,48.4923571761,-4.5042244019,309.3404
179820000,8992,48.4923573473,-4.5042247161,309.3404
179840000,8993,48.4923575185,-4.5042250303,309.3404
179860000,8994,48.4923576897,-4.5042253446,309.3404
179880000,8995,48.4923578609,-4.5042256588,309.3404
179900000,8996,48.4923580321,-4.5042259731,309.3404
179920000,8997,48.4923582033,-4.5042262873,309.3404
179940000,8998,48.4923583745,-4.5042266015,309.3404
179960000,8999,48.4923585457,-4.5042269158,309.3404
179980000,9000,48.4923587169,-4.50422723,309.3404
180000000,9001,48.4923588881,-4.5042275443,309.3404
180020000,9002,48.4923590593,-4.5042278585,309.3404
180040000,9003,48.4923592305,-4.5042281727,309.3404
180060000,9004,48.4923594017,-4.504228487,309.3404
180080000,9005,48.4923595729,-4.5042288012,309.3404
180100000,9006,48.4923597441,-4.5042291155,309.3404
180120000,9007,48.4923599153,-4.5042294297,309.3404
180140000,9008,48.4923600865,-4.5042297439,309.3404
180160000,9009,48.4923602577,-4.5042300582,309.3404
180180000,9010,48.4923604289,-4.5042303724,309.3404
180200000,9011,48.4923606001,-4.5042306867,309.3404
180220000,9012,48.4923607713,-4.5042310009,309.3404
180240000,9013,48.4923609425,-4.5042313151,309.3404
180260000,9014,48.4923611137,-4.5042316294,309.3404
180280000,9015,48.4923612849,-4.5042319436,309.3404
180300000,9016,48.4923614562,-4.5042322579,309.3404
180320000,9017,48.4923616274,-4.5042325721,309.3404
180340000,9018,48.4923617986,-4.5042328863,309.3404
180360000,9019,48.4923619698,-4.5042332006,309.3404
180380000,9020,48.492362141,-4.5042335148,309.3404
180400000,9021,48.4923623122,-4.5042338291,309.3404
180420000,9022,48.4923624834,-4.5042341433,309.3404
180440000,9023,48.4923626546,-4.5042344575,309.3404
180460000,9024,48.4923628258,-4.5042347718,309.3404
180480000,9025,48.492362997,-4.504235086,309.3404
180500000,9026,48.4923631682,-4.5042354003,309.3404
180520000,9027,48.4923633394,-4.5042357145,309.3404
180540000,9028,48.4923635106,-4.5042360287,309.3404
180560000,9029,48.4923636818,-4.504236343,309.3404
180580000,9030,48.492363853,-4.5042366572,309.3404
180600000,9031,48.4923640242,-4.5042369715,309.3404
180620000,9032,48.4923641954,-4.5042372857,309.3404
180640000,9033,48.4923643666,-4.5042375999,309.3404
180660000,9034,48.4923645378,-4.5042379142,309.3404
180680000,9035,48.492364709,-4.5042382284,309.3404
180700000,9036,48.4923648802,-4.5042385427,309.3404
180720000,9037,48.4923650514,-4.5042388569,309.3404
180740000,9038,48.4923652226,-4.5042391712,309.3404
180760000,9039,48.4923653938,-4.5042394854,309.3404
180780000,9040,48.492365565,-4.5042397996,309.3404
180800000,9041,48.4923657362,-4.5042401139,309.3404
180820000,9042,48.4923659074,-4.5042404281,309.3404
180840000,9043,48.4923660787,-4.5042407424,309.3404
180860000,9044,48.4923662499,-4.5042410566,309.3404
180880000,9045,48.4923664211,-4.5042413708,309.3404
180900000,9046,48.4923665923,-4.5042416851,309.3404
180920000,9047,48.4923667635,-4.5042419993,309.3404
180940000,9048,48.4923669347,-4.5042423136,309.3404
180960000,9049,48.4923671059,-4.5042426278,309.3404
180980000,9050,48.4923672771,-4.504242942,309.3404
181000000,9051,48.4923674483,-4.5042432563,309.3404
181020000,9052,48.4923676195,-4.5042435705,309.3404
181040000,9053,48.4923677907,-4.5042438848,309.3404
181060000,9054,48.4923679619,-4.504244199,309.3404
181080000,9055,48.4923681331,-4.5042445132,309.3404
181100000,9056,48.4923683043,-4.5042448275,309.3404
181120000,9057,48.4923684755,-4.5042451417,309.3404
181140000,9058,48.4923686467,-4.504245456,309.3404
181160000,9059,48.4923688179,-4.5042457702,309.3404
181180000,9060,48.4923689891,-4.5042460844,309.3404
181200000,9061,48.4923691603,-4.5042463987,309.3404
181220000,9062,48.4923693315,-4.5042467129,309.3404
181240000,9063,48.4923695027,-4.5042470272,309.3404
181260000,9064,48.4923696739,-4.5042473414,309.3404
181280000,9065,48.4923698451,-4.5042476556,309.3404
181300000,9066,48.4923700163,-4.5042479699,309.3404
181320000,9067,48.4923701875,-4.5042482841,309.3404
181340000,9068,48.4923703587,-4.5042485984,309.3404
181360000,9069,48.4923705299,-4.5042489126,309.3404
181380000,9070,48.4923707011,-4.5042492268,309.3404
181400000,9071,48.4923708724,-4.5042495411,309.3404
181420000,9072,48.4923710436,-4.5042498553,309.3404
181440000,9073,48.4923712148,-4.5042501696,309.3404
181460000,9074,48.492371386,-4.5042504838,309.3404
181480000,9075,48.4923715572,-4.5042507981,309.3404
181500000,9076,48.4923717284,-4.5042511123,309.3404
181520000,9077,48.4923718996,-4.5042514265,309.3404
181540000,9078,48.4923720708,-4.5042517408,309.3404
181560000,9079,48.492372242,-4.504252055,309.3404
181580000,9080,48.4923724132,-4.5042523693,309.3404
181600000,9081,48.4923725844,-4.5042526835,309.3404
181620000,9082,48.4923727556,-4.5042529977,309.3404
181640000,9083,48.4923729268,-4.504253312,309.3404
181660000,9084,48.492373098,-4.5042536262,309.3404
181680000,9085,48.4923732692,-4.5042539405,309.3404
181700000,9086,48.4923734404,-4.5042542547,309.3404
181720000,9087,48.4923736116,-4.5042545689,309.3404
181740000,9088,48.4923737828,-4.5042548832,309.3404
181760000,9089,48.492373954,-4.5042551974,309.3404
181780000,9090,48.4923741252,-4.5042555117,309.3404
181800000,9091,48.4923742964,-4.5042558259,309.3404
181820000,9092,48.4923744676,-4.5042561401,309.3404
181840000,9093,48.4923746388,-4.5042564544,309.3404
181860000,9094,48.49237481,-4.5042567686,309.3404
181880000,9095,48.4923749812,-4.5042570829,309.3404
181900000,9096,48.4923751524,-4.5042573971,309.3404
181920000,9097,48.4923753236,-4.5042577113,309.3404
181940000,9098,48.4923754948,-4.5042580256,309.3404
181960000,9099,48.492375666,-4.5042583398,309.3404
181980000,9100,48.4923758373,-4.5042586541,309.3404
182000000,9101,48.4923760085,-4.5042589683,309.3404
182020000,9102,48.4923761797,-4.5042592825,309.3404
182040000,9103,48.4923763509,-4.5042595968,309.3404
182060000,9104,48.4923765221,-4.504259911,309.3404
182080000,9105,48.4923766933,-4.5042602253,309.3404
182100000,9106,48.4923768645,-4.5042605395,309.3404
182120000,9107,48.4923770357,-4.5042608538,309.3404
182140000,9108,48.4923772069,-4.504261168,309.3404
182160000,9109,48.4923773781,-4.5042614822,309.3404
182180000,9110,48.4923775493,-4.5042617965,309.3404
182200000,9111,48.4923777205,-4.5042621107,309.3404
182220000,9112,48.4923778917,-4.504262425,309.3404
182240000,9113,48.4923780629,-4.5042627392,309.3404
182260000,9114,48.4923782341,-4.5042630534,309.3404
182280000,9115,48.4923784053,-4.5042633677,309.3404
182300000,9116,48.4923785765,-4.5042636819,309.3404
182320000,9117,48.4923787477,-4.5042639962,309.3404
182340000,9118,48.4923789189,-4.5042643104,309.3404
182360000,9119,48.4923790901,-4.5042646246,309.3404
182380000,9120,48.4923792613,-4.5042649389,309.3404
182400000,9121,48.4923794325,-4.5042652531,309.3404
182420000,9122,48.4923796037,-4.5042655674,309.3404
182440000,9123,48.4923797749,-4.5042658816,309.3404
182460000,9124,48.4923799461,-4.5042661958,309.3404
182480000,9125,48.4923801173,-4.5042665101,309.3404
182500000,9126,48.4923802885,-4.5042668243,309.3404
182520000,9127,48.4923804597,-4.5042671386,309.3404
182540000,9128,48.492380631,-4.5042674528,309.3404
182560000,9129,48.4923808022,-4.504267767,309.3404
182580000,9130,48.4923809734,-4.5042680813,309.3404
182600000,9131,48.4923811446,-4.5042683955,309.3404
182620000,9132,48.4923813158,-4.5042687098,309.3404
182640000,9133,48.492381487,-4.504269024,309.3404
182660000,9134,48.4923816582,-4.5042693382,309.3404
182680000,9135,48.4923818294,-4.5042696525,309.3404
182700000,9136,48.4923820006,-4.5042699667,309.3404
182720000,9137,48.4923821718,-4.504270281,309.3404
182740000,9138,48.492382343,-4.5042705952,309.3404
182760000,9139,48.4923825142,-4.5042709095,309.3404
182780000,9140,48.4923826854,-4.5042712237,309.3404
182800000,9141,48.4923828566,-4.5042715379,309.3404
182820000,9142,48.4923830278,-4.5042718522,309.3404
182840000,9143,48.492383199,-4.5042721664,309.3404
182860000,9144,48.4923833702,-4.5042724807,309.3404
182880000,9145,48.4923835414,-4.5042727949,309.3404
182900000,9146,48.4923837126,-4.5042731091,309.3404
182920000,9147,48.4923838838,-4.5042734234,309.3404
182940000,9148,48.492384055,-4.5042737376,309.3404
182960000,9149,48.4923842262,-4.5042740519,309.3404
182980000,9150,48.4923843974,-4.5042743661,309.3404
183000000,9151,48.4923845686,-4.5042746803,309.3404
183020000,9152,48.4923847398,-4.5042749946,309.3404
183040000,9153,48.492384911,-4.5042753088,309.3404
183060000,9154,48.4923850822,-4.5042756231,309.3404
183080000,9155,48.4923852534,-4.5042759373,309.3404
183100000,9156,48.4923854246,-4.5042762515,309.3404
183120000,9157,48.4923855959,-4.5042765658,309.3404
183140000,9158,48.4923857671,-4.50427688,309.3404
183160000,9159,48.4923859383,-4.5042771943,309.3404
183180000,9160,48.4923861095,-4.5042775085,309.3404
183200000,9161,48.4923862807,-4.5042778227,309.3404
183220000,9162,48.4923864519,-4.504278137,309.3404
183240000,9163,48.4923866231,-4.5042784512,309.3404
183260000,9164,48.4923867943,-4.5042787655,309.3404
183280000,9165,48.4923869655,-4.5042790797,309.3404
183300000,9166,48.4923871367,-4.504279394,309.3404
183320000,9167,48.4923873079,-4.5042797082,309.3404
183340000,9168,48.4923874791,-4.5042800224,309.3404
183360000,9169,48.4923876503,-4.5042803367,309.3404
183380000,9170,48.4923878215,-4.5042806509,309.3404
183400000,9171,48.4923879927,-4.5042809652,309.3404
183420000,9172,48.4923881639,-4.5042812794,309.3404
183440000,9173,48.4923883351,-4.5042815936,309.3404
183460000,9174,48.4923885063,-4.5042819079,309.3404
183480000,9175,48.4923886775,-4.5042822221,309.3404
183500000,9176,48.4923888487,-4.5042825364,309.3404
183520000,9177,48.4923890199,-4.5042828506,309.3404
183540000,9178,48.4923891911,-4.5042831648,309.3404
183560000,9179,48.4923893623,-4.5042834791,309.3404
183580000,9180,48.4923895335,-4.5042837933,309.3404
183600000,9181,48.4923897047,-4.5042841076,309.3404
183620000,9182,48.4923898759,-4.5042844218,309.3404
183640000,9183,48.4923900471,-4.504284736,309.3404
183660000,9184,48.4923902183,-4.5042850503,309.3404
183680000,9185,48.4923903896,-4.5042853645,309.3404
183700000,9186,48.4923905608,-4.5042856788,309.3404
183720000,9187,48.492390732,-4.504285993,309.3404
183740000,9188,48.4923909032,-4.5042863072,309.3404
183760000,9189,48.4923910744,-4.5042866215,309.3404
183780000,9190,48.4923912456,-4.5042869357,309.3404
183800000,9191,48.4923914168,-4.50428725,309.3404
183820000,9192,48.492391588,-4.5042875642,309.3404
183840000,9193,48.4923917592,-4.5042878785,309.3404
183860000,9194,48.4923919304,-4.5042881927,309.3404
183880000,9195,48.4923921016,-4.5042885069,309.3404
183900000,9196,48.4923922728,-4.5042888212,309.3404
183920000,9197,48.492392444,-4.5042891354,309.3404
183940000,9198,48.4923926152,-4.5042894497,309.3404
183960000,9199,48.4923927864,-4.5042897639,309.3404
183980000,9200,48.4923929576,-4.5042900781,309.3404
184000000,9201,48.4923931288,-4.5042903924,309.3404
184020000,9202,48.4923933,-4.5042907066,309.3404
184040000,9203,48.4923934712,-4.5042910209,309.3404
184060000,9204,48.4923936424,-4.5042913351,309.3404
184080000,9205,48.4923938136,-4.5042916493,309.3404
184100000,9206,48.4923939848,-4.5042919636,309.3404
184120000,9207,48.492394156,-4.5042922778,309.3404
184140000,9208,48.4923943272,-4.5042925921,309.3404
184160000,9209,48.4923944984,-4.5042929063,309.3404
184180000,9210,48.4923946696,-4.5042932205,309.3404
184200000,9211,48.4923948408,-4.5042935348,309.3404
184220000,9212,48.492395012,-4.504293849,309.3404
184240000,9213,48.4923951832,-4.5042941633,309.3404
184260000,9214,48.4923953545,-4.5042944775,309.3404
184280000,9215,48.4923955257,-4.5042947917,309.3404
184300000,9216,48.4923956969,-4.504295106,309.3404
184320000,9217,48.4923958681,-4.5042954202,309.3404
184340000,9218,48.4923960393,-4.5042957345,309.3404
184360000,9219,48.4923962105,-4.5042960487,309.3404
184380000,9220,48.4923963817,-4.504296363,309.3404
184400000,9221,48.4923965529,-4.5042966772,309.3404
184420000,9222,48.4923967241,-4.5042969914,309.3404
184440000,9223,48.4923968953,-4.5042973057,309.3404
184460000,9224,48.4923970665,-4.5042976199,309.3404
184480000,9225,48.4923972377,-4.5042979342,309.3404
184500000,9226,48.4923974089,-4.5042982484,309.3404
184520000,9227,48.4923975801,-4.5042985626,309.3404
184540000,9228,48.4923977513,-4.5042988769,309.3404
184560000,9229,48.4923979225,-4.5042991911,309.3404
184580000,9230,48.4923980937,-4.5042995054,309.3404
184600000,9231,48.4923982649,-4.5042998196,309.3404
184620000,9232,48.4923984361,-4.5043001338,309.3404
184640000,9233,48.4923986073,-4.5043004481,309.3404
184660000,9234,48.4923987785,-4.5043007623,309.3404
184680000,9235,48.4923989497,-4.5043010766,309.3404
184700000,9236,48.4923991209,-4.5043013908,309.3404
184720000,9237,48.4923992921,-4.504301705,309.3404
184740000,9238,48.4923994633,-4.5043020193,309.3404
184760000,9239,48.4923996345,-4.5043023335,309.3404
184780000,9240,48.4923998057,-4.5043026478,309.3404
184800000,9241,48.4923999769,-4.504302962,309.3404
184820000,9242,48.4924001481,-4.5043032763,309.3404
184840000,9243,48.4924003193,-4.5043035905,309.3404
184860000,9244,48.4924004906,-4.5043039047,309.3404
184880000,9245,48.4924006618,-4.504304219,309.3404
184900000,9246,48.492400833,-4.5043045332,309.3404
184920000,9247,48.4924010042,-4.5043048475,309.3404
184940000,9248,48.4924011754,-4.5043051617,309.3404
184960000,9249,48.4924013466,-4.5043054759,309.3404
184980000,9250,48.4924015178,-4.5043057902,309.3404
185000000,9251,48.492401689,-4.5043061044,309.3404
185020000,9252,48.4924018602,-4.5043064187,309.3404
185040000,9253,48.4924020314,-4.5043067329,309.3404
185060000,9254,48.4924022026,-4.5043070471,309.3404
185080000,9255,48.4924023738,-4.5043073614,309.3404
185100000,9256,48.492402545,-4.5043076756,309.3404
185120000,9257,48.4924027162,-4.5043079899,309.3404
185140000,9258,48.4924028874,-4.5043083041,309.3404
185160000,9259,48.4924030586,-4.5043086183,309.3404
185180000,9260,48.4924032298,-4.5043089326,309.3404
185200000,9261,48.492403401,-4.5043092468,309.3404
185220000,9262,48.4924035722,-4.5043095611,309.3404
185240000,9263,48.4924037434,-4.5043098753,309.3404
185260000,9264,48.4924039146,-4.5043101896,309.3404
185280000,9265,48.4924040858,-4.5043105038,309.3404
185300000,9266,48.492404257,-4.504310818,309.3404
185320000,9267,48.4924044282,-4.5043111323,309.3404
185340000,9268,48.4924045994,-4.5043114465,309.3404
185360000,9269,48.4924047706,-4.5043117608,309.3404
185380000,9270,48.4924049418,-4.504312075,309.3404
185400000,9271,48.492405113,-4.5043123892,309.3404
185420000,9272,48.4924052842,-4.5043127035,309.3404
185440000,9273,48.4924054555,-4.5043130177,309.3404
185460000,9274,48.4924056267,-4.504313332,309.3404
185480000,9275,48.4924057979,-4.5043136462,309.3404
185500000,9276,48.4924059691,-4.5043139604,309.3404
185520000,9277,48.4924061403,-4.5043142747,309.3404
185540000,9278,48.4924063115,-4.5043145889,309.3404
185560000,9279,48.4924064827,-4.5043149032,309.3404
185580000,9280,48.4924066539,-4.5043152174,309.3404
185600000,9281,48.4924068251,-4.5043155317,309.3404
185620000,9282,48.4924069963,-4.5043158459,309.3404
185640000,9283,48.4924071675,-4.5043161601,309.3404
185660000,9284,48.4924073387,-4.5043164744,309.3404
185680000,9285,48.4924075099,-4.5043167886,309.3404
185700000,9286,48.4924076811,-4.5043171029,309.3404
185720000,9287,48.4924078523,-4.5043174171,309.3404
185740000,9288,48.4924080235,-4.5043177313,309.3404
185760000,9289,48.4924081947,-4.5043180456,309.3404
185780000,9290,48.4924083659,-4.5043183598,309.3404
185800000,9291,48.4924085371,-4.5043186741,309.3404
185820000,9292,48.4924087083,-4.5043189883,309.3404
185840000,9293,48.4924088795,-4.5043193025,309.3404
185860000,9294,48.4924090507,-4.5043196168,309.3404
185880000,9295,48.4924092219,-4.504319931,309.3404
185900000,9296,48.4924093931,-4.5043202453,309.3404
185920000,9297,48.4924095643,-4.5043205595,309.3404
185940000,9298,48.4924097355,-4.5043208737,309.3404
185960000,9299,48.4924099067,-4.504321188,309.3404
185980000,9300,48.4924100779,-4.5043215022,309.3404
186000000,9301,48.4924102491,-4.5043218165,309.3404
186020000,9302,48.4924104203,-4.5043221307,309.3404
186040000,9303,48.4924105916,-4.504322445,309.3404
186060000,9304,48.4924107628,-4.5043227592,309.3404
186080000,9305,48.492410934,-4.5043230734,309.3404
186100000,9306,48.4924111052,-4.5043233877,309.3404
186120000,9307,48.4924112764,-4.5043237019,309.3404
186140000,9308,48.4924114476,-4.5043240162,309.3404
186160000,9309,48.4924116188,-4.5043243304,309.3404
186180000,9310,48.49241179,-4.5043246446,309.3404
186200000,9311,48.4924119612,-4.5043249589,309.3404
186220000,9312,48.4924121324,-4.5043252731,309.3404
186240000,9313,48.4924123036,-4.5043255874,309.3404
186260000,9314,48.4924124748,-4.5043259016,309.3404
186280000,9315,48.492412646,-4.5043262158,309.3404
186300000,9316,48.4924128172,-4.5043265301,309.3404
186320000,9317,48.4924129884,-4.5043268443,309.3404
186340000,9318,48.4924131596,-4.5043271586,309.3404
186360000,9319,48.4924133308,-4.5043274728,309.3404
186380000,9320,48.492413502,-4.5043277871,309.3404
186400000,9321,48.4924136732,-4.5043281013,309.3404
186420000,9322,48.4924138444,-4.5043284155,309.3404
186440000,9323,48.4924140156,-4.5043287298,309.3404
186460000,9324,48.4924141868,-4.504329044,309.3404
186480000,9325,48.492414358,-4.5043293583,309.3404
186500000,9326,48.4924145292,-4.5043296725,309.3404
186520000,9327,48.4924147004,-4.5043299867,309.3404
186540000,9328,48.4924148716,-4.504330301,309.3404
186560000,9329,48.4924150428,-4.5043306152,309.3404
186580000,9330,48.492415214,-4.5043309295,309.3404
186600000,9331,48.492415214,-4.5043309295,309.3404
186620000,9332,48.4924153289,-4.5043311351,310.7892
186640000,9333,48.4924154431,-4.5043313289,312.3297
186660000,9334,48.4924155565,-4.504331511,313.9688
186680000,9335,48.4924156692,-4.5043316816,315.7138
186700000,9336,48.4924157812,-4.5043318408,317.572
186720000,9337,48.4924158924,-4.5043319886,319.551
186740000,9338,48.4924160029,-4.5043321251,321.6583
186760000,9339,48.4924161126,-4.5043322506,323.901
186780000,9340,48.4924162215,-4.504332365,326.2856
186800000,9341,48.4924163297,-4.5043324686,328.8176
186820000,9342,48.4924164371,-4.5043325613,331.5011
186840000,9343,48.4924165437,-4.5043326434,334.3377
186860000,9344,48.4924166495,-4.5043327149,337.3269
186880000,9345,48.4924167544,-4.5043327759,340.4644
186900000,9346,48.4924168586,-4.5043328266,343.7424
186920000,9347,48.492416962,-4.504332867,347.1487
186940000,9348,48.4924170645,-4.5043328973,350.6666
186960000,9349,48.4924171662,-4.5043329176,354.275
186980000,9350,48.4924172671,-4.5043329279,357.9491
187000000,9351,48.4924173671,-4.5043329284,1.6611
187020000,9352,48.4924174663,-4.5043329192,5.3813
187040000,9353,48.4924175646,-4.5043329005,9.0797
187060000,9354,48.492417662,-4.5043328722,12.7274
187080000,9355,48.4924177586,-4.5043328346,16.2978
187100000,9356,48.4924178542,-4.5043327877,19.768
187120000,9357,48.492417949,-4.5043327317,23.1189
187140000,9358,48.4924180429,-4.5043326666,26.336
187160000,9359,48.4924181359,-4.5043325925,29.4094
187180000,9360,48.492418228,-4.5043325097,32.333
187200000,9361,48.4924183191,-4.5043324181,35.1045
187220000,9362,48.4924184093,-4.5043323179,37.7244
187240000,9363,48.4924184986,-4.5043322092,40.1958
187260000,9364,48.492418587,-4.5043320921,42.5233
187280000,9365,48.4924186744,-4.5043319667,44.7132
187300000,9366,48.4924187608,-4.5043318332,46.7721
187320000,9367,48.4924188463,-4.5043316916,48.7075
187340000,9368,48.4924189308,-4.504331542,50.5269
187360000,9369,48.4924190144,-4.5043313846,52.2378
187380000,9370,48.4924190969,-4.5043312194,53.8476
187400000,9371,48.4924191785,-4.5043310467,55.3633
187420000,9372,48.4924192591,-4.5043308664,56.7917
187440000,9373,48.4924193386,-4.5043306787,58.1391
187460000,9374,48.4924194172,-4.5043304836,59.4115
187480000,9375,48.4924194947,-4.5043302814,60.6143
187500000,9376,48.4924195712,-4.5043300722,61.7528
187520000,9377,48.4924196467,-4.5043298559,62.8316
187540000,9378,48.4924197211,-4.5043296328,63.8552
187560000,9379,48.4924197945,-4.5043294029,64.8277
187580000,9380,48.4924198668,-4.5043291664,65.7526
187600000,9381,48.4924199381,-4.5043289233,66.6336
187620000,9382,48.4924200083,-4.5043286738,67.4736
187640000,9383,48.4924200774,-4.504328418,68.2757
187660000,9384,48.4924201454,-4.504328156,69.0424
187680000,9385,48.4924202124,-4.5043278879,69.7764
187700000,9386,48.4924202782,-4.5043276138,70.4797
187720000,9387,48.4924203429,-4.5043273338,71.1545
187740000,9388,48.4924204066,-4.504327048,71.8027
187760000,9389,48.4924204691,-4.5043267566,72.4261
187780000,9390,48.4924205304,-4.5043264596,73.0263
187800000,9391,48.4924205907,-4.5043261571,73.6049
187820000,9392,48.4924206498,-4.5043258494,74.1633
187840000,9393,48.4924207077,-4.5043255364,74.7026
187860000,9394,48.4924207645,-4.5043252183,75.2243
187880000,9395,48.4924208201,-4.5043248951,75.7293
187900000,9396,48.4924208746,-4.5043245671,76.2187
187920000,9397,48.4924209279,-4.5043242343,76.6936
187940000,9398,48.49242098,-4.5043238968,77.1547
187960000,9399,48.4924210309,-4.5043235547,77.603
187980000,9400,48.4924210806,-4.5043232082,78.0393
188000000,9401,48.4924211291,-4.5043228573,78.4642
188020000,9402,48.4924211764,-4.5043225021,78.8785
188040000,9403,48.4924212225,-4.5043221429,79.2828
188060000,9404,48.4924212673,-4.5043217796,79.6778
188080000,9405,48.4924213109,-4.5043214123,80.064
188100000,9406,48.4924213533,-4.5043210413,80.4419
188120000,9407,48.4924213944,-4.5043206666,80.8121
188140000,9408,48.4924214342,-4.5043202883,81.175
188160000,9409,48.4924214728,-4.5043199065,81.5312
188180000,9410,48.4924215101,-4.5043195213,81.881
188200000,9411,48.4924215462,-4.5043191328,82.2249
188220000,9412,48.4924215809,-4.5043187413,82.5632
188240000,9413,48.4924216144,-4.5043183466,82.8963
188260000,9414,48.4924216465,-4.504317949,83.2246
188280000,9415,48.4924216774,-4.5043175486,83.5484
188300000,9416,48.4924217069,-4.5043171455,83.8681
188320000,9417,48.4924217352,-4.5043167398,84.1839
188340000,9418,48.4924217621,-4.5043163315,84.4961
188360000,9419,48.4924217876,-4.5043159209,84.8051
188380000,9420,48.4924218118,-4.504315508,85.1112
188400000,9421,48.4924218347,-4.5043150929,85.4145
188420000,9422,48.4924218562,-4.5043146758,85.7153
188440000,9423,48.4924218763,-4.5043142567,86.0139
188460000,9424,48.4924218951,-4.5043138358,86.3106
188480000,9425,48.4924219125,-4.5043134131,86.6055
188500000,9426,48.4924219285,-4.5043129888,86.899
188520000,9427,48.4924219431,-4.504312563,87.1911
188540000,9428,48.4924219563,-4.5043121358,87.4823
188560000,9429,48.4924219681,-4.5043117072,87.7726
188580000,9430,48.4924219785,-4.5043112775,88.0622
188600000,9431,48.4924219875,-4.5043108467,88.3515
188620000,9432,48.492421995,-4.5043104149,88.6406
188640000,9433,48.4924220011,-4.5043099823,88.9296
188660000,9434,48.4924220058,-4.5043095489,89.2189
188680000,9435,48.492422009,-4.5043091149,89.5086
188700000,9436,48.4924220107,-4.5043086803,89.7989
188720000,9437,48.492422011,-4.5043082453,90.09
188740000,9438,48.4924220098,-4.50430781,90.3821
188760000,9439,48.4924220071,-4.5043073745,90.6755
188780000,9440,48.492422003,-4.5043069389,90.9703
188800000,9441,48.4924219973,-4.5043065033,91.2667
188820000,9442,48.4924219902,-4.5043060678,91.5649
188840000,9443,48.4924219815,-4.5043056325,91.8652
188860000,9444,48.4924219713,-4.5043051976,92.1677
188880000,9445,48.4924219596,-4.5043047631,92.4727
188900000,9446,48.4924219464,-4.5043043292,92.7804
188920000,9447,48.4924219316,-4.5043038959,93.091
188940000,9448,48.4924219153,-4.5043034635,93.4047
188960000,9449,48.4924218975,-4.5043030319,93.7218
188980000,9450,48.492421878,-4.5043026012,94.0425
189000000,9451,48.4924218571,-4.5043021717,94.3671
189020000,9452,48.4924218345,-4.5043017434,94.6958
189040000,9453,48.4924218104,-4.5043013165,95.0288
189060000,9454,48.4924217846,-4.5043008909,95.3664
189080000,9455,48.4924217573,-4.5043004669,95.709
189100000,9456,48.4924217284,-4.5043000445,96.0567
189120000,9457,48.4924216979,-4.5042996239,96.4099
189140000,9458,48.4924216657,-4.5042992052,96.7689
189160000,9459,48.4924216319,-4.5042987884,97.134
189180000,9460,48.4924215965,-4.5042983737,97.5055
189200000,9461,48.4924215595,-4.5042979612,97.8838
189220000,9462,48.4924215208,-4.504297551,98.2691
189240000,9463,48.4924214805,-4.5042971433,98.662
189260000,9464,48.4924214385,-4.504296738,99.0627
189280000,9465,48.4924213948,-4.5042963354,99.4717
189300000,9466,48.4924213495,-4.5042959355,99.8893
189320000,9467,48.4924213025,-4.5042955384,100.3161
189340000,9468,48.4924212538,-4.5042951443,100.7524
189360000,9469,48.4924212034,-4.5042947533,101.1988
189380000,9470,48.4924211512,-4.5042943654,101.6557
189400000,9471,48.4924210974,-4.5042939809,102.1237
189420000,9472,48.4924210419,-4.5042935997,102.6033
189440000,9473,48.4924209847,-4.504293222,103.0951
189460000,9474,48.4924209257,-4.504292848,103.5996
189480000,9475,48.4924208649,-4.5042924776,104.1176
189500000,9476,48.4924208025,-4.5042921111,104.6497
189520000,9477,48.4924207383,-4.5042917485,105.1966
189540000,9478,48.4924206723,-4.50429139,105.759
189560000,9479,48.4924206045,-4.5042910356,106.3377
189580000,9480,48.492420535,-4.5042906855,106.9335
189600000,9481,48.4924204637,-4.5042903398,107.5473
189620000,9482,48.4924203906,-4.5042899985,108.1799
189640000,9483,48.4924203157,-4.5042896619,108.8324
189660000,9484,48.492420239,-4.5042893299,109.5056
189680000,9485,48.4924201605,-4.5042890028,110.2006
189700000,9486,48.4924200802,-4.5042886806,110.9186
189720000,9487,48.4924199981,-4.5042883634,111.6606
189740000,9488,48.4924199141,-4.5042880513,112.4279
189760000,9489,48.4924198283,-4.5042877445,113.2218
189780000,9490,48.4924197406,-4.5042874431,114.0435
189800000,9491,48.4924196511,-4.5042871471,114.8944
189820000,9492,48.4924195597,-4.5042868567,115.776
189840000,9493,48.4924194665,-4.504286572,116.6898
189860000,9494,48.4924193714,-4.504286293,117.6373
189880000,9495,48.4924192744,-4.50428602,118.6201
189900000,9496,48.4924191755,-4.504285753,119.6399
189920000,9497,48.4924190747,-4.5042854921,120.6984
189940000,9498,48.492418972,-4.5042852374,121.7974
189960000,9499,48.4924188674,-4.5042849891,122.9386
189980000,9500,48.4924187609,-4.5042847472,124.1238
190000000,9501,48.4924186525,-4.5042845119,125.3548
190020000,9502,48.4924185421,-4.5042842832,126.6334
190040000,9503,48.4924184298,-4.5042840614,127.9614
190060000,9504,48.4924183155,-4.5042838464,129.3404
190080000,9505,48.4924183155,-4.5042838464,129.3404
190100000,9506,48.4924181443,-4.5042835321,129.3404
190120000,9507,48.4924179731,-4.5042832179,129.3404
190140000,9508,48.4924178019,-4.5042829037,129.3404
190160000,9509,48.4924176307,-4.5042825894,129.3404
190180000,9510,48.4924174595,-4.5042822752,129.3404
190200000,9511,48.4924172883,-4.5042819609,129.3404
190220000,9512,48.4924171171,-4.5042816467,129.3404
190240000,9513,48.4924169459,-4.5042813324,129.3404
190260000,9514,48.4924167747,-4.5042810182,129.3404
190280000,9515,48.4924166035,-4.504280704,129.3404
190300000,9516,48.4924164323,-4.5042803897,129.3404
190320000,9517,48.4924162611,-4.5042800755,129.3404
190340000,9518,48.4924160899,-4.5042797612,129.3404
190360000,9519,48.4924159187,-4.504279447,129.3404
190380000,9520,48.4924157475,-4.5042791328,129.3404
190400000,9521,48.4924155763,-4.5042788185,129.3404
190420000,9522,48.492415405,-4.5042785043,129.3404
190440000,9523,48.4924152338,-4.50427819,129.3404
190460000,9524,48.4924150626,-4.5042778758,129.3404
190480000,9525,48.4924148914,-4.5042775616,129.3404
190500000,9526,48.4924147202,-4.5042772473,129.3404
190520000,9527,48.492414549,-4.5042769331,129.3404
190540000,9528,48.4924143778,-4.5042766188,129.3404
190560000,9529,48.4924142066,-4.5042763046,129.3404
190580000,9530,48.4924140354,-4.5042759904,129.3404
190600000,9531,48.4924138642,-4.5042756761,129.3404
190620000,9532,48.492413693,-4.5042753619,129.3404
190640000,9533,48.4924135218,-4.5042750476,129.3404
190660000,9534,48.4924133506,-4.5042747334,129.3404
190680000,9535,48.4924131794,-4.5042744191,129.3404
190700000,9536,48.4924130082,-4.5042741049,129.3404
190720000,9537,48.492412837,-4.5042737907,129.3404
190740000,9538,48.4924126658,-4.5042734764,129.3404
190760000,9539,48.4924124946,-4.5042731622,129.3404
190780000,9540,48.4924123234,-4.5042728479,129.3404
190800000,9541,48.4924121522,-4.5042725337,129.3404
190820000,9542,48.492411981,-4.5042722195,129.3404
190840000,9543,48.4924118098,-4.5042719052,129.3404
190860000,9544,48.4924116386,-4.504271591,129.3404
190880000,9545,48.4924114674,-4.5042712767,129.3404
190900000,9546,48.4924112962,-4.5042709625,129.3404
190920000,9547,48.492411125,-4.5042706483,129.3404
190940000,9548,48.4924109538,-4.504270334,129.3404
190960000,9549,48.4924107826,-4.5042700198,129.3404
190980000,9550,48.4924106114,-4.5042697055,129.3404
191000000,9551,48.4924104401,-4.5042693913,129.3404
191020000,9552,48.4924102689,-4.5042690771,129.3404
191040000,9553,48.4924100977,-4.5042687628,129.3404
191060000,9554,48.4924099265,-4.5042684486,129.3404
191080000,9555,48.4924097553,-4.5042681343,129.3404
191100000,9556,48.4924095841,-4.5042678201,129.3404
191120000,9557,48.4924094129,-4.5042675058,129.3404
191140000,9558,48.4924092417,-4.5042671916,129.3404
191160000,9559,48.4924090705,-4.5042668774,129.3404
191180000,9560,48.4924088993,-4.5042665631,129.3404
191200000,9561,48.4924087281,-4.5042662489,129.3404
191220000,9562,48.4924085569,-4.5042659346,129.3404
191240000,9563,48.4924083857,-4.5042656204,129.3404
191260000,9564,48.4924082145,-4.5042653062,129.3404
191280000,9565,48.4924080433,-4.5042649919,129.3404
191300000,9566,48.4924078721,-4.5042646777,129.3404
191320000,9567,48.4924077009,-4.5042643634,129.3404
191340000,9568,48.4924075297,-4.5042640492,129.3404
191360000,9569,48.4924073585,-4.504263735,129.3404
191380000,9570,48.4924071873,-4.5042634207,129.3404
191400000,9571,48.4924070161,-4.5042631065,129.3404
191420000,9572,48.4924068449,-4.5042627922,129.3404
191440000,9573,48.4924066737,-4.504262478,129.3404
191460000,9574,48.4924065025,-4.5042621638,129.3404
191480000,9575,48.4924063313,-4.5042618495,129.3404
191500000,9576,48.4924061601,-4.5042615353,129.3404
191520000,9577,48.4924059889,-4.504261221,129.3404
191540000,9578,48.4924058177,-4.5042609068,129.3404
191560000,9579,48.4924056464,-4.5042605925,129.3404
191580000,9580,48.4924054752,-4.5042602783,129.3404
191600000,9581,48.492405304,-4.5042599641,129.3404
191620000,9582,48.4924051328,-4.5042596498,129.3404
191640000,9583,48.4924049616,-4.5042593356,129.3404
191660000,9584,48.4924047904,-4.5042590213,129.3404
191680000,9585,48.4924046192,-4.5042587071,129.3404
191700000,9586,48.492404448,-4.5042583929,129.3404
191720000,9587,48.4924042768,-4.5042580786,129.3404
191740000,9588,48.4924041056,-4.5042577644,129.3404
191760000,9589,48.4924039344,-4.5042574501,129.3404
191780000,9590,48.4924037632,-4.5042571359,129.3404
191800000,9591,48.492403592,-4.5042568217,129.3404
191820000,9592,48.4924034208,-4.5042565074,129.3404
191840000,9593,48.4924032496,-4.5042561932,129.3404
191860000,9594,48.4924030784,-4.5042558789,129.3404
191880000,9595,48.4924029072,-4.5042555647,129.3404
191900000,9596,48.492402736,-4.5042552505,129.3404
191920000,9597,48.4924025648,-4.5042549362,129.3404
191940000,9598,48.4924023936,-4.504254622,129.3404
191960000,9599,48.4924022224,-4.5042543077,129.3404
191980000,9600,48.4924020512,-4.5042539935,129.3404
192000000,9601,48.49240188,-4.5042536793,129.3404
192020000,9602,48.4924017088,-4.504253365,129.3404
192040000,9603,48.4924015376,-4.5042530508,129.3404
192060000,9604,48.4924013664,-4.5042527365,129.3404
192080000,9605,48.4924011952,-4.5042524223,129.3404
192100000,9606,48.492401024,-4.504252108,129.3404
192120000,9607,48.4924008527,-4.5042517938,129.3404
192140000,9608,48.4924006815,-4.5042514796,129.3404
192160000,9609,48.4924005103,-4.5042511653,129.3404
192180000,9610,48.4924003391,-4.5042508511,129.3404
192200000,9611,48.4924001679,-4.5042505368,129.3404
192220000,9612,48.4923999967,-4.5042502226,129.3404
192240000,9613,48.4923998255,-4.5042499084,129.3404
192260000,9614,48.4923996543,-4.5042495941,129.3404
192280000,9615,48.4923994831,-4.5042492799,129.3404
192300000,9616,48.4923993119,-4.5042489656,129.3404
192320000,9617,48.4923991407,-4.5042486514,129.3404
192340000,9618,48.4923989695,-4.5042483372,129.3404
192360000,9619,48.4923987983,-4.5042480229,129.3404
192380000,9620,48.4923986271,-4.5042477087,129.3404
192400000,9621,48.4923984559,-4.5042473944,129.3404
192420000,9622,48.4923982847,-4.5042470802,129.3404
192440000,9623,48.4923981135,-4.504246766,129.3404
192460000,9624,48.4923979423,-4.5042464517,129.3404
192480000,9625,48.4923977711,-4.5042461375,129.3404
192500000,9626,48.4923975999,-4.5042458232,129.3404
192520000,9627,48.4923974287,-4.504245509,129.3404
192540000,9628,48.4923972575,-4.5042451948,129.3404
192560000,9629,48.4923970863,-4.5042448805,129.3404
192580000,9630,48.4923969151,-4.5042445663,129.3404
192600000,9631,48.4923967439,-4.504244252,129.3404
192620000,9632,48.4923965727,-4.5042439378,129.3404
192640000,9633,48.4923964015,-4.5042436235,129.3404
192660000,9634,48.4923962303,-4.5042433093,129.3404
192680000,9635,48.492396059,-4.5042429951,129.3404
192700000,9636,48.4923958878,-4.5042426808,129.3404
192720000,9637,48.4923957166,-4.5042423666,129.3404
192740000,9638,48.4923955454,-4.5042420523,129.3404
192760000,9639,48.4923953742,-4.5042417381,129.3404
192780000,9640,48.492395203,-4.5042414239,129.3404
192800000,9641,48.4923950318,-4.5042411096,129.3404
192820000,9642,48.4923948606,-4.5042407954,129.3404
192840000,9643,48.4923946894,-4.5042404811,129.3404
192860000,9644,48.4923945182,-4.5042401669,129.3404
192880000,9645,48.492394347,-4.5042398527,129.3404
192900000,9646,48.4923941758,-4.5042395384,129.3404
192920000,9647,48.4923940046,-4.5042392242,129.3404
192940000,9648,48.4923938334,-4.5042389099,129.3404
192960000,9649,48.4923936622,-4.5042385957,129.3404
192980000,9650,48.492393491,-4.5042382815,129.3404
193000000,9651,48.4923933198,-4.5042379672,129.3404
193020000,9652,48.4923931486,-4.504237653,129.3404
193040000,9653,48.4923929774,-4.5042373387,129.3404
193060000,9654,48.4923928062,-4.5042370245,129.3404
193080000,9655,48.492392635,-4.5042367103,129.3404
193100000,9656,48.4923924638,-4.504236396,129.3404
193120000,9657,48.4923922926,-4.5042360818,129.3404
193140000,9658,48.4923921214,-4.5042357675,129.3404
193160000,9659,48.4923919502,-4.5042354533,129.3404
193180000,9660,48.492391779,-4.5042351391,129.3404
193200000,9661,48.4923916078,-4.5042348248,129.3404
193220000,9662,48.4923914366,-4.5042345106,129.3404
193240000,9663,48.4923912653,-4.5042341963,129.3404
193260000,9664,48.4923910941,-4.5042338821,129.3404
193280000,9665,48.4923909229,-4.5042335678,129.3404
193300000,9666,48.4923907517,-4.5042332536,129.3404
193320000,9667,48.4923905805,-4.5042329394,129.3404
193340000,9668,48.4923904093,-4.5042326251,129.3404
193360000,9669,48.4923902381,-4.5042323109,129.3404
193380000,9670,48.4923900669,-4.5042319966,129.3404
193400000,9671,48.4923898957,-4.5042316824,129.3404
193420000,9672,48.4923897245,-4.5042313682,129.3404
193440000,9673,48.4923895533,-4.5042310539,129.3404
193460000,9674,48.4923893821,-4.5042307397,129.3404
193480000,9675,48.4923892109,-4.5042304254,129.3404
193500000,9676,48.4923890397,-4.5042301112,129.3404
193520000,9677,48.4923888685,-4.504229797,129.3404
193540000,9678,48.4923886973,-4.5042294827,129.3404
193560000,9679,48.4923885261,-4.5042291685,129.3404
193580000,9680,48.4923883549,-4.5042288542,129.3404
193600000,9681,48.4923881837,-4.50422854,129.3404
193620000,9682,48.4923880125,-4.5042282258,129.3404
193640000,9683,48.4923878413,-4.5042279115,129.3404
193660000,9684,48.4923876701,-4.5042275973,129.3404
193680000,9685,48.4923874989,-4.504227283,129.3404
193700000,9686,48.4923873277,-4.5042269688,129.3404
193720000,9687,48.4923871565,-4.5042266546,129.3404
193740000,9688,48.4923869853,-4.5042263403,129.3404
193760000,9689,48.4923868141,-4.5042260261,129.3404
193780000,9690,48.4923866429,-4.5042257118,129.3404
193800000,9691,48.4923864716,-4.5042253976,129.3404
193820000,9692,48.4923863004,-4.5042250834,129.3404
193840000,9693,48.4923861292,-4.5042247691,129.3404
193860000,9694,48.492385958,-4.5042244549,129.3404
193880000,9695,48.4923857868,-4.5042241406,129.3404
193900000,9696,48.4923856156,-4.5042238264,129.3404
193920000,9697,48.4923854444,-4.5042235121,129.3404
193940000,9698,48.4923852732,-4.5042231979,129.3404
193960000,9699,48.492385102,-4.5042228837,129.3404
193980000,9700,48.4923849308,-4.5042225694,129.3404
194000000,9701,48.4923847596,-4.5042222552,129.3404
194020000,9702,48.4923845884,-4.5042219409,129.3404
194040000,9703,48.4923844172,-4.5042216267,129.3404
194060000,9704,48.492384246,-4.5042213125,129.3404
194080000,9705,48.4923840748,-4.5042209982,129.3404
194100000,9706,48.4923839036,-4.504220684,129.3404
194120000,9707,48.4923837324,-4.5042203697,129.3404
194140000,9708,48.4923835612,-4.5042200555,129.3404
194160000,9709,48.49238339,-4.5042197413,129.3404
194180000,9710,48.4923832188,-4.504219427,129.3404
194200000,9711,48.4923830476,-4.5042191128,129.3404
194220000,9712,48.4923828764,-4.5042187985,129.3404
194240000,9713,48.4923827052,-4.5042184843,129.3404
194260000,9714,48.492382534,-4.5042181701,129.3404
194280000,9715,48.4923823628,-4.5042178558,129.3404
194300000,9716,48.4923821916,-4.5042175416,129.3404
194320000,9717,48.4923820204,-4.5042172273,129.3404
194340000,9718,48.4923818491,-4.5042169131,129.3404
194360000,9719,48.4923816779,-4.5042165989,129.3404
194380000,9720,48.4923815067,-4.5042162846,129.3404
194400000,9721,48.4923813355,-4.5042159704,129.3404
194420000,9722,48.4923811643,-4.5042156561,129.3404
194440000,9723,48.4923809931,-4.5042153419,129.3404
194460000,9724,48.4923808219,-4.5042150277,129.3404
194480000,9725,48.4923806507,-4.5042147134,129.3404
194500000,9726,48.4923804795,-4.5042143992,129.3404
194520000,9727,48.4923803083,-4.5042140849,129.3404
194540000,9728,48.4923801371,-4.5042137707,129.3404
194560000,9729,48.4923799659,-4.5042134565,129.3404
194580000,9730,48.4923797947,-4.5042131422,129.3404
194600000,9731,48.4923796235,-4.504212828,129.3404
194620000,9732,48.4923794523,-4.5042125137,129.3404
194640000,9733,48.4923792811,-4.5042121995,129.3404
194660000,9734,48.4923791099,-4.5042118853,129.3404
194680000,9735,48.4923789387,-4.504211571,129.3404
194700000,9736,48.4923787675,-4.5042112568,129.3404
194720000,9737,48.4923785963,-4.5042109425,129.3404
194740000,9738,48.4923784251,-4.5042106283,129.3404
194760000,9739,48.4923782539,-4.504210314,129.3404
194780000,9740,48.4923780827,-4.5042099998,129.3404
194800000,9741,48.4923779115,-4.5042096856,129.3404
194820000,9742,48.4923777403,-4.5042093713,129.3404
194840000,9743,48.4923775691,-4.5042090571,129.3404
194860000,9744,48.4923773979,-4.5042087428,129.3404
194880000,9745,48.4923772267,-4.5042084286,129.3404
194900000,9746,48.4923770554,-4.5042081144,129.3404
194920000,9747,48.4923768842,-4.5042078001,129.3404
194940000,9748,48.492376713,-4.5042074859,129.3404
194960000,9749,48.4923765418,-4.5042071716,129.3404
194980000,9750,48.4923763706,-4.5042068574,129.3404
195000000,9751,48.4923761994,-4.5042065432,129.3404
195020000,9752,48.4923760282,-4.5042062289,129.3404
195040000,9753,48.492375857,-4.5042059147,129.3404
195060000,9754,48.4923756858,-4.5042056004,129.3404
195080000,9755,48.4923755146,-4.5042052862,129.3404
195100000,9756,48.4923753434,-4.504204972,129.3404
195120000,9757,48.4923751722,-4.5042046577,129.3404
195140000,9758,48.492375001,-4.5042043435,129.3404
195160000,9759,48.4923748298,-4.5042040292,129.3404
195180000,9760,48.4923746586,-4.504203715,129.3404
195200000,9761,48.4923744874,-4.5042034008,129.3404
195220000,9762,48.4923743162,-4.5042030865,129.3404
195240000,9763,48.492374145,-4.5042027723,129.3404
195260000,9764,48.4923739738,-4.504202458,129.3404
195280000,9765,48.4923738026,-4.5042021438,129.3404
195300000,9766,48.4923736314,-4.5042018296,129.3404
195320000,9767,48.4923734602,-4.5042015153,129.3404
195340000,9768,48.492373289,-4.5042012011,129.3404
195360000,9769,48.4923731178,-4.5042008868,129.3404
195380000,9770,48.4923729466,-4.5042005726,129.3404
195400000,9771,48.4923727754,-4.5042002584,129.3404
195420000,9772,48.4923726042,-4.5041999441,129.3404
195440000,9773,48.4923724329,-4.5041996299,129.3404
195460000,9774,48.4923722617,-4.5041993156,129.3404
195480000,9775,48.4923720905,-4.5041990014,129.3404
195500000,9776,48.4923719193,-4.5041986872,129.3404
195520000,9777,48.4923717481,-4.5041983729,129.3404
195540000,9778,48.4923715769,-4.5041980587,129.3404
195560000,9779,48.4923714057,-4.5041977444,129.3404
195580000,9780,48.4923712345,-4.5041974302,129.3404
195600000,9781,48.4923710633,-4.504197116,129.3404
195620000,9782,48.4923708921,-4.5041968017,129.3404
195640000,9783,48.4923707209,-4.5041964875,129.3404
195660000,9784,48.4923705497,-4.5041961732,129.3404
195680000,9785,48.4923703785,-4.504195859,129.3404
195700000,9786,48.4923702073,-4.5041955447,129.3404
195720000,9787,48.4923700361,-4.5041952305,129.3404
195740000,9788,48.4923698649,-4.5041949163,129.3404
195760000,9789,48.4923696937,-4.504194602,129.3404
195780000,9790,48.4923695225,-4.5041942878,129.3404
195800000,9791,48.4923693513,-4.5041939735,129.3404
195820000,9792,48.4923691801,-4.5041936593,129.3404
195840000,9793,48.4923690089,-4.5041933451,129.3404
195860000,9794,48.4923688377,-4.5041930308,129.3404
195880000,9795,48.4923686665,-4.5041927166,129.3404
195900000,9796,48.4923684953,-4.5041924023,129.3404
195920000,9797,48.4923683241,-4.5041920881,129.3404
195940000,9798,48.4923681529,-4.5041917739,129.3404
195960000,9799,48.4923679817,-4.5041914596,129.3404
195980000,9800,48.4923678104,-4.5041911454,129.3404
196000000,9801,48.4923676392,-4.5041908311,129.3404
196020000,9802,48.492367468,-4.5041905169,129.3404
196040000,9803,48.4923672968,-4.5041902027,129.3404
196060000,9804,48.4923671256,-4.5041898884,129.3404
196080000,9805,48.4923669544,-4.5041895742,129.3404
196100000,9806,48.4923667832,-4.5041892599,129.3404
196120000,9807,48.492366612,-4.5041889457,129.3404
196140000,9808,48.4923664408,-4.5041886315,129.3404
196160000,9809,48.4923662696,-4.5041883172,129.3404
196180000,9810,48.4923660984,-4.504188003,129.3404
196200000,9811,48.4923659272,-4.5041876887,129.3404
196220000,9812,48.492365756,-4.5041873745,129.3404
196240000,9813,48.4923655848,-4.5041870603,129.3404
196260000,9814,48.4923654136,-4.504186746,129.3404
196280000,9815,48.4923652424,-4.5041864318,129.3404
196300000,9816,48.4923650712,-4.5041861175,129.3404
196320000,9817,48.4923649,-4.5041858033,129.3404
196340000,9818,48.4923647288,-4.5041854891,129.3404
196360000,9819,48.4923645576,-4.5041851748,129.3404
196380000,9820,48.4923643864,-4.5041848606,129.3404
196400000,9821,48.4923642152,-4.5041845463,129.3404
196420000,9822,48.492364044,-4.5041842321,129.3404
196440000,9823,48.4923638728,-4.5041839179,129.3404
196460000,9824,48.4923637016,-4.5041836036,129.3404
196480000,9825,48.4923635304,-4.5041832894,129.3404
196500000,9826,48.4923633592,-4.5041829751,129.3404
196520000,9827,48.4923631879,-4.5041826609,129.3404
196540000,9828,48.4923630167,-4.5041823467,129.3404
196560000,9829,48.4923628455,-4.5041820324,129.3404
196580000,9830,48.4923626743,-4.5041817182,129.3404
196600000,9831,48.4923625031,-4.5041814039,129.3404
196620000,9832,48.4923623319,-4.5041810897,129.3404
196640000,9833,48.4923621607,-4.5041807755,129.3404
196660000,9834,48.4923619895,-4.5041804612,129.3404
196680000,9835,48.4923618183,-4.504180147,129.3404
196700000,9836,48.4923616471,-4.5041798327,129.3404
196720000,9837,48.4923614759,-4.5041795185,129.3404
196740000,9838,48.4923613047,-4.5041792043,129.3404
196760000,9839,48.4923611335,-4.50417889,129.3404
196780000,9840,48.4923609623,-4.5041785758,129.3404
196800000,9841,48.4923607911,-4.5041782615,129.3404
196820000,9842,48.4923606199,-4.5041779473,129.3404
196840000,9843,48.4923604487,-4.5041776331,129.3404
196860000,9844,48.4923602775,-4.5041773188,129.3404
196880000,9845,48.4923601063,-4.5041770046,129.3404
196900000,9846,48.4923599351,-4.5041766903,129.3404
196920000,9847,48.4923597639,-4.5041763761,129.3404
196940000,9848,48.4923595927,-4.5041760619,129.3404
196960000,9849,48.4923594215,-4.5041757476,129.3404
196980000,9850,48.4923592503,-4.5041754334,129.3404
197000000,9851,48.4923590791,-4.5041751191,129.3404
197020000,9852,48.4923589079,-4.5041748049,129.3404
197040000,9853,48.4923587366,-4.5041744906,129.3404
197060000,9854,48.4923585654,-4.5041741764,129.3404
197080000,9855,48.4923583942,-4.5041738622,129.3404
197100000,9856,48.492358223,-4.5041735479,129.3404
197120000,9857,48.4923580518,-4.5041732337,129.3404
197140000,9858,48.4923578806,-4.5041729194,129.3404
197160000,9859,48.4923577094,-4.5041726052,129.3404
197180000,9860,48.4923575382,-4.504172291,129.3404
197200000,9861,48.492357367,-4.5041719767,129.3404
197220000,9862,48.4923571958,-4.5041716625,129.3404
197240000,9863,48.4923570246,-4.5041713482,129.3404
197260000,9864,48.4923568534,-4.504171034,129.3404
197280000,9865,48.4923566822,-4.5041707198,129.3404
197300000,9866,48.492356511,-4.5041704055,129.3404
197320000,9867,48.4923563398,-4.5041700913,129.3404
197340000,9868,48.4923561686,-4.504169777,129.3404
197360000,9869,48.4923559974,-4.5041694628,129.3404
197380000,9870,48.4923558262,-4.5041691486,129.3404
197400000,9871,48.492355655,-4.5041688343,129.3404
197420000,9872,48.4923554838,-4.5041685201,129.3404
197440000,9873,48.4923553126,-4.5041682058,129.3404
197460000,9874,48.4923551414,-4.5041678916,129.3404
197480000,9875,48.4923549702,-4.5041675774,129.3404
197500000,9876,48.492354799,-4.5041672631,129.3404
197520000,9877,48.4923546278,-4.5041669489,129.3404
197540000,9878,48.4923544566,-4.5041666346,129.3404
197560000,9879,48.4923542854,-4.5041663204,129.3404
197580000,9880,48.4923541141,-4.5041660062,129.3404
197600000,9881,48.4923539429,-4.5041656919,129.3404
197620000,9882,48.4923537717,-4.5041653777,129.3404
197640000,9883,48.4923536005,-4.5041650634,129.3404
197660000,9884,48.4923534293,-4.5041647492,129.3404
197680000,9885,48.4923532581,-4.504164435,129.3404
197700000,9886,48.4923530869,-4.5041641207,129.3404
197720000,9887,48.4923529157,-4.5041638065,129.3404
197740000,9888,48.4923527445,-4.5041634922,129.3404
197760000,9889,48.4923525733,-4.504163178,129.3404
197780000,9890,48.4923524021,-4.5041628638,129.3404
197800000,9891,48.4923522309,-4.5041625495,129.3404
197820000,9892,48.4923520597,-4.5041622353,129.3404
197840000,9893,48.4923518885,-4.504161921,129.3404
197860000,9894,48.4923517173,-4.5041616068,129.3404
197880000,9895,48.4923515461,-4.5041612926,129.3404
197900000,9896,48.4923513749,-4.5041609783,129.3404
197920000,9897,48.4923512037,-4.5041606641,129.3404
197940000,9898,48.4923510325,-4.5041603498,129.3404
197960000,9899,48.4923508613,-4.5041600356,129.3404
197980000,9900,48.4923506901,-4.5041597214,129.3404
198000000,9901,48.4923505189,-4.5041594071,129.3404
198020000,9902,48.4923503477,-4.5041590929,129.3404
198040000,9903,48.4923501765,-4.5041587786,129.3404
198060000,9904,48.4923500053,-4.5041584644,129.3404
198080000,9905,48.4923498341,-4.5041581502,129.3404
198100000,9906,48.4923496628,-4.5041578359,129.3404
198120000,9907,48.4923494916,-4.5041575217,129.3404
198140000,9908,48.4923493204,-4.5041572074,129.3404
198160000,9909,48.4923491492,-4.5041568932,129.3404
198180000,9910,48.492348978,-4.504156579,129.3404
198200000,9911,48.4923488068,-4.5041562647,129.3404
198220000,9912,48.4923486356,-4.5041559505,129.3404
198240000,9913,48.4923484644,-4.5041556362,129.3404
198260000,9914,48.4923482932,-4.504155322,129.3404
198280000,9915,48.492348122,-4.5041550078,129.3404
198300000,9916,48.4923479508,-4.5041546935,129.3404
198320000,9917,48.4923477796,-4.5041543793,129.3404
198340000,9918,48.4923476084,-4.504154065,129.3404
198360000,9919,48.4923474372,-4.5041537508,129.3404
198380000,9920,48.492347266,-4.5041534366,129.3404
198400000,9921,48.4923470948,-4.5041531223,129.3404
198420000,9922,48.4923469236,-4.5041528081,129.3404
198440000,9923,48.4923467524,-4.5041524938,129.3404
198460000,9924,48.4923465812,-4.5041521796,129.3404
198480000,9925,48.49234641,-4.5041518654,129.3404
198500000,9926,48.4923462388,-4.5041515511,129.3404
198520000,9927,48.4923460676,-4.5041512369,129.3404
198540000,9928,48.4923458964,-4.5041509226,129.3404
198560000,9929,48.4923457252,-4.5041506084,129.3404
198580000,9930,48.492345554,-4.5041502942,129.3404
198600000,9931,48.4923453828,-4.5041499799,129.3404
198620000,9932,48.4923452116,-4.5041496657,129.3404
198640000,9933,48.4923450403,-4.5041493514,129.3404
198660000,9934,48.4923448691,-4.5041490372,129.3404
198680000,9935,48.4923446979,-4.504148723,129.3404
198700000,9936,48.4923445267,-4.5041484087,129.3404
198720000,9937,48.4923443555,-4.5041480945,129.3404
198740000,9938,48.4923441843,-4.5041477802,129.3404
198760000,9939,48.4923440131,-4.504147466,129.3404
198780000,9940,48.4923438419,-4.5041471518,129.3404
198800000,9941,48.4923436707,-4.5041468375,129.3404
198820000,9942,48.4923434995,-4.5041465233,129.3404
198840000,9943,48.4923433283,-4.504146209,129.3404
198860000,9944,48.4923431571,-4.5041458948,129.3404
198880000,9945,48.4923429859,-4.5041455806,129.3404
198900000,9946,48.4923428147,-4.5041452663,129.3404
198920000,9947,48.4923426435,-4.5041449521,129.3404
198940000,9948,48.4923424723,-4.5041446378,129.3404
198960000,9949,48.4923423011,-4.5041443236,129.3404
198980000,9950,48.4923421299,-4.5041440094,129.3404
199000000,9951,48.4923419587,-4.5041436951,129.3404
199020000,9952,48.4923417875,-4.5041433809,129.3404
199040000,9953,48.4923416163,-4.5041430666,129.3404
199060000,9954,48.4923414451,-4.5041427524,129.3404
199080000,9955,48.4923412739,-4.5041424382,129.3404
199100000,9956,48.4923411027,-4.5041421239,129.3404
199120000,9957,48.4923409315,-4.5041418097,129.3404
199140000,9958,48.4923407603,-4.5041414954,129.3404
199160000,9959,48.492340589,-4.5041411812,129.3404
199180000,9960,48.4923404178,-4.504140867,129.3404
199200000,9961,48.4923402466,-4.5041405527,129.3404
199220000,9962,48.4923400754,-4.5041402385,129.3404
199240000,9963,48.4923399042,-4.5041399242,129.3404
199260000,9964,48.492339733,-4.50413961,129.3404
199280000,9965,48.4923395618,-4.5041392958,129.3404
199300000,9966,48.4923393906,-4.5041389815,129.3404
199320000,9967,48.4923392194,-4.5041386673,129.3404
199340000,9968,48.4923390482,-4.504138353,129.3404
199360000,9969,48.492338877,-4.5041380388,129.3404
199380000,9970,48.4923387058,-4.5041377246,129.3404
199400000,9971,48.4923385346,-4.5041374103,129.3404
199420000,9972,48.4923383634,-4.5041370961,129.3404
199440000,9973,48.4923381922,-4.5041367818,129.3404
199460000,9974,48.492338021,-4.5041364676,129.3404
199480000,9975,48.4923378498,-4.5041361534,129.3404
199500000,9976,48.4923376786,-4.5041358391,129.3404
199520000,9977,48.4923375074,-4.5041355249,129.3404
199540000,9978,48.4923373362,-4.5041352106,129.3404
199560000,9979,48.492337165,-4.5041348964,129.3404
199580000,9980,48.4923369938,-4.5041345822,129.3404
199600000,9981,48.4923368226,-4.5041342679,129.3404
199620000,9982,48.4923366514,-4.5041339537,129.3404
199640000,9983,48.4923364802,-4.5041336394,129.3404
199660000,9984,48.4923363089,-4.5041333252,129.3404
199680000,9985,48.4923361377,-4.504133011,129.3404
199700000,9986,48.4923359665,-4.5041326967,129.3404
199720000,9987,48.4923357953,-4.5041323825,129.3404
199740000,9988,48.4923356241,-4.5041320682,129.3404
199760000,9989,48.4923354529,-4.504131754,129.3404
199780000,9990,48.4923352817,-4.5041314398,129.3404
199800000,9991,48.4923351105,-4.5041311255,129.3404
199820000,9992,48.4923349393,-4.5041308113,129.3404
199840000,9993,48.4923347681,-4.504130497,129.3404
199860000,9994,48.4923345969,-4.5041301828,129.3404
199880000,9995,48.4923344257,-4.5041298686,129.3404
199900000,9996,48.4923342545,-4.5041295543,129.3404
199920000,9997,48.4923340833,-4.5041292401,129.3404
199940000,9998,48.4923339121,-4.5041289258,129.3404
199960000,9999,48.4923337409,-4.5041286116,129.3404
199980000,10000,48.4923335697,-4.5041282974,129.3404
200000000,10001,48.4923333985,-4.5041279831,129.3404
200020000,10002,48.4923332273,-4.5041276689,129.3404
200040000,10003,48.4923330561,-4.5041273546,129.3404
200060000,10004,48.4923328849,-4.5041270404,129.3404
200080000,10005,48.4923327137,-4.5041267262,129.3404
200100000,10006,48.4923325425,-4.5041264119,129.3404
200120000,10007,48.4923323713,-4.5041260977,129.3404
200140000,10008,48.4923322001,-4.5041257834,129.3404
200160000,10009,48.4923320289,-4.5041254692,129.3404
200180000,10010,48.4923318576,-4.504125155,129.3404
200200000,10011,48.4923316864,-4.5041248407,129.3404
200220000,10012,48.4923315152,-4.5041245265,129.3404
200240000,10013,48.492331344,-4.5041242122,129.3404
200260000,10014,48.4923311728,-4.504123898,129.3404
200280000,10015,48.4923310016,-4.5041235838,129.3404
200300000,10016,48.4923308304,-4.5041232695,129.3404
200320000,10017,48.4923306592,-4.5041229553,129.3404
200340000,10018,48.492330488,-4.504122641,129.3404
200360000,10019,48.4923303168,-4.5041223268,129.3404
200380000,10020,48.4923301456,-4.5041220126,129.3404
200400000,10021,48.4923299744,-4.5041216983,129.3404
200420000,10022,48.4923298032,-4.5041213841,129.3404
200440000,10023,48.492329632,-4.5041210698,129.3404
200460000,10024,48.4923294608,-4.5041207556,129.3404
200480000,10025,48.4923292896,-4.5041204414,129.3404
200500000,10026,48.4923291184,-4.5041201271,129.3404
200520000,10027,48.4923289472,-4.5041198129,129.3404
200540000,10028,48.492328776,-4.5041194986,129.3404
200560000,10029,48.4923286048,-4.5041191844,129.3404
200580000,10030,48.4923284336,-4.5041188702,129.3404
200600000,10031,48.4923282624,-4.5041185559,129.3404
200620000,10032,48.4923280912,-4.5041182417,129.3404
200640000,10033,48.49232792,-4.5041179274,129.3404
200660000,10034,48.4923277488,-4.5041176132,129.3404
200680000,10035,48.4923275776,-4.504117299,129.3404
200700000,10036,48.4923274063,-4.5041169847,129.3404
200720000,10037,48.4923272351,-4.5041166705,129.3404
200740000,10038,48.4923270639,-4.5041163562,129.3404
200760000,10039,48.4923268927,-4.504116042,129.3404
200780000,10040,48.4923267215,-4.5041157278,129.3404
200800000,10041,48.4923265503,-4.5041154135,129.3404
200820000,10042,48.4923263791,-4.5041150993,129.3404
200840000,10043,48.4923262079,-4.504114785,129.3404
200860000,10044,48.4923260367,-4.5041144708,129.3404
200880000,10045,48.4923258655,-4.5041141566,129.3404
200900000,10046,48.4923256943,-4.5041138423,129.3404
200920000,10047,48.4923255231,-4.5041135281,129.3404
200940000,10048,48.4923253519,-4.5041132138,129.3404
200960000,10049,48.4923251807,-4.5041128996,129.3404
200980000,10050,48.4923250095,-4.5041125854,129.3404
201000000,10051,48.4923248383,-4.5041122711,129.3404
201020000,10052,48.4923246671,-4.5041119569,129.3404
201040000,10053,48.4923244959,-4.5041116426,129.3404
201060000,10054,48.4923243247,-4.5041113284,129.3404
201080000,10055,48.4923241535,-4.5041110142,129.3404
201100000,10056,48.4923239823,-4.5041106999,129.3404
201120000,10057,48.4923238111,-4.5041103857,129.3404
201140000,10058,48.4923236399,-4.5041100714,129.3404
201160000,10059,48.4923234687,-4.5041097572,129.3404
201180000,10060,48.4923232975,-4.504109443,129.3404
201200000,10061,48.4923231262,-4.5041091287,129.3404
201220000,10062,48.492322955,-4.5041088145,129.3404
201240000,10063,48.4923227838,-4.5041085002,129.3404
201260000,10064,48.4923226126,-4.504108186,129.3404
201280000,10065,48.4923224414,-4.5041078718,129.3404
201300000,10066,48.4923222702,-4.5041075575,129.3404
201320000,10067,48.492322099,-4.5041072433,129.3404
201340000,10068,48.4923219278,-4.5041069291,129.3404
201360000,10069,48.4923217566,-4.5041066148,129.3404
201380000,10070,48.4923215854,-4.5041063006,129.3404
201400000,10071,48.4923214142,-4.5041059863,129.3404
201420000,10072,48.492321243,-4.5041056721,129.3404
201440000,10073,48.4923210718,-4.5041053579,129.3404
201460000,10074,48.4923209006,-4.5041050436,129.3404
201480000,10075,48.4923207294,-4.5041047294,129.3404
201500000,10076,48.4923205582,-4.5041044151,129.3404
201520000,10077,48.492320387,-4.5041041009,129.3404
201540000,10078,48.4923202158,-4.5041037867,129.3404
201560000,10079,48.4923200446,-4.5041034724,129.3404
201580000,10080,48.4923198734,-4.5041031582,129.3404
201600000,10081,48.4923197022,-4.5041028439,129.3404
201620000,10082,48.492319531,-4.5041025297,129.3404
201640000,10083,48.4923193598,-4.5041022155,129.3404
201660000,10084,48.4923191886,-4.5041019012,129.3404
201680000,10085,48.4923190174,-4.504101587,129.3404
201700000,10086,48.4923188462,-4.5041012727,129.3404
201720000,10087,48.4923186749,-4.5041009585,129.3404
201740000,10088,48.4923185037,-4.5041006443,129.3404
201760000,10089,48.4923183325,-4.50410033,129.3404
201780000,10090,48.4923181613,-4.5041000158,129.3404
201800000,10091,48.4923179901,-4.5040997015,129.3404
201820000,10092,48.4923178189,-4.5040993873,129.3404
201840000,10093,48.4923176477,-4.5040990731,129.3404
201860000,10094,48.4923174765,-4.5040987588,129.3404
201880000,10095,48.4923173053,-4.5040984446,129.3404
201900000,10096,48.4923171341,-4.5040981303,129.3404
201920000,10097,48.4923169629,-4.5040978161,129.3404
201940000,10098,48.4923167917,-4.5040975019,129.3404
201960000,10099,48.4923166205,-4.5040971876,129.3404
201980000,10100,48.4923164493,-4.5040968734,129.3404
202000000,10101,48.4923162781,-4.5040965591,129.3404
202020000,10102,48.4923161069,-4.5040962449,129.3404
202040000,10103,48.4923159357,-4.5040959307,129.3404
202060000,10104,48.4923157645,-4.5040956164,129.3404
202080000,10105,48.4923155933,-4.5040953022,129.3404
202100000,10106,48.4923154221,-4.5040949879,129.3404
202120000,10107,48.4923152509,-4.5040946737,129.3404
202140000,10108,48.4923150797,-4.5040943595,129.3404
202160000,10109,48.4923149085,-4.5040940452,129.3404
202180000,10110,48.4923147373,-4.504093731,129.3404
202200000,10111,48.4923145661,-4.5040934167,129.3404
202220000,10112,48.4923143948,-4.5040931025,129.3404
202240000,10113,48.4923142236,-4.5040927883,129.3404
202260000,10114,48.4923140524,-4.504092474,129.3404
202280000,10115,48.4923138812,-4.5040921598,129.3404
202300000,10116,48.49231371,-4.5040918455,129.3404
202320000,10117,48.4923135388,-4.5040915313,129.3404
202340000,10118,48.4923133676,-4.5040912171,129.3404
202360000,10119,48.4923131964,-4.5040909028,129.3404
202380000,10120,48.4923130252,-4.5040905886,129.3404
202400000,10121,48.492312854,-4.5040902743,129.3404
202420000,10122,48.4923126828,-4.5040899601,129.3404
202440000,10123,48.4923125116,-4.5040896459,129.3404
202460000,10124,48.4923123404,-4.5040893316,129.3404
202480000,10125,48.4923121692,-4.5040890174,129.3404
202500000,10126,48.492311998,-4.5040887031,129.3404
202520000,10127,48.4923118268,-4.5040883889,129.3404
202540000,10128,48.4923116556,-4.5040880747,129.3404
202560000,10129,48.4923114844,-4.5040877604,129.3404
202580000,10130,48.4923113132,-4.5040874462,129.3404
202600000,10131,48.492311142,-4.504087132,129.3404
202620000,10132,48.4923109708,-4.5040868177,129.3404
202640000,10133,48.4923107996,-4.5040865035,129.3404
202660000,10134,48.4923106284,-4.5040861892,129.3404
202680000,10135,48.4923104572,-4.504085875,129.3404
202700000,10136,48.492310286,-4.5040855608,129.3404
202720000,10137,48.4923101147,-4.5040852465,129.3404
202740000,10138,48.4923099435,-4.5040849323,129.3404
202760000,10139,48.4923097723,-4.504084618,129.3404
202780000,10140,48.4923096011,-4.5040843038,129.3404
202800000,10141,48.4923094299,-4.5040839896,129.3404
202820000,10142,48.4923092587,-4.5040836753,129.3404
202840000,10143,48.4923090875,-4.5040833611,129.3404
202860000,10144,48.4923089163,-4.5040830468,129.3404
202880000,10145,48.4923087451,-4.5040827326,129.3404
202900000,10146,48.4923085739,-4.5040824184,129.3404
202920000,10147,48.4923084027,-4.5040821041,129.3404
202940000,10148,48.4923082315,-4.5040817899,129.3404
202960000,10149,48.4923080603,-4.5040814756,129.3404
202980000,10150,48.4923078891,-4.5040811614,129.3404
203000000,10151,48.4923077179,-4.5040808472,129.3404
203020000,10152,48.4923075467,-4.5040805329,129.3404
203040000,10153,48.4923073755,-4.5040802187,129.3404
203060000,10154,48.4923072043,-4.5040799044,129.3404
203080000,10155,48.4923070331,-4.5040795902,129.3404
203100000,10156,48.4923068619,-4.504079276,129.3404
203120000,10157,48.4923066907,-4.5040789617,129.3404
203140000,10158,48.4923065195,-4.5040786475,129.3404
203160000,10159,48.4923063483,-4.5040783332,129.3404
203180000,10160,48.4923061771,-4.504078019,129.3404
203200000,10161,48.4923060059,-4.5040777048,129.3404
203220000,10162,48.4923058346,-4.5040773905,129.3404
203240000,10163,48.4923056634,-4.5040770763,129.3404
203260000,10164,48.4923054922,-4.504076762,129.3404
203280000,10165,48.492305321,-4.5040764478,129.3404
203300000,10166,48.4923051498,-4.5040761336,129.3404
203320000,10167,48.4923049786,-4.5040758193,129.3404
203340000,10168,48.4923048074,-4.5040755051,129.3404
203360000,10169,48.4923046362,-4.5040751908,129.3404
203380000,10170,48.492304465,-4.5040748766,129.3404
203400000,10171,48.4923042938,-4.5040745624,129.3404
203420000,10172,48.4923041226,-4.5040742481,129.3404
203440000,10173,48.4923039514,-4.5040739339,129.3404
203460000,10174,48.4923037802,-4.5040736196,129.3404
203480000,10175,48.492303609,-4.5040733054,129.3404
203500000,10176,48.4923034378,-4.5040729912,129.3404
203520000,10177,48.4923032666,-4.5040726769,129.3404
203540000,10178,48.4923030954,-4.5040723627,129.3404
203560000,10179,48.4923029242,-4.5040720485,129.3404
203580000,10180,48.492302753,-4.5040717342,129.3404
203600000,10181,48.4923025818,-4.50407142,129.3404
203620000,10182,48.4923024106,-4.5040711057,129.3404
203640000,10183,48.4923022394,-4.5040707915,129.3404
203660000,10184,48.4923020682,-4.5040704773,129.3404
203680000,10185,48.492301897,-4.504070163,129.3404
203700000,10186,48.4923017257,-4.5040698488,129.3404
203720000,10187,48.4923015545,-4.5040695345,129.3404
203740000,10188,48.4923013833,-4.5040692203,129.3404
203760000,10189,48.4923012121,-4.5040689061,129.3404
203780000,10190,48.4923010409,-4.5040685918,129.3404
203800000,10191,48.4923008697,-4.5040682776,129.3404
203820000,10192,48.4923006985,-4.5040679633,129.3404
203840000,10193,48.4923005273,-4.5040676491,129.3404
203860000,10194,48.4923003561,-4.5040673349,129.3404
203880000,10195,48.4923001849,-4.5040670206,129.3404
203900000,10196,48.4923000137,-4.5040667064,129.3404
203920000,10197,48.4922998425,-4.5040663921,129.3404
203940000,10198,48.4922996713,-4.5040660779,129.3404
203960000,10199,48.4922995001,-4.5040657637,129.3404
203980000,10200,48.4922993289,-4.5040654494,129.3404
204000000,10201,48.4922991577,-4.5040651352,129.3404
204020000,10202,48.4922989865,-4.5040648209,129.3404
204040000,10203,48.4922988153,-4.5040645067,129.3404
204060000,10204,48.4922986441,-4.5040641925,129.3404
204080000,10205,48.4922984729,-4.5040638782,129.3404
204100000,10206,48.4922983017,-4.504063564,129.3404
204120000,10207,48.4922981305,-4.5040632497,129.3404
204140000,10208,48.4922979593,-4.5040629355,129.3404
204160000,10209,48.4922977881,-4.5040626213,129.3404
204180000,10210,48.4922976169,-4.504062307,129.3404
204200000,10211,48.4922974456,-4.5040619928,129.3404
204220000,10212,48.4922972744,-4.5040616785,129.3404
204240000,10213,48.4922971032,-4.5040613643,129.3404
204260000,10214,48.492296932,-4.5040610501,129.3404
204280000,10215,48.4922967608,-4.5040607358,129.3404
204300000,10216,48.4922965896,-4.5040604216,129.3404
204320000,10217,48.4922964184,-4.5040601073,129.3404
204340000,10218,48.4922962472,-4.5040597931,129.3404
204360000,10219,48.492296076,-4.5040594789,129.3404
204380000,10220,48.4922959048,-4.5040591646,129.3404
204400000,10221,48.4922957336,-4.5040588504,129.3404
204420000,10222,48.4922955624,-4.5040585362,129.3404
204440000,10223,48.4922953912,-4.5040582219,129.3404
204460000,10224,48.49229522,-4.5040579077,129.3404
204480000,10225,48.4922950488,-4.5040575934,129.3404
204500000,10226,48.4922948776,-4.5040572792,129.3404
204520000,10227,48.4922947064,-4.504056965,129.3404
204540000,10228,48.4922945352,-4.5040566507,129.3404
204560000,10229,48.492294364,-4.5040563365,129.3404
204580000,10230,48.4922941928,-4.5040560222,129.3404
204600000,10231,48.4922940216,-4.504055708,129.3404
204620000,10232,48.4922938504,-4.5040553938,129.3404
204640000,10233,48.4922936792,-4.5040550795,129.3404
204660000,10234,48.492293508,-4.5040547653,129.3404
204680000,10235,48.4922933368,-4.504054451,129.3404
204700000,10236,48.4922931655,-4.5040541368,129.3404
204720000,10237,48.4922929943,-4.5040538226,129.3404
204740000,10238,48.4922928231,-4.5040535083,129.3404
204760000,10239,48.4922926519,-4.5040531941,129.3404
204780000,10240,48.4922924807,-4.5040528798,129.3404
204800000,10241,48.4922923095,-4.5040525656,129.3404
204820000,10242,48.4922921383,-4.5040522514,129.3404
204840000,10243,48.4922919671,-4.5040519371,129.3404
204860000,10244,48.4922917959,-4.5040516229,129.3404
204880000,10245,48.4922916247,-4.5040513086,129.3404
204900000,10246,48.4922914535,-4.5040509944,129.3404
204920000,10247,48.4922912823,-4.5040506802,129.3404
204940000,10248,48.4922911111,-4.5040503659,129.3404
204960000,10249,48.4922909399,-4.5040500517,129.3404
204980000,10250,48.4922907687,-4.5040497374,129.3404
205000000,10251,48.4922905975,-4.5040494232,129.3404
205020000,10252,48.4922904263,-4.504049109,129.3404
205040000,10253,48.4922902551,-4.5040487947,129.3404
205060000,10254,48.4922900839,-4.5040484805,129.3404
205080000,10255,48.4922899127,-4.5040481663,129.3404
205100000,10256,48.4922897415,-4.504047852,129.3404
205120000,10257,48.4922895703,-4.5040475378,129.3404
205140000,10258,48.4922893991,-4.5040472235,129.3404
205160000,10259,48.4922892279,-4.5040469093,129.3404
205180000,10260,48.4922890566,-4.5040465951,129.3404
205200000,10261,48.4922888854,-4.5040462808,129.3404
205220000,10262,48.4922887142,-4.5040459666,129.3404
205240000,10263,48.492288543,-4.5040456523,129.3404
205260000,10264,48.4922883718,-4.5040453381,129.3404
205280000,10265,48.4922882006,-4.5040450239,129.3404
205300000,10266,48.4922880294,-4.5040447096,129.3404
205320000,10267,48.4922878582,-4.5040443954,129.3404
205340000,10268,48.492287687,-4.5040440811,129.3404
205360000,10269,48.4922875158,-4.5040437669,129.3404
205380000,10270,48.4922873446,-4.5040434527,129.3404
205400000,10271,48.4922871734,-4.5040431384,129.3404
205420000,10272,48.4922870022,-4.5040428242,129.3404
205440000,10273,48.492286831,-4.5040425099,129.3404
205460000,10274,48.4922866598,-4.5040421957,129.3404
205480000,10275,48.4922864886,-4.5040418815,129.3404
205500000,10276,48.4922863174,-4.5040415672,129.3404
205520000,10277,48.4922861462,-4.504041253,129.3404
205540000,10278,48.492285975,-4.5040409387,129.3404
205560000,10279,48.4922858038,-4.5040406245,129.3404
205580000,10280,48.4922856326,-4.5040403103,129.3404
205600000,10281,48.4922854614,-4.504039996,129.3404
205620000,10282,48.4922852902,-4.5040396818,129.3404
205640000,10283,48.492285119,-4.5040393676,129.3404
205660000,10284,48.4922849477,-4.5040390533,129.3404
205680000,10285,48.4922847765,-4.5040387391,129.3404
205700000,10286,48.4922846053,-4.5040384248,129.3404
205720000,10287,48.4922844341,-4.5040381106,129.3404
205740000,10288,48.4922842629,-4.5040377964,129.3404
205760000,10289,48.4922840917,-4.5040374821,129.3404
205780000,10290,48.4922839205,-4.5040371679,129.3404
205800000,10291,48.4922837493,-4.5040368536,129.3404
205820000,10292,48.4922835781,-4.5040365394,129.3404
205840000,10293,48.4922834069,-4.5040362252,129.3404
205860000,10294,48.4922832357,-4.5040359109,129.3404
205880000,10295,48.4922830645,-4.5040355967,129.3404
205900000,10296,48.4922828933,-4.5040352824,129.3404
205920000,10297,48.4922827221,-4.5040349682,129.3404
205940000,10298,48.4922825509,-4.504034654,129.3404
205960000,10299,48.4922823797,-4.5040343397,129.3404
205980000,10300,48.4922822085,-4.5040340255,129.3404
206000000,10301,48.4922820373,-4.5040337112,129.3404
206020000,10302,48.4922818661,-4.504033397,129.3404
206040000,10303,48.4922816949,-4.5040330828,129.3404
206060000,10304,48.4922815237,-4.5040327685,129.3404
206080000,10305,48.4922813525,-4.5040324543,129.3404
206100000,10306,48.4922811813,-4.50403214,129.3404
206120000,10307,48.4922810101,-4.5040318258,129.3404
206140000,10308,48.4922808388,-4.5040315116,129.3404
206160000,10309,48.4922806676,-4.5040311973,129.3404
206180000,10310,48.4922804964,-4.5040308831,129.3404
206200000,10311,48.4922803252,-4.5040305689,129.3404
206220000,10312,48.492280154,-4.5040302546,129.3404
206240000,10313,48.4922799828,-4.5040299404,129.3404
206260000,10314,48.4922798116,-4.5040296261,129.3404
206280000,10315,48.4922796404,-4.5040293119,129.3404
206300000,10316,48.4922794692,-4.5040289977,129.3404
206320000,10317,48.492279298,-4.5040286834,129.3404
206340000,10318,48.4922791268,-4.5040283692,129.3404
206360000,10319,48.4922789556,-4.5040280549,129.3404
206380000,10320,48.4922787844,-4.5040277407,129.3404
206400000,10321,48.4922786132,-4.5040274265,129.3404
206420000,10322,48.492278442,-4.5040271122,129.3404
206440000,10323,48.4922782708,-4.504026798,129.3404
206460000,10324,48.4922780996,-4.5040264837,129.3404
206480000,10325,48.4922779284,-4.5040261695,129.3404
206500000,10326,48.4922777572,-4.5040258553,129.3404
206520000,10327,48.492277586,-4.504025541,129.3404
206540000,10328,48.4922774148,-4.5040252268,129.3404
206560000,10329,48.4922772436,-4.5040249125,129.3404
206580000,10330,48.4922770724,-4.5040245983,129.3404
206600000,10331,48.4922769012,-4.5040242841,129.3404
206620000,10332,48.4922767299,-4.5040239698,129.3404
206640000,10333,48.4922765587,-4.5040236556,129.3404
206660000,10334,48.4922763875,-4.5040233413,129.3404
206680000,10335,48.4922762163,-4.5040230271,129.3404
206700000,10336,48.4922760451,-4.5040227129,129.3404
206720000,10337,48.4922758739,-4.5040223986,129.3404
206740000,10338,48.4922757027,-4.5040220844,129.3404
206760000,10339,48.4922755315,-4.5040217702,129.3404
206780000,10340,48.4922753603,-4.5040214559,129.3404
206800000,10341,48.4922751891,-4.5040211417,129.3404
206820000,10342,48.4922750179,-4.5040208274,129.3404
206840000,10343,48.4922748467,-4.5040205132,129.3404
206860000,10344,48.4922746755,-4.504020199,129.3404
206880000,10345,48.4922745043,-4.5040198847,129.3404
206900000,10346,48.4922743331,-4.5040195705,129.3404
206920000,10347,48.4922741619,-4.5040192562,129.3404
206940000,10348,48.4922739907,-4.504018942,129.3404
206960000,10349,48.4922738195,-4.5040186278,129.3404
206980000,10350,48.4922736483,-4.5040183135,129.3404
207000000,10351,48.4922734771,-4.5040179993,129.3404
207020000,10352,48.4922733059,-4.504017685,129.3404
207040000,10353,48.4922731347,-4.5040173708,129.3404
207060000,10354,48.4922729635,-4.5040170566,129.3404
207080000,10355,48.4922727923,-4.5040167423,129.3404
207100000,10356,48.492272621,-4.5040164281,129.3404
207120000,10357,48.4922724498,-4.5040161138,129.3404
207140000,10358,48.4922722786,-4.5040157996,129.3404
207160000,10359,48.4922721074,-4.5040154854,129.3404
207180000,10360,48.4922719362,-4.5040151711,129.3404
207200000,10361,48.492271765,-4.5040148569,129.3404
207220000,10362,48.4922715938,-4.5040145427,129.3404
207240000,10363,48.4922714226,-4.5040142284,129.3404
207260000,10364,48.4922712514,-4.5040139142,129.3404
207280000,10365,48.4922710802,-4.5040135999,129.3404
207300000,10366,48.492270909,-4.5040132857,129.3404
207320000,10367,48.4922707378,-4.5040129715,129.3404
207340000,10368,48.4922705666,-4.5040126572,129.3404
207360000,10369,48.4922703954,-4.504012343,129.3404
207380000,10370,48.4922702242,-4.5040120287,129.3404
207400000,10371,48.492270053,-4.5040117145,129.3404
207420000,10372,48.4922698818,-4.5040114003,129.3404
207440000,10373,48.4922697106,-4.504011086,129.3404
207460000,10374,48.4922695394,-4.5040107718,129.3404
207480000,10375,48.4922693682,-4.5040104575,129.3404
207500000,10376,48.492269197,-4.5040101433,129.3404
207520000,10377,48.4922690258,-4.5040098291,129.3404
207540000,10378,48.4922688546,-4.5040095148,129.3404
207560000,10379,48.4922686834,-4.5040092006,129.3404
207580000,10380,48.4922685121,-4.5040088863,129.3404
207600000,10381,48.4922683409,-4.5040085721,129.3404
207620000,10382,48.4922681697,-4.5040082579,129.3404
207640000,10383,48.4922679985,-4.5040079436,129.3404
207660000,10384,48.4922678273,-4.5040076294,129.3404
207680000,10385,48.4922676561,-4.5040073152,129.3404
207700000,10386,48.4922674849,-4.5040070009,129.3404
207720000,10387,48.4922673137,-4.5040066867,129.3404
207740000,10388,48.4922671425,-4.5040063724,129.3404
207760000,10389,48.4922669713,-4.5040060582,129.3404
207780000,10390,48.4922668001,-4.504005744,129.3404
207800000,10391,48.4922666289,-4.5040054297,129.3404
207820000,10392,48.4922664577,-4.5040051155,129.3404
207840000,10393,48.4922662865,-4.5040048012,129.3404
207860000,10394,48.4922661153,-4.504004487,129.3404
207880000,10395,48.4922659441,-4.5040041728,129.3404
207900000,10396,48.4922657729,-4.5040038585,129.3404
207920000,10397,48.4922656017,-4.5040035443,129.3404
207940000,10398,48.4922654305,-4.50400323,129.3404
207960000,10399,48.4922652593,-4.5040029158,129.3404
207980000,10400,48.4922650881,-4.5040026016,129.3404
208000000,10401,48.4922649169,-4.5040022873,129.3404
208020000,10402,48.4922647457,-4.5040019731,129.3404
208040000,10403,48.4922645745,-4.5040016588,129.3404
208060000,10404,48.4922644032,-4.5040013446,129.3404
208080000,10405,48.492264232,-4.5040010304,129.3404
208100000,10406,48.4922640608,-4.5040007161,129.3404
208120000,10407,48.4922638896,-4.5040004019,129.3404
208140000,10408,48.4922637184,-4.5040000877,129.3404
208160000,10409,48.4922635472,-4.5039997734,129.3404
208180000,10410,48.492263376,-4.5039994592,129.3404
208200000,10411,48.4922632048,-4.5039991449,129.3404
208220000,10412,48.4922630336,-4.5039988307,129.3404
208240000,10413,48.4922628624,-4.5039985165,129.3404
208260000,10414,48.4922626912,-4.5039982022,129.3404
208280000,10415,48.49226252,-4.503997888,129.3404
208300000,10416,48.4922623488,-4.5039975737,129.3404
208320000,10417,48.4922621776,-4.5039972595,129.3404
208340000,10418,48.4922620064,-4.5039969453,129.3404
208360000,10419,48.4922618352,-4.503996631,129.3404
208380000,10420,48.492261664,-4.5039963168,129.3404
208400000,10421,48.4922614928,-4.5039960025,129.3404
208420000,10422,48.4922613216,-4.5039956883,129.3404
208440000,10423,48.4922611504,-4.5039953741,129.3404
208460000,10424,48.4922609792,-4.5039950598,129.3404
208480000,10425,48.492260808,-4.5039947456,129.3404
208500000,10426,48.4922606368,-4.5039944314,129.3404
208520000,10427,48.4922604655,-4.5039941171,129.3404
208540000,10428,48.4922602943,-4.5039938029,129.3404
208560000,10429,48.4922601231,-4.5039934886,129.3404
208580000,10430,48.4922599519,-4.5039931744,129.3404
208600000,10431,48.4922597807,-4.5039928602,129.3404
208620000,10432,48.4922596095,-4.5039925459,129.3404
208640000,10433,48.4922594383,-4.5039922317,129.3404
208660000,10434,48.4922592671,-4.5039919174,129.3404
208680000,10435,48.4922590959,-4.5039916032,129.3404
208700000,10436,48.4922589247,-4.503991289,129.3404
208720000,10437,48.4922587535,-4.5039909747,129.3404
208740000,10438,48.4922585823,-4.5039906605,129.3404
208760000,10439,48.4922584111,-4.5039903462,129.3404
208780000,10440,48.4922582399,-4.503990032,129.3404
208800000,10441,48.4922580687,-4.5039897178,129.3404
208820000,10442,48.4922578975,-4.5039894035,129.3404
208840000,10443,48.4922577263,-4.5039890893,129.3404
208860000,10444,48.4922575551,-4.503988775,129.3404
208880000,10445,48.4922573839,-4.5039884608,129.3404
208900000,10446,48.4922572127,-4.5039881466,129.3404
208920000,10447,48.4922570415,-4.5039878323,129.3404
208940000,10448,48.4922568703,-4.5039875181,129.3404
208960000,10449,48.4922566991,-4.5039872039,129.3404
208980000,10450,48.4922565279,-4.5039868896,129.3404
209000000,10451,48.4922563566,-4.5039865754,129.3404
209020000,10452,48.4922561854,-4.5039862611,129.3404
209040000,10453,48.4922560142,-4.5039859469,129.3404
209060000,10454,48.492255843,-4.5039856327,129.3404
209080000,10455,48.4922556718,-4.5039853184,129.3404
209100000,10456,48.4922555006,-4.5039850042,129.3404
209120000,10457,48.4922553294,-4.5039846899,129.3404
209140000,10458,48.4922551582,-4.5039843757,129.3404
209160000,10459,48.492254987,-4.5039840615,129.3404
209180000,10460,48.4922548158,-4.5039837472,129.3404
209200000,10461,48.4922546446,-4.503983433,129.3404
209220000,10462,48.4922544734,-4.5039831187,129.3404
209240000,10463,48.4922543022,-4.5039828045,129.3404
209260000,10464,48.492254131,-4.5039824903,129.3404
209280000,10465,48.4922539598,-4.503982176,129.3404
209300000,10466,48.4922537886,-4.5039818618,129.3404
209320000,10467,48.4922536174,-4.5039815476,129.3404
209340000,10468,48.4922534462,-4.5039812333,129.3404
209360000,10469,48.492253275,-4.5039809191,129.3404
209380000,10470,48.4922531038,-4.5039806048,129.3404
209400000,10471,48.4922529326,-4.5039802906,129.3404
209420000,10472,48.4922527614,-4.5039799764,129.3404
209440000,10473,48.4922525902,-4.5039796621,129.3404
209460000,10474,48.4922524189,-4.5039793479,129.3404
209480000,10475,48.4922522477,-4.5039790336,129.3404
209500000,10476,48.4922520765,-4.5039787194,129.3404
209520000,10477,48.4922519053,-4.5039784052,129.3404
209540000,10478,48.4922517341,-4.5039780909,129.3404
209560000,10479,48.4922515629,-4.5039777767,129.3404
209580000,10480,48.4922513917,-4.5039774624,129.3404
209600000,10481,48.4922512205,-4.5039771482,129.3404
209620000,10482,48.4922510493,-4.503976834,129.3404
209640000,10483,48.4922508781,-4.5039765197,129.3404
209660000,10484,48.4922507069,-4.5039762055,129.3404
209680000,10485,48.4922505357,-4.5039758913,129.3404
209700000,10486,48.4922503645,-4.503975577,129.3404
209720000,10487,48.4922501933,-4.5039752628,129.3404
209740000,10488,48.4922500221,-4.5039749485,129.3404
209760000,10489,48.4922498509,-4.5039746343,129.3404
209780000,10490,48.4922496797,-4.5039743201,129.3404
209800000,10491,48.4922495085,-4.5039740058,129.3404
209820000,10492,48.4922493373,-4.5039736916,129.3404
209840000,10493,48.4922491661,-4.5039733773,129.3404
209860000,10494,48.4922489949,-4.5039730631,129.3404
209880000,10495,48.4922488237,-4.5039727489,129.3404
209900000,10496,48.4922486525,-4.5039724346,129.3404
209920000,10497,48.4922484812,-4.5039721204,129.3404
209940000,10498,48.49224831,-4.5039718061,129.3404
209960000,10499,48.4922481388,-4.5039714919,129.3404
209980000,10500,48.4922479676,-4.5039711777,129.3404
210000000,10501,48.4922477964,-4.5039708634,129.3404
210020000,10502,48.4922476252,-4.5039705492,129.3404
210040000,10503,48.492247454,-4.503970235,129.3404
210060000,10504,48.4922472828,-4.5039699207,129.3404
210080000,10505,48.4922471116,-4.5039696065,129.3404
210100000,10506,48.4922469404,-4.5039692922,129.3404
210120000,10507,48.4922467692,-4.503968978,129.3404
210140000,10508,48.492246598,-4.5039686638,129.3404
210160000,10509,48.4922464268,-4.5039683495,129.3404
210180000,10510,48.4922462556,-4.5039680353,129.3404
210200000,10511,48.4922460844,-4.503967721,129.3404
210220000,10512,48.4922459132,-4.5039674068,129.3404
210240000,10513,48.492245742,-4.5039670926,129.3404
210260000,10514,48.4922455708,-4.5039667783,129.3404
210280000,10515,48.4922453996,-4.5039664641,129.3404
210300000,10516,48.4922452284,-4.5039661498,129.3404
210320000,10517,48.4922450572,-4.5039658356,129.3404
210340000,10518,48.492244886,-4.5039655214,129.3404
210360000,10519,48.4922447148,-4.5039652071,129.3404
210380000,10520,48.4922445435,-4.5039648929,129.3404
210400000,10521,48.4922443723,-4.5039645787,129.3404
210420000,10522,48.4922442011,-4.5039642644,129.3404
210440000,10523,48.4922440299,-4.5039639502,129.3404
210460000,10524,48.4922438587,-4.5039636359,129.3404
210480000,10525,48.4922436875,-4.5039633217,129.3404
210500000,10526,48.4922435163,-4.5039630075,129.3404
210520000,10527,48.4922433451,-4.5039626932,129.3404
210540000,10528,48.4922431739,-4.503962379,129.3404
210560000,10529,48.4922430027,-4.5039620647,129.3404
210580000,10530,48.4922428315,-4.5039617505,129.3404
210600000,10531,48.4922426603,-4.5039614363,129.3404
210620000,10532,48.4922424891,-4.503961122,129.3404
210640000,10533,48.4922423179,-4.5039608078,129.3404
210660000,10534,48.4922421467,-4.5039604936,129.3404
210680000,10535,48.4922419755,-4.5039601793,129.3404
210700000,10536,48.4922418043,-4.5039598651,129.3404
210720000,10537,48.4922416331,-4.5039595508,129.3404
210740000,10538,48.4922414619,-4.5039592366,129.3404
210760000,10539,48.4922412907,-4.5039589224,129.3404
210780000,10540,48.4922411195,-4.5039586081,129.3404
210800000,10541,48.4922409483,-4.5039582939,129.3404
210820000,10542,48.4922407771,-4.5039579796,129.3404
210840000,10543,48.4922406058,-4.5039576654,129.3404
210860000,10544,48.4922404346,-4.5039573512,129.3404
210880000,10545,48.4922402634,-4.5039570369,129.3404
210900000,10546,48.4922400922,-4.5039567227,129.3404
210920000,10547,48.492239921,-4.5039564084,129.3404
210940000,10548,48.4922397498,-4.5039560942,129.3404
210960000,10549,48.4922395786,-4.50395578,129.3404
210980000,10550,48.4922394074,-4.5039554657,129.3404
211000000,10551,48.4922392362,-4.5039551515,129.3404
211020000,10552,48.492239065,-4.5039548373,129.3404
211040000,10553,48.4922388938,-4.503954523,129.3404
211060000,10554,48.4922387226,-4.5039542088,129.3404
211080000,10555,48.4922385514,-4.5039538945,129.3404
211100000,10556,48.4922383802,-4.5039535803,129.3404
211120000,10557,48.492238209,-4.5039532661,129.3404
211140000,10558,48.4922380378,-4.5039529518,129.3404
211160000,10559,48.4922378666,-4.5039526376,129.3404
211180000,10560,48.4922376954,-4.5039523233,129.3404
211200000,10561,48.4922375242,-4.5039520091,129.3404
211220000,10562,48.492237353,-4.5039516949,129.3404
211240000,10563,48.4922371818,-4.5039513806,129.3404
211260000,10564,48.4922370106,-4.5039510664,129.3404
211280000,10565,48.4922368394,-4.5039507521,129.3404
211300000,10566,48.4922366681,-4.5039504379,129.3404
211320000,10567,48.4922364969,-4.5039501237,129.3404
211340000,10568,48.4922363257,-4.5039498094,129.3404
211360000,10569,48.4922361545,-4.5039494952,129.3404
211380000,10570,48.4922359833,-4.503949181,129.3404
211400000,10571,48.4922358121,-4.5039488667,129.3404
211420000,10572,48.4922356409,-4.5039485525,129.3404
211440000,10573,48.4922354697,-4.5039482382,129.3404
211460000,10574,48.4922352985,-4.503947924,129.3404
211480000,10575,48.4922351273,-4.5039476098,129.3404
211500000,10576,48.4922349561,-4.5039472955,129.3404
211520000,10577,48.4922347849,-4.5039469813,129.3404
211540000,10578,48.4922346137,-4.503946667,129.3404
211560000,10579,48.4922344425,-4.5039463528,129.3404
211580000,10580,48.4922342713,-4.5039460386,129.3404
211600000,10581,48.4922341001,-4.5039457243,129.3404
211620000,10582,48.4922339289,-4.5039454101,129.3404
211640000,10583,48.4922337577,-4.5039450959,129.3404
211660000,10584,48.4922335865,-4.5039447816,129.3404
211680000,10585,48.4922334153,-4.5039444674,129.3404
211700000,10586,48.4922332441,-4.5039441531,129.3404
211720000,10587,48.4922330729,-4.5039438389,129.3404
211740000,10588,48.4922329017,-4.5039435247,129.3404
211760000,10589,48.4922327304,-4.5039432104,129.3404
211780000,10590,48.4922325592,-4.5039428962,129.3404
211800000,10591,48.492232388,-4.5039425819,129.3404
211820000,10592,48.4922322168,-4.5039422677,129.3404
211840000,10593,48.4922320456,-4.5039419535,129.3404
211860000,10594,48.4922318744,-4.5039416392,129.3404
211880000,10595,48.4922317032,-4.503941325,129.3404
211900000,10596,48.492231532,-4.5039410108,129.3404
211920000,10597,48.4922313608,-4.5039406965,129.3404
211940000,10598,48.4922311896,-4.5039403823,129.3404
211960000,10599,48.4922310184,-4.503940068,129.3404
211980000,10600,48.4922308472,-4.5039397538,129.3404
212000000,10601,48.492230676,-4.5039394396,129.3404
212020000,10602,48.4922305048,-4.5039391253,129.3404
212040000,10603,48.4922303336,-4.5039388111,129.3404
212060000,10604,48.4922301624,-4.5039384968,129.3404
212080000,10605,48.4922299912,-4.5039381826,129.3404
212100000,10606,48.49222982,-4.5039378684,129.3404
212120000,10607,48.4922296488,-4.5039375541,129.3404
212140000,10608,48.4922294776,-4.5039372399,129.3404
212160000,10609,48.4922293064,-4.5039369256,129.3404
212180000,10610,48.4922291352,-4.5039366114,129.3404
212200000,10611,48.492228964,-4.5039362972,129.3404
212220000,10612,48.4922287927,-4.5039359829,129.3404
212240000,10613,48.4922286215,-4.5039356687,129.3404
212260000,10614,48.4922284503,-4.5039353545,129.3404
212280000,10615,48.4922282791,-4.5039350402,129.3404
212300000,10616,48.4922281079,-4.503934726,129.3404
212320000,10617,48.4922279367,-4.5039344117,129.3404
212340000,10618,48.4922277655,-4.5039340975,129.3404
212360000,10619,48.4922275943,-4.5039337833,129.3404
212380000,10620,48.4922274231,-4.503933469,129.3404
212400000,10621,48.4922272519,-4.5039331548,129.3404
212420000,10622,48.4922270807,-4.5039328405,129.3404
212440000,10623,48.4922269095,-4.5039325263,129.3404
212460000,10624,48.4922267383,-4.5039322121,129.3404
212480000,10625,48.4922265671,-4.5039318978,129.3404
212500000,10626,48.4922263959,-4.5039315836,129.3404
212520000,10627,48.4922262247,-4.5039312694,129.3404
212540000,10628,48.4922260535,-4.5039309551,129.3404
212560000,10629,48.4922258823,-4.5039306409,129.3404
212580000,10630,48.4922257111,-4.5039303266,129.3404
212600000,10631,48.4922255399,-4.5039300124,129.3404
212620000,10632,48.4922253687,-4.5039296982,129.3404
212640000,10633,48.4922251975,-4.5039293839,129.3404
212660000,10634,48.4922250262,-4.5039290697,129.3404
212680000,10635,48.492224855,-4.5039287554,129.3404
212700000,10636,48.4922246838,-4.5039284412,129.3404
212720000,10637,48.4922245126,-4.503928127,129.3404
212740000,10638,48.4922243414,-4.5039278127,129.3404
212760000,10639,48.4922241702,-4.5039274985,129.3404
212780000,10640,48.492223999,-4.5039271843,129.3404
212800000,10641,48.4922238278,-4.50392687,129.3404
212820000,10642,48.4922236566,-4.5039265558,129.3404
212840000,10643,48.4922234854,-4.5039262415,129.3404
212860000,10644,48.4922233142,-4.5039259273,129.3404
212880000,10645,48.492223143,-4.5039256131,129.3404
212900000,10646,48.4922229718,-4.5039252988,129.3404
212920000,10647,48.4922228006,-4.5039249846,129.3404
212940000,10648,48.4922226294,-4.5039246703,129.3404
212960000,10649,48.4922224582,-4.5039243561,129.3404
212980000,10650,48.492222287,-4.5039240419,129.3404
213000000,10651,48.4922221158,-4.5039237276,129.3404
213020000,10652,48.4922219446,-4.5039234134,129.3404
213040000,10653,48.4922217734,-4.5039230992,129.3404
213060000,10654,48.4922216022,-4.5039227849,129.3404
213080000,10655,48.492221431,-4.5039224707,129.3404
213100000,10656,48.4922212598,-4.5039221564,129.3404
213120000,10657,48.4922210885,-4.5039218422,129.3404
213140000,10658,48.4922209173,-4.503921528,129.3404
213160000,10659,48.4922207461,-4.5039212137,129.3404
213180000,10660,48.4922205749,-4.5039208995,129.3404
213200000,10661,48.4922204037,-4.5039205852,129.3404
213220000,10662,48.4922202325,-4.503920271,129.3404
213240000,10663,48.4922200613,-4.5039199568,129.3404
213260000,10664,48.4922198901,-4.5039196425,129.3404
213280000,10665,48.4922197189,-4.5039193283,129.3404
213300000,10666,48.4922195477,-4.5039190141,129.3404
213320000,10667,48.4922193765,-4.5039186998,129.3404
213340000,10668,48.4922192053,-4.5039183856,129.3404
213360000,10669,48.4922190341,-4.5039180713,129.3404
213380000,10670,48.4922188629,-4.5039177571,129.3404
213400000,10671,48.4922186917,-4.5039174429,129.3404
213420000,10672,48.4922185205,-4.5039171286,129.3404
213440000,10673,48.4922183493,-4.5039168144,129.3404
213460000,10674,48.4922181781,-4.5039165001,129.3404
213480000,10675,48.4922180069,-4.5039161859,129.3404
213500000,10676,48.4922178357,-4.5039158717,129.3404
213520000,10677,48.4922176645,-4.5039155574,129.3404
213540000,10678,48.4922174933,-4.5039152432,129.3404
213560000,10679,48.492217322,-4.5039149289,129.3404
213580000,10680,48.4922171508,-4.5039146147,129.3404
213600000,10681,48.4922169796,-4.5039143005,129.3404
213620000,10682,48.4922168084,-4.5039139862,129.3404
213640000,10683,48.4922166372,-4.503913672,129.3404
213660000,10684,48.492216466,-4.5039133578,129.3404
213680000,10685,48.4922162948,-4.5039130435,129.3404
213700000,10686,48.4922161236,-4.5039127293,129.3404
213720000,10687,48.4922159524,-4.503912415,129.3404
213740000,10688,48.4922157812,-4.5039121008,129.3404
213760000,10689,48.49221561,-4.5039117866,129.3404
213780000,10690,48.4922154388,-4.5039114723,129.3404
213800000,10691,48.4922152676,-4.5039111581,129.3404
213820000,10692,48.4922150964,-4.5039108438,129.3404
213840000,10693,48.4922149252,-4.5039105296,129.3404
213860000,10694,48.492214754,-4.5039102154,129.3404
213880000,10695,48.4922145828,-4.5039099011,129.3404
213900000,10696,48.4922144116,-4.5039095869,129.3404
213920000,10697,48.4922142404,-4.5039092727,129.3404
213940000,10698,48.4922140692,-4.5039089584,129.3404
213960000,10699,48.492213898,-4.5039086442,129.3404
213980000,10700,48.4922137268,-4.5039083299,129.3404
214000000,10701,48.4922135555,-4.5039080157,129.3404
214020000,10702,48.4922133843,-4.5039077015,129.3404
214040000,10703,48.4922132131,-4.5039073872,129.3404
214060000,10704,48.4922130419,-4.503907073,129.3404
214080000,10705,48.4922128707,-4.5039067588,129.3404
214100000,10706,48.4922126995,-4.5039064445,129.3404
214120000,10707,48.4922125283,-4.5039061303,129.3404
214140000,10708,48.4922123571,-4.503905816,129.3404
214160000,10709,48.4922121859,-4.5039055018,129.3404
214180000,10710,48.4922120147,-4.5039051876,129.3404
214200000,10711,48.4922118435,-4.5039048733,129.3404
214220000,10712,48.4922116723,-4.5039045591,129.3404
214240000,10713,48.4922115011,-4.5039042448,129.3404
214260000,10714,48.4922113299,-4.5039039306,129.3404
214280000,10715,48.4922111587,-4.5039036164,129.3404
214300000,10716,48.4922109875,-4.5039033021,129.3404
214320000,10717,48.4922108163,-4.5039029879,129.3404
214340000,10718,48.4922106451,-4.5039026737,129.3404
214360000,10719,48.4922104739,-4.5039023594,129.3404
214380000,10720,48.4922103027,-4.5039020452,129.3404
214400000,10721,48.4922101315,-4.5039017309,129.3404
214420000,10722,48.4922099603,-4.5039014167,129.3404
214440000,10723,48.4922097891,-4.5039011025,129.3404
214460000,10724,48.4922096178,-4.5039007882,129.3404
214480000,10725,48.4922094466,-4.503900474,129.3404
214500000,10726,48.4922092754,-4.5039001597,129.3404
214520000,10727,48.4922091042,-4.5038998455,129.3404
214540000,10728,48.492208933,-4.5038995313,129.3404
214560000,10729,48.4922087618,-4.503899217,129.3404
214580000,10730,48.4922085906,-4.5038989028,129.3404
214600000,10731,48.4922084194,-4.5038985886,129.3404
214620000,10732,48.4922082482,-4.5038982743,129.3404
214640000,10733,48.492208077,-4.5038979601,129.3404
214660000,10734,48.4922079058,-4.5038976458,129.3404
214680000,10735,48.4922077346,-4.5038973316,129.3404
214700000,10736,48.4922075634,-4.5038970174,129.3404
214720000,10737,48.4922073922,-4.5038967031,129.3404
214740000,10738,48.492207221,-4.5038963889,129.3404
214760000,10739,48.4922070498,-4.5038960746,129.3404
214780000,10740,48.4922068786,-4.5038957604,129.3404
214800000,10741,48.4922067074,-4.5038954462,129.3404
214820000,10742,48.4922065362,-4.5038951319,129.3404
214840000,10743,48.492206365,-4.5038948177,129.3404
214860000,10744,48.4922061938,-4.5038945035,129.3404
214880000,10745,48.4922060226,-4.5038941892,129.3404
214900000,10746,48.4922058513,-4.503893875,129.3404
214920000,10747,48.4922056801,-4.5038935607,129.3404
214940000,10748,48.4922055089,-4.5038932465,129.3404
214960000,10749,48.4922053377,-4.5038929323,129.3404
214980000,10750,48.4922051665,-4.503892618,129.3404
215000000,10751,48.4922049953,-4.5038923038,129.3404
215020000,10752,48.4922048241,-4.5038919895,129.3404
215040000,10753,48.4922046529,-4.5038916753,129.3404
215060000,10754,48.4922044817,-4.5038913611,129.3404
215080000,10755,48.4922043105,-4.5038910468,129.3404
215100000,10756,48.4922041393,-4.5038907326,129.3404
215120000,10757,48.4922039681,-4.5038904184,129.3404
215140000,10758,48.4922037969,-4.5038901041,129.3404
215160000,10759,48.4922036257,-4.5038897899,129.3404
215180000,10760,48.4922034545,-4.5038894756,129.3404
215200000,10761,48.4922032833,-4.5038891614,129.3404
215220000,10762,48.4922031121,-4.5038888472,129.3404
215240000,10763,48.4922029409,-4.5038885329,129.3404
215260000,10764,48.4922027697,-4.5038882187,129.3404
215280000,10765,48.4922025985,-4.5038879044,129.3404
215300000,10766,48.4922024273,-4.5038875902,129.3404
215320000,10767,48.4922022561,-4.503887276,129.3404
215340000,10768,48.4922020848,-4.5038869617,129.3404
215360000,10769,48.4922019136,-4.5038866475,129.3404
215380000,10770,48.4922017424,-4.5038863333,129.3404
215400000,10771,48.4922015712,-4.503886019,129.3404
215420000,10772,48.4922014,-4.5038857048,129.3404
215440000,10773,48.4922012288,-4.5038853905,129.3404
215460000,10774,48.4922010576,-4.5038850763,129.3404
215480000,10775,48.4922008864,-4.5038847621,129.3404
215500000,10776,48.4922007152,-4.5038844478,129.3404
215520000,10777,48.492200544,-4.5038841336,129.3404
215540000,10778,48.4922003728,-4.5038838194,129.3404
215560000,10779,48.4922002016,-4.5038835051,129.3404
215580000,10780,48.4922000304,-4.5038831909,129.3404
215600000,10781,48.4921998592,-4.5038828766,129.3404
215620000,10782,48.492199688,-4.5038825624,129.3404
215640000,10783,48.4921995168,-4.5038822482,129.3404
215660000,10784,48.4921993456,-4.5038819339,129.3404
215680000,10785,48.4921991744,-4.5038816197,129.3404
215700000,10786,48.4921990032,-4.5038813054,129.3404
215720000,10787,48.492198832,-4.5038809912,129.3404
215740000,10788,48.4921986608,-4.503880677,129.3404
215760000,10789,48.4921984896,-4.5038803627,129.3404
215780000,10790,48.4921983183,-4.5038800485,129.3404
215800000,10791,48.4921981471,-4.5038797343,129.3404
215820000,10792,48.4921979759,-4.50387942,129.3404
215840000,10793,48.4921978047,-4.5038791058,129.3404
215860000,10794,48.4921976335,-4.5038787915,129.3404
215880000,10795,48.4921974623,-4.5038784773,129.3404
215900000,10796,48.4921972911,-4.5038781631,129.3404
215920000,10797,48.4921971199,-4.5038778488,129.3404
215940000,10798,48.4921969487,-4.5038775346,129.3404
215960000,10799,48.4921967775,-4.5038772203,129.3404
215980000,10800,48.4921966063,-4.5038769061,129.3404
216000000,10801,48.4921964351,-4.5038765919,129.3404
216020000,10802,48.4921962639,-4.5038762776,129.3404
216040000,10803,48.4921960927,-4.5038759634,129.3404
216060000,10804,48.4921959215,-4.5038756492,129.3404
216080000,10805,48.4921957503,-4.5038753349,129.3404
216100000,10806,48.4921955791,-4.5038750207,129.3404
216120000,10807,48.4921954079,-4.5038747064,129.3404
216140000,10808,48.4921952367,-4.5038743922,129.3404
216160000,10809,48.4921950655,-4.503874078,129.3404
216180000,10810,48.4921948943,-4.5038737637,129.3404
216200000,10811,48.4921947231,-4.5038734495,129.3404
216220000,10812,48.4921945518,-4.5038731353,129.3404
216240000,10813,48.4921943806,-4.503872821,129.3404
216260000,10814,48.4921942094,-4.5038725068,129.3404
216280000,10815,48.4921940382,-4.5038721925,129.3404
216300000,10816,48.492193867,-4.5038718783,129.3404
216320000,10817,48.4921936958,-4.5038715641,129.3404
216340000,10818,48.4921935246,-4.5038712498,129.3404
216360000,10819,48.4921933534,-4.5038709356,129.3404
216380000,10820,48.4921931822,-4.5038706213,129.3404
216400000,10821,48.492193011,-4.5038703071,129.3404
216420000,10822,48.4921928398,-4.5038699929,129.3404
216440000,10823,48.4921926686,-4.5038696786,129.3404
216460000,10824,48.4921924974,-4.5038693644,129.3404
216480000,10825,48.4921923262,-4.5038690502,129.3404
216500000,10826,48.492192155,-4.5038687359,129.3404
216520000,10827,48.4921919838,-4.5038684217,129.3404
216540000,10828,48.4921918126,-4.5038681074,129.3404
216560000,10829,48.4921916414,-4.5038677932,129.3404
216580000,10830,48.4921914702,-4.503867479,129.3404
216600000,10831,48.492191299,-4.5038671647,129.3404
216620000,10832,48.4921911278,-4.5038668505,129.3404
216640000,10833,48.4921909565,-4.5038665363,129.3404
216660000,10834,48.4921907853,-4.503866222,129.3404
216680000,10835,48.4921906141,-4.5038659078,129.3404
216700000,10836,48.4921904429,-4.5038655935,129.3404
216720000,10837,48.4921902717,-4.5038652793,129.3404
216740000,10838,48.4921901005,-4.5038649651,129.3404
216760000,10839,48.4921899293,-4.5038646508,129.3404
216780000,10840,48.4921897581,-4.5038643366,129.3404
216800000,10841,48.4921895869,-4.5038640223,129.3404
216820000,10842,48.4921894157,-4.5038637081,129.3404
216840000,10843,48.4921892445,-4.5038633939,129.3404
216860000,10844,48.4921890733,-4.5038630796,129.3404
216880000,10845,48.4921889021,-4.5038627654,129.3404
216900000,10846,48.4921887309,-4.5038624512,129.3404
216920000,10847,48.4921885597,-4.5038621369,129.3404
216940000,10848,48.4921883885,-4.5038618227,129.3404
216960000,10849,48.4921882173,-4.5038615084,129.3404
216980000,10850,48.4921880461,-4.5038611942,129.3404
217000000,10851,48.4921878749,-4.50386088,129.3404
217020000,10852,48.4921877037,-4.5038605657,129.3404
217040000,10853,48.4921875325,-4.5038602515,129.3404
217060000,10854,48.4921873613,-4.5038599372,129.3404
217080000,10855,48.49218719,-4.503859623,129.3404
217100000,10856,48.4921870188,-4.5038593088,129.3404
217120000,10857,48.4921868476,-4.5038589945,129.3404
217140000,10858,48.4921866764,-4.5038586803,129.3404
217160000,10859,48.4921865052,-4.5038583661,129.3404
217180000,10860,48.492186334,-4.5038580518,129.3404
217200000,10861,48.4921861628,-4.5038577376,129.3404
217220000,10862,48.4921859916,-4.5038574233,129.3404
217240000,10863,48.4921858204,-4.5038571091,129.3404
217260000,10864,48.4921856492,-4.5038567949,129.3404
217280000,10865,48.492185478,-4.5038564806,129.3404
217300000,10866,48.4921853068,-4.5038561664,129.3404
217320000,10867,48.4921851356,-4.5038558522,129.3404
217340000,10868,48.4921849644,-4.5038555379,129.3404
217360000,10869,48.4921847932,-4.5038552237,129.3404
217380000,10870,48.492184622,-4.5038549094,129.3404
217400000,10871,48.4921844508,-4.5038545952,129.3404
217420000,10872,48.4921842796,-4.503854281,129.3404
217440000,10873,48.4921841084,-4.5038539667,129.3404
217460000,10874,48.4921839372,-4.5038536525,129.3404
217480000,10875,48.492183766,-4.5038533383,129.3404
217500000,10876,48.4921835948,-4.503853024,129.3404
217520000,10877,48.4921834235,-4.5038527098,129.3404
217540000,10878,48.4921832523,-4.5038523955,129.3404
217560000,10879,48.4921830811,-4.5038520813,129.3404
217580000,10880,48.4921829099,-4.5038517671,129.3404
217600000,10881,48.4921827387,-4.5038514528,129.3404
217620000,10882,48.4921825675,-4.5038511386,129.3404
217640000,10883,48.4921823963,-4.5038508243,129.3404
217660000,10884,48.4921822251,-4.5038505101,129.3404
217680000,10885,48.4921820539,-4.5038501959,129.3404
217700000,10886,48.4921818827,-4.5038498816,129.3404
217720000,10887,48.4921817115,-4.5038495674,129.3404
217740000,10888,48.4921815403,-4.5038492532,129.3404
217760000,10889,48.4921813691,-4.5038489389,129.3404
217780000,10890,48.4921811979,-4.5038486247,129.3404
217800000,10891,48.4921810267,-4.5038483104,129.3404
217820000,10892,48.4921808555,-4.5038479962,129.3404
217840000,10893,48.4921806843,-4.503847682,129.3404
217860000,10894,48.4921805131,-4.5038473677,129.3404
217880000,10895,48.4921803419,-4.5038470535,129.3404
217900000,10896,48.4921801707,-4.5038467393,129.3404
217920000,10897,48.4921799995,-4.503846425,129.3404
217940000,10898,48.4921798282,-4.5038461108,129.3404
217960000,10899,48.492179657,-4.5038457965,129.3404
217980000,10900,48.4921794858,-4.5038454823,129.3404
218000000,10901,48.4921793146,-4.5038451681,129.3404
218020000,10902,48.4921791434,-4.5038448538,129.3404
218040000,10903,48.4921789722,-4.5038445396,129.3404
218060000,10904,48.492178801,-4.5038442253,129.3404
218080000,10905,48.4921786298,-4.5038439111,129.3404
218100000,10906,48.4921784586,-4.5038435969,129.3404
218120000,10907,48.4921782874,-4.5038432826,129.3404
218140000,10908,48.4921781162,-4.5038429684,129.3404
218160000,10909,48.492177945,-4.5038426542,129.3404
218180000,10910,48.4921777738,-4.5038423399,129.3404
218200000,10911,48.4921776026,-4.5038420257,129.3404
218220000,10912,48.4921774314,-4.5038417114,129.3404
218240000,10913,48.4921772602,-4.5038413972,129.3404
218260000,10914,48.492177089,-4.503841083,129.3404
218280000,10915,48.492177089,-4.503841083,129.3404
218300000,10916,48.4921769747,-4.503840868,127.9614
218320000,10917,48.4921768624,-4.5038406461,126.6334
218340000,10918,48.492176752,-4.5038404174,125.3548
218360000,10919,48.4921766436,-4.5038401821,124.1238
218380000,10920,48.4921765371,-4.5038399403,122.9386
218400000,10921,48.4921764325,-4.5038396919,121.7974
218420000,10922,48.4921763298,-4.5038394373,120.6984
218440000,10923,48.492176229,-4.5038391764,119.6399
218460000,10924,48.4921761301,-4.5038389094,118.6201
218480000,10925,48.4921760331,-4.5038386363,117.6373
218500000,10926,48.492175938,-4.5038383574,116.6898
218520000,10927,48.4921758447,-4.5038380727,115.776
218540000,10928,48.4921757534,-4.5038377823,114.8944
218560000,10929,48.4921756638,-4.5038374863,114.0435
218580000,10930,48.4921755762,-4.5038371849,113.2218
218600000,10931,48.4921754904,-4.5038368781,112.4279
218620000,10932,48.4921754064,-4.503836566,111.6606
218640000,10933,48.4921753242,-4.5038362488,110.9186
218660000,10934,48.4921752439,-4.5038359266,110.2006
218680000,10935,48.4921751654,-4.5038355995,109.5056
218700000,10936,48.4921750887,-4.5038352675,108.8324
218720000,10937,48.4921750138,-4.5038349309,108.1799
218740000,10938,48.4921749407,-4.5038345896,107.5473
218760000,10939,48.4921748694,-4.5038342439,106.9335
218780000,10940,48.4921747999,-4.5038338938,106.3377
218800000,10941,48.4921747322,-4.5038335394,105.759
218820000,10942,48.4921746662,-4.5038331809,105.1966
218840000,10943,48.492174602,-4.5038328183,104.6497
218860000,10944,48.4921745395,-4.5038324518,104.1176
218880000,10945,48.4921744788,-4.5038320815,103.5996
218900000,10946,48.4921744198,-4.5038317074,103.0951
218920000,10947,48.4921743625,-4.5038313297,102.6033
218940000,10948,48.492174307,-4.5038309485,102.1237
218960000,10949,48.4921742532,-4.503830564,101.6557
218980000,10950,48.4921742011,-4.5038301761,101.1988
219000000,10951,48.4921741507,-4.5038297851,100.7524
219020000,10952,48.492174102,-4.503829391,100.3161
219040000,10953,48.492174055,-4.503828994,99.8893
219060000,10954,48.4921740096,-4.5038285941,99.4717
219080000,10955,48.492173966,-4.5038281914,99.0627
219100000,10956,48.492173924,-4.5038277862,98.662
219120000,10957,48.4921738836,-4.5038273784,98.2691
219140000,10958,48.4921738449,-4.5038269682,97.8838
219160000,10959,48.4921738079,-4.5038265557,97.5055
219180000,10960,48.4921737725,-4.503826141,97.134
219200000,10961,48.4921737387,-4.5038257243,96.7689
219220000,10962,48.4921737066,-4.5038253055,96.4099
219240000,10963,48.492173676,-4.5038248849,96.0567
219260000,10964,48.4921736471,-4.5038244626,95.709
219280000,10965,48.4921736198,-4.5038240385,95.3664
219300000,10966,48.4921735941,-4.503823613,95.0288
219320000,10967,48.4921735699,-4.503823186,94.6958
219340000,10968,48.4921735474,-4.5038227577,94.3671
219360000,10969,48.4921735264,-4.5038223282,94.0425
219380000,10970,48.4921735069,-4.5038218976,93.7218
219400000,10971,48.4921734891,-4.503821466,93.4047
219420000,10972,48.4921734728,-4.5038210335,93.091
219440000,10973,48.492173458,-4.5038206003,92.7804
219460000,10974,48.4921734448,-4.5038201664,92.4727
219480000,10975,48.4921734331,-4.5038197319,92.1677
219500000,10976,48.4921734229,-4.503819297,91.8652
219520000,10977,48.4921734142,-4.5038188617,91.5649
219540000,10978,48.4921734071,-4.5038184262,91.2667
219560000,10979,48.4921734014,-4.5038179906,90.9703
219580000,10980,48.4921733973,-4.503817555,90.6755
219600000,10981,48.4921733946,-4.5038171195,90.3821
219620000,10982,48.4921733934,-4.5038166842,90.09
219640000,10983,48.4921733937,-4.5038162492,89.7989
219660000,10984,48.4921733954,-4.5038158146,89.5086
219680000,10985,48.4921733986,-4.5038153806,89.2189
219700000,10986,48.4921734033,-4.5038149472,88.9296
219720000,10987,48.4921734094,-4.5038145146,88.6406
219740000,10988,48.4921734169,-4.5038140828,88.3515
219760000,10989,48.4921734259,-4.503813652,88.0622
219780000,10990,48.4921734363,-4.5038132223,87.7726
219800000,10991,48.4921734481,-4.5038127938,87.4823
219820000,10992,48.4921734613,-4.5038123665,87.1911
219840000,10993,48.4921734759,-4.5038119407,86.899
219860000,10994,48.4921734919,-4.5038115164,86.6055
219880000,10995,48.4921735093,-4.5038110937,86.3106
219900000,10996,48.492173528,-4.5038106728,86.0139
219920000,10997,48.4921735482,-4.5038102537,85.7153
219940000,10998,48.4921735697,-4.5038098366,85.4145
219960000,10999,48.4921735925,-4.5038094215,85.1112
219980000,11000,48.4921736167,-4.5038090086,84.8051
220000000,11001,48.4921736423,-4.503808598,84.4961
220020000,11002,48.4921736692,-4.5038081898,84.1839
220040000,11003,48.4921736974,-4.503807784,83.8681
220060000,11004,48.4921737269,-4.5038073809,83.5484
220080000,11005,48.4921737578,-4.5038069805,83.2246
220100000,11006,48.49217379,-4.5038065829,82.8963
220120000,11007,48.4921738234,-4.5038061883,82.5632
220140000,11008,48.4921738582,-4.5038057967,82.2249
220160000,11009,48.4921738942,-4.5038054083,81.881
220180000,11010,48.4921739315,-4.5038050231,81.5312
220200000,11011,48.4921739701,-4.5038046413,81.175
220220000,11012,48.49217401,-4.503804263,80.8121
220240000,11013,48.4921740511,-4.5038038882,80.4419
220260000,11014,48.4921740934,-4.5038035172,80.064
220280000,11015,48.492174137,-4.50380315,79.6778
220300000,11016,48.4921741819,-4.5038027867,79.2828
220320000,11017,48.4921742279,-4.5038024274,78.8785
220340000,11018,48.4921742752,-4.5038020723,78.4642
220360000,11019,48.4921743237,-4.5038017214,78.0393
220380000,11020,48.4921743734,-4.5038013748,77.603
220400000,11021,48.4921744243,-4.5038010328,77.1547
220420000,11022,48.4921744764,-4.5038006953,76.6936
220440000,11023,48.4921745297,-4.5038003625,76.2187
220460000,11024,48.4921745842,-4.5038000344,75.7293
220480000,11025,48.4921746398,-4.5037997113,75.2243
220500000,11026,48.4921746966,-4.5037993932,74.7026
220520000,11027,48.4921747545,-4.5037990802,74.1633
220540000,11028,48.4921748136,-4.5037987724,73.6049
220560000,11029,48.4921748739,-4.50379847,73.0263
220580000,11030,48.4921749352,-4.503798173,72.4261
220600000,11031,48.4921749977,-4.5037978816,71.8027
220620000,11032,48.4921750614,-4.5037975958,71.1545
220640000,11033,48.4921751261,-4.5037973158,70.4797
220660000,11034,48.4921751919,-4.5037970417,69.7764
220680000,11035,48.4921752589,-4.5037967736,69.0424
220700000,11036,48.4921753269,-4.5037965116,68.2757
220720000,11037,48.492175396,-4.5037962557,67.4736
220740000,11038,48.4921754662,-4.5037960063,66.6336
220760000,11039,48.4921755375,-4.5037957632,65.7526
220780000,11040,48.4921756098,-4.5037955267,64.8277
220800000,11041,48.4921756832,-4.5037952968,63.8552
220820000,11042,48.4921757576,-4.5037950737,62.8316
220840000,11043,48.4921758331,-4.5037948574,61.7528
220860000,11044,48.4921759096,-4.5037946481,60.6143
220880000,11045,48.4921759871,-4.5037944459,59.4115
220900000,11046,48.4921760657,-4.5037942509,58.1391
220920000,11047,48.4921761452,-4.5037940632,56.7917
220940000,11048,48.4921762258,-4.5037938829,55.3633
220960000,11049,48.4921763074,-4.5037937101,53.8476
220980000,11050,48.4921763899,-4.503793545,52.2378
221000000,11051,48.4921764735,-4.5037933876,50.5269
221020000,11052,48.492176558,-4.503793238,48.7075
221040000,11053,48.4921766435,-4.5037930964,46.7721
221060000,11054,48.4921767299,-4.5037929628,44.7132
221080000,11055,48.4921768173,-4.5037928375,42.5233
221100000,11056,48.4921769057,-4.5037927204,40.1958
221120000,11057,48.4921769949,-4.5037926117,37.7244
221140000,11058,48.4921770852,-4.5037925115,35.1045
221160000,11059,48.4921771763,-4.5037924199,32.333
221180000,11060,48.4921772684,-4.503792337,29.4094
221200000,11061,48.4921773614,-4.503792263,26.336
221220000,11062,48.4921774553,-4.5037921979,23.1189
221240000,11063,48.49217755,-4.5037921419,19.768
221260000,11064,48.4921776457,-4.503792095,16.2978
221280000,11065,48.4921777423,-4.5037920573,12.7274
221300000,11066,48.4921778397,-4.5037920291,9.0797
221320000,11067,48.492177938,-4.5037920103,5.3813
221340000,11068,48.4921780372,-4.5037920011,1.6611
221360000,11069,48.4921781372,-4.5037920017,357.9491
221380000,11070,48.492178238,-4.503792012,354.275
221400000,11071,48.4921783397,-4.5037920323,350.6666
221420000,11072,48.4921784423,-4.5037920625,347.1487
221440000,11073,48.4921785456,-4.503792103,343.7424
221460000,11074,48.4921786498,-4.5037921536,340.4644
221480000,11075,48.4921787548,-4.5037922147,337.3269
221500000,11076,48.4921788606,-4.5037922861,334.3377
221520000,11077,48.4921789672,-4.5037923682,331.5011
221540000,11078,48.4921790746,-4.503792461,328.8176
221560000,11079,48.4921791827,-4.5037925645,326.2856
221580000,11080,48.4921792917,-4.5037926789,323.901
221600000,11081,48.4921794014,-4.5037928044,321.6583
221620000,11082,48.4921795119,-4.503792941,319.551
221640000,11083,48.4921796231,-4.5037930888,317.572
221660000,11084,48.492179735,-4.5037932479,315.7138
221680000,11085,48.4921798478,-4.5037934185,313.9688
221700000,11086,48.4921799612,-4.5037936007,312.3297
221720000,11087,48.4921800754,-4.5037937945,310.7892
221740000,11088,48.4921801902,-4.5037940001,309.3404
221760000,11089,48.4921801902,-4.5037940001,309.3404
221780000,11090,48.4921803614,-4.5037943143,309.3404
221800000,11091,48.4921805326,-4.5037946285,309.3404
221820000,11092,48.4921807039,-4.5037949428,309.3404
221840000,11093,48.4921808751,-4.503795257,309.3404
221860000,11094,48.4921810463,-4.5037955713,309.3404
221880000,11095,48.4921812175,-4.5037958855,309.3404
221900000,11096,48.4921813887,-4.5037961997,309.3404
221920000,11097,48.4921815599,-4.503796514,309.3404
221940000,11098,48.4921817311,-4.5037968282,309.3404
221960000,11099,48.4921819023,-4.5037971424,309.3404
221980000,11100,48.4921820735,-4.5037974567,309.3404
222000000,11101,48.4921822447,-4.5037977709,309.3404
222020000,11102,48.4921824159,-4.5037980852,309.3404
222040000,11103,48.4921825871,-4.5037983994,309.3404
222060000,11104,48.4921827583,-4.5037987136,309.3404
222080000,11105,48.4921829295,-4.5037990279,309.3404
222100000,11106,48.4921831007,-4.5037993421,309.3404
222120000,11107,48.4921832719,-4.5037996564,309.3404
222140000,11108,48.4921834431,-4.5037999706,309.3404
222160000,11109,48.4921836143,-4.5038002848,309.3404
222180000,11110,48.4921837855,-4.5038005991,309.3404
222200000,11111,48.4921839567,-4.5038009133,309.3404
222220000,11112,48.4921841279,-4.5038012275,309.3404
222240000,11113,48.4921842992,-4.5038015418,309.3404
222260000,11114,48.4921844704,-4.503801856,309.3404
222280000,11115,48.4921846416,-4.5038021703,309.3404
222300000,11116,48.4921848128,-4.5038024845,309.3404
222320000,11117,48.492184984,-4.5038027987,309.3404
222340000,11118,48.4921851552,-4.503803113,309.3404
222360000,11119,48.4921853264,-4.5038034272,309.3404
222380000,11120,48.4921854976,-4.5038037414,309.3404
222400000,11121,48.4921856688,-4.5038040557,309.3404
222420000,11122,48.49218584,-4.5038043699,309.3404
222440000,11123,48.4921860112,-4.5038046842,309.3404
222460000,11124,48.4921861824,-4.5038049984,309.3404
222480000,11125,48.4921863536,-4.5038053126,309.3404
222500000,11126,48.4921865248,-4.5038056269,309.3404
222520000,11127,48.492186696,-4.5038059411,309.3404
222540000,11128,48.4921868672,-4.5038062553,309.3404
222560000,11129,48.4921870384,-4.5038065696,309.3404
222580000,11130,48.4921872096,-4.5038068838,309.3404
222600000,11131,48.4921873808,-4.5038071981,309.3404
222620000,11132,48.492187552,-4.5038075123,309.3404
222640000,11133,48.4921877232,-4.5038078265,309.3404
222660000,11134,48.4921878945,-4.5038081408,309.3404
222680000,11135,48.4921880657,-4.503808455,309.3404
222700000,11136,48.4921882369,-4.5038087693,309.3404
222720000,11137,48.4921884081,-4.5038090835,309.3404
222740000,11138,48.4921885793,-4.5038093977,309.3404
222760000,11139,48.4921887505,-4.503809712,309.3404
222780000,11140,48.4921889217,-4.5038100262,309.3404
222800000,11141,48.4921890929,-4.5038103404,309.3404
222820000,11142,48.4921892641,-4.5038106547,309.3404
222840000,11143,48.4921894353,-4.5038109689,309.3404
222860000,11144,48.4921896065,-4.5038112832,309.3404
222880000,11145,48.4921897777,-4.5038115974,309.3404
222900000,11146,48.4921899489,-4.5038119116,309.3404
222920000,11147,48.4921901201,-4.5038122259,309.3404
222940000,11148,48.4921902913,-4.5038125401,309.3404
222960000,11149,48.4921904625,-4.5038128543,309.3404
222980000,11150,48.4921906337,-4.5038131686,309.3404
223000000,11151,48.4921908049,-4.5038134828,309.3404
223020000,11152,48.4921909761,-4.5038137971,309.3404
223040000,11153,48.4921911473,-4.5038141113,309.3404
223060000,11154,48.4921913185,-4.5038144255,309.3404
223080000,11155,48.4921914898,-4.5038147398,309.3404
223100000,11156,48.492191661,-4.503815054,309.3404
223120000,11157,48.4921918322,-4.5038153682,309.3404
223140000,11158,48.4921920034,-4.5038156825,309.3404
223160000,11159,48.4921921746,-4.5038159967,309.3404
223180000,11160,48.4921923458,-4.503816311,309.3404
223200000,11161,48.492192517,-4.5038166252,309.3404
223220000,11162,48.4921926882,-4.5038169394,309.3404
223240000,11163,48.4921928594,-4.5038172537,309.3404
223260000,11164,48.4921930306,-4.5038175679,309.3404
223280000,11165,48.4921932018,-4.5038178822,309.3404
223300000,11166,48.492193373,-4.5038181964,309.3404
223320000,11167,48.4921935442,-4.5038185106,309.3404
223340000,11168,48.4921937154,-4.5038188249,309.3404
223360000,11169,48.4921938866,-4.5038191391,309.3404
223380000,11170,48.4921940578,-4.5038194533,309.3404
223400000,11171,48.492194229,-4.5038197676,309.3404
223420000,11172,48.4921944002,-4.5038200818,309.3404
223440000,11173,48.4921945714,-4.5038203961,309.3404
223460000,11174,48.4921947426,-4.5038207103,309.3404
223480000,11175,48.4921949138,-4.5038210245,309.3404
223500000,11176,48.4921950851,-4.5038213388,309.3404
223520000,11177,48.4921952563,-4.503821653,309.3404
223540000,11178,48.4921954275,-4.5038219672,309.3404
223560000,11179,48.4921955987,-4.5038222815,309.3404
223580000,11180,48.4921957699,-4.5038225957,309.3404
223600000,11181,48.4921959411,-4.50382291,309.3404
223620000,11182,48.4921961123,-4.5038232242,309.3404
223640000,11183,48.4921962835,-4.5038235384,309.3404
223660000,11184,48.4921964547,-4.5038238527,309.3404
223680000,11185,48.4921966259,-4.5038241669,309.3404
223700000,11186,48.4921967971,-4.5038244812,309.3404
223720000,11187,48.4921969683,-4.5038247954,309.3404
223740000,11188,48.4921971395,-4.5038251096,309.3404
223760000,11189,48.4921973107,-4.5038254239,309.3404
223780000,11190,48.4921974819,-4.5038257381,309.3404
223800000,11191,48.4921976531,-4.5038260523,309.3404
223820000,11192,48.4921978243,-4.5038263666,309.3404
223840000,11193,48.4921979955,-4.5038266808,309.3404
223860000,11194,48.4921981667,-4.5038269951,309.3404
223880000,11195,48.4921983379,-4.5038273093,309.3404
223900000,11196,48.4921985091,-4.5038276235,309.3404
223920000,11197,48.4921986804,-4.5038279378,309.3404
223940000,11198,48.4921988516,-4.503828252,309.3404
223960000,11199,48.4921990228,-4.5038285662,309.3404
223980000,11200,48.492199194,-4.5038288805,309.3404
224000000,11201,48.4921993652,-4.5038291947,309.3404
224020000,11202,48.4921995364,-4.503829509,309.3404
224040000,11203,48.4921997076,-4.5038298232,309.3404
224060000,11204,48.4921998788,-4.5038301374,309.3404
224080000,11205,48.49220005,-4.5038304517,309.3404
224100000,11206,48.4922002212,-4.5038307659,309.3404
224120000,11207,48.4922003924,-4.5038310801,309.3404
224140000,11208,48.4922005636,-4.5038313944,309.3404
224160000,11209,48.4922007348,-4.5038317086,309.3404
224180000,11210,48.492200906,-4.5038320229,309.3404
224200000,11211,48.4922010772,-4.5038323371,309.3404
224220000,11212,48.4922012484,-4.5038326513,309.3404
224240000,11213,48.4922014196,-4.5038329656,309.3404
224260000,11214,48.4922015908,-4.5038332798,309.3404
224280000,11215,48.492201762,-4.5038335941,309.3404
224300000,11216,48.4922019332,-4.5038339083,309.3404
224320000,11217,48.4922021044,-4.5038342225,309.3404
224340000,11218,48.4922022756,-4.5038345368,309.3404
224360000,11219,48.4922024469,-4.503834851,309.3404
224380000,11220,48.4922026181,-4.5038351652,309.3404
224400000,11221,48.4922027893,-4.5038354795,309.3404
224420000,11222,48.4922029605,-4.5038357937,309.3404
224440000,11223,48.4922031317,-4.503836108,309.3404
224460000,11224,48.4922033029,-4.5038364222,309.3404
224480000,11225,48.4922034741,-4.5038367364,309.3404
224500000,11226,48.4922036453,-4.5038370507,309.3404
224520000,11227,48.4922038165,-4.5038373649,309.3404
224540000,11228,48.4922039877,-4.5038376791,309.3404
224560000,11229,48.4922041589,-4.5038379934,309.3404
224580000,11230,48.4922043301,-4.5038383076,309.3404
224600000,11231,48.4922045013,-4.5038386219,309.3404
224620000,11232,48.4922046725,-4.5038389361,309.3404
224640000,11233,48.4922048437,-4.5038392503,309.3404
224660000,11234,48.4922050149,-4.5038395646,309.3404
224680000,11235,48.4922051861,-4.5038398788,309.3404
224700000,11236,48.4922053573,-4.5038401931,309.3404
224720000,11237,48.4922055285,-4.5038405073,309.3404
224740000,11238,48.4922056997,-4.5038408215,309.3404
224760000,11239,48.4922058709,-4.5038411358,309.3404
224780000,11240,48.4922060422,-4.50384145,309.3404
224800000,11241,48.4922062134,-4.5038417642,309.3404
224820000,11242,48.4922063846,-4.5038420785,309.3404
224840000,11243,48.4922065558,-4.5038423927,309.3404
224860000,11244,48.492206727,-4.503842707,309.3404
224880000,11245,48.4922068982,-4.5038430212,309.3404
224900000,11246,48.4922070694,-4.5038433354,309.3404
224920000,11247,48.4922072406,-4.5038436497,309.3404
224940000,11248,48.4922074118,-4.5038439639,309.3404
224960000,11249,48.492207583,-4.5038442782,309.3404
224980000,11250,48.4922077542,-4.5038445924,309.3404
225000000,11251,48.4922079254,-4.5038449066,309.3404
225020000,11252,48.4922080966,-4.5038452209,309.3404
225040000,11253,48.4922082678,-4.5038455351,309.3404
225060000,11254,48.492208439,-4.5038458493,309.3404
225080000,11255,48.4922086102,-4.5038461636,309.3404
225100000,11256,48.4922087814,-4.5038464778,309.3404
225120000,11257,48.4922089526,-4.5038467921,309.3404
225140000,11258,48.4922091238,-4.5038471063,309.3404
225160000,11259,48.492209295,-4.5038474205,309.3404
225180000,11260,48.4922094662,-4.5038477348,309.3404
225200000,11261,48.4922096375,-4.503848049,309.3404
225220000,11262,48.4922098087,-4.5038483632,309.3404
225240000,11263,48.4922099799,-4.5038486775,309.3404
225260000,11264,48.4922101511,-4.5038489917,309.3404
225280000,11265,48.4922103223,-4.503849306,309.3404
225300000,11266,48.4922104935,-4.5038496202,309.3404
225320000,11267,48.4922106647,-4.5038499344,309.3404
225340000,11268,48.4922108359,-4.5038502487,309.3404
225360000,11269,48.4922110071,-4.5038505629,309.3404
225380000,11270,48.4922111783,-4.5038508772,309.3404
225400000,11271,48.4922113495,-4.5038511914,309.3404
225420000,11272,48.4922115207,-4.5038515056,309.3404
225440000,11273,48.4922116919,-4.5038518199,309.3404
225460000,11274,48.4922118631,-4.5038521341,309.3404
225480000,11275,48.4922120343,-4.5038524483,309.3404
225500000,11276,48.4922122055,-4.5038527626,309.3404
225520000,11277,48.4922123767,-4.5038530768,309.3404
225540000,11278,48.4922125479,-4.5038533911,309.3404
225560000,11279,48.4922127191,-4.5038537053,309.3404
225580000,11280,48.4922128903,-4.5038540195,309.3404
225600000,11281,48.4922130615,-4.5038543338,309.3404
225620000,11282,48.4922132327,-4.503854648,309.3404
225640000,11283,48.492213404,-4.5038549622,309.3404
225660000,11284,48.4922135752,-4.5038552765,309.3404
225680000,11285,48.4922137464,-4.5038555907,309.3404
225700000,11286,48.4922139176,-4.503855905,309.3404
225720000,11287,48.4922140888,-4.5038562192,309.3404
225740000,11288,48.49221426,-4.5038565334,309.3404
225760000,11289,48.4922144312,-4.5038568477,309.3404
225780000,11290,48.4922146024,-4.5038571619,309.3404
225800000,11291,48.4922147736,-4.5038574762,309.3404
225820000,11292,48.4922149448,-4.5038577904,309.3404
225840000,11293,48.492215116,-4.5038581046,309.3404
225860000,11294,48.4922152872,-4.5038584189,309.3404
225880000,11295,48.4922154584,-4.5038587331,309.3404
225900000,11296,48.4922156296,-4.5038590473,309.3404
225920000,11297,48.4922158008,-4.5038593616,309.3404
225940000,11298,48.492215972,-4.5038596758,309.3404
225960000,11299,48.4922161432,-4.5038599901,309.3404
225980000,11300,48.4922163144,-4.5038603043,309.3404
226000000,11301,48.4922164856,-4.5038606185,309.3404
226020000,11302,48.4922166568,-4.5038609328,309.3404
226040000,11303,48.492216828,-4.503861247,309.3404
226060000,11304,48.4922169993,-4.5038615613,309.3404
226080000,11305,48.4922171705,-4.5038618755,309.3404
226100000,11306,48.4922173417,-4.5038621897,309.3404
226120000,11307,48.4922175129,-4.503862504,309.3404
226140000,11308,48.4922176841,-4.5038628182,309.3404
226160000,11309,48.4922178553,-4.5038631324,309.3404
226180000,11310,48.4922180265,-4.5038634467,309.3404
226200000,11311,48.4922181977,-4.5038637609,309.3404
226220000,11312,48.4922183689,-4.5038640752,309.3404
226240000,11313,48.4922185401,-4.5038643894,309.3404
226260000,11314,48.4922187113,-4.5038647036,309.3404
226280000,11315,48.4922188825,-4.5038650179,309.3404
226300000,11316,48.4922190537,-4.5038653321,309.3404
226320000,11317,48.4922192249,-4.5038656464,309.3404
226340000,11318,48.4922193961,-4.5038659606,309.3404
226360000,11319,48.4922195673,-4.5038662748,309.3404
226380000,11320,48.4922197385,-4.5038665891,309.3404
226400000,11321,48.4922199097,-4.5038669033,309.3404
226420000,11322,48.4922200809,-4.5038672175,309.3404
226440000,11323,48.4922202521,-4.5038675318,309.3404
226460000,11324,48.4922204233,-4.503867846,309.3404
226480000,11325,48.4922205945,-4.5038681603,309.3404
226500000,11326,48.4922207658,-4.5038684745,309.3404
226520000,11327,48.492220937,-4.5038687887,309.3404
226540000,11328,48.4922211082,-4.503869103,309.3404
226560000,11329,48.4922212794,-4.5038694172,309.3404
226580000,11330,48.4922214506,-4.5038697314,309.3404
226600000,11331,48.4922216218,-4.5038700457,309.3404
226620000,11332,48.492221793,-4.5038703599,309.3404
226640000,11333,48.4922219642,-4.5038706742,309.3404
226660000,11334,48.4922221354,-4.5038709884,309.3404
226680000,11335,48.4922223066,-4.5038713026,309.3404
226700000,11336,48.4922224778,-4.5038716169,309.3404
226720000,11337,48.492222649,-4.5038719311,309.3404
226740000,11338,48.4922228202,-4.5038722454,309.3404
226760000,11339,48.4922229914,-4.5038725596,309.3404
226780000,11340,48.4922231626,-4.5038728738,309.3404
226800000,11341,48.4922233338,-4.5038731881,309.3404
226820000,11342,48.492223505,-4.5038735023,309.3404
226840000,11343,48.4922236762,-4.5038738165,309.3404
226860000,11344,48.4922238474,-4.5038741308,309.3404
226880000,11345,48.4922240186,-4.503874445,309.3404
226900000,11346,48.4922241898,-4.5038747593,309.3404
226920000,11347,48.492224361,-4.5038750735,309.3404
226940000,11348,48.4922245323,-4.5038753877,309.3404
226960000,11349,48.4922247035,-4.503875702,309.3404
226980000,11350,48.4922248747,-4.5038760162,309.3404
227000000,11351,48.4922250459,-4.5038763305,309.3404
227020000,11352,48.4922252171,-4.5038766447,309.3404
227040000,11353,48.4922253883,-4.5038769589,309.3404
227060000,11354,48.4922255595,-4.5038772732,309.3404
227080000,11355,48.4922257307,-4.5038775874,309.3404
227100000,11356,48.4922259019,-4.5038779016,309.3404
227120000,11357,48.4922260731,-4.5038782159,309.3404
227140000,11358,48.4922262443,-4.5038785301,309.3404
227160000,11359,48.4922264155,-4.5038788444,309.3404
227180000,11360,48.4922265867,-4.5038791586,309.3404
227200000,11361,48.4922267579,-4.5038794728,309.3404
227220000,11362,48.4922269291,-4.5038797871,309.3404
227240000,11363,48.4922271003,-4.5038801013,309.3404
227260000,11364,48.4922272715,-4.5038804156,309.3404
227280000,11365,48.4922274427,-4.5038807298,309.3404
227300000,11366,48.4922276139,-4.503881044,309.3404
227320000,11367,48.4922277851,-4.5038813583,309.3404
227340000,11368,48.4922279563,-4.5038816725,309.3404
227360000,11369,48.4922281275,-4.5038819867,309.3404
227380000,11370,48.4922282988,-4.503882301,309.3404
227400000,11371,48.49222847,-4.5038826152,309.3404
227420000,11372,48.4922286412,-4.5038829295,309.3404
227440000,11373,48.4922288124,-4.5038832437,309.3404
227460000,11374,48.4922289836,-4.5038835579,309.3404
227480000,11375,48.4922291548,-4.5038838722,309.3404
227500000,11376,48.492229326,-4.5038841864,309.3404
227520000,11377,48.4922294972,-4.5038845007,309.3404
227540000,11378,48.4922296684,-4.5038848149,309.3404
227560000,11379,48.4922298396,-4.5038851291,309.3404
227580000,11380,48.4922300108,-4.5038854434,309.3404
227600000,11381,48.492230182,-4.5038857576,309.3404
227620000,11382,48.4922303532,-4.5038860718,309.3404
227640000,11383,48.4922305244,-4.5038863861,309.3404
227660000,11384,48.4922306956,-4.5038867003,309.3404
227680000,11385,48.4922308668,-4.5038870146,309.3404
227700000,11386,48.492231038,-4.5038873288,309.3404
227720000,11387,48.4922312092,-4.503887643,309.3404
227740000,11388,48.4922313804,-4.5038879573,309.3404
227760000,11389,48.4922315516,-4.5038882715,309.3404
227780000,11390,48.4922317228,-4.5038885858,309.3404
227800000,11391,48.492231894,-4.5038889,309.3404
227820000,11392,48.4922320653,-4.5038892142,309.3404
227840000,11393,48.4922322365,-4.5038895285,309.3404
227860000,11394,48.4922324077,-4.5038898427,309.3404
227880000,11395,48.4922325789,-4.5038901569,309.3404
227900000,11396,48.4922327501,-4.5038904712,309.3404
227920000,11397,48.4922329213,-4.5038907854,309.3404
227940000,11398,48.4922330925,-4.5038910997,309.3404
227960000,11399,48.4922332637,-4.5038914139,309.3404
227980000,11400,48.4922334349,-4.5038917281,309.3404
228000000,11401,48.4922336061,-4.5038920424,309.3404
228020000,11402,48.4922337773,-4.5038923566,309.3404
228040000,11403,48.4922339485,-4.5038926709,309.3404
228060000,11404,48.4922341197,-4.5038929851,309.3404
228080000,11405,48.4922342909,-4.5038932993,309.3404
228100000,11406,48.4922344621,-4.5038936136,309.3404
228120000,11407,48.4922346333,-4.5038939278,309.3404
228140000,11408,48.4922348045,-4.503894242,309.3404
228160000,11409,48.4922349757,-4.5038945563,309.3404
228180000,11410,48.4922351469,-4.5038948705,309.3404
228200000,11411,48.4922353181,-4.5038951848,309.3404
228220000,11412,48.4922354893,-4.503895499,309.3404
228240000,11413,48.4922356605,-4.5038958132,309.3404
228260000,11414,48.4922358318,-4.5038961275,309.3404
228280000,11415,48.492236003,-4.5038964417,309.3404
228300000,11416,48.4922361742,-4.503896756,309.3404
228320000,11417,48.4922363454,-4.5038970702,309.3404
228340000,11418,48.4922365166,-4.5038973844,309.3404
228360000,11419,48.4922366878,-4.5038976987,309.3404
228380000,11420,48.492236859,-4.5038980129,309.3404
228400000,11421,48.4922370302,-4.5038983271,309.3404
228420000,11422,48.4922372014,-4.5038986414,309.3404
228440000,11423,48.4922373726,-4.5038989556,309.3404
228460000,11424,48.4922375438,-4.5038992699,309.3404
228480000,11425,48.492237715,-4.5038995841,309.3404
228500000,11426,48.4922378862,-4.5038998983,309.3404
228520000,11427,48.4922380574,-4.5039002126,309.3404
228540000,11428,48.4922382286,-4.5039005268,309.3404
228560000,11429,48.4922383998,-4.5039008411,309.3404
228580000,11430,48.492238571,-4.5039011553,309.3404
228600000,11431,48.4922387422,-4.5039014695,309.3404
228620000,11432,48.4922389134,-4.5039017838,309.3404
228640000,11433,48.4922390846,-4.503902098,309.3404
228660000,11434,48.4922392558,-4.5039024122,309.3404
228680000,11435,48.492239427,-4.5039027265,309.3404
228700000,11436,48.4922395983,-4.5039030407,309.3404
228720000,11437,48.4922397695,-4.503903355,309.3404
228740000,11438,48.4922399407,-4.5039036692,309.3404
228760000,11439,48.4922401119,-4.5039039834,309.3404
228780000,11440,48.4922402831,-4.5039042977,309.3404
228800000,11441,48.4922404543,-4.5039046119,309.3404
228820000,11442,48.4922406255,-4.5039049262,309.3404
228840000,11443,48.4922407967,-4.5039052404,309.3404
228860000,11444,48.4922409679,-4.5039055546,309.3404
228880000,11445,48.4922411391,-4.5039058689,309.3404
228900000,11446,48.4922413103,-4.5039061831,309.3404
228920000,11447,48.4922414815,-4.5039064974,309.3404
228940000,11448,48.4922416527,-4.5039068116,309.3404
228960000,11449,48.4922418239,-4.5039071258,309.3404
228980000,11450,48.4922419951,-4.5039074401,309.3404
229000000,11451,48.4922421663,-4.5039077543,309.3404
229020000,11452,48.4922423375,-4.5039080685,309.3404
229040000,11453,48.4922425087,-4.5039083828,309.3404
229060000,11454,48.4922426799,-4.503908697,309.3404
229080000,11455,48.4922428511,-4.5039090113,309.3404
229100000,11456,48.4922430223,-4.5039093255,309.3404
229120000,11457,48.4922431935,-4.5039096397,309.3404
229140000,11458,48.4922433648,-4.503909954,309.3404
229160000,11459,48.492243536,-4.5039102682,309.3404
229180000,11460,48.4922437072,-4.5039105825,309.3404
229200000,11461,48.4922438784,-4.5039108967,309.3404
229220000,11462,48.4922440496,-4.5039112109,309.3404
229240000,11463,48.4922442208,-4.5039115252,309.3404
229260000,11464,48.492244392,-4.5039118394,309.3404
229280000,11465,48.4922445632,-4.5039121536,309.3404
229300000,11466,48.4922447344,-4.5039124679,309.3404
229320000,11467,48.4922449056,-4.5039127821,309.3404
229340000,11468,48.4922450768,-4.5039130964,309.3404
229360000,11469,48.492245248,-4.5039134106,309.3404
229380000,11470,48.4922454192,-4.5039137248,309.3404
229400000,11471,48.4922455904,-4.5039140391,309.3404
229420000,11472,48.4922457616,-4.5039143533,309.3404
229440000,11473,48.4922459328,-4.5039146676,309.3404
229460000,11474,48.492246104,-4.5039149818,309.3404
229480000,11475,48.4922462752,-4.503915296,309.3404
229500000,11476,48.4922464464,-4.5039156103,309.3404
229520000,11477,48.4922466176,-4.5039159245,309.3404
229540000,11478,48.4922467888,-4.5039162387,309.3404
229560000,11479,48.49224696,-4.503916553,309.3404
229580000,11480,48.4922471313,-4.5039168672,309.3404
229600000,11481,48.4922473025,-4.5039171815,309.3404
229620000,11482,48.4922474737,-4.5039174957,309.3404
229640000,11483,48.4922476449,-4.5039178099,309.3404
229660000,11484,48.4922478161,-4.5039181242,309.3404
229680000,11485,48.4922479873,-4.5039184384,309.3404
229700000,11486,48.4922481585,-4.5039187527,309.3404
229720000,11487,48.4922483297,-4.5039190669,309.3404
229740000,11488,48.4922485009,-4.5039193811,309.3404
229760000,11489,48.4922486721,-4.5039196954,309.3404
229780000,11490,48.4922488433,-4.5039200096,309.3404
229800000,11491,48.4922490145,-4.5039203239,309.3404
229820000,11492,48.4922491857,-4.5039206381,309.3404
229840000,11493,48.4922493569,-4.5039209523,309.3404
229860000,11494,48.4922495281,-4.5039212666,309.3404
229880000,11495,48.4922496993,-4.5039215808,309.3404
229900000,11496,48.4922498705,-4.503921895,309.3404
229920000,11497,48.4922500417,-4.5039222093,309.3404
229940000,11498,48.4922502129,-4.5039225235,309.3404
229960000,11499,48.4922503841,-4.5039228378,309.3404
229980000,11500,48.4922505553,-4.503923152,309.3404
230000000,11501,48.4922507265,-4.5039234662,309.3404
230020000,11502,48.4922508977,-4.5039237805,309.3404
230040000,11503,48.492251069,-4.5039240947,309.3404
230060000,11504,48.4922512402,-4.503924409,309.3404
230080000,11505,48.4922514114,-4.5039247232,309.3404
230100000,11506,48.4922515826,-4.5039250374,309.3404
230120000,11507,48.4922517538,-4.5039253517,309.3404
230140000,11508,48.492251925,-4.5039256659,309.3404
230160000,11509,48.4922520962,-4.5039259801,309.3404
230180000,11510,48.4922522674,-4.5039262944,309.3404
230200000,11511,48.4922524386,-4.5039266086,309.3404
230220000,11512,48.4922526098,-4.5039269229,309.3404
230240000,11513,48.492252781,-4.5039272371,309.3404
230260000,11514,48.4922529522,-4.5039275513,309.3404
230280000,11515,48.4922531234,-4.5039278656,309.3404
230300000,11516,48.4922532946,-4.5039281798,309.3404
230320000,11517,48.4922534658,-4.5039284941,309.3404
230340000,11518,48.492253637,-4.5039288083,309.3404
230360000,11519,48.4922538082,-4.5039291225,309.3404
230380000,11520,48.4922539794,-4.5039294368,309.3404
230400000,11521,48.4922541506,-4.503929751,309.3404
230420000,11522,48.4922543218,-4.5039300653,309.3404
230440000,11523,48.492254493,-4.5039303795,309.3404
230460000,11524,48.4922546642,-4.5039306937,309.3404
230480000,11525,48.4922548355,-4.503931008,309.3404
230500000,11526,48.4922550067,-4.5039313222,309.3404
230520000,11527,48.4922551779,-4.5039316364,309.3404
230540000,11528,48.4922553491,-4.5039319507,309.3404
230560000,11529,48.4922555203,-4.5039322649,309.3404
230580000,11530,48.4922556915,-4.5039325792,309.3404
230600000,11531,48.4922558627,-4.5039328934,309.3404
230620000,11532,48.4922560339,-4.5039332076,309.3404
230640000,11533,48.4922562051,-4.5039335219,309.3404
230660000,11534,48.4922563763,-4.5039338361,309.3404
230680000,11535,48.4922565475,-4.5039341504,309.3404
230700000,11536,48.4922567187,-4.5039344646,309.3404
230720000,11537,48.4922568899,-4.5039347788,309.3404
230740000,11538,48.4922570611,-4.5039350931,309.3404
230760000,11539,48.4922572323,-4.5039354073,309.3404
230780000,11540,48.4922574035,-4.5039357215,309.3404
230800000,11541,48.4922575747,-4.5039360358,309.3404
230820000,11542,48.4922577459,-4.50393635,309.3404
230840000,11543,48.4922579171,-4.5039366643,309.3404
230860000,11544,48.4922580883,-4.5039369785,309.3404
230880000,11545,48.4922582595,-4.5039372927,309.3404
230900000,11546,48.4922584307,-4.503937607,309.3404
230920000,11547,48.4922586019,-4.5039379212,309.3404
230940000,11548,48.4922587732,-4.5039382355,309.3404
230960000,11549,48.4922589444,-4.5039385497,309.3404
230980000,11550,48.4922591156,-4.5039388639,309.3404
231000000,11551,48.4922592868,-4.5039391782,309.3404
231020000,11552,48.492259458,-4.5039394924,309.3404
231040000,11553,48.4922596292,-4.5039398067,309.3404
231060000,11554,48.4922598004,-4.5039401209,309.3404
231080000,11555,48.4922599716,-4.5039404351,309.3404
231100000,11556,48.4922601428,-4.5039407494,309.3404
231120000,11557,48.492260314,-4.5039410636,309.3404
231140000,11558,48.4922604852,-4.5039413778,309.3404
231160000,11559,48.4922606564,-4.5039416921,309.3404
231180000,11560,48.4922608276,-4.5039420063,309.3404
231200000,11561,48.4922609988,-4.5039423206,309.3404
231220000,11562,48.49226117,-4.5039426348,309.3404
231240000,11563,48.4922613412,-4.503942949,309.3404
231260000,11564,48.4922615124,-4.5039432633,309.3404
231280000,11565,48.4922616836,-4.5039435775,309.3404
231300000,11566,48.4922618548,-4.5039438918,309.3404
231320000,11567,48.492262026,-4.503944206,309.3404
231340000,11568,48.4922621972,-4.5039445202,309.3404
231360000,11569,48.4922623684,-4.5039448345,309.3404
231380000,11570,48.4922625396,-4.5039451487,309.3404
231400000,11571,48.4922627109,-4.503945463,309.3404
231420000,11572,48.4922628821,-4.5039457772,309.3404
231440000,11573,48.4922630533,-4.5039460914,309.3404
231460000,11574,48.4922632245,-4.5039464057,309.3404
231480000,11575,48.4922633957,-4.5039467199,309.3404
231500000,11576,48.4922635669,-4.5039470341,309.3404
231520000,11577,48.4922637381,-4.5039473484,309.3404
231540000,11578,48.4922639093,-4.5039476626,309.3404
231560000,11579,48.4922640805,-4.5039479769,309.3404
231580000,11580,48.4922642517,-4.5039482911,309.3404
231600000,11581,48.4922644229,-4.5039486053,309.3404
231620000,11582,48.4922645941,-4.5039489196,309.3404
231640000,11583,48.4922647653,-4.5039492338,309.3404
231660000,11584,48.4922649365,-4.5039495481,309.3404
231680000,11585,48.4922651077,-4.5039498623,309.3404
231700000,11586,48.4922652789,-4.5039501765,309.3404
231720000,11587,48.4922654501,-4.5039504908,309.3404
231740000,11588,48.4922656213,-4.503950805,309.3404
231760000,11589,48.4922657925,-4.5039511193,309.3404
231780000,11590,48.4922659637,-4.5039514335,309.3404
231800000,11591,48.4922661349,-4.5039517477,309.3404
231820000,11592,48.4922663061,-4.503952062,309.3404
231840000,11593,48.4922664773,-4.5039523762,309.3404
231860000,11594,48.4922666486,-4.5039526904,309.3404
231880000,11595,48.4922668198,-4.5039530047,309.3404
231900000,11596,48.492266991,-4.5039533189,309.3404
231920000,11597,48.4922671622,-4.5039536332,309.3404
231940000,11598,48.4922673334,-4.5039539474,309.3404
231960000,11599,48.4922675046,-4.5039542616,309.3404
231980000,11600,48.4922676758,-4.5039545759,309.3404
232000000,11601,48.492267847,-4.5039548901,309.3404
232020000,11602,48.4922680182,-4.5039552044,309.3404
232040000,11603,48.4922681894,-4.5039555186,309.3404
232060000,11604,48.4922683606,-4.5039558328,309.3404
232080000,11605,48.4922685318,-4.5039561471,309.3404
232100000,11606,48.492268703,-4.5039564613,309.3404
232120000,11607,48.4922688742,-4.5039567756,309.3404
232140000,11608,48.4922690454,-4.5039570898,309.3404
232160000,11609,48.4922692166,-4.503957404,309.3404
232180000,11610,48.4922693878,-4.5039577183,309.3404
232200000,11611,48.492269559,-4.5039580325,309.3404
232220000,11612,48.4922697302,-4.5039583467,309.3404
232240000,11613,48.4922699014,-4.503958661,309.3404
232260000,11614,48.4922700726,-4.5039589752,309.3404
232280000,11615,48.4922702438,-4.5039592895,309.3404
232300000,11616,48.492270415,-4.5039596037,309.3404
232320000,11617,48.4922705863,-4.5039599179,309.3404
232340000,11618,48.4922707575,-4.5039602322,309.3404
232360000,11619,48.4922709287,-4.5039605464,309.3404
232380000,11620,48.4922710999,-4.5039608607,309.3404
232400000,11621,48.4922712711,-4.5039611749,309.3404
232420000,11622,48.4922714423,-4.5039614891,309.3404
232440000,11623,48.4922716135,-4.5039618034,309.3404
232460000,11624,48.4922717847,-4.5039621176,309.3404
232480000,11625,48.4922719559,-4.5039624319,309.3404
232500000,11626,48.4922721271,-4.5039627461,309.3404
232520000,11627,48.4922722983,-4.5039630603,309.3404
232540000,11628,48.4922724695,-4.5039633746,309.3404
232560000,11629,48.4922726407,-4.5039636888,309.3404
232580000,11630,48.4922728119,-4.503964003,309.3404
232600000,11631,48.4922729831,-4.5039643173,309.3404
232620000,11632,48.4922731543,-4.5039646315,309.3404
232640000,11633,48.4922733255,-4.5039649458,309.3404
232660000,11634,48.4922734967,-4.50396526,309.3404
232680000,11635,48.4922736679,-4.5039655742,309.3404
232700000,11636,48.4922738391,-4.5039658885,309.3404
232720000,11637,48.4922740103,-4.5039662027,309.3404
232740000,11638,48.4922741815,-4.503966517,309.3404
232760000,11639,48.4922743527,-4.5039668312,309.3404
232780000,11640,48.492274524,-4.5039671454,309.3404
232800000,11641,48.4922746952,-4.5039674597,309.3404
232820000,11642,48.4922748664,-4.5039677739,309.3404
232840000,11643,48.4922750376,-4.5039680882,309.3404
232860000,11644,48.4922752088,-4.5039684024,309.3404
232880000,11645,48.49227538,-4.5039687166,309.3404
232900000,11646,48.4922755512,-4.5039690309,309.3404
232920000,11647,48.4922757224,-4.5039693451,309.3404
232940000,11648,48.4922758936,-4.5039696594,309.3404
232960000,11649,48.4922760648,-4.5039699736,309.3404
232980000,11650,48.492276236,-4.5039702878,309.3404
233000000,11651,48.4922764072,-4.5039706021,309.3404
233020000,11652,48.4922765784,-4.5039709163,309.3404
233040000,11653,48.4922767496,-4.5039712305,309.3404
233060000,11654,48.4922769208,-4.5039715448,309.3404
233080000,11655,48.492277092,-4.503971859,309.3404
233100000,11656,48.4922772632,-4.5039721733,309.3404
233120000,11657,48.4922774344,-4.5039724875,309.3404
233140000,11658,48.4922776056,-4.5039728017,309.3404
233160000,11659,48.4922777768,-4.503973116,309.3404
233180000,11660,48.492277948,-4.5039734302,309.3404
233200000,11661,48.4922781192,-4.5039737445,309.3404
233220000,11662,48.4922782904,-4.5039740587,309.3404
233240000,11663,48.4922784617,-4.5039743729,309.3404
233260000,11664,48.4922786329,-4.5039746872,309.3404
233280000,11665,48.4922788041,-4.5039750014,309.3404
233300000,11666,48.4922789753,-4.5039753157,309.3404
233320000,11667,48.4922791465,-4.5039756299,309.3404
233340000,11668,48.4922793177,-4.5039759441,309.3404
233360000,11669,48.4922794889,-4.5039762584,309.3404
233380000,11670,48.4922796601,-4.5039765726,309.3404
233400000,11671,48.4922798313,-4.5039768868,309.3404
233420000,11672,48.4922800025,-4.5039772011,309.3404
233440000,11673,48.4922801737,-4.5039775153,309.3404
233460000,11674,48.4922803449,-4.5039778296,309.3404
233480000,11675,48.4922805161,-4.5039781438,309.3404
233500000,11676,48.4922806873,-4.503978458,309.3404
233520000,11677,48.4922808585,-4.5039787723,309.3404
233540000,11678,48.4922810297,-4.5039790865,309.3404
233560000,11679,48.4922812009,-4.5039794008,309.3404
233580000,11680,48.4922813721,-4.503979715,309.3404
233600000,11681,48.4922815433,-4.5039800292,309.3404
233620000,11682,48.4922817145,-4.5039803435,309.3404
233640000,11683,48.4922818857,-4.5039806577,309.3404
233660000,11684,48.4922820569,-4.503980972,309.3404
233680000,11685,48.4922822281,-4.5039812862,309.3404
233700000,11686,48.4922823994,-4.5039816004,309.3404
233720000,11687,48.4922825706,-4.5039819147,309.3404
233740000,11688,48.4922827418,-4.5039822289,309.3404
233760000,11689,48.492282913,-4.5039825432,309.3404
233780000,11690,48.4922830842,-4.5039828574,309.3404
233800000,11691,48.4922832554,-4.5039831716,309.3404
233820000,11692,48.4922834266,-4.5039834859,309.3404
233840000,11693,48.4922835978,-4.5039838001,309.3404
233860000,11694,48.492283769,-4.5039841143,309.3404
233880000,11695,48.4922839402,-4.5039844286,309.3404
233900000,11696,48.4922841114,-4.5039847428,309.3404
233920000,11697,48.4922842826,-4.5039850571,309.3404
233940000,11698,48.4922844538,-4.5039853713,309.3404
233960000,11699,48.492284625,-4.5039856855,309.3404
233980000,11700,48.4922847962,-4.5039859998,309.3404
234000000,11701,48.4922849674,-4.503986314,309.3404
234020000,11702,48.4922851386,-4.5039866283,309.3404
234040000,11703,48.4922853098,-4.5039869425,309.3404
234060000,11704,48.492285481,-4.5039872567,309.3404
234080000,11705,48.4922856522,-4.503987571,309.3404
234100000,11706,48.4922858234,-4.5039878852,309.3404
234120000,11707,48.4922859946,-4.5039881995,309.3404
234140000,11708,48.4922861658,-4.5039885137,309.3404
234160000,11709,48.4922863371,-4.5039888279,309.3404
234180000,11710,48.4922865083,-4.5039891422,309.3404
234200000,11711,48.4922866795,-4.5039894564,309.3404
234220000,11712,48.4922868507,-4.5039897707,309.3404
234240000,11713,48.4922870219,-4.5039900849,309.3404
234260000,11714,48.4922871931,-4.5039903991,309.3404
234280000,11715,48.4922873643,-4.5039907134,309.3404
234300000,11716,48.4922875355,-4.5039910276,309.3404
234320000,11717,48.4922877067,-4.5039913418,309.3404
234340000,11718,48.4922878779,-4.5039916561,309.3404
234360000,11719,48.4922880491,-4.5039919703,309.3404
234380000,11720,48.4922882203,-4.5039922846,309.3404
234400000,11721,48.4922883915,-4.5039925988,309.3404
234420000,11722,48.4922885627,-4.503992913,309.3404
234440000,11723,48.4922887339,-4.5039932273,309.3404
234460000,11724,48.4922889051,-4.5039935415,309.3404
234480000,11725,48.4922890763,-4.5039938558,309.3404
234500000,11726,48.4922892475,-4.50399417,309.3404
234520000,11727,48.4922894187,-4.5039944842,309.3404
234540000,11728,48.4922895899,-4.5039947985,309.3404
234560000,11729,48.4922897611,-4.5039951127,309.3404
234580000,11730,48.4922899323,-4.503995427,309.3404
234600000,11731,48.4922901035,-4.5039957412,309.3404
234620000,11732,48.4922902747,-4.5039960554,309.3404
234640000,11733,48.492290446,-4.5039963697,309.3404
234660000,11734,48.4922906172,-4.5039966839,309.3404
234680000,11735,48.4922907884,-4.5039969982,309.3404
234700000,11736,48.4922909596,-4.5039973124,309.3404
234720000,11737,48.4922911308,-4.5039976266,309.3404
234740000,11738,48.492291302,-4.5039979409,309.3404
234760000,11739,48.4922914732,-4.5039982551,309.3404
234780000,11740,48.4922916444,-4.5039985693,309.3404
234800000,11741,48.4922918156,-4.5039988836,309.3404
234820000,11742,48.4922919868,-4.5039991978,309.3404
234840000,11743,48.492292158,-4.5039995121,309.3404
234860000,11744,48.4922923292,-4.5039998263,309.3404
234880000,11745,48.4922925004,-4.5040001405,309.3404
234900000,11746,48.4922926716,-4.5040004548,309.3404
234920000,11747,48.4922928428,-4.504000769,309.3404
234940000,11748,48.492293014,-4.5040010833,309.3404
234960000,11749,48.4922931852,-4.5040013975,309.3404
234980000,11750,48.4922933564,-4.5040017117,309.3404
235000000,11751,48.4922935276,-4.504002026,309.3404
235020000,11752,48.4922936988,-4.5040023402,309.3404
235040000,11753,48.49229387,-4.5040026545,309.3404
235060000,11754,48.4922940412,-4.5040029687,309.3404
235080000,11755,48.4922942124,-4.5040032829,309.3404
235100000,11756,48.4922943837,-4.5040035972,309.3404
235120000,11757,48.4922945549,-4.5040039114,309.3404
235140000,11758,48.4922947261,-4.5040042257,309.3404
235160000,11759,48.4922948973,-4.5040045399,309.3404
235180000,11760,48.4922950685,-4.5040048541,309.3404
235200000,11761,48.4922952397,-4.5040051684,309.3404
235220000,11762,48.4922954109,-4.5040054826,309.3404
235240000,11763,48.4922955821,-4.5040057969,309.3404
235260000,11764,48.4922957533,-4.5040061111,309.3404
235280000,11765,48.4922959245,-4.5040064253,309.3404
235300000,11766,48.4922960957,-4.5040067396,309.3404
235320000,11767,48.4922962669,-4.5040070538,309.3404
235340000,11768,48.4922964381,-4.504007368,309.3404
235360000,11769,48.4922966093,-4.5040076823,309.3404
235380000,11770,48.4922967805,-4.5040079965,309.3404
235400000,11771,48.4922969517,-4.5040083108,309.3404
235420000,11772,48.4922971229,-4.504008625,309.3404
235440000,11773,48.4922972941,-4.5040089392,309.3404
235460000,11774,48.4922974653,-4.5040092535,309.3404
235480000,11775,48.4922976365,-4.5040095677,309.3404
235500000,11776,48.4922978077,-4.504009882,309.3404
235520000,11777,48.4922979789,-4.5040101962,309.3404
235540000,11778,48.4922981501,-4.5040105104,309.3404
235560000,11779,48.4922983213,-4.5040108247,309.3404
235580000,11780,48.4922984926,-4.5040111389,309.3404
235600000,11781,48.4922986638,-4.5040114532,309.3404
235620000,11782,48.492298835,-4.5040117674,309.3404
235640000,11783,48.4922990062,-4.5040120816,309.3404
235660000,11784,48.4922991774,-4.5040123959,309.3404
235680000,11785,48.4922993486,-4.5040127101,309.3404
235700000,11786,48.4922995198,-4.5040130244,309.3404
235720000,11787,48.492299691,-4.5040133386,309.3404
235740000,11788,48.4922998622,-4.5040136528,309.3404
235760000,11789,48.4923000334,-4.5040139671,309.3404
235780000,11790,48.4923002046,-4.5040142813,309.3404
235800000,11791,48.4923003758,-4.5040145956,309.3404
235820000,11792,48.492300547,-4.5040149098,309.3404
235840000,11793,48.4923007182,-4.504015224,309.3404
235860000,11794,48.4923008894,-4.5040155383,309.3404
235880000,11795,48.4923010606,-4.5040158525,309.3404
235900000,11796,48.4923012318,-4.5040161667,309.3404
235920000,11797,48.492301403,-4.504016481,309.3404
235940000,11798,48.4923015742,-4.5040167952,309.3404
235960000,11799,48.4923017454,-4.5040171095,309.3404
235980000,11800,48.4923019166,-4.5040174237,309.3404
236000000,11801,48.4923020878,-4.5040177379,309.3404
236020000,11802,48.492302259,-4.5040180522,309.3404
236040000,11803,48.4923024302,-4.5040183664,309.3404
236060000,11804,48.4923026015,-4.5040186807,309.3404
236080000,11805,48.4923027727,-4.5040189949,309.3404
236100000,11806,48.4923029439,-4.5040193091,309.3404
236120000,11807,48.4923031151,-4.5040196234,309.3404
236140000,11808,48.4923032863,-4.5040199376,309.3404
236160000,11809,48.4923034575,-4.5040202519,309.3404
236180000,11810,48.4923036287,-4.5040205661,309.3404
236200000,11811,48.4923037999,-4.5040208803,309.3404
236220000,11812,48.4923039711,-4.5040211946,309.3404
236240000,11813,48.4923041423,-4.5040215088,309.3404
236260000,11814,48.4923043135,-4.5040218231,309.3404
236280000,11815,48.4923044847,-4.5040221373,309.3404
236300000,11816,48.4923046559,-4.5040224515,309.3404
236320000,11817,48.4923048271,-4.5040227658,309.3404
236340000,11818,48.4923049983,-4.50402308,309.3404
236360000,11819,48.4923051695,-4.5040233943,309.3404
236380000,11820,48.4923053407,-4.5040237085,309.3404
236400000,11821,48.4923055119,-4.5040240227,309.3404
236420000,11822,48.4923056831,-4.504024337,309.3404
236440000,11823,48.4923058543,-4.5040246512,309.3404
236460000,11824,48.4923060255,-4.5040249655,309.3404
236480000,11825,48.4923061967,-4.5040252797,309.3404
236500000,11826,48.4923063679,-4.5040255939,309.3404
236520000,11827,48.4923065391,-4.5040259082,309.3404
236540000,11828,48.4923067104,-4.5040262224,309.3404
236560000,11829,48.4923068816,-4.5040265366,309.3404
236580000,11830,48.4923070528,-4.5040268509,309.3404
236600000,11831,48.492307224,-4.5040271651,309.3404
236620000,11832,48.4923073952,-4.5040274794,309.3404
236640000,11833,48.4923075664,-4.5040277936,309.3404
236660000,11834,48.4923077376,-4.5040281078,309.3404
236680000,11835,48.4923079088,-4.5040284221,309.3404
236700000,11836,48.49230808,-4.5040287363,309.3404
236720000,11837,48.4923082512,-4.5040290506,309.3404
236740000,11838,48.4923084224,-4.5040293648,309.3404
236760000,11839,48.4923085936,-4.504029679,309.3404
236780000,11840,48.4923087648,-4.5040299933,309.3404
236800000,11841,48.492308936,-4.5040303075,309.3404
236820000,11842,48.4923091072,-4.5040306218,309.3404
236840000,11843,48.4923092784,-4.504030936,309.3404
236860000,11844,48.4923094496,-4.5040312502,309.3404
236880000,11845,48.4923096208,-4.5040315645,309.3404
236900000,11846,48.492309792,-4.5040318787,309.3404
236920000,11847,48.4923099632,-4.504032193,309.3404
236940000,11848,48.4923101344,-4.5040325072,309.3404
236960000,11849,48.4923103056,-4.5040328214,309.3404
236980000,11850,48.4923104768,-4.5040331357,309.3404
237000000,11851,48.492310648,-4.5040334499,309.3404
237020000,11852,48.4923108193,-4.5040337642,309.3404
237040000,11853,48.4923109905,-4.5040340784,309.3404
237060000,11854,48.4923111617,-4.5040343926,309.3404
237080000,11855,48.4923113329,-4.5040347069,309.3404
237100000,11856,48.4923115041,-4.5040350211,309.3404
237120000,11857,48.4923116753,-4.5040353354,309.3404
237140000,11858,48.4923118465,-4.5040356496,309.3404
237160000,11859,48.4923120177,-4.5040359638,309.3404
237180000,11860,48.4923121889,-4.5040362781,309.3404
237200000,11861,48.4923123601,-4.5040365923,309.3404
237220000,11862,48.4923125313,-4.5040369065,309.3404
237240000,11863,48.4923127025,-4.5040372208,309.3404
237260000,11864,48.4923128737,-4.504037535,309.3404
237280000,11865,48.4923130449,-4.5040378493,309.3404
237300000,11866,48.4923132161,-4.5040381635,309.3404
237320000,11867,48.4923133873,-4.5040384777,309.3404
237340000,11868,48.4923135585,-4.504038792,309.3404
237360000,11869,48.4923137297,-4.5040391062,309.3404
237380000,11870,48.4923139009,-4.5040394205,309.3404
237400000,11871,48.4923140721,-4.5040397347,309.3404
237420000,11872,48.4923142433,-4.5040400489,309.3404
237440000,11873,48.4923144145,-4.5040403632,309.3404
237460000,11874,48.4923145857,-4.5040406774,309.3404
237480000,11875,48.4923147569,-4.5040409917,309.3404
237500000,11876,48.4923149282,-4.5040413059,309.3404
237520000,11877,48.4923150994,-4.5040416201,309.3404
237540000,11878,48.4923152706,-4.5040419344,309.3404
237560000,11879,48.4923154418,-4.5040422486,309.3404
237580000,11880,48.492315613,-4.5040425629,309.3404
237600000,11881,48.4923157842,-4.5040428771,309.3404
237620000,11882,48.4923159554,-4.5040431913,309.3404
237640000,11883,48.4923161266,-4.5040435056,309.3404
237660000,11884,48.4923162978,-4.5040438198,309.3404
237680000,11885,48.492316469,-4.5040441341,309.3404
237700000,11886,48.4923166402,-4.5040444483,309.3404
237720000,11887,48.4923168114,-4.5040447625,309.3404
237740000,11888,48.4923169826,-4.5040450768,309.3404
237760000,11889,48.4923171538,-4.504045391,309.3404
237780000,11890,48.492317325,-4.5040457053,309.3404
237800000,11891,48.4923174962,-4.5040460195,309.3404
237820000,11892,48.4923176674,-4.5040463337,309.3404
237840000,11893,48.4923178386,-4.504046648,309.3404
237860000,11894,48.4923180098,-4.5040469622,309.3404
237880000,11895,48.492318181,-4.5040472765,309.3404
237900000,11896,48.4923183522,-4.5040475907,309.3404
237920000,11897,48.4923185234,-4.5040479049,309.3404
237940000,11898,48.4923186946,-4.5040482192,309.3404
237960000,11899,48.4923188658,-4.5040485334,309.3404
237980000,11900,48.4923190371,-4.5040488477,309.3404
238000000,11901,48.4923192083,-4.5040491619,309.3404
238020000,11902,48.4923193795,-4.5040494761,309.3404
238040000,11903,48.4923195507,-4.5040497904,309.3404
238060000,11904,48.4923197219,-4.5040501046,309.3404
238080000,11905,48.4923198931,-4.5040504188,309.3404
238100000,11906,48.4923200643,-4.5040507331,309.3404
238120000,11907,48.4923202355,-4.5040510473,309.3404
238140000,11908,48.4923204067,-4.5040513616,309.3404
238160000,11909,48.4923205779,-4.5040516758,309.3404
238180000,11910,48.4923207491,-4.50405199,309.3404
238200000,11911,48.4923209203,-4.5040523043,309.3404
238220000,11912,48.4923210915,-4.5040526185,309.3404
238240000,11913,48.4923212627,-4.5040529328,309.3404
238260000,11914,48.4923214339,-4.504053247,309.3404
238280000,11915,48.4923216051,-4.5040535612,309.3404
238300000,11916,48.4923217763,-4.5040538755,309.3404
238320000,11917,48.4923219475,-4.5040541897,309.3404
238340000,11918,48.4923221187,-4.504054504,309.3404
238360000,11919,48.4923222899,-4.5040548182,309.3404
238380000,11920,48.4923224611,-4.5040551324,309.3404
238400000,11921,48.4923226323,-4.5040554467,309.3404
238420000,11922,48.4923228035,-4.5040557609,309.3404
238440000,11923,48.4923229747,-4.5040560752,309.3404
238460000,11924,48.4923231459,-4.5040563894,309.3404
238480000,11925,48.4923233172,-4.5040567036,309.3404
238500000,11926,48.4923234884,-4.5040570179,309.3404
238520000,11927,48.4923236596,-4.5040573321,309.3404
238540000,11928,48.4923238308,-4.5040576464,309.3404
238560000,11929,48.492324002,-4.5040579606,309.3404
238580000,11930,48.4923241732,-4.5040582748,309.3404
238600000,11931,48.4923243444,-4.5040585891,309.3404
238620000,11932,48.4923245156,-4.5040589033,309.3404
238640000,11933,48.4923246868,-4.5040592176,309.3404
238660000,11934,48.492324858,-4.5040595318,309.3404
238680000,11935,48.4923250292,-4.504059846,309.3404
238700000,11936,48.4923252004,-4.5040601603,309.3404
238720000,11937,48.4923253716,-4.5040604745,309.3404
238740000,11938,48.4923255428,-4.5040607888,309.3404
238760000,11939,48.492325714,-4.504061103,309.3404
238780000,11940,48.4923258852,-4.5040614172,309.3404
238800000,11941,48.4923260564,-4.5040617315,309.3404
238820000,11942,48.4923262276,-4.5040620457,309.3404
238840000,11943,48.4923263988,-4.50406236,309.3404
238860000,11944,48.49232657,-4.5040626742,309.3404
238880000,11945,48.4923267412,-4.5040629884,309.3404
238900000,11946,48.4923269124,-4.5040633027,309.3404
238920000,11947,48.4923270836,-4.5040636169,309.3404
238940000,11948,48.4923272548,-4.5040639312,309.3404
238960000,11949,48.4923274261,-4.5040642454,309.3404
238980000,11950,48.4923275973,-4.5040645596,309.3404
239000000,11951,48.4923277685,-4.5040648739,309.3404
239020000,11952,48.4923279397,-4.5040651881,309.3404
239040000,11953,48.4923281109,-4.5040655023,309.3404
239060000,11954,48.4923282821,-4.5040658166,309.3404
239080000,11955,48.4923284533,-4.5040661308,309.3404
239100000,11956,48.4923286245,-4.5040664451,309.3404
239120000,11957,48.4923287957,-4.5040667593,309.3404
239140000,11958,48.4923289669,-4.5040670735,309.3404
239160000,11959,48.4923291381,-4.5040673878,309.3404
239180000,11960,48.4923293093,-4.504067702,309.3404
239200000,11961,48.4923294805,-4.5040680163,309.3404
239220000,11962,48.4923296517,-4.5040683305,309.3404
239240000,11963,48.4923298229,-4.5040686447,309.3404
239260000,11964,48.4923299941,-4.504068959,309.3404
239280000,11965,48.4923301653,-4.5040692732,309.3404
239300000,11966,48.4923303365,-4.5040695875,309.3404
239320000,11967,48.4923305077,-4.5040699017,309.3404
239340000,11968,48.4923306789,-4.5040702159,309.3404
239360000,11969,48.4923308501,-4.5040705302,309.3404
239380000,11970,48.4923310213,-4.5040708444,309.3404
239400000,11971,48.4923311925,-4.5040711587,309.3404
239420000,11972,48.4923313637,-4.5040714729,309.3404
239440000,11973,48.4923315349,-4.5040717871,309.3404
239460000,11974,48.4923317062,-4.5040721014,309.3404
239480000,11975,48.4923318774,-4.5040724156,309.3404
239500000,11976,48.4923320486,-4.5040727299,309.3404
239520000,11977,48.4923322198,-4.5040730441,309.3404
239540000,11978,48.492332391,-4.5040733583,309.3404
239560000,11979,48.4923325622,-4.5040736726,309.3404
239580000,11980,48.4923327334,-4.5040739868,309.3404
239600000,11981,48.4923329046,-4.5040743011,309.3404
239620000,11982,48.4923330758,-4.5040746153,309.3404
239640000,11983,48.492333247,-4.5040749295,309.3404
239660000,11984,48.4923334182,-4.5040752438,309.3404
239680000,11985,48.4923335894,-4.504075558,309.3404
239700000,11986,48.4923337606,-4.5040758723,309.3404
239720000,11987,48.4923339318,-4.5040761865,309.3404
239740000,11988,48.492334103,-4.5040765007,309.3404
239760000,11989,48.4923342742,-4.504076815,309.3404
239780000,11990,48.4923344454,-4.5040771292,309.3404
239800000,11991,48.4923346166,-4.5040774435,309.3404
239820000,11992,48.4923347878,-4.5040777577,309.3404
239840000,11993,48.492334959,-4.5040780719,309.3404
239860000,11994,48.4923351302,-4.5040783862,309.3404
239880000,11995,48.4923353014,-4.5040787004,309.3404
239900000,11996,48.4923354726,-4.5040790147,309.3404
239920000,11997,48.4923356438,-4.5040793289,309.3404
239940000,11998,48.492335815,-4.5040796431,309.3404
239960000,11999,48.4923359863,-4.5040799574,309.3404
239980000,12000,48.4923361575,-4.5040802716,309.3404
240000000,12001,48.4923363287,-4.5040805859,309.3404
240020000,12002,48.4923364999,-4.5040809001,309.3404
240040000,12003,48.4923366711,-4.5040812143,309.3404
240060000,12004,48.4923368423,-4.5040815286,309.3404
240080000,12005,48.4923370135,-4.5040818428,309.3404
240100000,12006,48.4923371847,-4.5040821571,309.3404
240120000,12007,48.4923373559,-4.5040824713,309.3404
240140000,12008,48.4923375271,-4.5040827855,309.3404
240160000,12009,48.4923376983,-4.5040830998,309.3404
240180000,12010,48.4923378695,-4.504083414,309.3404
240200000,12011,48.4923380407,-4.5040837283,309.3404
240220000,12012,48.4923382119,-4.5040840425,309.3404
240240000,12013,48.4923383831,-4.5040843567,309.3404
240260000,12014,48.4923385543,-4.504084671,309.3404
240280000,12015,48.4923387255,-4.5040849852,309.3404
240300000,12016,48.4923388967,-4.5040852995,309.3404
240320000,12017,48.4923390679,-4.5040856137,309.3404
240340000,12018,48.4923392391,-4.5040859279,309.3404
240360000,12019,48.4923394103,-4.5040862422,309.3404
240380000,12020,48.4923395815,-4.5040865564,309.3404
240400000,12021,48.4923397527,-4.5040868707,309.3404
240420000,12022,48.4923399239,-4.5040871849,309.3404
240440000,12023,48.4923400951,-4.5040874991,309.3404
240460000,12024,48.4923402664,-4.5040878134,309.3404
240480000,12025,48.4923404376,-4.5040881276,309.3404
240500000,12026,48.4923406088,-4.5040884419,309.3404
240520000,12027,48.49234078,-4.5040887561,309.3404
240540000,12028,48.4923409512,-4.5040890703,309.3404
240560000,12029,48.4923411224,-4.5040893846,309.3404
240580000,12030,48.4923412936,-4.5040896988,309.3404
240600000,12031,48.4923414648,-4.504090013,309.3404
240620000,12032,48.492341636,-4.5040903273,309.3404
240640000,12033,48.4923418072,-4.5040906415,309.3404
240660000,12034,48.4923419784,-4.5040909558,309.3404
240680000,12035,48.4923421496,-4.50409127,309.3404
240700000,12036,48.4923423208,-4.5040915842,309.3404
240720000,12037,48.492342492,-4.5040918985,309.3404
240740000,12038,48.4923426632,-4.5040922127,309.3404
240760000,12039,48.4923428344,-4.504092527,309.3404
240780000,12040,48.4923430056,-4.5040928412,309.3404
240800000,12041,48.4923431768,-4.5040931554,309.3404
240820000,12042,48.492343348,-4.5040934697,309.3404
240840000,12043,48.4923435192,-4.5040937839,309.3404
240860000,12044,48.4923436904,-4.5040940982,309.3404
240880000,12045,48.4923438616,-4.5040944124,309.3404
240900000,12046,48.4923440328,-4.5040947266,309.3404
240920000,12047,48.492344204,-4.5040950409,309.3404
240940000,12048,48.4923443752,-4.5040953551,309.3404
240960000,12049,48.4923445465,-4.5040956694,309.3404
240980000,12050,48.4923447177,-4.5040959836,309.3404
241000000,12051,48.4923448889,-4.5040962978,309.3404
241020000,12052,48.4923450601,-4.5040966121,309.3404
241040000,12053,48.4923452313,-4.5040969263,309.3404
241060000,12054,48.4923454025,-4.5040972406,309.3404
241080000,12055,48.4923455737,-4.5040975548,309.3404
241100000,12056,48.4923457449,-4.504097869,309.3404
241120000,12057,48.4923459161,-4.5040981833,309.3404
241140000,12058,48.4923460873,-4.5040984975,309.3404
241160000,12059,48.4923462585,-4.5040988118,309.3404
241180000,12060,48.4923464297,-4.504099126,309.3404
241200000,12061,48.4923466009,-4.5040994402,309.3404
241220000,12062,48.4923467721,-4.5040997545,309.3404
241240000,12063,48.4923469433,-4.5041000687,309.3404
241260000,12064,48.4923471145,-4.504100383,309.3404
241280000,12065,48.4923472857,-4.5041006972,309.3404
241300000,12066,48.4923474569,-4.5041010114,309.3404
241320000,12067,48.4923476281,-4.5041013257,309.3404
241340000,12068,48.4923477993,-4.5041016399,309.3404
241360000,12069,48.4923479705,-4.5041019542,309.3404
241380000,12070,48.4923481417,-4.5041022684,309.3404
241400000,12071,48.4923483129,-4.5041025826,309.3404
241420000,12072,48.4923484841,-4.5041028969,309.3404
241440000,12073,48.4923486553,-4.5041032111,309.3404
241460000,12074,48.4923488266,-4.5041035254,309.3404
241480000,12075,48.4923489978,-4.5041038396,309.3404
241500000,12076,48.492349169,-4.5041041538,309.3404
241520000,12077,48.4923493402,-4.5041044681,309.3404
241540000,12078,48.4923495114,-4.5041047823,309.3404
241560000,12079,48.4923496826,-4.5041050966,309.3404
241580000,12080,48.4923498538,-4.5041054108,309.3404
241600000,12081,48.492350025,-4.504105725,309.3404
241620000,12082,48.4923501962,-4.5041060393,309.3404
241640000,12083,48.4923503674,-4.5041063535,309.3404
241660000,12084,48.4923505386,-4.5041066678,309.3404
241680000,12085,48.4923507098,-4.504106982,309.3404
241700000,12086,48.492350881,-4.5041072962,309.3404
241720000,12087,48.4923510522,-4.5041076105,309.3404
241740000,12088,48.4923512234,-4.5041079247,309.3404
241760000,12089,48.4923513946,-4.504108239,309.3404
241780000,12090,48.4923515658,-4.5041085532,309.3404
241800000,12091,48.492351737,-4.5041088674,309.3404
241820000,12092,48.4923519082,-4.5041091817,309.3404
241840000,12093,48.4923520794,-4.5041094959,309.3404
241860000,12094,48.4923522506,-4.5041098102,309.3404
241880000,12095,48.4923524218,-4.5041101244,309.3404
241900000,12096,48.492352593,-4.5041104386,309.3404
241920000,12097,48.4923527642,-4.5041107529,309.3404
241940000,12098,48.4923529354,-4.5041110671,309.3404
241960000,12099,48.4923531067,-4.5041113814,309.3404
241980000,12100,48.4923532779,-4.5041116956,309.3404
242000000,12101,48.4923534491,-4.5041120098,309.3404
242020000,12102,48.4923536203,-4.5041123241,309.3404
242040000,12103,48.4923537915,-4.5041126383,309.3404
242060000,12104,48.4923539627,-4.5041129526,309.3404
242080000,12105,48.4923541339,-4.5041132668,309.3404
242100000,12106,48.4923543051,-4.504113581,309.3404
242120000,12107,48.4923544763,-4.5041138953,309.3404
242140000,12108,48.4923546475,-4.5041142095,309.3404
242160000,12109,48.4923548187,-4.5041145238,309.3404
242180000,12110,48.4923549899,-4.504114838,309.3404
242200000,12111,48.4923551611,-4.5041151522,309.3404
242220000,12112,48.4923553323,-4.5041154665,309.3404
242240000,12113,48.4923555035,-4.5041157807,309.3404
242260000,12114,48.4923556747,-4.504116095,309.3404
242280000,12115,48.4923558459,-4.5041164092,309.3404
242300000,12116,48.4923560171,-4.5041167234,309.3404
242320000,12117,48.4923561883,-4.5041170377,309.3404
242340000,12118,48.4923563595,-4.5041173519,309.3404
242360000,12119,48.4923565307,-4.5041176662,309.3404
242380000,12120,48.4923567019,-4.5041179804,309.3404
242400000,12121,48.4923568731,-4.5041182946,309.3404
242420000,12122,48.4923570443,-4.5041186089,309.3404
242440000,12123,48.4923572155,-4.5041189231,309.3404
242460000,12124,48.4923573867,-4.5041192374,309.3404
242480000,12125,48.492357558,-4.5041195516,309.3404
242500000,12126,48.4923577292,-4.5041198658,309.3404
242520000,12127,48.4923579004,-4.5041201801,309.3404
242540000,12128,48.4923580716,-4.5041204943,309.3404
242560000,12129,48.4923582428,-4.5041208086,309.3404
242580000,12130,48.492358414,-4.5041211228,309.3404
242600000,12131,48.4923585852,-4.504121437,309.3404
242620000,12132,48.4923587564,-4.5041217513,309.3404
242640000,12133,48.4923589276,-4.5041220655,309.3404
242660000,12134,48.4923590988,-4.5041223798,309.3404
242680000,12135,48.49235927,-4.504122694,309.3404
242700000,12136,48.4923594412,-4.5041230082,309.3404
242720000,12137,48.4923596124,-4.5041233225,309.3404
242740000,12138,48.4923597836,-4.5041236367,309.3404
242760000,12139,48.4923599548,-4.504123951,309.3404
242780000,12140,48.492360126,-4.5041242652,309.3404
242800000,12141,48.4923602972,-4.5041245794,309.3404
242820000,12142,48.4923604684,-4.5041248937,309.3404
242840000,12143,48.4923606396,-4.5041252079,309.3404
242860000,12144,48.4923608108,-4.5041255222,309.3404
242880000,12145,48.492360982,-4.5041258364,309.3404
242900000,12146,48.4923611532,-4.5041261506,309.3404
242920000,12147,48.4923613244,-4.5041264649,309.3404
242940000,12148,48.4923614956,-4.5041267791,309.3404
242960000,12149,48.4923616668,-4.5041270934,309.3404
242980000,12150,48.4923618381,-4.5041274076,309.3404
243000000,12151,48.4923620093,-4.5041277218,309.3404
243020000,12152,48.4923621805,-4.5041280361,309.3404
243040000,12153,48.4923623517,-4.5041283503,309.3404
243060000,12154,48.4923625229,-4.5041286646,309.3404
243080000,12155,48.4923626941,-4.5041289788,309.3404
243100000,12156,48.4923628653,-4.504129293,309.3404
243120000,12157,48.4923630365,-4.5041296073,309.3404
243140000,12158,48.4923632077,-4.5041299215,309.3404
243160000,12159,48.4923633789,-4.5041302358,309.3404
243180000,12160,48.4923635501,-4.50413055,309.3404
243200000,12161,48.4923637213,-4.5041308642,309.3404
243220000,12162,48.4923638925,-4.5041311785,309.3404
243240000,12163,48.4923640637,-4.5041314927,309.3404
243260000,12164,48.4923642349,-4.504131807,309.3404
243280000,12165,48.4923644061,-4.5041321212,309.3404
243300000,12166,48.4923645773,-4.5041324354,309.3404
243320000,12167,48.4923647485,-4.5041327497,309.3404
243340000,12168,48.4923649197,-4.5041330639,309.3404
243360000,12169,48.4923650909,-4.5041333782,309.3404
243380000,12170,48.4923652621,-4.5041336924,309.3404
243400000,12171,48.4923654333,-4.5041340066,309.3404
243420000,12172,48.4923656045,-4.5041343209,309.3404
243440000,12173,48.4923657757,-4.5041346351,309.3404
243460000,12174,48.4923659469,-4.5041349494,309.3404
243480000,12175,48.4923661181,-4.5041352636,309.3404
243500000,12176,48.4923662894,-4.5041355778,309.3404
243520000,12177,48.4923664606,-4.5041358921,309.3404
243540000,12178,48.4923666318,-4.5041362063,309.3404
243560000,12179,48.492366803,-4.5041365206,309.3404
243580000,12180,48.4923669742,-4.5041368348,309.3404
243600000,12181,48.4923671454,-4.504137149,309.3404
243620000,12182,48.4923673166,-4.5041374633,309.3404
243640000,12183,48.4923674878,-4.5041377775,309.3404
243660000,12184,48.492367659,-4.5041380918,309.3404
243680000,12185,48.4923678302,-4.504138406,309.3404
243700000,12186,48.4923680014,-4.5041387202,309.3404
243720000,12187,48.4923681726,-4.5041390345,309.3404
243740000,12188,48.4923683438,-4.5041393487,309.3404
243760000,12189,48.492368515,-4.504139663,309.3404
243780000,12190,48.4923686862,-4.5041399772,309.3404
243800000,12191,48.4923688574,-4.5041402914,309.3404
243820000,12192,48.4923690286,-4.5041406057,309.3404
243840000,12193,48.4923691998,-4.5041409199,309.3404
243860000,12194,48.492369371,-4.5041412342,309.3404
243880000,12195,48.4923695422,-4.5041415484,309.3404
243900000,12196,48.4923697134,-4.5041418627,309.3404
243920000,12197,48.4923698846,-4.5041421769,309.3404
243940000,12198,48.4923700558,-4.5041424911,309.3404
243960000,12199,48.492370227,-4.5041428054,309.3404
243980000,12200,48.4923703982,-4.5041431196,309.3404
244000000,12201,48.4923705694,-4.5041434339,309.3404
244020000,12202,48.4923707407,-4.5041437481,309.3404
244040000,12203,48.4923709119,-4.5041440623,309.3404
244060000,12204,48.4923710831,-4.5041443766,309.3404
244080000,12205,48.4923712543,-4.5041446908,309.3404
244100000,12206,48.4923714255,-4.5041450051,309.3404
244120000,12207,48.4923715967,-4.5041453193,309.3404
244140000,12208,48.4923717679,-4.5041456335,309.3404
244160000,12209,48.4923719391,-4.5041459478,309.3404
244180000,12210,48.4923721103,-4.504146262,309.3404
244200000,12211,48.4923722815,-4.5041465763,309.3404
244220000,12212,48.4923724527,-4.5041468905,309.3404
244240000,12213,48.4923726239,-4.5041472047,309.3404
244260000,12214,48.4923727951,-4.504147519,309.3404
244280000,12215,48.4923729663,-4.5041478332,309.3404
244300000,12216,48.4923731375,-4.5041481475,309.3404
244320000,12217,48.4923733087,-4.5041484617,309.3404
244340000,12218,48.4923734799,-4.5041487759,309.3404
244360000,12219,48.4923736511,-4.5041490902,309.3404
244380000,12220,48.4923738223,-4.5041494044,309.3404
244400000,12221,48.4923739935,-4.5041497187,309.3404
244420000,12222,48.4923741647,-4.5041500329,309.3404
244440000,12223,48.4923743359,-4.5041503471,309.3404
244460000,12224,48.4923745071,-4.5041506614,309.3404
244480000,12225,48.4923746783,-4.5041509756,309.3404
244500000,12226,48.4923748495,-4.5041512899,309.3404
244520000,12227,48.4923750207,-4.5041516041,309.3404
244540000,12228,48.492375192,-4.5041519183,309.3404
244560000,12229,48.4923753632,-4.5041522326,309.3404
244580000,12230,48.4923755344,-4.5041525468,309.3404
244600000,12231,48.4923757056,-4.5041528611,309.3404
244620000,12232,48.4923758768,-4.5041531753,309.3404
244640000,12233,48.492376048,-4.5041534895,309.3404
244660000,12234,48.4923762192,-4.5041538038,309.3404
244680000,12235,48.4923763904,-4.504154118,309.3404
244700000,12236,48.4923765616,-4.5041544323,309.3404
244720000,12237,48.4923767328,-4.5041547465,309.3404
244740000,12238,48.492376904,-4.5041550607,309.3404
244760000,12239,48.4923770752,-4.504155375,309.3404
244780000,12240,48.4923772464,-4.5041556892,309.3404
244800000,12241,48.4923774176,-4.5041560035,309.3404
244820000,12242,48.4923775888,-4.5041563177,309.3404
244840000,12243,48.49237776,-4.5041566319,309.3404
244860000,12244,48.4923779312,-4.5041569462,309.3404
244880000,12245,48.4923781024,-4.5041572604,309.3404
244900000,12246,48.4923782736,-4.5041575747,309.3404
244920000,12247,48.4923784448,-4.5041578889,309.3404
244940000,12248,48.492378616,-4.5041582031,309.3404
244960000,12249,48.4923787872,-4.5041585174,309.3404
244980000,12250,48.4923789584,-4.5041588316,309.3404
245000000,12251,48.4923791296,-4.5041591459,309.3404
245020000,12252,48.4923793008,-4.5041594601,309.3404
245040000,12253,48.492379472,-4.5041597743,309.3404
245060000,12254,48.4923796433,-4.5041600886,309.3404
245080000,12255,48.4923798145,-4.5041604028,309.3404
245100000,12256,48.4923799857,-4.5041607171,309.3404
245120000,12257,48.4923801569,-4.5041610313,309.3404
245140000,12258,48.4923803281,-4.5041613455,309.3404
245160000,12259,48.4923804993,-4.5041616598,309.3404
245180000,12260,48.4923806705,-4.504161974,309.3404
245200000,12261,48.4923808417,-4.5041622883,309.3404
245220000,12262,48.4923810129,-4.5041626025,309.3404
245240000,12263,48.4923811841,-4.5041629167,309.3404
245260000,12264,48.4923813553,-4.504163231,309.3404
245280000,12265,48.4923815265,-4.5041635452,309.3404
245300000,12266,48.4923816977,-4.5041638595,309.3404
245320000,12267,48.4923818689,-4.5041641737,309.3404
245340000,12268,48.4923820401,-4.5041644879,309.3404
245360000,12269,48.4923822113,-4.5041648022,309.3404
245380000,12270,48.4923823825,-4.5041651164,309.3404
245400000,12271,48.4923825537,-4.5041654307,309.3404
245420000,12272,48.4923827249,-4.5041657449,309.3404
245440000,12273,48.4923828961,-4.5041660591,309.3404
245460000,12274,48.4923830673,-4.5041663734,309.3404
245480000,12275,48.4923832385,-4.5041666876,309.3404
245500000,12276,48.4923834097,-4.5041670019,309.3404
245520000,12277,48.4923835809,-4.5041673161,309.3404
245540000,12278,48.4923837521,-4.5041676304,309.3404
245560000,12279,48.4923839233,-4.5041679446,309.3404
245580000,12280,48.4923840945,-4.5041682588,309.3404
245600000,12281,48.4923842658,-4.5041685731,309.3404
245620000,12282,48.492384437,-4.5041688873,309.3404
245640000,12283,48.4923846082,-4.5041692016,309.3404
245660000,12284,48.4923847794,-4.5041695158,309.3404
245680000,12285,48.4923849506,-4.50416983,309.3404
245700000,12286,48.4923851218,-4.5041701443,309.3404
245720000,12287,48.492385293,-4.5041704585,309.3404
245740000,12288,48.4923854642,-4.5041707728,309.3404
245760000,12289,48.4923856354,-4.504171087,309.3404
245780000,12290,48.4923858066,-4.5041714012,309.3404
245800000,12291,48.4923859778,-4.5041717155,309.3404
245820000,12292,48.492386149,-4.5041720297,309.3404
245840000,12293,48.4923863202,-4.504172344,309.3404
245860000,12294,48.4923864914,-4.5041726582,309.3404
245880000,12295,48.4923866626,-4.5041729724,309.3404
245900000,12296,48.4923868338,-4.5041732867,309.3404
245920000,12297,48.492387005,-4.5041736009,309.3404
245940000,12298,48.4923871762,-4.5041739152,309.3404
245960000,12299,48.4923873474,-4.5041742294,309.3404
245980000,12300,48.4923875186,-4.5041745436,309.3404
246000000,12301,48.4923876898,-4.5041748579,309.3404
246020000,12302,48.492387861,-4.5041751721,309.3404
246040000,12303,48.4923880322,-4.5041754864,309.3404
246060000,12304,48.4923882034,-4.5041758006,309.3404
246080000,12305,48.4923883746,-4.5041761148,309.3404
246100000,12306,48.4923885458,-4.5041764291,309.3404
246120000,12307,48.4923887171,-4.5041767433,309.3404
246140000,12308,48.4923888883,-4.5041770576,309.3404
246160000,12309,48.4923890595,-4.5041773718,309.3404
246180000,12310,48.4923892307,-4.504177686,309.3404
246200000,12311,48.4923894019,-4.5041780003,309.3404
246220000,12312,48.4923895731,-4.5041783145,309.3404
246240000,12313,48.4923897443,-4.5041786288,309.3404
246260000,12314,48.4923899155,-4.504178943,309.3404
246280000,12315,48.4923900867,-4.5041792572,309.3404
246300000,12316,48.4923902579,-4.5041795715,309.3404
246320000,12317,48.4923904291,-4.5041798857,309.3404
246340000,12318,48.4923906003,-4.5041802,309.3404
246360000,12319,48.4923907715,-4.5041805142,309.3404
246380000,12320,48.4923909427,-4.5041808284,309.3404
246400000,12321,48.4923911139,-4.5041811427,309.3404
246420000,12322,48.4923912851,-4.5041814569,309.3404
246440000,12323,48.4923914563,-4.5041817712,309.3404
246460000,12324,48.4923916275,-4.5041820854,309.3404
246480000,12325,48.4923917987,-4.5041823997,309.3404
246500000,12326,48.4923919699,-4.5041827139,309.3404
246520000,12327,48.4923921411,-4.5041830281,309.3404
246540000,12328,48.4923923123,-4.5041833424,309.3404
246560000,12329,48.4923924835,-4.5041836566,309.3404
246580000,12330,48.4923926547,-4.5041839709,309.3404
246600000,12331,48.4923928259,-4.5041842851,309.3404
246620000,12332,48.4923929971,-4.5041845993,309.3404
246640000,12333,48.4923931683,-4.5041849136,309.3404
246660000,12334,48.4923933396,-4.5041852278,309.3404
246680000,12335,48.4923935108,-4.5041855421,309.3404
246700000,12336,48.492393682,-4.5041858563,309.3404
246720000,12337,48.4923938532,-4.5041861705,309.3404
246740000,12338,48.4923940244,-4.5041864848,309.3404
246760000,12339,48.4923941956,-4.504186799,309.3404
246780000,12340,48.4923943668,-4.5041871133,309.3404
246800000,12341,48.492394538,-4.5041874275,309.3404
246820000,12342,48.4923947092,-4.5041877417,309.3404
246840000,12343,48.4923948804,-4.504188056,309.3404
246860000,12344,48.4923950516,-4.5041883702,309.3404
246880000,12345,48.4923952228,-4.5041886845,309.3404
246900000,12346,48.492395394,-4.5041889987,309.3404
246920000,12347,48.4923955652,-4.5041893129,309.3404
246940000,12348,48.4923957364,-4.5041896272,309.3404
246960000,12349,48.4923959076,-4.5041899414,309.3404
246980000,12350,48.4923960788,-4.5041902557,309.3404
247000000,12351,48.49239625,-4.5041905699,309.3404
247020000,12352,48.4923964212,-4.5041908841,309.3404
247040000,12353,48.4923965924,-4.5041911984,309.3404
247060000,12354,48.4923967636,-4.5041915126,309.3404
247080000,12355,48.4923969348,-4.5041918269,309.3404
247100000,12356,48.492397106,-4.5041921411,309.3404
247120000,12357,48.4923972772,-4.5041924553,309.3404
247140000,12358,48.4923974484,-4.5041927696,309.3404
247160000,12359,48.4923976196,-4.5041930838,309.3404
247180000,12360,48.4923977908,-4.5041933981,309.3404
247200000,12361,48.4923979621,-4.5041937123,309.3404
247220000,12362,48.4923981333,-4.5041940265,309.3404
247240000,12363,48.4923983045,-4.5041943408,309.3404
247260000,12364,48.4923984757,-4.504194655,309.3404
247280000,12365,48.4923986469,-4.5041949693,309.3404
247300000,12366,48.4923988181,-4.5041952835,309.3404
247320000,12367,48.4923989893,-4.5041955978,309.3404
247340000,12368,48.4923991605,-4.504195912,309.3404
247360000,12369,48.4923993317,-4.5041962262,309.3404
247380000,12370,48.4923995029,-4.5041965405,309.3404
247400000,12371,48.4923996741,-4.5041968547,309.3404
247420000,12372,48.4923998453,-4.504197169,309.3404
247440000,12373,48.4924000165,-4.5041974832,309.3404
247460000,12374,48.4924001877,-4.5041977974,309.3404
247480000,12375,48.4924003589,-4.5041981117,309.3404
247500000,12376,48.4924005301,-4.5041984259,309.3404
247520000,12377,48.4924007013,-4.5041987402,309.3404
247540000,12378,48.4924008725,-4.5041990544,309.3404
247560000,12379,48.4924010437,-4.5041993686,309.3404
247580000,12380,48.4924012149,-4.5041996829,309.3404
247600000,12381,48.4924013861,-4.5041999971,309.3404
247620000,12382,48.4924015573,-4.5042003114,309.3404
247640000,12383,48.4924017285,-4.5042006256,309.3404
247660000,12384,48.4924018997,-4.5042009398,309.3404
247680000,12385,48.4924020709,-4.5042012541,309.3404
247700000,12386,48.4924022421,-4.5042015683,309.3404
247720000,12387,48.4924024133,-4.5042018826,309.3404
247740000,12388,48.4924025846,-4.5042021968,309.3404
247760000,12389,48.4924027558,-4.504202511,309.3404
247780000,12390,48.492402927,-4.5042028253,309.3404
247800000,12391,48.4924030982,-4.5042031395,309.3404
247820000,12392,48.4924032694,-4.5042034538,309.3404
247840000,12393,48.4924034406,-4.504203768,309.3404
247860000,12394,48.4924036118,-4.5042040822,309.3404
247880000,12395,48.492403783,-4.5042043965,309.3404
247900000,12396,48.4924039542,-4.5042047107,309.3404
247920000,12397,48.4924041254,-4.504205025,309.3404
247940000,12398,48.4924042966,-4.5042053392,309.3404
247960000,12399,48.4924044678,-4.5042056534,309.3404
247980000,12400,48.492404639,-4.5042059677,309.3404
248000000,12401,48.4924048102,-4.5042062819,309.3404
248020000,12402,48.4924049814,-4.5042065962,309.3404
248040000,12403,48.4924051526,-4.5042069104,309.3404
248060000,12404,48.4924053238,-4.5042072247,309.3404
248080000,12405,48.492405495,-4.5042075389,309.3404
248100000,12406,48.4924056662,-4.5042078531,309.3404
248120000,12407,48.4924058374,-4.5042081674,309.3404
248140000,12408,48.4924060086,-4.5042084816,309.3404
248160000,12409,48.4924061798,-4.5042087959,309.3404
248180000,12410,48.492406351,-4.5042091101,309.3404
248200000,12411,48.4924065222,-4.5042094243,309.3404
248220000,12412,48.4924066934,-4.5042097386,309.3404
248240000,12413,48.4924068646,-4.5042100528,309.3404
248260000,12414,48.4924070358,-4.5042103671,309.3404
248280000,12415,48.4924072071,-4.5042106813,309.3404
248300000,12416,48.4924073783,-4.5042109955,309.3404
248320000,12417,48.4924075495,-4.5042113098,309.3404
248340000,12418,48.4924077207,-4.504211624,309.3404
248360000,12419,48.4924078919,-4.5042119383,309.3404
248380000,12420,48.4924080631,-4.5042122525,309.3404
248400000,12421,48.4924082343,-4.5042125667,309.3404
248420000,12422,48.4924084055,-4.504212881,309.3404
248440000,12423,48.4924085767,-4.5042131952,309.3404
248460000,12424,48.4924087479,-4.5042135095,309.3404
248480000,12425,48.4924089191,-4.5042138237,309.3404
248500000,12426,48.4924090903,-4.5042141379,309.3404
248520000,12427,48.4924092615,-4.5042144522,309.3404
248540000,12428,48.4924094327,-4.5042147664,309.3404
248560000,12429,48.4924096039,-4.5042150807,309.3404
248580000,12430,48.4924097751,-4.5042153949,309.3404
248600000,12431,48.4924099463,-4.5042157092,309.3404
248620000,12432,48.4924101175,-4.5042160234,309.3404
248640000,12433,48.4924102887,-4.5042163376,309.3404
248660000,12434,48.4924104599,-4.5042166519,309.3404
248680000,12435,48.4924106311,-4.5042169661,309.3404
248700000,12436,48.4924108023,-4.5042172804,309.3404
248720000,12437,48.4924109735,-4.5042175946,309.3404
248740000,12438,48.4924111447,-4.5042179088,309.3404
248760000,12439,48.4924113159,-4.5042182231,309.3404
248780000,12440,48.4924114871,-4.5042185373,309.3404
248800000,12441,48.4924116583,-4.5042188516,309.3404
248820000,12442,48.4924118295,-4.5042191658,309.3404
248840000,12443,48.4924120008,-4.50421948,309.3404
248860000,12444,48.492412172,-4.5042197943,309.3404
248880000,12445,48.4924123432,-4.5042201085,309.3404
248900000,12446,48.4924125144,-4.5042204228,309.3404
248920000,12447,48.4924126856,-4.504220737,309.3404
248940000,12448,48.4924128568,-4.5042210512,309.3404
248960000,12449,48.492413028,-4.5042213655,309.3404
248980000,12450,48.4924131992,-4.5042216797,309.3404
249000000,12451,48.4924133704,-4.504221994,309.3404
249020000,12452,48.4924135416,-4.5042223082,309.3404
249040000,12453,48.4924137128,-4.5042226224,309.3404
249060000,12454,48.492413884,-4.5042229367,309.3404
249080000,12455,48.4924140552,-4.5042232509,309.3404
249100000,12456,48.4924142264,-4.5042235652,309.3404
249120000,12457,48.4924143976,-4.5042238794,309.3404
249140000,12458,48.4924145688,-4.5042241936,309.3404
249160000,12459,48.49241474,-4.5042245079,309.3404
249180000,12460,48.4924149112,-4.5042248221,309.3404
249200000,12461,48.4924150824,-4.5042251364,309.3404
249220000,12462,48.4924152536,-4.5042254506,309.3404
249240000,12463,48.4924154248,-4.5042257649,309.3404
249260000,12464,48.492415596,-4.5042260791,309.3404
249280000,12465,48.4924157672,-4.5042263933,309.3404
249300000,12466,48.4924159384,-4.5042267076,309.3404
249320000,12467,48.4924161096,-4.5042270218,309.3404
249340000,12468,48.4924162808,-4.5042273361,309.3404
249360000,12469,48.492416452,-4.5042276503,309.3404
249380000,12470,48.4924166233,-4.5042279645,309.3404
249400000,12471,48.4924167945,-4.5042282788,309.3404
249420000,12472,48.4924169657,-4.504228593,309.3404
249440000,12473,48.4924171369,-4.5042289073,309.3404
249460000,12474,48.4924173081,-4.5042292215,309.3404
249480000,12475,48.4924174793,-4.5042295357,309.3404
249500000,12476,48.4924176505,-4.50422985,309.3404
249520000,12477,48.4924178217,-4.5042301642,309.3404
249540000,12478,48.4924179929,-4.5042304785,309.3404
249560000,12479,48.4924181641,-4.5042307927,309.3404
249580000,12480,48.4924183353,-4.5042311069,309.3404
249600000,12481,48.4924185065,-4.5042314212,309.3404
249620000,12482,48.4924186777,-4.5042317354,309.3404
249640000,12483,48.4924188489,-4.5042320497,309.3404
249660000,12484,48.4924190201,-4.5042323639,309.3404
249680000,12485,48.4924191913,-4.5042326781,309.3404
249700000,12486,48.4924193625,-4.5042329924,309.3404
249720000,12487,48.4924195337,-4.5042333066,309.3404
249740000,12488,48.4924197049,-4.5042336209,309.3404
249760000,12489,48.4924198761,-4.5042339351,309.3404
249780000,12490,48.4924200473,-4.5042342494,309.3404
249800000,12491,48.4924202185,-4.5042345636,309.3404
249820000,12492,48.4924203897,-4.5042348778,309.3404
249840000,12493,48.4924205609,-4.5042351921,309.3404
249860000,12494,48.4924207321,-4.5042355063,309.3404
249880000,12495,48.4924209033,-4.5042358206,309.3404
249900000,12496,48.4924210745,-4.5042361348,309.3404
249920000,12497,48.4924212457,-4.504236449,309.3404
249940000,12498,48.492421417,-4.5042367633,309.3404
249960000,12499,48.492421417,-4.5042367633,309.3404
249980000,12500,48.4924215318,-4.5042369689,310.7892
250000000,12501,48.492421646,-4.5042371627,312.3297
250020000,12502,48.4924217594,-4.5042373448,313.9688
250040000,12503,48.4924218721,-4.5042375154,315.7138
250060000,12504,48.4924219841,-4.5042376746,317.572
250080000,12505,48.4924220953,-4.5042378224,319.551
250100000,12506,48.4924222058,-4.504237959,321.6583
250120000,12507,48.4924223155,-4.5042380844,323.901
250140000,12508,48.4924224244,-4.5042381989,326.2856
250160000,12509,48.4924225326,-4.5042383024,328.8176
250180000,12510,48.49242264,-4.5042383952,331.5011
250200000,12511,48.4924227466,-4.5042384772,334.3377
250220000,12512,48.4924228524,-4.5042385487,337.3269
250240000,12513,48.4924229574,-4.5042386097,340.4644
250260000,12514,48.4924230615,-4.5042386604,343.7424
250280000,12515,48.4924231649,-4.5042387008,347.1487
250300000,12516,48.4924232674,-4.5042387311,350.6666
250320000,12517,48.4924233691,-4.5042387514,354.275
250340000,12518,48.49242347,-4.5042387617,357.9491
250360000,12519,48.49242357,-4.5042387622,1.6611
250380000,12520,48.4924236692,-4.5042387531,5.3813
250400000,12521,48.4924237675,-4.5042387343,9.0797
250420000,12522,48.4924238649,-4.504238706,12.7274
250440000,12523,48.4924239615,-4.5042386684,16.2978
250460000,12524,48.4924240571,-4.5042386215,19.768
250480000,12525,48.4924241519,-4.5042385655,23.1189
250500000,12526,48.4924242458,-4.5042385004,26.336
250520000,12527,48.4924243388,-4.5042384263,29.4094
250540000,12528,48.4924244309,-4.5042383435,32.333
250560000,12529,48.492424522,-4.5042382519,35.1045
250580000,12530,48.4924246122,-4.5042381517,37.7244
250600000,12531,48.4924247015,-4.504238043,40.1958
250620000,12532,48.4924247899,-4.5042379259,42.5233
250640000,12533,48.4924248773,-4.5042378005,44.7132
250660000,12534,48.4924249637,-4.504237667,46.7721
250680000,12535,48.4924250492,-4.5042375254,48.7075
250700000,12536,48.4924251337,-4.5042373758,50.5269
250720000,12537,48.4924252173,-4.5042372184,52.2378
250740000,12538,48.4924252998,-4.5042370533,53.8476
250760000,12539,48.4924253814,-4.5042368805,55.3633
250780000,12540,48.492425462,-4.5042367002,56.7917
250800000,12541,48.4924255415,-4.5042365125,58.1391
250820000,12542,48.4924256201,-4.5042363175,59.4115
250840000,12543,48.4924256976,-4.5042361153,60.6143
250860000,12544,48.4924257741,-4.504235906,61.7528
250880000,12545,48.4924258496,-4.5042356897,62.8316
250900000,12546,48.492425924,-4.5042354666,63.8552
250920000,12547,48.4924259974,-4.5042352367,64.8277
250940000,12548,48.4924260697,-4.5042350002,65.7526
250960000,12549,48.492426141,-4.5042347571,66.6336
250980000,12550,48.4924262112,-4.5042345076,67.4736
251000000,12551,48.4924262803,-4.5042342518,68.2757
251020000,12552,48.4924263483,-4.5042339898,69.0424
251040000,12553,48.4924264153,-4.5042337217,69.7764
251060000,12554,48.4924264811,-4.5042334476,70.4797
251080000,12555,48.4924265458,-4.5042331676,71.1545
251100000,12556,48.4924266095,-4.5042328818,71.8027
251120000,12557,48.492426672,-4.5042325904,72.4261
251140000,12558,48.4924267333,-4.5042322934,73.0263
251160000,12559,48.4924267936,-4.504231991,73.6049
251180000,12560,48.4924268527,-4.5042316832,74.1633
251200000,12561,48.4924269106,-4.5042313702,74.7026
251220000,12562,48.4924269674,-4.5042310521,75.2243
251240000,12563,48.4924270231,-4.5042307289,75.7293
251260000,12564,48.4924270775,-4.5042304009,76.2187
251280000,12565,48.4924271308,-4.5042300681,76.6936
251300000,12566,48.4924271829,-4.5042297306,77.1547
251320000,12567,48.4924272338,-4.5042293885,77.603
251340000,12568,48.4924272835,-4.504229042,78.0393
251360000,12569,48.492427332,-4.5042286911,78.4642
251380000,12570,48.4924273793,-4.504228336,78.8785
251400000,12571,48.4924274254,-4.5042279767,79.2828
251420000,12572,48.4924274702,-4.5042276134,79.6778
251440000,12573,48.4924275138,-4.5042272462,80.064
251460000,12574,48.4924275562,-4.5042268751,80.4419
251480000,12575,48.4924275973,-4.5042265004,80.8121
251500000,12576,48.4924276371,-4.5042261221,81.175
251520000,12577,48.4924276757,-4.5042257403,81.5312
251540000,12578,48.492427713,-4.5042253551,81.881
251560000,12579,48.4924277491,-4.5042249667,82.2249
251580000,12580,48.4924277838,-4.5042245751,82.5632
251600000,12581,48.4924278173,-4.5042241804,82.8963
251620000,12582,48.4924278494,-4.5042237828,83.2246
251640000,12583,48.4924278803,-4.5042233824,83.5484
251660000,12584,48.4924279098,-4.5042229793,83.8681
251680000,12585,48.4924279381,-4.5042225736,84.1839
251700000,12586,48.492427965,-4.5042221654,84.4961
251720000,12587,48.4924279905,-4.5042217547,84.8051
251740000,12588,48.4924280147,-4.5042213418,85.1112
251760000,12589,48.4924280376,-4.5042209268,85.4145
251780000,12590,48.4924280591,-4.5042205096,85.7153
251800000,12591,48.4924280792,-4.5042200905,86.0139
251820000,12592,48.492428098,-4.5042196696,86.3106
251840000,12593,48.4924281154,-4.5042192469,86.6055
251860000,12594,48.4924281314,-4.5042188226,86.899
251880000,12595,48.492428146,-4.5042183968,87.1911
251900000,12596,48.4924281592,-4.5042179696,87.4823
251920000,12597,48.492428171,-4.504217541,87.7726
251940000,12598,48.4924281814,-4.5042171113,88.0622
251960000,12599,48.4924281904,-4.5042166805,88.3515
251980000,12600,48.4924281979,-4.5042162488,88.6406
252000000,12601,48.492428204,-4.5042158161,88.9296
252020000,12602,48.4924282086,-4.5042153827,89.2189
252040000,12603,48.4924282118,-4.5042149487,89.5086
252060000,12604,48.4924282136,-4.5042145141,89.7989
252080000,12605,48.4924282139,-4.5042140791,90.09
252100000,12606,48.4924282127,-4.5042136438,90.3821
252120000,12607,48.49242821,-4.5042132083,90.6755
252140000,12608,48.4924282059,-4.5042127727,90.9703
252160000,12609,48.4924282002,-4.5042123371,91.2667
252180000,12610,48.4924281931,-4.5042119016,91.5649
252200000,12611,48.4924281844,-4.5042114663,91.8652
252220000,12612,48.4924281742,-4.5042110314,92.1677
252240000,12613,48.4924281625,-4.5042105969,92.4727
252260000,12614,48.4924281493,-4.504210163,92.7804
252280000,12615,48.4924281345,-4.5042097297,93.091
252300000,12616,48.4924281182,-4.5042092973,93.4047
252320000,12617,48.4924281003,-4.5042088657,93.7218
252340000,12618,48.4924280809,-4.504208435,94.0425
252360000,12619,48.4924280599,-4.5042080055,94.3671
252380000,12620,48.4924280374,-4.5042075772,94.6958
252400000,12621,48.4924280132,-4.5042071503,95.0288
252420000,12622,48.4924279875,-4.5042067247,95.3664
252440000,12623,48.4924279602,-4.5042063007,95.709
252460000,12624,48.4924279313,-4.5042058783,96.0567
252480000,12625,48.4924279007,-4.5042054577,96.4099
252500000,12626,48.4924278686,-4.504205039,96.7689
252520000,12627,48.4924278348,-4.5042046222,97.134
252540000,12628,48.4924277994,-4.5042042075,97.5055
252560000,12629,48.4924277624,-4.504203795,97.8838
252580000,12630,48.4924277237,-4.5042033848,98.2691
252600000,12631,48.4924276834,-4.5042029771,98.662
252620000,12632,48.4924276414,-4.5042025718,99.0627
252640000,12633,48.4924275977,-4.5042021692,99.4717
252660000,12634,48.4924275524,-4.5042017693,99.8893
252680000,12635,48.4924275053,-4.5042013722,100.3161
252700000,12636,48.4924274566,-4.5042009781,100.7524
252720000,12637,48.4924274062,-4.5042005871,101.1988
252740000,12638,48.4924273541,-4.5042001992,101.6557
252760000,12639,48.4924273003,-4.5041998147,102.1237
252780000,12640,48.4924272448,-4.5041994335,102.6033
252800000,12641,48.4924271875,-4.5041990558,103.0951
252820000,12642,48.4924271285,-4.5041986818,103.5996
252840000,12643,48.4924270678,-4.5041983114,104.1176
252860000,12644,48.4924270054,-4.5041979449,104.6497
252880000,12645,48.4924269411,-4.5041975823,105.1966
252900000,12646,48.4924268752,-4.5041972238,105.759
252920000,12647,48.4924268074,-4.5041968694,106.3377
252940000,12648,48.4924267379,-4.5041965193,106.9335
252960000,12649,48.4924266666,-4.5041961736,107.5473
252980000,12650,48.4924265935,-4.5041958323,108.1799
253000000,12651,48.4924265186,-4.5041954957,108.8324
253020000,12652,48.4924264419,-4.5041951637,109.5056
253040000,12653,48.4924263634,-4.5041948366,110.2006
253060000,12654,48.4924262831,-4.5041945144,110.9186
253080000,12655,48.4924262009,-4.5041941972,111.6606
253100000,12656,48.492426117,-4.5041938851,112.4279
253120000,12657,48.4924260312,-4.5041935783,113.2218
253140000,12658,48.4924259435,-4.5041932769,114.0435
253160000,12659,48.492425854,-4.5041929809,114.8944
253180000,12660,48.4924257626,-4.5041926905,115.776
253200000,12661,48.4924256694,-4.5041924058,116.6898
253220000,12662,48.4924255742,-4.5041921268,117.6373
253240000,12663,48.4924254772,-4.5041918538,118.6201
253260000,12664,48.4924253784,-4.5041915868,119.6399
253280000,12665,48.4924252776,-4.5041913259,120.6984
253300000,12666,48.4924251749,-4.5041910712,121.7974
253320000,12667,48.4924250703,-4.5041908229,122.9386
253340000,12668,48.4924249638,-4.504190581,124.1238
253360000,12669,48.4924248553,-4.5041903457,125.3548
253380000,12670,48.492424745,-4.5041901171,126.6334
253400000,12671,48.4924246326,-4.5041898952,127.9614
253420000,12672,48.4924245184,-4.5041896802,129.3404
253440000,12673,48.4924245184,-4.5041896802,129.3404
253460000,12674,48.4924243472,-4.5041893659,129.3404
253480000,12675,48.492424176,-4.5041890517,129.3404
253500000,12676,48.4924240048,-4.5041887375,129.3404
253520000,12677,48.4924238336,-4.5041884232,129.3404
253540000,12678,48.4924236624,-4.504188109,129.3404
253560000,12679,48.4924234912,-4.5041877947,129.3404
253580000,12680,48.49242332,-4.5041874805,129.3404
253600000,12681,48.4924231487,-4.5041871663,129.3404
253620000,12682,48.4924229775,-4.504186852,129.3404
253640000,12683,48.4924228063,-4.5041865378,129.3404
253660000,12684,48.4924226351,-4.5041862235,129.3404
253680000,12685,48.4924224639,-4.5041859093,129.3404
253700000,12686,48.4924222927,-4.5041855951,129.3404
253720000,12687,48.4924221215,-4.5041852808,129.3404
253740000,12688,48.4924219503,-4.5041849666,129.3404
253760000,12689,48.4924217791,-4.5041846523,129.3404
253780000,12690,48.4924216079,-4.5041843381,129.3404
253800000,12691,48.4924214367,-4.5041840238,129.3404
253820000,12692,48.4924212655,-4.5041837096,129.3404
253840000,12693,48.4924210943,-4.5041833954,129.3404
253860000,12694,48.4924209231,-4.5041830811,129.3404
253880000,12695,48.4924207519,-4.5041827669,129.3404
253900000,12696,48.4924205807,-4.5041824526,129.3404
253920000,12697,48.4924204095,-4.5041821384,129.3404
253940000,12698,48.4924202383,-4.5041818242,129.3404
253960000,12699,48.4924200671,-4.5041815099,129.3404
253980000,12700,48.4924198959,-4.5041811957,129.3404
254000000,12701,48.4924197247,-4.5041808814,129.3404
254020000,12702,48.4924195535,-4.5041805672,129.3404
254040000,12703,48.4924193823,-4.504180253,129.3404
254060000,12704,48.4924192111,-4.5041799387,129.3404
254080000,12705,48.4924190399,-4.5041796245,129.3404
254100000,12706,48.4924188687,-4.5041793102,129.3404
254120000,12707,48.4924186975,-4.504178996,129.3404
254140000,12708,48.4924185262,-4.5041786818,129.3404
254160000,12709,48.492418355,-4.5041783675,129.3404
254180000,12710,48.4924181838,-4.5041780533,129.3404
254200000,12711,48.4924180126,-4.504177739,129.3404
254220000,12712,48.4924178414,-4.5041774248,129.3404
254240000,12713,48.4924176702,-4.5041771106,129.3404
254260000,12714,48.492417499,-4.5041767963,129.3404
254280000,12715,48.4924173278,-4.5041764821,129.3404
254300000,12716,48.4924171566,-4.5041761678,129.3404
254320000,12717,48.4924169854,-4.5041758536,129.3404
254340000,12718,48.4924168142,-4.5041755394,129.3404
254360000,12719,48.492416643,-4.5041752251,129.3404
254380000,12720,48.4924164718,-4.5041749109,129.3404
254400000,12721,48.4924163006,-4.5041745966,129.3404
254420000,12722,48.4924161294,-4.5041742824,129.3404
254440000,12723,48.4924159582,-4.5041739681,129.3404
254460000,12724,48.492415787,-4.5041736539,129.3404
254480000,12725,48.4924156158,-4.5041733397,129.3404
254500000,12726,48.4924154446,-4.5041730254,129.3404
254520000,12727,48.4924152734,-4.5041727112,129.3404
254540000,12728,48.4924151022,-4.5041723969,129.3404
254560000,12729,48.492414931,-4.5041720827,129.3404
254580000,12730,48.4924147598,-4.5041717685,129.3404
254600000,12731,48.4924145886,-4.5041714542,129.3404
254620000,12732,48.4924144174,-4.50417114,129.3404
254640000,12733,48.4924142462,-4.5041708257,129.3404
254660000,12734,48.4924140749,-4.5041705115,129.3404
254680000,12735,48.4924139037,-4.5041701973,129.3404
254700000,12736,48.4924137325,-4.504169883,129.3404
254720000,12737,48.4924135613,-4.5041695688,129.3404
254740000,12738,48.4924133901,-4.5041692545,129.3404
254760000,12739,48.4924132189,-4.5041689403,129.3404
254780000,12740,48.4924130477,-4.5041686261,129.3404
254800000,12741,48.4924128765,-4.5041683118,129.3404
254820000,12742,48.4924127053,-4.5041679976,129.3404
254840000,12743,48.4924125341,-4.5041676833,129.3404
254860000,12744,48.4924123629,-4.5041673691,129.3404
254880000,12745,48.4924121917,-4.5041670549,129.3404
254900000,12746,48.4924120205,-4.5041667406,129.3404
254920000,12747,48.4924118493,-4.5041664264,129.3404
254940000,12748,48.4924116781,-4.5041661121,129.3404
254960000,12749,48.4924115069,-4.5041657979,129.3404
254980000,12750,48.4924113357,-4.5041654837,129.3404
255000000,12751,48.4924111645,-4.5041651694,129.3404
255020000,12752,48.4924109933,-4.5041648552,129.3404
255040000,12753,48.4924108221,-4.5041645409,129.3404
255060000,12754,48.4924106509,-4.5041642267,129.3404
255080000,12755,48.4924104797,-4.5041639125,129.3404
255100000,12756,48.4924103085,-4.5041635982,129.3404
255120000,12757,48.4924101373,-4.504163284,129.3404
255140000,12758,48.4924099661,-4.5041629697,129.3404
255160000,12759,48.4924097949,-4.5041626555,129.3404
255180000,12760,48.4924096237,-4.5041623412,129.3404
255200000,12761,48.4924094524,-4.504162027,129.3404
255220000,12762,48.4924092812,-4.5041617128,129.3404
255240000,12763,48.49240911,-4.5041613985,129.3404
255260000,12764,48.4924089388,-4.5041610843,129.3404
255280000,12765,48.4924087676,-4.50416077,129.3404
255300000,12766,48.4924085964,-4.5041604558,129.3404
255320000,12767,48.4924084252,-4.5041601416,129.3404
255340000,12768,48.492408254,-4.5041598273,129.3404
255360000,12769,48.4924080828,-4.5041595131,129.3404
255380000,12770,48.4924079116,-4.5041591988,129.3404
255400000,12771,48.4924077404,-4.5041588846,129.3404
255420000,12772,48.4924075692,-4.5041585704,129.3404
255440000,12773,48.492407398,-4.5041582561,129.3404
255460000,12774,48.4924072268,-4.5041579419,129.3404
255480000,12775,48.4924070556,-4.5041576276,129.3404
255500000,12776,48.4924068844,-4.5041573134,129.3404
255520000,12777,48.4924067132,-4.5041569992,129.3404
255540000,12778,48.492406542,-4.5041566849,129.3404
255560000,12779,48.4924063708,-4.5041563707,129.3404
255580000,12780,48.4924061996,-4.5041560564,129.3404
255600000,12781,48.4924060284,-4.5041557422,129.3404
255620000,12782,48.4924058572,-4.504155428,129.3404
255640000,12783,48.492405686,-4.5041551137,129.3404
255660000,12784,48.4924055148,-4.5041547995,129.3404
255680000,12785,48.4924053436,-4.5041544852,129.3404
255700000,12786,48.4924051724,-4.504154171,129.3404
255720000,12787,48.4924050011,-4.5041538568,129.3404
255740000,12788,48.4924048299,-4.5041535425,129.3404
255760000,12789,48.4924046587,-4.5041532283,129.3404
255780000,12790,48.4924044875,-4.504152914,129.3404
255800000,12791,48.4924043163,-4.5041525998,129.3404
255820000,12792,48.4924041451,-4.5041522856,129.3404
255840000,12793,48.4924039739,-4.5041519713,129.3404
255860000,12794,48.4924038027,-4.5041516571,129.3404
255880000,12795,48.4924036315,-4.5041513428,129.3404
255900000,12796,48.4924034603,-4.5041510286,129.3404
255920000,12797,48.4924032891,-4.5041507144,129.3404
255940000,12798,48.4924031179,-4.5041504001,129.3404
255960000,12799,48.4924029467,-4.5041500859,129.3404
255980000,12800,48.4924027755,-4.5041497716,129.3404
256000000,12801,48.4924026043,-4.5041494574,129.3404
256020000,12802,48.4924024331,-4.5041491432,129.3404
256040000,12803,48.4924022619,-4.5041488289,129.3404
256060000,12804,48.4924020907,-4.5041485147,129.3404
256080000,12805,48.4924019195,-4.5041482004,129.3404
256100000,12806,48.4924017483,-4.5041478862,129.3404
256120000,12807,48.4924015771,-4.5041475719,129.3404
256140000,12808,48.4924014059,-4.5041472577,129.3404
256160000,12809,48.4924012347,-4.5041469435,129.3404
256180000,12810,48.4924010635,-4.5041466292,129.3404
256200000,12811,48.4924008923,-4.504146315,129.3404
256220000,12812,48.4924007211,-4.5041460007,129.3404
256240000,12813,48.4924005498,-4.5041456865,129.3404
256260000,12814,48.4924003786,-4.5041453723,129.3404
256280000,12815,48.4924002074,-4.504145058,129.3404
256300000,12816,48.4924000362,-4.5041447438,129.3404
256320000,12817,48.492399865,-4.5041444295,129.3404
256340000,12818,48.4923996938,-4.5041441153,129.3404
256360000,12819,48.4923995226,-4.5041438011,129.3404
256380000,12820,48.4923993514,-4.5041434868,129.3404
256400000,12821,48.4923991802,-4.5041431726,129.3404
256420000,12822,48.492399009,-4.5041428583,129.3404
256440000,12823,48.4923988378,-4.5041425441,129.3404
256460000,12824,48.4923986666,-4.5041422299,129.3404
256480000,12825,48.4923984954,-4.5041419156,129.3404
256500000,12826,48.4923983242,-4.5041416014,129.3404
256520000,12827,48.492398153,-4.5041412871,129.3404
256540000,12828,48.4923979818,-4.5041409729,129.3404
256560000,12829,48.4923978106,-4.5041406587,129.3404
256580000,12830,48.4923976394,-4.5041403444,129.3404
256600000,12831,48.4923974682,-4.5041400302,129.3404
256620000,12832,48.492397297,-4.5041397159,129.3404
256640000,12833,48.4923971258,-4.5041394017,129.3404
256660000,12834,48.4923969546,-4.5041390875,129.3404
256680000,12835,48.4923967834,-4.5041387732,129.3404
256700000,12836,48.4923966122,-4.504138459,129.3404
256720000,12837,48.492396441,-4.5041381447,129.3404
256740000,12838,48.4923962698,-4.5041378305,129.3404
256760000,12839,48.4923960985,-4.5041375163,129.3404
256780000,12840,48.4923959273,-4.504137202,129.3404
256800000,12841,48.4923957561,-4.5041368878,129.3404
256820000,12842,48.4923955849,-4.5041365735,129.3404
256840000,12843,48.4923954137,-4.5041362593,129.3404
256860000,12844,48.4923952425,-4.5041359451,129.3404
256880000,12845,48.4923950713,-4.5041356308,129.3404
256900000,12846,48.4923949001,-4.5041353166,129.3404
256920000,12847,48.4923947289,-4.5041350023,129.3404
256940000,12848,48.4923945577,-4.5041346881,129.3404
256960000,12849,48.4923943865,-4.5041343739,129.3404
256980000,12850,48.4923942153,-4.5041340596,129.3404
257000000,12851,48.4923940441,-4.5041337454,129.3404
257020000,12852,48.4923938729,-4.5041334311,129.3404
257040000,12853,48.4923937017,-4.5041331169,129.3404
257060000,12854,48.4923935305,-4.5041328027,129.3404
257080000,12855,48.4923933593,-4.5041324884,129.3404
257100000,12856,48.4923931881,-4.5041321742,129.3404
257120000,12857,48.4923930169,-4.5041318599,129.3404
257140000,12858,48.4923928457,-4.5041315457,129.3404
257160000,12859,48.4923926745,-4.5041312315,129.3404
257180000,12860,48.4923925033,-4.5041309172,129.3404
257200000,12861,48.4923923321,-4.504130603,129.3404
257220000,12862,48.4923921609,-4.5041302887,129.3404
257240000,12863,48.4923919897,-4.5041299745,129.3404
257260000,12864,48.4923918185,-4.5041296602,129.3404
257280000,12865,48.4923916472,-4.504129346,129.3404
257300000,12866,48.492391476,-4.5041290318,129.3404
257320000,12867,48.4923913048,-4.5041287175,129.3404
257340000,12868,48.4923911336,-4.5041284033,129.3404
257360000,12869,48.4923909624,-4.504128089,129.3404
257380000,12870,48.4923907912,-4.5041277748,129.3404
257400000,12871,48.49239062,-4.5041274606,129.3404
257420000,12872,48.4923904488,-4.5041271463,129.3404
257440000,12873,48.4923902776,-4.5041268321,129.3404
257460000,12874,48.4923901064,-4.5041265178,129.3404
257480000,12875,48.4923899352,-4.5041262036,129.3404
257500000,12876,48.492389764,-4.5041258894,129.3404
257520000,12877,48.4923895928,-4.5041255751,129.3404
257540000,12878,48.4923894216,-4.5041252609,129.3404
257560000,12879,48.4923892504,-4.5041249466,129.3404
257580000,12880,48.4923890792,-4.5041246324,129.3404
257600000,12881,48.492388908,-4.5041243182,129.3404
257620000,12882,48.4923887368,-4.5041240039,129.3404
257640000,12883,48.4923885656,-4.5041236897,129.3404
257660000,12884,48.4923883944,-4.5041233754,129.3404
257680000,12885,48.4923882232,-4.5041230612,129.3404
257700000,12886,48.492388052,-4.504122747,129.3404
257720000,12887,48.4923878808,-4.5041224327,129.3404
257740000,12888,48.4923877096,-4.5041221185,129.3404
257760000,12889,48.4923875384,-4.5041218042,129.3404
257780000,12890,48.4923873672,-4.50412149,129.3404
257800000,12891,48.4923871959,-4.5041211758,129.3404
257820000,12892,48.4923870247,-4.5041208615,129.3404
257840000,12893,48.4923868535,-4.5041205473,129.3404
257860000,12894,48.4923866823,-4.504120233,129.3404
257880000,12895,48.4923865111,-4.5041199188,129.3404
257900000,12896,48.4923863399,-4.5041196046,129.3404
257920000,12897,48.4923861687,-4.5041192903,129.3404
257940000,12898,48.4923859975,-4.5041189761,129.3404
257960000,12899,48.4923858263,-4.5041186618,129.3404
257980000,12900,48.4923856551,-4.5041183476,129.3404
258000000,12901,48.4923854839,-4.5041180334,129.3404
258020000,12902,48.4923853127,-4.5041177191,129.3404
258040000,12903,48.4923851415,-4.5041174049,129.3404
258060000,12904,48.4923849703,-4.5041170906,129.3404
258080000,12905,48.4923847991,-4.5041167764,129.3404
258100000,12906,48.4923846279,-4.5041164622,129.3404
258120000,12907,48.4923844567,-4.5041161479,129.3404
258140000,12908,48.4923842855,-4.5041158337,129.3404
258160000,12909,48.4923841143,-4.5041155194,129.3404
258180000,12910,48.4923839431,-4.5041152052,129.3404
258200000,12911,48.4923837719,-4.504114891,129.3404
258220000,12912,48.4923836007,-4.5041145767,129.3404
258240000,12913,48.4923834295,-4.5041142625,129.3404
258260000,12914,48.4923832583,-4.5041139482,129.3404
258280000,12915,48.4923830871,-4.504113634,129.3404
258300000,12916,48.4923829158,-4.5041133198,129.3404
258320000,12917,48.4923827446,-4.5041130055,129.3404
258340000,12918,48.4923825734,-4.5041126913,129.3404
258360000,12919,48.4923824022,-4.504112377,129.3404
258380000,12920,48.492382231,-4.5041120628,129.3404
258400000,12921,48.4923820598,-4.5041117486,129.3404
258420000,12922,48.4923818886,-4.5041114343,129.3404
258440000,12923,48.4923817174,-4.5041111201,129.3404
258460000,12924,48.4923815462,-4.5041108058,129.3404
258480000,12925,48.492381375,-4.5041104916,129.3404
258500000,12926,48.4923812038,-4.5041101774,129.3404
258520000,12927,48.4923810326,-4.5041098631,129.3404
258540000,12928,48.4923808614,-4.5041095489,129.3404
258560000,12929,48.4923806902,-4.5041092346,129.3404
258580000,12930,48.492380519,-4.5041089204,129.3404
258600000,12931,48.4923803478,-4.5041086062,129.3404
258620000,12932,48.4923801766,-4.5041082919,129.3404
258640000,12933,48.4923800054,-4.5041079777,129.3404
258660000,12934,48.4923798342,-4.5041076634,129.3404
258680000,12935,48.492379663,-4.5041073492,129.3404
258700000,12936,48.4923794918,-4.504107035,129.3404
258720000,12937,48.4923793206,-4.5041067207,129.3404
258740000,12938,48.4923791494,-4.5041064065,129.3404
258760000,12939,48.4923789782,-4.5041060922,129.3404
258780000,12940,48.492378807,-4.504105778,129.3404
258800000,12941,48.4923786358,-4.5041054638,129.3404
258820000,12942,48.4923784645,-4.5041051495,129.3404
258840000,12943,48.4923782933,-4.5041048353,129.3404
258860000,12944,48.4923781221,-4.504104521,129.3404
258880000,12945,48.4923779509,-4.5041042068,129.3404
258900000,12946,48.4923777797,-4.5041038926,129.3404
258920000,12947,48.4923776085,-4.5041035783,129.3404
258940000,12948,48.4923774373,-4.5041032641,129.3404
258960000,12949,48.4923772661,-4.5041029498,129.3404
258980000,12950,48.4923770949,-4.5041026356,129.3404
259000000,12951,48.4923769237,-4.5041023214,129.3404
259020000,12952,48.4923767525,-4.5041020071,129.3404
259040000,12953,48.4923765813,-4.5041016929,129.3404
259060000,12954,48.4923764101,-4.5041013786,129.3404
259080000,12955,48.4923762389,-4.5041010644,129.3404
259100000,12956,48.4923760677,-4.5041007502,129.3404
259120000,12957,48.4923758965,-4.5041004359,129.3404
259140000,12958,48.4923757253,-4.5041001217,129.3404
259160000,12959,48.4923755541,-4.5040998074,129.3404
259180000,12960,48.4923753829,-4.5040994932,129.3404
259200000,12961,48.4923752117,-4.504099179,129.3404
259220000,12962,48.4923750405,-4.5040988647,129.3404
259240000,12963,48.4923748693,-4.5040985505,129.3404
259260000,12964,48.4923746981,-4.5040982362,129.3404
259280000,12965,48.4923745269,-4.504097922,129.3404
259300000,12966,48.4923743557,-4.5040976078,129.3404
259320000,12967,48.4923741844,-4.5040972935,129.3404
259340000,12968,48.4923740132,-4.5040969793,129.3404
259360000,12969,48.492373842,-4.504096665,129.3404
259380000,12970,48.4923736708,-4.5040963508,129.3404
259400000,12971,48.4923734996,-4.5040960366,129.3404
259420000,12972,48.4923733284,-4.5040957223,129.3404
259440000,12973,48.4923731572,-4.5040954081,129.3404
259460000,12974,48.492372986,-4.5040950938,129.3404
259480000,12975,48.4923728148,-4.5040947796,129.3404
259500000,12976,48.4923726436,-4.5040944654,129.3404
259520000,12977,48.4923724724,-4.5040941511,129.3404
259540000,12978,48.4923723012,-4.5040938369,129.3404
259560000,12979,48.49237213,-4.5040935226,129.3404
259580000,12980,48.4923719588,-4.5040932084,129.3404
259600000,12981,48.4923717876,-4.5040928942,129.3404
259620000,12982,48.4923716164,-4.5040925799,129.3404
259640000,12983,48.4923714452,-4.5040922657,129.3404
259660000,12984,48.492371274,-4.5040919514,129.3404
259680000,12985,48.4923711028,-4.5040916372,129.3404
259700000,12986,48.4923709316,-4.504091323,129.3404
259720000,12987,48.4923707604,-4.5040910087,129.3404
259740000,12988,48.4923705892,-4.5040906945,129.3404
259760000,12989,48.492370418,-4.5040903802,129.3404
259780000,12990,48.4923702468,-4.504090066,129.3404
259800000,12991,48.4923700756,-4.5040897518,129.3404
259820000,12992,48.4923699043,-4.5040894375,129.3404
259840000,12993,48.4923697331,-4.5040891233,129.3404
259860000,12994,48.4923695619,-4.504088809,129.3404
259880000,12995,48.4923693907,-4.5040884948,129.3404
259900000,12996,48.4923692195,-4.5040881806,129.3404
259920000,12997,48.4923690483,-4.5040878663,129.3404
259940000,12998,48.4923688771,-4.5040875521,129.3404
259960000,12999,48.4923687059,-4.5040872378,129.3404
259980000,13000,48.4923685347,-4.5040869236,129.3404
260000000,13001,48.4923683635,-4.5040866094,129.3404
260020000,13002,48.4923681923,-4.5040862951,129.3404
260040000,13003,48.4923680211,-4.5040859809,129.3404
260060000,13004,48.4923678499,-4.5040856666,129.3404
260080000,13005,48.4923676787,-4.5040853524,129.3404
260100000,13006,48.4923675075,-4.5040850382,129.3404
260120000,13007,48.4923673363,-4.5040847239,129.3404
260140000,13008,48.4923671651,-4.5040844097,129.3404
260160000,13009,48.4923669939,-4.5040840954,129.3404
260180000,13010,48.4923668227,-4.5040837812,129.3404
260200000,13011,48.4923666515,-4.504083467,129.3404
260220000,13012,48.4923664803,-4.5040831527,129.3404
260240000,13013,48.4923663091,-4.5040828385,129.3404
260260000,13014,48.4923661379,-4.5040825242,129.3404
260280000,13015,48.4923659667,-4.50408221,129.3404
260300000,13016,48.4923657955,-4.5040818958,129.3404
260320000,13017,48.4923656242,-4.5040815815,129.3404
260340000,13018,48.492365453,-4.5040812673,129.3404
260360000,13019,48.4923652818,-4.504080953,129.3404
260380000,13020,48.4923651106,-4.5040806388,129.3404
260400000,13021,48.4923649394,-4.5040803246,129.3404
260420000,13022,48.4923647682,-4.5040800103,129.3404
260440000,13023,48.492364597,-4.5040796961,129.3404
260460000,13024,48.4923644258,-4.5040793818,129.3404
260480000,13025,48.4923642546,-4.5040790676,129.3404
260500000,13026,48.4923640834,-4.5040787534,129.3404
260520000,13027,48.4923639122,-4.5040784391,129.3404
260540000,13028,48.492363741,-4.5040781249,129.3404
260560000,13029,48.4923635698,-4.5040778106,129.3404
260580000,13030,48.4923633986,-4.5040774964,129.3404
260600000,13031,48.4923632274,-4.5040771822,129.3404
260620000,13032,48.4923630562,-4.5040768679,129.3404
260640000,13033,48.492362885,-4.5040765537,129.3404
260660000,13034,48.4923627138,-4.5040762394,129.3404
260680000,13035,48.4923625426,-4.5040759252,129.3404
260700000,13036,48.4923623714,-4.504075611,129.3404
260720000,13037,48.4923622002,-4.5040752967,129.3404
260740000,13038,48.492362029,-4.5040749825,129.3404
260760000,13039,48.4923618578,-4.5040746682,129.3404
260780000,13040,48.4923616866,-4.504074354,129.3404
260800000,13041,48.4923615154,-4.5040740398,129.3404
260820000,13042,48.4923613441,-4.5040737255,129.3404
260840000,13043,48.4923611729,-4.5040734113,129.3404
260860000,13044,48.4923610017,-4.504073097,129.3404
260880000,13045,48.4923608305,-4.5040727828,129.3404
260900000,13046,48.4923606593,-4.5040724686,129.3404
260920000,13047,48.4923604881,-4.5040721543,129.3404
260940000,13048,48.4923603169,-4.5040718401,129.3404
260960000,13049,48.4923601457,-4.5040715258,129.3404
260980000,13050,48.4923599745,-4.5040712116,129.3404
261000000,13051,48.4923598033,-4.5040708974,129.3404
261020000,13052,48.4923596321,-4.5040705831,129.3404
261040000,13053,48.4923594609,-4.5040702689,129.3404
261060000,13054,48.4923592897,-4.5040699546,129.3404
261080000,13055,48.4923591185,-4.5040696404,129.3404
261100000,13056,48.4923589473,-4.5040693262,129.3404
261120000,13057,48.4923587761,-4.5040690119,129.3404
261140000,13058,48.4923586049,-4.5040686977,129.3404
261160000,13059,48.4923584337,-4.5040683834,129.3404
261180000,13060,48.4923582625,-4.5040680692,129.3404
261200000,13061,48.4923580913,-4.504067755,129.3404
261220000,13062,48.4923579201,-4.5040674407,129.3404
261240000,13063,48.4923577489,-4.5040671265,129.3404
261260000,13064,48.4923575777,-4.5040668122,129.3404
261280000,13065,48.4923574065,-4.504066498,129.3404
261300000,13066,48.4923572352,-4.5040661838,129.3404
261320000,13067,48.492357064,-4.5040658695,129.3404
261340000,13068,48.4923568928,-4.5040655553,129.3404
261360000,13069,48.4923567216,-4.504065241,129.3404
261380000,13070,48.4923565504,-4.5040649268,129.3404
261400000,13071,48.4923563792,-4.5040646126,129.3404
261420000,13072,48.492356208,-4.5040642983,129.3404
261440000,13073,48.4923560368,-4.5040639841,129.3404
261460000,13074,48.4923558656,-4.5040636698,129.3404
261480000,13075,48.4923556944,-4.5040633556,129.3404
261500000,13076,48.4923555232,-4.5040630414,129.3404
261520000,13077,48.492355352,-4.5040627271,129.3404
261540000,13078,48.4923551808,-4.5040624129,129.3404
261560000,13079,48.4923550096,-4.5040620986,129.3404
261580000,13080,48.4923548384,-4.5040617844,129.3404
261600000,13081,48.4923546672,-4.5040614702,129.3404
261620000,13082,48.492354496,-4.5040611559,129.3404
261640000,13083,48.4923543248,-4.5040608417,129.3404
261660000,13084,48.4923541536,-4.5040605274,129.3404
261680000,13085,48.4923539824,-4.5040602132,129.3404
261700000,13086,48.4923538112,-4.504059899,129.3404
261720000,13087,48.49235364,-4.5040595847,129.3404
261740000,13088,48.4923534688,-4.5040592705,129.3404
261760000,13089,48.4923532976,-4.5040589562,129.3404
261780000,13090,48.4923531264,-4.504058642,129.3404
261800000,13091,48.4923529551,-4.5040583278,129.3404
261820000,13092,48.4923527839,-4.5040580135,129.3404
261840000,13093,48.4923526127,-4.5040576993,129.3404
261860000,13094,48.4923524415,-4.504057385,129.3404
261880000,13095,48.4923522703,-4.5040570708,129.3404
261900000,13096,48.4923520991,-4.5040567566,129.3404
261920000,13097,48.4923519279,-4.5040564423,129.3404
261940000,13098,48.4923517567,-4.5040561281,129.3404
261960000,13099,48.4923515855,-4.5040558138,129.3404
261980000,13100,48.4923514143,-4.5040554996,129.3404
262000000,13101,48.4923512431,-4.5040551854,129.3404
262020000,13102,48.4923510719,-4.5040548711,129.3404
262040000,13103,48.4923509007,-4.5040545569,129.3404
262060000,13104,48.4923507295,-4.5040542426,129.3404
262080000,13105,48.4923505583,-4.5040539284,129.3404
262100000,13106,48.4923503871,-4.5040536142,129.3404
262120000,13107,48.4923502159,-4.5040532999,129.3404
262140000,13108,48.4923500447,-4.5040529857,129.3404
262160000,13109,48.4923498735,-4.5040526714,129.3404
262180000,13110,48.4923497023,-4.5040523572,129.3404
262200000,13111,48.4923495311,-4.504052043,129.3404
262220000,13112,48.4923493599,-4.5040517287,129.3404
262240000,13113,48.4923491887,-4.5040514145,129.3404
262260000,13114,48.4923490175,-4.5040511002,129.3404
262280000,13115,48.4923488462,-4.504050786,129.3404
262300000,13116,48.492348675,-4.5040504718,129.3404
262320000,13117,48.4923485038,-4.5040501575,129.3404
262340000,13118,48.4923483326,-4.5040498433,129.3404
262360000,13119,48.4923481614,-4.504049529,129.3404
262380000,13120,48.4923479902,-4.5040492148,129.3404
262400000,13121,48.492347819,-4.5040489006,129.3404
262420000,13122,48.4923476478,-4.5040485863,129.3404
262440000,13123,48.4923474766,-4.5040482721,129.3404
262460000,13124,48.4923473054,-4.5040479579,129.3404
262480000,13125,48.4923471342,-4.5040476436,129.3404
262500000,13126,48.492346963,-4.5040473294,129.3404
262520000,13127,48.4923467918,-4.5040470151,129.3404
262540000,13128,48.4923466206,-4.5040467009,129.3404
262560000,13129,48.4923464494,-4.5040463867,129.3404
262580000,13130,48.4923462782,-4.5040460724,129.3404
262600000,13131,48.492346107,-4.5040457582,129.3404
262620000,13132,48.4923459358,-4.5040454439,129.3404
262640000,13133,48.4923457646,-4.5040451297,129.3404
262660000,13134,48.4923455934,-4.5040448155,129.3404
262680000,13135,48.4923454222,-4.5040445012,129.3404
262700000,13136,48.492345251,-4.504044187,129.3404
262720000,13137,48.4923450798,-4.5040438727,129.3404
262740000,13138,48.4923449086,-4.5040435585,129.3404
262760000,13139,48.4923447374,-4.5040432443,129.3404
262780000,13140,48.4923445661,-4.50404293,129.3404
262800000,13141,48.4923443949,-4.5040426158,129.3404
262820000,13142,48.4923442237,-4.5040423015,129.3404
262840000,13143,48.4923440525,-4.5040419873,129.3404
262860000,13144,48.4923438813,-4.5040416731,129.3404
262880000,13145,48.4923437101,-4.5040413588,129.3404
262900000,13146,48.4923435389,-4.5040410446,129.3404
262920000,13147,48.4923433677,-4.5040407303,129.3404
262940000,13148,48.4923431965,-4.5040404161,129.3404
262960000,13149,48.4923430253,-4.5040401019,129.3404
262980000,13150,48.4923428541,-4.5040397876,129.3404
263000000,13151,48.4923426829,-4.5040394734,129.3404
263020000,13152,48.4923425117,-4.5040391591,129.3404
263040000,13153,48.4923423405,-4.5040388449,129.3404
263060000,13154,48.4923421693,-4.5040385307,129.3404
263080000,13155,48.4923419981,-4.5040382164,129.3404
263100000,13156,48.4923418269,-4.5040379022,129.3404
263120000,13157,48.4923416557,-4.5040375879,129.3404
263140000,13158,48.4923414845,-4.5040372737,129.3404
263160000,13159,48.4923413133,-4.5040369595,129.3404
263180000,13160,48.4923411421,-4.5040366452,129.3404
263200000,13161,48.4923409709,-4.504036331,129.3404
263220000,13162,48.4923407997,-4.5040360167,129.3404
263240000,13163,48.4923406285,-4.5040357025,129.3404
263260000,13164,48.4923404572,-4.5040353883,129.3404
263280000,13165,48.492340286,-4.504035074,129.3404
263300000,13166,48.4923401148,-4.5040347598,129.3404
263320000,13167,48.4923399436,-4.5040344455,129.3404
263340000,13168,48.4923397724,-4.5040341313,129.3404
263360000,13169,48.4923396012,-4.5040338171,129.3404
263380000,13170,48.49233943,-4.5040335028,129.3404
263400000,13171,48.4923392588,-4.5040331886,129.3404
263420000,13172,48.4923390876,-4.5040328743,129.3404
263440000,13173,48.4923389164,-4.5040325601,129.3404
263460000,13174,48.4923387452,-4.5040322459,129.3404
263480000,13175,48.492338574,-4.5040319316,129.3404
263500000,13176,48.4923384028,-4.5040316174,129.3404
263520000,13177,48.4923382316,-4.5040313031,129.3404
263540000,13178,48.4923380604,-4.5040309889,129.3404
263560000,13179,48.4923378892,-4.5040306747,129.3404
263580000,13180,48.492337718,-4.5040303604,129.3404
263600000,13181,48.4923375468,-4.5040300462,129.3404
263620000,13182,48.4923373756,-4.504029732,129.3404
263640000,13183,48.4923372044,-4.5040294177,129.3404
263660000,13184,48.4923370332,-4.5040291035,129.3404
263680000,13185,48.492336862,-4.5040287892,129.3404
263700000,13186,48.4923366908,-4.504028475,129.3404
263720000,13187,48.4923365196,-4.5040281608,129.3404
263740000,13188,48.4923363483,-4.5040278465,129.3404
263760000,13189,48.4923361771,-4.5040275323,129.3404
263780000,13190,48.4923360059,-4.504027218,129.3404
263800000,13191,48.4923358347,-4.5040269038,129.3404
263820000,13192,48.4923356635,-4.5040265896,129.3404
263840000,13193,48.4923354923,-4.5040262753,129.3404
263860000,13194,48.4923353211,-4.5040259611,129.3404
263880000,13195,48.4923351499,-4.5040256468,129.3404
263900000,13196,48.4923349787,-4.5040253326,129.3404
263920000,13197,48.4923348075,-4.5040250184,129.3404
263940000,13198,48.4923346363,-4.5040247041,129.3404
263960000,13199,48.4923344651,-4.5040243899,129.3404
263980000,13200,48.4923342939,-4.5040240756,129.3404
264000000,13201,48.4923341227,-4.5040237614,129.3404
264020000,13202,48.4923339515,-4.5040234472,129.3404
264040000,13203,48.4923337803,-4.5040231329,129.3404
264060000,13204,48.4923336091,-4.5040228187,129.3404
264080000,13205,48.4923334379,-4.5040225044,129.3404
264100000,13206,48.4923332667,-4.5040221902,129.3404
264120000,13207,48.4923330955,-4.504021876,129.3404
264140000,13208,48.4923329243,-4.5040215617,129.3404
264160000,13209,48.4923327531,-4.5040212475,129.3404
264180000,13210,48.4923325819,-4.5040209332,129.3404
264200000,13211,48.4923324107,-4.504020619,129.3404
264220000,13212,48.4923322394,-4.5040203048,129.3404
264240000,13213,48.4923320682,-4.5040199905,129.3404
264260000,13214,48.492331897,-4.5040196763,129.3404
264280000,13215,48.4923317258,-4.504019362,129.3404
264300000,13216,48.4923315546,-4.5040190478,129.3404
264320000,13217,48.4923313834,-4.5040187336,129.3404
264340000,13218,48.4923312122,-4.5040184193,129.3404
264360000,13219,48.492331041,-4.5040181051,129.3404
264380000,13220,48.4923308698,-4.5040177908,129.3404
264400000,13221,48.4923306986,-4.5040174766,129.3404
264420000,13222,48.4923305274,-4.5040171624,129.3404
264440000,13223,48.4923303562,-4.5040168481,129.3404
264460000,13224,48.492330185,-4.5040165339,129.3404
264480000,13225,48.4923300138,-4.5040162196,129.3404
264500000,13226,48.4923298426,-4.5040159054,129.3404
264520000,13227,48.4923296714,-4.5040155912,129.3404
264540000,13228,48.4923295002,-4.5040152769,129.3404
264560000,13229,48.492329329,-4.5040149627,129.3404
264580000,13230,48.4923291578,-4.5040146485,129.3404
264600000,13231,48.4923289866,-4.5040143342,129.3404
264620000,13232,48.4923288154,-4.50401402,129.3404
264640000,13233,48.4923286442,-4.5040137057,129.3404
264660000,13234,48.492328473,-4.5040133915,129.3404
264680000,13235,48.4923283018,-4.5040130773,129.3404
264700000,13236,48.4923281305,-4.504012763,129.3404
264720000,13237,48.4923279593,-4.5040124488,129.3404
264740000,13238,48.4923277881,-4.5040121345,129.3404
264760000,13239,48.4923276169,-4.5040118203,129.3404
264780000,13240,48.4923274457,-4.5040115061,129.3404
264800000,13241,48.4923272745,-4.5040111918,129.3404
264820000,13242,48.4923271033,-4.5040108776,129.3404
264840000,13243,48.4923269321,-4.5040105633,129.3404
264860000,13244,48.4923267609,-4.5040102491,129.3404
264880000,13245,48.4923265897,-4.5040099349,129.3404
264900000,13246,48.4923264185,-4.5040096206,129.3404
264920000,13247,48.4923262473,-4.5040093064,129.3404
264940000,13248,48.4923260761,-4.5040089921,129.3404
264960000,13249,48.4923259049,-4.5040086779,129.3404
264980000,13250,48.4923257337,-4.5040083637,129.3404
265000000,13251,48.4923255625,-4.5040080494,129.3404
265020000,13252,48.4923253913,-4.5040077352,129.3404
265040000,13253,48.4923252201,-4.5040074209,129.3404
265060000,13254,48.4923250489,-4.5040071067,129.3404
265080000,13255,48.4923248777,-4.5040067925,129.3404
265100000,13256,48.4923247065,-4.5040064782,129.3404
265120000,13257,48.4923245353,-4.504006164,129.3404
265140000,13258,48.4923243641,-4.5040058497,129.3404
265160000,13259,48.4923241929,-4.5040055355,129.3404
265180000,13260,48.4923240216,-4.5040052213,129.3404
265200000,13261,48.4923238504,-4.504004907,129.3404
265220000,13262,48.4923236792,-4.5040045928,129.3404
265240000,13263,48.492323508,-4.5040042785,129.3404
265260000,13264,48.4923233368,-4.5040039643,129.3404
265280000,13265,48.4923231656,-4.5040036501,129.3404
265300000,13266,48.4923229944,-4.5040033358,129.3404
265320000,13267,48.4923228232,-4.5040030216,129.3404
265340000,13268,48.492322652,-4.5040027074,129.3404
265360000,13269,48.4923224808,-4.5040023931,129.3404
265380000,13270,48.4923223096,-4.5040020789,129.3404
265400000,13271,48.4923221384,-4.5040017646,129.3404
265420000,13272,48.4923219672,-4.5040014504,129.3404
265440000,13273,48.492321796,-4.5040011362,129.3404
265460000,13274,48.4923216248,-4.5040008219,129.3404
265480000,13275,48.4923214536,-4.5040005077,129.3404
265500000,13276,48.4923212824,-4.5040001934,129.3404
265520000,13277,48.4923211112,-4.5039998792,129.3404
265540000,13278,48.49232094,-4.503999565,129.3404
265560000,13279,48.4923207688,-4.5039992507,129.3404
265580000,13280,48.4923205976,-4.5039989365,129.3404
265600000,13281,48.4923204264,-4.5039986222,129.3404
265620000,13282,48.4923202552,-4.503998308,129.3404
265640000,13283,48.4923200839,-4.5039979938,129.3404
265660000,13284,48.4923199127,-4.5039976795,129.3404
265680000,13285,48.4923197415,-4.5039973653,129.3404
265700000,13286,48.4923195703,-4.503997051,129.3404
265720000,13287,48.4923193991,-4.5039967368,129.3404
265740000,13288,48.4923192279,-4.5039964226,129.3404
265760000,13289,48.4923190567,-4.5039961083,129.3404
265780000,13290,48.4923188855,-4.5039957941,129.3404
265800000,13291,48.4923187143,-4.5039954798,129.3404
265820000,13292,48.4923185431,-4.5039951656,129.3404
265840000,13293,48.4923183719,-4.5039948514,129.3404
265860000,13294,48.4923182007,-4.5039945371,129.3404
265880000,13295,48.4923180295,-4.5039942229,129.3404
265900000,13296,48.4923178583,-4.5039939086,129.3404
265920000,13297,48.4923176871,-4.5039935944,129.3404
265940000,13298,48.4923175159,-4.5039932802,129.3404
265960000,13299,48.4923173447,-4.5039929659,129.3404
265980000,13300,48.4923171735,-4.5039926517,129.3404
266000000,13301,48.4923170023,-4.5039923375,129.3404
266020000,13302,48.4923168311,-4.5039920232,129.3404
266040000,13303,48.4923166599,-4.503991709,129.3404
266060000,13304,48.4923164887,-4.5039913947,129.3404
266080000,13305,48.4923163175,-4.5039910805,129.3404
266100000,13306,48.4923161463,-4.5039907663,129.3404
266120000,13307,48.492315975,-4.503990452,129.3404
266140000,13308,48.4923158038,-4.5039901378,129.3404
266160000,13309,48.4923156326,-4.5039898235,129.3404
266180000,13310,48.4923154614,-4.5039895093,129.3404
266200000,13311,48.4923152902,-4.5039891951,129.3404
266220000,13312,48.492315119,-4.5039888808,129.3404
266240000,13313,48.4923149478,-4.5039885666,129.3404
266260000,13314,48.4923147766,-4.5039882523,129.3404
266280000,13315,48.4923146054,-4.5039879381,129.3404
266300000,13316,48.4923144342,-4.5039876239,129.3404
266320000,13317,48.492314263,-4.5039873096,129.3404
266340000,13318,48.4923140918,-4.5039869954,129.3404
266360000,13319,48.4923139206,-4.5039866811,129.3404
266380000,13320,48.4923137494,-4.5039863669,129.3404
266400000,13321,48.4923135782,-4.5039860527,129.3404
266420000,13322,48.492313407,-4.5039857384,129.3404
266440000,13323,48.4923132358,-4.5039854242,129.3404
266460000,13324,48.4923130646,-4.5039851099,129.3404
266480000,13325,48.4923128934,-4.5039847957,129.3404
266500000,13326,48.4923127222,-4.5039844815,129.3404
266520000,13327,48.492312551,-4.5039841672,129.3404
266540000,13328,48.4923123798,-4.503983853,129.3404
266560000,13329,48.4923122086,-4.5039835388,129.3404
266580000,13330,48.4923120373,-4.5039832245,129.3404
266600000,13331,48.4923118661,-4.5039829103,129.3404
266620000,13332,48.4923116949,-4.503982596,129.3404
266640000,13333,48.4923115237,-4.5039822818,129.3404
266660000,13334,48.4923113525,-4.5039819676,129.3404
266680000,13335,48.4923111813,-4.5039816533,129.3404
266700000,13336,48.4923110101,-4.5039813391,129.3404
266720000,13337,48.4923108389,-4.5039810248,129.3404
266740000,13338,48.4923106677,-4.5039807106,129.3404
266760000,13339,48.4923104965,-4.5039803964,129.3404
266780000,13340,48.4923103253,-4.5039800821,129.3404
266800000,13341,48.4923101541,-4.5039797679,129.3404
266820000,13342,48.4923099829,-4.5039794536,129.3404
266840000,13343,48.4923098117,-4.5039791394,129.3404
266860000,13344,48.4923096405,-4.5039788252,129.3404
266880000,13345,48.4923094693,-4.5039785109,129.3404
266900000,13346,48.4923092981,-4.5039781967,129.3404
266920000,13347,48.4923091269,-4.5039778824,129.3404
266940000,13348,48.4923089557,-4.5039775682,129.3404
266960000,13349,48.4923087845,-4.503977254,129.3404
266980000,13350,48.4923086133,-4.5039769397,129.3404
267000000,13351,48.4923084421,-4.5039766255,129.3404
267020000,13352,48.4923082709,-4.5039763112,129.3404
267040000,13353,48.4923080996,-4.503975997,129.3404
267060000,13354,48.4923079284,-4.5039756828,129.3404
267080000,13355,48.4923077572,-4.5039753685,129.3404
267100000,13356,48.492307586,-4.5039750543,129.3404
267120000,13357,48.4923074148,-4.5039747401,129.3404
267140000,13358,48.4923072436,-4.5039744258,129.3404
267160000,13359,48.4923070724,-4.5039741116,129.3404
267180000,13360,48.4923069012,-4.5039737973,129.3404
267200000,13361,48.49230673,-4.5039734831,129.3404
267220000,13362,48.4923065588,-4.5039731689,129.3404
267240000,13363,48.4923063876,-4.5039728546,129.3404
267260000,13364,48.4923062164,-4.5039725404,129.3404
267280000,13365,48.4923060452,-4.5039722261,129.3404
267300000,13366,48.492305874,-4.5039719119,129.3404
267320000,13367,48.4923057028,-4.5039715977,129.3404
267340000,13368,48.4923055316,-4.5039712834,129.3404
267360000,13369,48.4923053604,-4.5039709692,129.3404
267380000,13370,48.4923051892,-4.5039706549,129.3404
267400000,13371,48.492305018,-4.5039703407,129.3404
267420000,13372,48.4923048468,-4.5039700265,129.3404
267440000,13373,48.4923046756,-4.5039697122,129.3404
267460000,13374,48.4923045044,-4.503969398,129.3404
267480000,13375,48.4923043332,-4.5039690837,129.3404
267500000,13376,48.492304162,-4.5039687695,129.3404
267520000,13377,48.4923039907,-4.5039684553,129.3404
267540000,13378,48.4923038195,-4.503968141,129.3404
267560000,13379,48.4923036483,-4.5039678268,129.3404
267580000,13380,48.4923034771,-4.5039675126,129.3404
267600000,13381,48.4923033059,-4.5039671983,129.3404
267620000,13382,48.4923031347,-4.5039668841,129.3404
267640000,13383,48.4923029635,-4.5039665698,129.3404
267660000,13384,48.4923027923,-4.5039662556,129.3404
267680000,13385,48.4923026211,-4.5039659414,129.3404
267700000,13386,48.4923024499,-4.5039656271,129.3404
267720000,13387,48.4923022787,-4.5039653129,129.3404
267740000,13388,48.4923021075,-4.5039649986,129.3404
267760000,13389,48.4923019363,-4.5039646844,129.3404
267780000,13390,48.4923017651,-4.5039643702,129.3404
267800000,13391,48.4923015939,-4.5039640559,129.3404
267820000,13392,48.4923014227,-4.5039637417,129.3404
267840000,13393,48.4923012515,-4.5039634274,129.3404
267860000,13394,48.4923010803,-4.5039631132,129.3404
267880000,13395,48.4923009091,-4.503962799,129.3404
267900000,13396,48.4923007379,-4.5039624847,129.3404
267920000,13397,48.4923005667,-4.5039621705,129.3404
267940000,13398,48.4923003955,-4.5039618562,129.3404
267960000,13399,48.4923002243,-4.503961542,129.3404
267980000,13400,48.492300053,-4.5039612278,129.3404
268000000,13401,48.4922998818,-4.5039609135,129.3404
268020000,13402,48.4922997106,-4.5039605993,129.3404
268040000,13403,48.4922995394,-4.5039602851,129.3404
268060000,13404,48.4922993682,-4.5039599708,129.3404
268080000,13405,48.492299197,-4.5039596566,129.3404
268100000,13406,48.4922990258,-4.5039593423,129.3404
268120000,13407,48.4922988546,-4.5039590281,129.3404
268140000,13408,48.4922986834,-4.5039587139,129.3404
268160000,13409,48.4922985122,-4.5039583996,129.3404
268180000,13410,48.492298341,-4.5039580854,129.3404
268200000,13411,48.4922981698,-4.5039577711,129.3404
268220000,13412,48.4922979986,-4.5039574569,129.3404
268240000,13413,48.4922978274,-4.5039571427,129.3404
268260000,13414,48.4922976562,-4.5039568284,129.3404
268280000,13415,48.492297485,-4.5039565142,129.3404
268300000,13416,48.4922973138,-4.5039561999,129.3404
268320000,13417,48.4922971426,-4.5039558857,129.3404
268340000,13418,48.4922969714,-4.5039555715,129.3404
268360000,13419,48.4922968002,-4.5039552572,129.3404
268380000,13420,48.492296629,-4.503954943,129.3404
268400000,13421,48.4922964578,-4.5039546287,129.3404
268420000,13422,48.4922962866,-4.5039543145,129.3404
268440000,13423,48.4922961153,-4.5039540003,129.3404
268460000,13424,48.4922959441,-4.503953686,129.3404
268480000,13425,48.4922957729,-4.5039533718,129.3404
268500000,13426,48.4922956017,-4.5039530576,129.3404
268520000,13427,48.4922954305,-4.5039527433,129.3404
268540000,13428,48.4922952593,-4.5039524291,129.3404
268560000,13429,48.4922950881,-4.5039521148,129.3404
268580000,13430,48.4922949169,-4.5039518006,129.3404
268600000,13431,48.4922947457,-4.5039514864,129.3404
268620000,13432,48.4922945745,-4.5039511721,129.3404
268640000,13433,48.4922944033,-4.5039508579,129.3404
268660000,13434,48.4922942321,-4.5039505436,129.3404
268680000,13435,48.4922940609,-4.5039502294,129.3404
268700000,13436,48.4922938897,-4.5039499152,129.3404
268720000,13437,48.4922937185,-4.5039496009,129.3404
268740000,13438,48.4922935473,-4.5039492867,129.3404
268760000,13439,48.4922933761,-4.5039489724,129.3404
268780000,13440,48.4922932049,-4.5039486582,129.3404
268800000,13441,48.4922930337,-4.503948344,129.3404
268820000,13442,48.4922928625,-4.5039480297,129.3404
268840000,13443,48.4922926913,-4.5039477155,129.3404
268860000,13444,48.4922925201,-4.5039474012,129.3404
268880000,13445,48.4922923488,-4.503947087,129.3404
268900000,13446,48.4922921776,-4.5039467728,129.3404
268920000,13447,48.4922920064,-4.5039464585,129.3404
268940000,13448,48.4922918352,-4.5039461443,129.3404
268960000,13449,48.492291664,-4.5039458301,129.3404
268980000,13450,48.4922914928,-4.5039455158,129.3404
269000000,13451,48.4922913216,-4.5039452016,129.3404
269020000,13452,48.4922911504,-4.5039448873,129.3404
269040000,13453,48.4922909792,-4.5039445731,129.3404
269060000,13454,48.492290808,-4.5039442589,129.3404
269080000,13455,48.4922906368,-4.5039439446,129.3404
269100000,13456,48.4922904656,-4.5039436304,129.3404
269120000,13457,48.4922902944,-4.5039433161,129.3404
269140000,13458,48.4922901232,-4.5039430019,129.3404
269160000,13459,48.492289952,-4.5039426877,129.3404
269180000,13460,48.4922897808,-4.5039423734,129.3404
269200000,13461,48.4922896096,-4.5039420592,129.3404
269220000,13462,48.4922894384,-4.5039417449,129.3404
269240000,13463,48.4922892672,-4.5039414307,129.3404
269260000,13464,48.492289096,-4.5039411165,129.3404
269280000,13465,48.4922889248,-4.5039408022,129.3404
269300000,13466,48.4922887536,-4.503940488,129.3404
269320000,13467,48.4922885824,-4.5039401738,129.3404
269340000,13468,48.4922884111,-4.5039398595,129.3404
269360000,13469,48.4922882399,-4.5039395453,129.3404
269380000,13470,48.4922880687,-4.503939231,129.3404
269400000,13471,48.4922878975,-4.5039389168,129.3404
269420000,13472,48.4922877263,-4.5039386026,129.3404
269440000,13473,48.4922875551,-4.5039382883,129.3404
269460000,13474,48.4922873839,-4.5039379741,129.3404
269480000,13475,48.4922872127,-4.5039376598,129.3404
269500000,13476,48.4922870415,-4.5039373456,129.3404
269520000,13477,48.4922868703,-4.5039370314,129.3404
269540000,13478,48.4922866991,-4.5039367171,129.3404
269560000,13479,48.4922865279,-4.5039364029,129.3404
269580000,13480,48.4922863567,-4.5039360886,129.3404
269600000,13481,48.4922861855,-4.5039357744,129.3404
269620000,13482,48.4922860143,-4.5039354602,129.3404
269640000,13483,48.4922858431,-4.5039351459,129.3404
269660000,13484,48.4922856719,-4.5039348317,129.3404
269680000,13485,48.4922855007,-4.5039345174,129.3404
269700000,13486,48.4922853295,-4.5039342032,129.3404
269720000,13487,48.4922851583,-4.503933889,129.3404
269740000,13488,48.4922849871,-4.5039335747,129.3404
269760000,13489,48.4922848159,-4.5039332605,129.3404
269780000,13490,48.4922846447,-4.5039329463,129.3404
269800000,13491,48.4922844734,-4.503932632,129.3404
269820000,13492,48.4922843022,-4.5039323178,129.3404
269840000,13493,48.492284131,-4.5039320035,129.3404
269860000,13494,48.4922839598,-4.5039316893,129.3404
269880000,13495,48.4922837886,-4.5039313751,129.3404
269900000,13496,48.4922836174,-4.5039310608,129.3404
269920000,13497,48.4922834462,-4.5039307466,129.3404
269940000,13498,48.492283275,-4.5039304323,129.3404
269960000,13499,48.4922831038,-4.5039301181,129.3404
269980000,13500,48.4922829326,-4.5039298039,129.3404
270000000,13501,48.4922827614,-4.5039294896,129.3404
270020000,13502,48.4922825902,-4.5039291754,129.3404
270040000,13503,48.492282419,-4.5039288611,129.3404
270060000,13504,48.4922822478,-4.5039285469,129.3404
270080000,13505,48.4922820766,-4.5039282327,129.3404
270100000,13506,48.4922819054,-4.5039279184,129.3404
270120000,13507,48.4922817342,-4.5039276042,129.3404
270140000,13508,48.492281563,-4.50392729,129.3404
270160000,13509,48.4922813918,-4.5039269757,129.3404
270180000,13510,48.4922812206,-4.5039266615,129.3404
270200000,13511,48.4922810494,-4.5039263472,129.3404
270220000,13512,48.4922808782,-4.503926033,129.3404
270240000,13513,48.4922807069,-4.5039257188,129.3404
270260000,13514,48.4922805357,-4.5039254045,129.3404
270280000,13515,48.4922803645,-4.5039250903,129.3404
270300000,13516,48.4922801933,-4.503924776,129.3404
270320000,13517,48.4922800221,-4.5039244618,129.3404
270340000,13518,48.4922798509,-4.5039241476,129.3404
270360000,13519,48.4922796797,-4.5039238333,129.3404
270380000,13520,48.4922795085,-4.5039235191,129.3404
270400000,13521,48.4922793373,-4.5039232048,129.3404
270420000,13522,48.4922791661,-4.5039228906,129.3404
270440000,13523,48.4922789949,-4.5039225764,129.3404
270460000,13524,48.4922788237,-4.5039222621,129.3404
270480000,13525,48.4922786525,-4.5039219479,129.3404
270500000,13526,48.4922784813,-4.5039216337,129.3404
270520000,13527,48.4922783101,-4.5039213194,129.3404
270540000,13528,48.4922781389,-4.5039210052,129.3404
270560000,13529,48.4922779677,-4.5039206909,129.3404
270580000,13530,48.4922777965,-4.5039203767,129.3404
270600000,13531,48.4922776253,-4.5039200625,129.3404
270620000,13532,48.4922774541,-4.5039197482,129.3404
270640000,13533,48.4922772829,-4.503919434,129.3404
270660000,13534,48.4922771117,-4.5039191197,129.3404
270680000,13535,48.4922769405,-4.5039188055,129.3404
270700000,13536,48.4922767692,-4.5039184913,129.3404
270720000,13537,48.492276598,-4.503918177,129.3404
270740000,13538,48.4922764268,-4.5039178628,129.3404
270760000,13539,48.4922762556,-4.5039175485,129.3404
270780000,13540,48.4922760844,-4.5039172343,129.3404
270800000,13541,48.4922759132,-4.5039169201,129.3404
270820000,13542,48.492275742,-4.5039166058,129.3404
270840000,13543,48.4922755708,-4.5039162916,129.3404
270860000,13544,48.4922753996,-4.5039159774,129.3404
270880000,13545,48.4922752284,-4.5039156631,129.3404
270900000,13546,48.4922750572,-4.5039153489,129.3404
270920000,13547,48.492274886,-4.5039150346,129.3404
270940000,13548,48.4922747148,-4.5039147204,129.3404
270960000,13549,48.4922745436,-4.5039144062,129.3404
270980000,13550,48.4922743724,-4.5039140919,129.3404
271000000,13551,48.4922742012,-4.5039137777,129.3404
271020000,13552,48.49227403,-4.5039134634,129.3404
271040000,13553,48.4922738588,-4.5039131492,129.3404
271060000,13554,48.4922736876,-4.503912835,129.3404
271080000,13555,48.4922735164,-4.5039125207,129.3404
271100000,13556,48.4922733452,-4.5039122065,129.3404
271120000,13557,48.492273174,-4.5039118922,129.3404
271140000,13558,48.4922730027,-4.503911578,129.3404
271160000,13559,48.4922728315,-4.5039112638,129.3404
271180000,13560,48.4922726603,-4.5039109495,129.3404
271200000,13561,48.4922724891,-4.5039106353,129.3404
271220000,13562,48.4922723179,-4.5039103211,129.3404
271240000,13563,48.4922721467,-4.5039100068,129.3404
271260000,13564,48.4922719755,-4.5039096926,129.3404
271280000,13565,48.4922718043,-4.5039093783,129.3404
271300000,13566,48.4922716331,-4.5039090641,129.3404
271320000,13567,48.4922714619,-4.5039087499,129.3404
271340000,13568,48.4922712907,-4.5039084356,129.3404
271360000,13569,48.4922711195,-4.5039081214,129.3404
271380000,13570,48.4922709483,-4.5039078071,129.3404
271400000,13571,48.4922707771,-4.5039074929,129.3404
271420000,13572,48.4922706059,-4.5039071787,129.3404
271440000,13573,48.4922704347,-4.5039068644,129.3404
271460000,13574,48.4922702635,-4.5039065502,129.3404
271480000,13575,48.4922700923,-4.503906236,129.3404
271500000,13576,48.4922699211,-4.5039059217,129.3404
271520000,13577,48.4922697499,-4.5039056075,129.3404
271540000,13578,48.4922695787,-4.5039052932,129.3404
271560000,13579,48.4922694075,-4.503904979,129.3404
271580000,13580,48.4922692363,-4.5039046648,129.3404
271600000,13581,48.492269065,-4.5039043505,129.3404
271620000,13582,48.4922688938,-4.5039040363,129.3404
271640000,13583,48.4922687226,-4.503903722,129.3404
271660000,13584,48.4922685514,-4.5039034078,129.3404
271680000,13585,48.4922683802,-4.5039030936,129.3404
271700000,13586,48.492268209,-4.5039027793,129.3404
271720000,13587,48.4922680378,-4.5039024651,129.3404
271740000,13588,48.4922678666,-4.5039021508,129.3404
271760000,13589,48.4922676954,-4.5039018366,129.3404
271780000,13590,48.4922675242,-4.5039015224,129.3404
271800000,13591,48.492267353,-4.5039012081,129.3404
271820000,13592,48.4922671818,-4.5039008939,129.3404
271840000,13593,48.4922670106,-4.5039005797,129.3404
271860000,13594,48.4922668394,-4.5039002654,129.3404
271880000,13595,48.4922666682,-4.5038999512,129.3404
271900000,13596,48.492266497,-4.5038996369,129.3404
271920000,13597,48.4922663258,-4.5038993227,129.3404
271940000,13598,48.4922661546,-4.5038990085,129.3404
271960000,13599,48.4922659834,-4.5038986942,129.3404
271980000,13600,48.4922658122,-4.50389838,129.3404
272000000,13601,48.492265641,-4.5038980657,129.3404
272020000,13602,48.4922654698,-4.5038977515,129.3404
272040000,13603,48.4922652985,-4.5038974373,129.3404
272060000,13604,48.4922651273,-4.503897123,129.3404
272080000,13605,48.4922649561,-4.5038968088,129.3404
272100000,13606,48.4922647849,-4.5038964945,129.3404
272120000,13607,48.4922646137,-4.5038961803,129.3404
272140000,13608,48.4922644425,-4.5038958661,129.3404
272160000,13609,48.4922642713,-4.5038955518,129.3404
272180000,13610,48.4922641001,-4.5038952376,129.3404
272200000,13611,48.4922639289,-4.5038949234,129.3404
272220000,13612,48.4922637577,-4.5038946091,129.3404
272240000,13613,48.4922635865,-4.5038942949,129.3404
272260000,13614,48.4922634153,-4.5038939806,129.3404
272280000,13615,48.4922632441,-4.5038936664,129.3404
272300000,13616,48.4922630729,-4.5038933522,129.3404
272320000,13617,48.4922629017,-4.5038930379,129.3404
272340000,13618,48.4922627305,-4.5038927237,129.3404
272360000,13619,48.4922625593,-4.5038924094,129.3404
272380000,13620,48.4922623881,-4.5038920952,129.3404
272400000,13621,48.4922622169,-4.503891781,129.3404
272420000,13622,48.4922620457,-4.5038914667,129.3404
272440000,13623,48.4922618745,-4.5038911525,129.3404
272460000,13624,48.4922617033,-4.5038908383,129.3404
272480000,13625,48.492261532,-4.503890524,129.3404
272500000,13626,48.4922613608,-4.5038902098,129.3404
272520000,13627,48.4922611896,-4.5038898955,129.3404
272540000,13628,48.4922610184,-4.5038895813,129.3404
272560000,13629,48.4922608472,-4.5038892671,129.3404
272580000,13630,48.492260676,-4.5038889528,129.3404
272600000,13631,48.4922605048,-4.5038886386,129.3404
272620000,13632,48.4922603336,-4.5038883243,129.3404
272640000,13633,48.4922601624,-4.5038880101,129.3404
272660000,13634,48.4922599912,-4.5038876959,129.3404
272680000,13635,48.49225982,-4.5038873816,129.3404
272700000,13636,48.4922596488,-4.5038870674,129.3404
272720000,13637,48.4922594776,-4.5038867532,129.3404
272740000,13638,48.4922593064,-4.5038864389,129.3404
272760000,13639,48.4922591352,-4.5038861247,129.3404
272780000,13640,48.492258964,-4.5038858104,129.3404
272800000,13641,48.4922587928,-4.5038854962,129.3404
272820000,13642,48.4922586216,-4.503885182,129.3404
272840000,13643,48.4922584504,-4.5038848677,129.3404
272860000,13644,48.4922582792,-4.5038845535,129.3404
272880000,13645,48.492258108,-4.5038842392,129.3404
272900000,13646,48.4922579368,-4.503883925,129.3404
272920000,13647,48.4922577655,-4.5038836108,129.3404
272940000,13648,48.4922575943,-4.5038832965,129.3404
272960000,13649,48.4922574231,-4.5038829823,129.3404
272980000,13650,48.4922572519,-4.503882668,129.3404
273000000,13651,48.4922570807,-4.5038823538,129.3404
273020000,13652,48.4922569095,-4.5038820396,129.3404
273040000,13653,48.4922567383,-4.5038817253,129.3404
273060000,13654,48.4922565671,-4.5038814111,129.3404
273080000,13655,48.4922563959,-4.5038810969,129.3404
273100000,13656,48.4922562247,-4.5038807826,129.3404
273120000,13657,48.4922560535,-4.5038804684,129.3404
273140000,13658,48.4922558823,-4.5038801541,129.3404
273160000,13659,48.4922557111,-4.5038798399,129.3404
273180000,13660,48.4922555399,-4.5038795257,129.3404
273200000,13661,48.4922553687,-4.5038792114,129.3404
273220000,13662,48.4922551975,-4.5038788972,129.3404
273240000,13663,48.4922550263,-4.5038785829,129.3404
273260000,13664,48.4922548551,-4.5038782687,129.3404
273280000,13665,48.4922546839,-4.5038779545,129.3404
273300000,13666,48.4922545127,-4.5038776402,129.3404
273320000,13667,48.4922543415,-4.503877326,129.3404
273340000,13668,48.4922541703,-4.5038770118,129.3404
273360000,13669,48.492253999,-4.5038766975,129.3404
273380000,13670,48.4922538278,-4.5038763833,129.3404
273400000,13671,48.4922536566,-4.503876069,129.3404
273420000,13672,48.4922534854,-4.5038757548,129.3404
273440000,13673,48.4922533142,-4.5038754406,129.3404
273460000,13674,48.492253143,-4.5038751263,129.3404
273480000,13675,48.4922529718,-4.5038748121,129.3404
273500000,13676,48.4922528006,-4.5038744978,129.3404
273520000,13677,48.4922526294,-4.5038741836,129.3404
273540000,13678,48.4922524582,-4.5038738694,129.3404
273560000,13679,48.492252287,-4.5038735551,129.3404
273580000,13680,48.4922521158,-4.5038732409,129.3404
273600000,13681,48.4922519446,-4.5038729267,129.3404
273620000,13682,48.4922517734,-4.5038726124,129.3404
273640000,13683,48.4922516022,-4.5038722982,129.3404
273660000,13684,48.492251431,-4.5038719839,129.3404
273680000,13685,48.4922512598,-4.5038716697,129.3404
273700000,13686,48.4922510886,-4.5038713555,129.3404
273720000,13687,48.4922509174,-4.5038710412,129.3404
273740000,13688,48.4922507462,-4.503870727,129.3404
273760000,13689,48.492250575,-4.5038704127,129.3404
273780000,13690,48.4922504037,-4.5038700985,129.3404
273800000,13691,48.4922502325,-4.5038697843,129.3404
273820000,13692,48.4922500613,-4.50386947,129.3404
273840000,13693,48.4922498901,-4.5038691558,129.3404
273860000,13694,48.4922497189,-4.5038688416,129.3404
273880000,13695,48.4922495477,-4.5038685273,129.3404
273900000,13696,48.4922493765,-4.5038682131,129.3404
273920000,13697,48.4922492053,-4.5038678988,129.3404
273940000,13698,48.4922490341,-4.5038675846,129.3404
273960000,13699,48.4922488629,-4.5038672704,129.3404
273980000,13700,48.4922486917,-4.5038669561,129.3404
274000000,13701,48.4922485205,-4.5038666419,129.3404
274020000,13702,48.4922483493,-4.5038663276,129.3404
274040000,13703,48.4922481781,-4.5038660134,129.3404
274060000,13704,48.4922480069,-4.5038656992,129.3404
274080000,13705,48.4922478357,-4.5038653849,129.3404
274100000,13706,48.4922476645,-4.5038650707,129.3404
274120000,13707,48.4922474933,-4.5038647565,129.3404
274140000,13708,48.4922473221,-4.5038644422,129.3404
274160000,13709,48.4922471509,-4.503864128,129.3404
274180000,13710,48.4922469797,-4.5038638137,129.3404
274200000,13711,48.4922468085,-4.5038634995,129.3404
274220000,13712,48.4922466372,-4.5038631853,129.3404
274240000,13713,48.492246466,-4.503862871,129.3404
274260000,13714,48.4922462948,-4.5038625568,129.3404
274280000,13715,48.4922461236,-4.5038622425,129.3404
274300000,13716,48.4922459524,-4.5038619283,129.3404
274320000,13717,48.4922457812,-4.5038616141,129.3404
274340000,13718,48.49224561,-4.5038612998,129.3404
274360000,13719,48.4922454388,-4.5038609856,129.3404
274380000,13720,48.4922452676,-4.5038606714,129.3404
274400000,13721,48.4922450964,-4.5038603571,129.3404
274420000,13722,48.4922449252,-4.5038600429,129.3404
274440000,13723,48.492244754,-4.5038597286,129.3404
274460000,13724,48.4922445828,-4.5038594144,129.3404
274480000,13725,48.4922444116,-4.5038591002,129.3404
274500000,13726,48.4922442404,-4.5038587859,129.3404
274520000,13727,48.4922440692,-4.5038584717,129.3404
274540000,13728,48.492243898,-4.5038581574,129.3404
274560000,13729,48.4922437268,-4.5038578432,129.3404
274580000,13730,48.4922435556,-4.503857529,129.3404
274600000,13731,48.4922433844,-4.5038572147,129.3404
274620000,13732,48.4922432132,-4.5038569005,129.3404
274640000,13733,48.492243042,-4.5038565863,129.3404
274660000,13734,48.4922428707,-4.503856272,129.3404
274680000,13735,48.4922426995,-4.5038559578,129.3404
274700000,13736,48.4922425283,-4.5038556435,129.3404
274720000,13737,48.4922423571,-4.5038553293,129.3404
274740000,13738,48.4922421859,-4.5038550151,129.3404
274760000,13739,48.4922420147,-4.5038547008,129.3404
274780000,13740,48.4922418435,-4.5038543866,129.3404
274800000,13741,48.4922416723,-4.5038540723,129.3404
274820000,13742,48.4922415011,-4.5038537581,129.3404
274840000,13743,48.4922413299,-4.5038534439,129.3404
274860000,13744,48.4922411587,-4.5038531296,129.3404
274880000,13745,48.4922409875,-4.5038528154,129.3404
274900000,13746,48.4922408163,-4.5038525012,129.3404
274920000,13747,48.4922406451,-4.5038521869,129.3404
274940000,13748,48.4922404739,-4.5038518727,129.3404
274960000,13749,48.4922403027,-4.5038515584,129.3404
274980000,13750,48.4922401315,-4.5038512442,129.3404
275000000,13751,48.4922399603,-4.50385093,129.3404
275020000,13752,48.4922397891,-4.5038506157,129.3404
275040000,13753,48.4922396179,-4.5038503015,129.3404
275060000,13754,48.4922394467,-4.5038499872,129.3404
275080000,13755,48.4922392754,-4.503849673,129.3404
275100000,13756,48.4922391042,-4.5038493588,129.3404
275120000,13757,48.492238933,-4.5038490445,129.3404
275140000,13758,48.4922387618,-4.5038487303,129.3404
275160000,13759,48.4922385906,-4.5038484161,129.3404
275180000,13760,48.4922384194,-4.5038481018,129.3404
275200000,13761,48.4922382482,-4.5038477876,129.3404
275220000,13762,48.492238077,-4.5038474733,129.3404
275240000,13763,48.4922379058,-4.5038471591,129.3404
275260000,13764,48.4922377346,-4.5038468449,129.3404
275280000,13765,48.4922375634,-4.5038465306,129.3404
275300000,13766,48.4922373922,-4.5038462164,129.3404
275320000,13767,48.492237221,-4.5038459021,129.3404
275340000,13768,48.4922370498,-4.5038455879,129.3404
275360000,13769,48.4922368786,-4.5038452737,129.3404
275380000,13770,48.4922367074,-4.5038449594,129.3404
275400000,13771,48.4922365362,-4.5038446452,129.3404
275420000,13772,48.492236365,-4.503844331,129.3404
275440000,13773,48.4922361938,-4.5038440167,129.3404
275460000,13774,48.4922360226,-4.5038437025,129.3404
275480000,13775,48.4922358514,-4.5038433882,129.3404
275500000,13776,48.4922356802,-4.503843074,129.3404
275520000,13777,48.4922355089,-4.5038427598,129.3404
275540000,13778,48.4922353377,-4.5038424455,129.3404
275560000,13779,48.4922351665,-4.5038421313,129.3404
275580000,13780,48.4922349953,-4.503841817,129.3404
275600000,13781,48.4922348241,-4.5038415028,129.3404
275620000,13782,48.4922346529,-4.5038411886,129.3404
275640000,13783,48.4922344817,-4.5038408743,129.3404
275660000,13784,48.4922343105,-4.5038405601,129.3404
275680000,13785,48.4922341393,-4.5038402459,129.3404
275700000,13786,48.4922339681,-4.5038399316,129.3404
275720000,13787,48.4922337969,-4.5038396174,129.3404
275740000,13788,48.4922336257,-4.5038393031,129.3404
275760000,13789,48.4922334545,-4.5038389889,129.3404
275780000,13790,48.4922332833,-4.5038386747,129.3404
275800000,13791,48.4922331121,-4.5038383604,129.3404
275820000,13792,48.4922329409,-4.5038380462,129.3404
275840000,13793,48.4922327697,-4.5038377319,129.3404
275860000,13794,48.4922325985,-4.5038374177,129.3404
275880000,13795,48.4922324273,-4.5038371035,129.3404
275900000,13796,48.4922322561,-4.5038367892,129.3404
275920000,13797,48.4922320849,-4.503836475,129.3404
275940000,13798,48.4922319136,-4.5038361608,129.3404
275960000,13799,48.4922317424,-4.5038358465,129.3404
275980000,13800,48.4922315712,-4.5038355323,129.3404
276000000,13801,48.4922314,-4.503835218,129.3404
276020000,13802,48.4922312288,-4.5038349038,129.3404
276040000,13803,48.4922310576,-4.5038345896,129.3404
276060000,13804,48.4922308864,-4.5038342753,129.3404
276080000,13805,48.4922307152,-4.5038339611,129.3404
276100000,13806,48.492230544,-4.5038336469,129.3404
276120000,13807,48.4922303728,-4.5038333326,129.3404
276140000,13808,48.4922302016,-4.5038330184,129.3404
276160000,13809,48.4922300304,-4.5038327041,129.3404
276180000,13810,48.4922298592,-4.5038323899,129.3404
276200000,13811,48.492229688,-4.5038320757,129.3404
276220000,13812,48.4922295168,-4.5038317614,129.3404
276240000,13813,48.4922293456,-4.5038314472,129.3404
276260000,13814,48.4922291744,-4.5038311329,129.3404
276280000,13815,48.4922290032,-4.5038308187,129.3404
276300000,13816,48.492228832,-4.5038305045,129.3404
276320000,13817,48.4922286608,-4.5038301902,129.3404
276340000,13818,48.4922284896,-4.503829876,129.3404
276360000,13819,48.4922283183,-4.5038295618,129.3404
276380000,13820,48.4922281471,-4.5038292475,129.3404
276400000,13821,48.4922279759,-4.5038289333,129.3404
276420000,13822,48.4922278047,-4.503828619,129.3404
276440000,13823,48.4922276335,-4.5038283048,129.3404
276460000,13824,48.4922274623,-4.5038279906,129.3404
276480000,13825,48.4922272911,-4.5038276763,129.3404
276500000,13826,48.4922271199,-4.5038273621,129.3404
276520000,13827,48.4922269487,-4.5038270478,129.3404
276540000,13828,48.4922267775,-4.5038267336,129.3404
276560000,13829,48.4922266063,-4.5038264194,129.3404
276580000,13830,48.4922264351,-4.5038261051,129.3404
276600000,13831,48.4922262639,-4.5038257909,129.3404
276620000,13832,48.4922260927,-4.5038254767,129.3404
276640000,13833,48.4922259215,-4.5038251624,129.3404
276660000,13834,48.4922257503,-4.5038248482,129.3404
276680000,13835,48.4922255791,-4.5038245339,129.3404
276700000,13836,48.4922254079,-4.5038242197,129.3404
276720000,13837,48.4922252367,-4.5038239055,129.3404
276740000,13838,48.4922250655,-4.5038235912,129.3404
276760000,13839,48.4922248943,-4.503823277,129.3404
276780000,13840,48.4922247231,-4.5038229628,129.3404
276800000,13841,48.4922245518,-4.5038226485,129.3404
276820000,13842,48.4922243806,-4.5038223343,129.3404
276840000,13843,48.4922242094,-4.50382202,129.3404
276860000,13844,48.4922240382,-4.5038217058,129.3404
276880000,13845,48.492223867,-4.5038213916,129.3404
276900000,13846,48.4922236958,-4.5038210773,129.3404
276920000,13847,48.4922235246,-4.5038207631,129.3404
276940000,13848,48.4922233534,-4.5038204488,129.3404
276960000,13849,48.4922231822,-4.5038201346,129.3404
276980000,13850,48.492223011,-4.5038198204,129.3404
277000000,13851,48.4922228398,-4.5038195061,129.3404
277020000,13852,48.4922226686,-4.5038191919,129.3404
277040000,13853,48.4922224974,-4.5038188777,129.3404
277060000,13854,48.4922223262,-4.5038185634,129.3404
277080000,13855,48.492222155,-4.5038182492,129.3404
277100000,13856,48.4922219838,-4.5038179349,129.3404
277120000,13857,48.4922218126,-4.5038176207,129.3404
277140000,13858,48.4922216414,-4.5038173065,129.3404
277160000,13859,48.4922214702,-4.5038169922,129.3404
277180000,13860,48.492221299,-4.503816678,129.3404
277200000,13861,48.4922211278,-4.5038163637,129.3404
277220000,13862,48.4922209565,-4.5038160495,129.3404
277240000,13863,48.4922207853,-4.5038157353,129.3404
277260000,13864,48.4922206141,-4.503815421,129.3404
277280000,13865,48.4922204429,-4.5038151068,129.3404
277300000,13866,48.4922202717,-4.5038147926,129.3404
277320000,13867,48.4922201005,-4.5038144783,129.3404
277340000,13868,48.4922199293,-4.5038141641,129.3404
277360000,13869,48.4922197581,-4.5038138498,129.3404
277380000,13870,48.4922195869,-4.5038135356,129.3404
277400000,13871,48.4922194157,-4.5038132214,129.3404
277420000,13872,48.4922192445,-4.5038129071,129.3404
277440000,13873,48.4922190733,-4.5038125929,129.3404
277460000,13874,48.4922189021,-4.5038122787,129.3404
277480000,13875,48.4922187309,-4.5038119644,129.3404
277500000,13876,48.4922185597,-4.5038116502,129.3404
277520000,13877,48.4922183885,-4.5038113359,129.3404
277540000,13878,48.4922182173,-4.5038110217,129.3404
277560000,13879,48.4922180461,-4.5038107075,129.3404
277580000,13880,48.4922178749,-4.5038103932,129.3404
277600000,13881,48.4922177037,-4.503810079,129.3404
277620000,13882,48.4922175325,-4.5038097647,129.3404
277640000,13883,48.4922173612,-4.5038094505,129.3404
277660000,13884,48.49221719,-4.5038091363,129.3404
277680000,13885,48.4922170188,-4.503808822,129.3404
277700000,13886,48.4922168476,-4.5038085078,129.3404
277720000,13887,48.4922166764,-4.5038081936,129.3404
277740000,13888,48.4922165052,-4.5038078793,129.3404
277760000,13889,48.492216334,-4.5038075651,129.3404
277780000,13890,48.4922161628,-4.5038072508,129.3404
277800000,13891,48.4922159916,-4.5038069366,129.3404
277820000,13892,48.4922158204,-4.5038066224,129.3404
277840000,13893,48.4922156492,-4.5038063081,129.3404
277860000,13894,48.492215478,-4.5038059939,129.3404
277880000,13895,48.4922153068,-4.5038056797,129.3404
277900000,13896,48.4922151356,-4.5038053654,129.3404
277920000,13897,48.4922149644,-4.5038050512,129.3404
277940000,13898,48.4922147932,-4.5038047369,129.3404
277960000,13899,48.492214622,-4.5038044227,129.3404
277980000,13900,48.4922144508,-4.5038041085,129.3404
278000000,13901,48.4922142796,-4.5038037942,129.3404
278020000,13902,48.4922141084,-4.50380348,129.3404
278040000,13903,48.4922139372,-4.5038031657,129.3404
278060000,13904,48.4922137659,-4.5038028515,129.3404
278080000,13905,48.4922135947,-4.5038025373,129.3404
278100000,13906,48.4922134235,-4.503802223,129.3404
278120000,13907,48.4922132523,-4.5038019088,129.3404
278140000,13908,48.4922130811,-4.5038015946,129.3404
278160000,13909,48.4922129099,-4.5038012803,129.3404
278180000,13910,48.4922127387,-4.5038009661,129.3404
278200000,13911,48.4922125675,-4.5038006518,129.3404
278220000,13912,48.4922123963,-4.5038003376,129.3404
278240000,13913,48.4922122251,-4.5038000234,129.3404
278260000,13914,48.4922120539,-4.5037997091,129.3404
278280000,13915,48.4922118827,-4.5037993949,129.3404
278300000,13916,48.4922117115,-4.5037990807,129.3404
278320000,13917,48.4922115403,-4.5037987664,129.3404
278340000,13918,48.4922113691,-4.5037984522,129.3404
278360000,13919,48.4922111979,-4.5037981379,129.3404
278380000,13920,48.4922110267,-4.5037978237,129.3404
278400000,13921,48.4922108555,-4.5037975095,129.3404
278420000,13922,48.4922106843,-4.5037971952,129.3404
278440000,13923,48.4922105131,-4.503796881,129.3404
278460000,13924,48.4922103419,-4.5037965667,129.3404
278480000,13925,48.4922101706,-4.5037962525,129.3404
278500000,13926,48.4922099994,-4.5037959383,129.3404
278520000,13927,48.4922098282,-4.503795624,129.3404
278540000,13928,48.492209657,-4.5037953098,129.3404
278560000,13929,48.4922094858,-4.5037949956,129.3404
278580000,13930,48.4922093146,-4.5037946813,129.3404
278600000,13931,48.4922091434,-4.5037943671,129.3404
278620000,13932,48.4922089722,-4.5037940528,129.3404
278640000,13933,48.492208801,-4.5037937386,129.3404
278660000,13934,48.4922086298,-4.5037934244,129.3404
278680000,13935,48.4922084586,-4.5037931101,129.3404
278700000,13936,48.4922082874,-4.5037927959,129.3404
278720000,13937,48.4922081162,-4.5037924817,129.3404
278740000,13938,48.492207945,-4.5037921674,129.3404
278760000,13939,48.4922077738,-4.5037918532,129.3404
278780000,13940,48.4922076026,-4.5037915389,129.3404
278800000,13941,48.4922074314,-4.5037912247,129.3404
278820000,13942,48.4922072602,-4.5037909105,129.3404
278840000,13943,48.492207089,-4.5037905962,129.3404
278860000,13944,48.4922069178,-4.503790282,129.3404
278880000,13945,48.4922067465,-4.5037899678,129.3404
278900000,13946,48.4922065753,-4.5037896535,129.3404
278920000,13947,48.4922064041,-4.5037893393,129.3404
278940000,13948,48.4922062329,-4.503789025,129.3404
278960000,13949,48.4922060617,-4.5037887108,129.3404
278980000,13950,48.4922058905,-4.5037883966,129.3404
279000000,13951,48.4922057193,-4.5037880823,129.3404
279020000,13952,48.4922055481,-4.5037877681,129.3404
279040000,13953,48.4922053769,-4.5037874538,129.3404
279060000,13954,48.4922052057,-4.5037871396,129.3404
279080000,13955,48.4922050345,-4.5037868254,129.3404
279100000,13956,48.4922048633,-4.5037865111,129.3404
279120000,13957,48.4922046921,-4.5037861969,129.3404
279140000,13958,48.4922045209,-4.5037858827,129.3404
279160000,13959,48.4922043497,-4.5037855684,129.3404
279180000,13960,48.4922041785,-4.5037852542,129.3404
279200000,13961,48.4922040073,-4.5037849399,129.3404
279220000,13962,48.4922038361,-4.5037846257,129.3404
279240000,13963,48.4922036649,-4.5037843115,129.3404
279260000,13964,48.4922034937,-4.5037839972,129.3404
279280000,13965,48.4922033225,-4.503783683,129.3404
279300000,13966,48.4922031512,-4.5037833688,129.3404
279320000,13967,48.49220298,-4.5037830545,129.3404
279340000,13968,48.4922028088,-4.5037827403,129.3404
279360000,13969,48.4922026376,-4.503782426,129.3404
279380000,13970,48.4922024664,-4.5037821118,129.3404
279400000,13971,48.4922022952,-4.5037817976,129.3404
279420000,13972,48.492202124,-4.5037814833,129.3404
279440000,13973,48.4922019528,-4.5037811691,129.3404
279460000,13974,48.4922017816,-4.5037808549,129.3404
279480000,13975,48.4922016104,-4.5037805406,129.3404
279500000,13976,48.4922014392,-4.5037802264,129.3404
279520000,13977,48.492201268,-4.5037799121,129.3404
279540000,13978,48.4922010968,-4.5037795979,129.3404
279560000,13979,48.4922009256,-4.5037792837,129.3404
279580000,13980,48.4922007544,-4.5037789694,129.3404
279600000,13981,48.4922005832,-4.5037786552,129.3404
279620000,13982,48.492200412,-4.5037783409,129.3404
279640000,13983,48.4922002408,-4.5037780267,129.3404
279660000,13984,48.4922000696,-4.5037777125,129.3404
279680000,13985,48.4921998984,-4.5037773982,129.3404
279700000,13986,48.4921997272,-4.503777084,129.3404
279720000,13987,48.4921995559,-4.5037767698,129.3404
279740000,13988,48.4921993847,-4.5037764555,129.3404
279760000,13989,48.4921992135,-4.5037761413,129.3404
279780000,13990,48.4921990423,-4.503775827,129.3404
279800000,13991,48.4921988711,-4.5037755128,129.3404
279820000,13992,48.4921986999,-4.5037751986,129.3404
279840000,13993,48.4921985287,-4.5037748843,129.3404
279860000,13994,48.4921983575,-4.5037745701,129.3404
279880000,13995,48.4921981863,-4.5037742559,129.3404
279900000,13996,48.4921980151,-4.5037739416,129.3404
279920000,13997,48.4921978439,-4.5037736274,129.3404
279940000,13998,48.4921976727,-4.5037733131,129.3404
279960000,13999,48.4921975015,-4.5037729989,129.3404
279980000,14000,48.4921973303,-4.5037726847,129.3404
280000000,14001,48.4921971591,-4.5037723704,129.3404
280020000,14002,48.4921969879,-4.5037720562,129.3404
280040000,14003,48.4921968167,-4.503771742,129.3404
280060000,14004,48.4921966455,-4.5037714277,129.3404
280080000,14005,48.4921964743,-4.5037711135,129.3404
280100000,14006,48.4921963031,-4.5037707992,129.3404
280120000,14007,48.4921961318,-4.503770485,129.3404
280140000,14008,48.4921959606,-4.5037701708,129.3404
280160000,14009,48.4921957894,-4.5037698565,129.3404
280180000,14010,48.4921956182,-4.5037695423,129.3404
280200000,14011,48.492195447,-4.503769228,129.3404
280220000,14012,48.4921952758,-4.5037689138,129.3404
280240000,14013,48.4921951046,-4.5037685996,129.3404
280260000,14014,48.4921949334,-4.5037682853,129.3404
280280000,14015,48.4921947622,-4.5037679711,129.3404
280300000,14016,48.492194591,-4.5037676569,129.3404
280320000,14017,48.4921944198,-4.5037673426,129.3404
280340000,14018,48.4921942486,-4.5037670284,129.3404
280360000,14019,48.4921940774,-4.5037667141,129.3404
280380000,14020,48.4921939062,-4.5037663999,129.3404
280400000,14021,48.492193735,-4.5037660857,129.3404
280420000,14022,48.4921935638,-4.5037657714,129.3404
280440000,14023,48.4921933926,-4.5037654572,129.3404
280460000,14024,48.4921932214,-4.503765143,129.3404
280480000,14025,48.4921930502,-4.5037648287,129.3404
280500000,14026,48.492192879,-4.5037645145,129.3404
280520000,14027,48.4921927078,-4.5037642002,129.3404
280540000,14028,48.4921925365,-4.503763886,129.3404
280560000,14029,48.4921923653,-4.5037635718,129.3404
280580000,14030,48.4921921941,-4.5037632575,129.3404
280600000,14031,48.4921920229,-4.5037629433,129.3404
280620000,14032,48.4921918517,-4.5037626291,129.3404
280640000,14033,48.4921916805,-4.5037623148,129.3404
280660000,14034,48.4921915093,-4.5037620006,129.3404
280680000,14035,48.4921913381,-4.5037616863,129.3404
280700000,14036,48.4921911669,-4.5037613721,129.3404
280720000,14037,48.4921909957,-4.5037610579,129.3404
280740000,14038,48.4921908245,-4.5037607436,129.3404
280760000,14039,48.4921906533,-4.5037604294,129.3404
280780000,14040,48.4921904821,-4.5037601152,129.3404
280800000,14041,48.4921903109,-4.5037598009,129.3404
280820000,14042,48.4921901397,-4.5037594867,129.3404
280840000,14043,48.4921899685,-4.5037591724,129.3404
280860000,14044,48.4921897973,-4.5037588582,129.3404
280880000,14045,48.4921896261,-4.503758544,129.3404
280900000,14046,48.4921894549,-4.5037582297,129.3404
280920000,14047,48.4921892837,-4.5037579155,129.3404
280940000,14048,48.4921891124,-4.5037576012,129.3404
280960000,14049,48.4921889412,-4.503757287,129.3404
280980000,14050,48.49218877,-4.5037569728,129.3404
281000000,14051,48.4921885988,-4.5037566585,129.3404
281020000,14052,48.4921884276,-4.5037563443,129.3404
281040000,14053,48.4921882564,-4.5037560301,129.3404
281060000,14054,48.4921880852,-4.5037557158,129.3404
281080000,14055,48.492187914,-4.5037554016,129.3404
281100000,14056,48.4921877428,-4.5037550873,129.3404
281120000,14057,48.4921875716,-4.5037547731,129.3404
281140000,14058,48.4921874004,-4.5037544589,129.3404
281160000,14059,48.4921872292,-4.5037541446,129.3404
281180000,14060,48.492187058,-4.5037538304,129.3404
281200000,14061,48.4921868868,-4.5037535162,129.3404
281220000,14062,48.4921867156,-4.5037532019,129.3404
281240000,14063,48.4921865444,-4.5037528877,129.3404
281260000,14064,48.4921863732,-4.5037525734,129.3404
281280000,14065,48.492186202,-4.5037522592,129.3404
281300000,14066,48.4921860308,-4.503751945,129.3404
281320000,14067,48.4921858596,-4.5037516307,129.3404
281340000,14068,48.4921856884,-4.5037513165,129.3404
281360000,14069,48.4921855171,-4.5037510023,129.3404
281380000,14070,48.4921853459,-4.503750688,129.3404
281400000,14071,48.4921851747,-4.5037503738,129.3404
281420000,14072,48.4921850035,-4.5037500595,129.3404
281440000,14073,48.4921848323,-4.5037497453,129.3404
281460000,14074,48.4921846611,-4.5037494311,129.3404
281480000,14075,48.4921844899,-4.5037491168,129.3404
281500000,14076,48.4921843187,-4.5037488026,129.3404
281520000,14077,48.4921841475,-4.5037484884,129.3404
281540000,14078,48.4921839763,-4.5037481741,129.3404
281560000,14079,48.4921838051,-4.5037478599,129.3404
281580000,14080,48.4921836339,-4.5037475456,129.3404
281600000,14081,48.4921834627,-4.5037472314,129.3404
281620000,14082,48.4921832915,-4.5037469172,129.3404
281640000,14083,48.4921832915,-4.5037469172,129.3404
281660000,14084,48.4921831772,-4.5037467022,127.9614
281680000,14085,48.4921830649,-4.5037464803,126.6334
281700000,14086,48.4921829545,-4.5037462516,125.3548
281720000,14087,48.4921828461,-4.5037460163,124.1238
281740000,14088,48.4921827396,-4.5037457745,122.9386
281760000,14089,48.492182635,-4.5037455261,121.7974
281780000,14090,48.4921825323,-4.5037452715,120.6984
281800000,14091,48.4921824315,-4.5037450106,119.6399
281820000,14092,48.4921823326,-4.5037447436,118.6201
281840000,14093,48.4921822356,-4.5037444705,117.6373
281860000,14094,48.4921821405,-4.5037441916,116.6898
281880000,14095,48.4921820472,-4.5037439069,115.776
281900000,14096,48.4921819559,-4.5037436165,114.8944
281920000,14097,48.4921818663,-4.5037433205,114.0435
281940000,14098,48.4921817787,-4.5037430191,113.2218
281960000,14099,48.4921816929,-4.5037427123,112.4279
281980000,14100,48.4921816089,-4.5037424002,111.6606
282000000,14101,48.4921815268,-4.503742083,110.9186
282020000,14102,48.4921814464,-4.5037417608,110.2006
282040000,14103,48.4921813679,-4.5037414337,109.5056
282060000,14104,48.4921812912,-4.5037411017,108.8324
282080000,14105,48.4921812163,-4.5037407651,108.1799
282100000,14106,48.4921811433,-4.5037404238,107.5473
282120000,14107,48.4921810719,-4.5037400781,106.9335
282140000,14108,48.4921810024,-4.503739728,106.3377
282160000,14109,48.4921809347,-4.5037393736,105.759
282180000,14110,48.4921808687,-4.5037390151,105.1966
282200000,14111,48.4921808045,-4.5037386525,104.6497
282220000,14112,48.492180742,-4.503738286,104.1176
282240000,14113,48.4921806813,-4.5037379157,103.5996
282260000,14114,48.4921806223,-4.5037375416,103.0951
282280000,14115,48.492180565,-4.5037371639,102.6033
282300000,14116,48.4921805095,-4.5037367827,102.1237
282320000,14117,48.4921804557,-4.5037363982,101.6557
282340000,14118,48.4921804036,-4.5037360103,101.1988
282360000,14119,48.4921803532,-4.5037356193,100.7524
282380000,14120,48.4921803045,-4.5037352252,100.3161
282400000,14121,48.4921802575,-4.5037348282,99.8893
282420000,14122,48.4921802121,-4.5037344283,99.4717
282440000,14123,48.4921801685,-4.5037340256,99.0627
282460000,14124,48.4921801265,-4.5037336204,98.662
282480000,14125,48.4921800861,-4.5037332126,98.2691
282500000,14126,48.4921800474,-4.5037328024,97.8838
282520000,14127,48.4921800104,-4.5037323899,97.5055
282540000,14128,48.492179975,-4.5037319752,97.134
282560000,14129,48.4921799412,-4.5037315585,96.7689
282580000,14130,48.4921799091,-4.5037311397,96.4099
282600000,14131,48.4921798785,-4.5037307191,96.0567
282620000,14132,48.4921798496,-4.5037302968,95.709
282640000,14133,48.4921798223,-4.5037298727,95.3664
282660000,14134,48.4921797965,-4.5037294472,95.0288
282680000,14135,48.4921797724,-4.5037290202,94.6958
282700000,14136,48.4921797498,-4.5037285919,94.3671
282720000,14137,48.4921797289,-4.5037281624,94.0425
282740000,14138,48.4921797094,-4.5037277318,93.7218
282760000,14139,48.4921796916,-4.5037273002,93.4047
282780000,14140,48.4921796753,-4.5037268677,93.091
282800000,14141,48.4921796605,-4.5037264345,92.7804
282820000,14142,48.4921796473,-4.5037260006,92.4727
282840000,14143,48.4921796356,-4.5037255661,92.1677
282860000,14144,48.4921796254,-4.5037251312,91.8652
282880000,14145,48.4921796167,-4.5037246959,91.5649
282900000,14146,48.4921796096,-4.5037242604,91.2667
282920000,14147,48.4921796039,-4.5037238248,90.9703
282940000,14148,48.4921795997,-4.5037233892,90.6755
282960000,14149,48.4921795971,-4.5037229537,90.3821
282980000,14150,48.4921795959,-4.5037225184,90.09
283000000,14151,48.4921795962,-4.5037220834,89.7989
283020000,14152,48.4921795979,-4.5037216488,89.5086
283040000,14153,48.4921796011,-4.5037212148,89.2189
283060000,14154,48.4921796058,-4.5037207814,88.9296
283080000,14155,48.4921796119,-4.5037203488,88.6406
283100000,14156,48.4921796194,-4.503719917,88.3515
283120000,14157,48.4921796284,-4.5037194862,88.0622
283140000,14158,48.4921796387,-4.5037190565,87.7726
283160000,14159,48.4921796505,-4.503718628,87.4823
283180000,14160,48.4921796637,-4.5037182007,87.1911
283200000,14161,48.4921796784,-4.5037177749,86.899
283220000,14162,48.4921796944,-4.5037173506,86.6055
283240000,14163,48.4921797117,-4.5037169279,86.3106
283260000,14164,48.4921797305,-4.503716507,86.0139
283280000,14165,48.4921797506,-4.5037160879,85.7153
283300000,14166,48.4921797721,-4.5037156708,85.4145
283320000,14167,48.492179795,-4.5037152557,85.1112
283340000,14168,48.4921798192,-4.5037148428,84.8051
283360000,14169,48.4921798448,-4.5037144322,84.4961
283380000,14170,48.4921798717,-4.503714024,84.1839
283400000,14171,48.4921798999,-4.5037136182,83.8681
283420000,14172,48.4921799294,-4.5037132151,83.5484
283440000,14173,48.4921799603,-4.5037128147,83.2246
283460000,14174,48.4921799924,-4.5037124171,82.8963
283480000,14175,48.4921800259,-4.5037120225,82.5632
283500000,14176,48.4921800606,-4.5037116309,82.2249
283520000,14177,48.4921800967,-4.5037112425,81.881
283540000,14178,48.492180134,-4.5037108573,81.5312
283560000,14179,48.4921801726,-4.5037104755,81.175
283580000,14180,48.4921802124,-4.5037100972,80.8121
283600000,14181,48.4921802535,-4.5037097224,80.4419
283620000,14182,48.4921802959,-4.5037093514,80.064
283640000,14183,48.4921803395,-4.5037089842,79.6778
283660000,14184,48.4921803843,-4.5037086209,79.2828
283680000,14185,48.4921804304,-4.5037082616,78.8785
283700000,14186,48.4921804777,-4.5037079065,78.4642
283720000,14187,48.4921805262,-4.5037075556,78.0393
283740000,14188,48.4921805759,-4.503707209,77.603
283760000,14189,48.4921806268,-4.503706867,77.1547
283780000,14190,48.4921806789,-4.5037065295,76.6936
283800000,14191,48.4921807322,-4.5037061967,76.2187
283820000,14192,48.4921807866,-4.5037058686,75.7293
283840000,14193,48.4921808423,-4.5037055455,75.2243
283860000,14194,48.4921808991,-4.5037052274,74.7026
283880000,14195,48.492180957,-4.5037049144,74.1633
283900000,14196,48.4921810161,-4.5037046066,73.6049
283920000,14197,48.4921810763,-4.5037043042,73.0263
283940000,14198,48.4921811377,-4.5037040072,72.4261
283960000,14199,48.4921812002,-4.5037037158,71.8027
283980000,14200,48.4921812638,-4.50370343,71.1545
284000000,14201,48.4921813286,-4.50370315,70.4797
284020000,14202,48.4921813944,-4.5037028759,69.7764
284040000,14203,48.4921814614,-4.5037026078,69.0424
284060000,14204,48.4921815294,-4.5037023458,68.2757
284080000,14205,48.4921815985,-4.5037020899,67.4736
284100000,14206,48.4921816687,-4.5037018405,66.6336
284120000,14207,48.4921817399,-4.5037015974,65.7526
284140000,14208,48.4921818123,-4.5037013609,64.8277
284160000,14209,48.4921818857,-4.503701131,63.8552
284180000,14210,48.4921819601,-4.5037009079,62.8316
284200000,14211,48.4921820356,-4.5037006916,61.7528
284220000,14212,48.4921821121,-4.5037004823,60.6143
284240000,14213,48.4921821896,-4.5037002801,59.4115
284260000,14214,48.4921822681,-4.5037000851,58.1391
284280000,14215,48.4921823477,-4.5036998974,56.7917
284300000,14216,48.4921824283,-4.5036997171,55.3633
284320000,14217,48.4921825098,-4.5036995443,53.8476
284340000,14218,48.4921825924,-4.5036993792,52.2378
284360000,14219,48.4921826759,-4.5036992218,50.5269
284380000,14220,48.4921827604,-4.5036990722,48.7075
284400000,14221,48.4921828459,-4.5036989306,46.7721
284420000,14222,48.4921829324,-4.503698797,44.7132
284440000,14223,48.4921830198,-4.5036986717,42.5233
284460000,14224,48.4921831081,-4.5036985546,40.1958
284480000,14225,48.4921831974,-4.5036984459,37.7244
284500000,14226,48.4921832876,-4.5036983457,35.1045
284520000,14227,48.4921833788,-4.5036982541,32.333
284540000,14228,48.4921834709,-4.5036981712,29.4094
284560000,14229,48.4921835638,-4.5036980972,26.336
284580000,14230,48.4921836577,-4.5036980321,23.1189
284600000,14231,48.4921837525,-4.5036979761,19.768
284620000,14232,48.4921838482,-4.5036979292,16.2978
284640000,14233,48.4921839447,-4.5036978915,12.7274
284660000,14234,48.4921840422,-4.5036978633,9.0797
284680000,14235,48.4921841405,-4.5036978445,5.3813
284700000,14236,48.4921842396,-4.5036978353,1.6611
284720000,14237,48.4921843396,-4.5036978359,357.9491
284740000,14238,48.4921844405,-4.5036978462,354.275
284760000,14239,48.4921845422,-4.5036978664,350.6666
284780000,14240,48.4921846448,-4.5036978967,347.1487
284800000,14241,48.4921847481,-4.5036979371,343.7424
284820000,14242,48.4921848523,-4.5036979878,340.4644
284840000,14243,48.4921849573,-4.5036980488,337.3269
284860000,14244,48.4921850631,-4.5036981203,334.3377
284880000,14245,48.4921851697,-4.5036982024,331.5011
284900000,14246,48.492185277,-4.5036982951,328.8176
284920000,14247,48.4921853852,-4.5036983987,326.2856
284940000,14248,48.4921854942,-4.5036985131,323.901
284960000,14249,48.4921856039,-4.5036986386,321.6583
284980000,14250,48.4921857143,-4.5036987752,319.551
285000000,14251,48.4921858255,-4.503698923,317.572
285020000,14252,48.4921859375,-4.5036990821,315.7138
285040000,14253,48.4921860502,-4.5036992527,313.9688
285060000,14254,48.4921861637,-4.5036994349,312.3297
285080000,14255,48.4921862778,-4.5036996287,310.7892
285100000,14256,48.4921863927,-4.5036998343,309.3404
285120000,14257,48.4921863927,-4.5036998343,309.3404
285140000,14258,48.4921865639,-4.5037001485,309.3404
285160000,14259,48.4921867351,-4.5037004627,309.3404
285180000,14260,48.4921869063,-4.503700777,309.3404
285200000,14261,48.4921870775,-4.5037010912,309.3404
285220000,14262,48.4921872487,-4.5037014054,309.3404
285240000,14263,48.4921874199,-4.5037017197,309.3404
285260000,14264,48.4921875911,-4.5037020339,309.3404
285280000,14265,48.4921877623,-4.5037023482,309.3404
285300000,14266,48.4921879336,-4.5037026624,309.3404
285320000,14267,48.4921881048,-4.5037029766,309.3404
285340000,14268,48.492188276,-4.5037032909,309.3404
285360000,14269,48.4921884472,-4.5037036051,309.3404
285380000,14270,48.4921886184,-4.5037039193,309.3404
285400000,14271,48.4921887896,-4.5037042336,309.3404
285420000,14272,48.4921889608,-4.5037045478,309.3404
285440000,14273,48.492189132,-4.5037048621,309.3404
285460000,14274,48.4921893032,-4.5037051763,309.3404
285480000,14275,48.4921894744,-4.5037054905,309.3404
285500000,14276,48.4921896456,-4.5037058048,309.3404
285520000,14277,48.4921898168,-4.503706119,309.3404
285540000,14278,48.492189988,-4.5037064332,309.3404
285560000,14279,48.4921901592,-4.5037067475,309.3404
285580000,14280,48.4921903304,-4.5037070617,309.3404
285600000,14281,48.4921905016,-4.503707376,309.3404
285620000,14282,48.4921906728,-4.5037076902,309.3404
285640000,14283,48.492190844,-4.5037080044,309.3404
285660000,14284,48.4921910152,-4.5037083187,309.3404
285680000,14285,48.4921911864,-4.5037086329,309.3404
285700000,14286,48.4921913577,-4.5037089471,309.3404
285720000,14287,48.4921915289,-4.5037092614,309.3404
285740000,14288,48.4921917001,-4.5037095756,309.3404
285760000,14289,48.4921918713,-4.5037098899,309.3404
285780000,14290,48.4921920425,-4.5037102041,309.3404
285800000,14291,48.4921922137,-4.5037105183,309.3404
285820000,14292,48.4921923849,-4.5037108326,309.3404
285840000,14293,48.4921925561,-4.5037111468,309.3404
285860000,14294,48.4921927273,-4.503711461,309.3404
285880000,14295,48.4921928985,-4.5037117753,309.3404
285900000,14296,48.4921930697,-4.5037120895,309.3404
285920000,14297,48.4921932409,-4.5037124038,309.3404
285940000,14298,48.4921934121,-4.503712718,309.3404
285960000,14299,48.4921935833,-4.5037130322,309.3404
285980000,14300,48.4921937545,-4.5037133465,309.3404
286000000,14301,48.4921939257,-4.5037136607,309.3404
286020000,14302,48.4921940969,-4.503713975,309.3404
286040000,14303,48.4921942681,-4.5037142892,309.3404
286060000,14304,48.4921944393,-4.5037146034,309.3404
286080000,14305,48.4921946105,-4.5037149177,309.3404
286100000,14306,48.4921947818,-4.5037152319,309.3404
286120000,14307,48.492194953,-4.5037155461,309.3404
286140000,14308,48.4921951242,-4.5037158604,309.3404
286160000,14309,48.4921952954,-4.5037161746,309.3404
286180000,14310,48.4921954666,-4.5037164889,309.3404
286200000,14311,48.4921956378,-4.5037168031,309.3404
286220000,14312,48.492195809,-4.5037171173,309.3404
286240000,14313,48.4921959802,-4.5037174316,309.3404
286260000,14314,48.4921961514,-4.5037177458,309.3404
286280000,14315,48.4921963226,-4.50371806,309.3404
286300000,14316,48.4921964938,-4.5037183743,309.3404
286320000,14317,48.492196665,-4.5037186885,309.3404
286340000,14318,48.4921968362,-4.5037190028,309.3404
286360000,14319,48.4921970074,-4.503719317,309.3404
286380000,14320,48.4921971786,-4.5037196312,309.3404
286400000,14321,48.4921973498,-4.5037199455,309.3404
286420000,14322,48.492197521,-4.5037202597,309.3404
286440000,14323,48.4921976922,-4.5037205739,309.3404
286460000,14324,48.4921978634,-4.5037208882,309.3404
286480000,14325,48.4921980346,-4.5037212024,309.3404
286500000,14326,48.4921982059,-4.5037215167,309.3404
286520000,14327,48.4921983771,-4.5037218309,309.3404
286540000,14328,48.4921985483,-4.5037221451,309.3404
286560000,14329,48.4921987195,-4.5037224594,309.3404
286580000,14330,48.4921988907,-4.5037227736,309.3404
286600000,14331,48.4921990619,-4.5037230878,309.3404
286620000,14332,48.4921992331,-4.5037234021,309.3404
286640000,14333,48.4921994043,-4.5037237163,309.3404
286660000,14334,48.4921995755,-4.5037240306,309.3404
286680000,14335,48.4921997467,-4.5037243448,309.3404
286700000,14336,48.4921999179,-4.503724659,309.3404
286720000,14337,48.4922000891,-4.5037249733,309.3404
286740000,14338,48.4922002603,-4.5037252875,309.3404
286760000,14339,48.4922004315,-4.5037256017,309.3404
286780000,14340,48.4922006027,-4.503725916,309.3404
286800000,14341,48.4922007739,-4.5037262302,309.3404
286820000,14342,48.4922009451,-4.5037265445,309.3404
286840000,14343,48.4922011163,-4.5037268587,309.3404
286860000,14344,48.4922012875,-4.5037271729,309.3404
286880000,14345,48.4922014587,-4.5037274872,309.3404
286900000,14346,48.49220163,-4.5037278014,309.3404
286920000,14347,48.4922018012,-4.5037281156,309.3404
286940000,14348,48.4922019724,-4.5037284299,309.3404
286960000,14349,48.4922021436,-4.5037287441,309.3404
286980000,14350,48.4922023148,-4.5037290584,309.3404
287000000,14351,48.492202486,-4.5037293726,309.3404
287020000,14352,48.4922026572,-4.5037296868,309.3404
287040000,14353,48.4922028284,-4.5037300011,309.3404
287060000,14354,48.4922029996,-4.5037303153,309.3404
287080000,14355,48.4922031708,-4.5037306295,309.3404
287100000,14356,48.492203342,-4.5037309438,309.3404
287120000,14357,48.4922035132,-4.503731258,309.3404
287140000,14358,48.4922036844,-4.5037315723,309.3404
287160000,14359,48.4922038556,-4.5037318865,309.3404
287180000,14360,48.4922040268,-4.5037322007,309.3404
287200000,14361,48.492204198,-4.503732515,309.3404
287220000,14362,48.4922043692,-4.5037328292,309.3404
287240000,14363,48.4922045404,-4.5037331435,309.3404
287260000,14364,48.4922047116,-4.5037334577,309.3404
287280000,14365,48.4922048828,-4.5037337719,309.3404
287300000,14366,48.4922050541,-4.5037340862,309.3404
287320000,14367,48.4922052253,-4.5037344004,309.3404
287340000,14368,48.4922053965,-4.5037347146,309.3404
287360000,14369,48.4922055677,-4.5037350289,309.3404
287380000,14370,48.4922057389,-4.5037353431,309.3404
287400000,14371,48.4922059101,-4.5037356574,309.3404
287420000,14372,48.4922060813,-4.5037359716,309.3404
287440000,14373,48.4922062525,-4.5037362858,309.3404
287460000,14374,48.4922064237,-4.5037366001,309.3404
287480000,14375,48.4922065949,-4.5037369143,309.3404
287500000,14376,48.4922067661,-4.5037372285,309.3404
287520000,14377,48.4922069373,-4.5037375428,309.3404
287540000,14378,48.4922071085,-4.503737857,309.3404
287560000,14379,48.4922072797,-4.5037381713,309.3404
287580000,14380,48.4922074509,-4.5037384855,309.3404
287600000,14381,48.4922076221,-4.5037387997,309.3404
287620000,14382,48.4922077933,-4.503739114,309.3404
287640000,14383,48.4922079645,-4.5037394282,309.3404
287660000,14384,48.4922081357,-4.5037397424,309.3404
287680000,14385,48.4922083069,-4.5037400567,309.3404
287700000,14386,48.4922084782,-4.5037403709,309.3404
287720000,14387,48.4922086494,-4.5037406852,309.3404
287740000,14388,48.4922088206,-4.5037409994,309.3404
287760000,14389,48.4922089918,-4.5037413136,309.3404
287780000,14390,48.492209163,-4.5037416279,309.3404
287800000,14391,48.4922093342,-4.5037419421,309.3404
287820000,14392,48.4922095054,-4.5037422563,309.3404
287840000,14393,48.4922096766,-4.5037425706,309.3404
287860000,14394,48.4922098478,-4.5037428848,309.3404
287880000,14395,48.492210019,-4.5037431991,309.3404
287900000,14396,48.4922101902,-4.5037435133,309.3404
287920000,14397,48.4922103614,-4.5037438275,309.3404
287940000,14398,48.4922105326,-4.5037441418,309.3404
287960000,14399,48.4922107038,-4.503744456,309.3404
287980000,14400,48.492210875,-4.5037447703,309.3404
288000000,14401,48.4922110462,-4.5037450845,309.3404
288020000,14402,48.4922112174,-4.5037453987,309.3404
288040000,14403,48.4922113886,-4.503745713,309.3404
288060000,14404,48.4922115598,-4.5037460272,309.3404
288080000,14405,48.492211731,-4.5037463414,309.3404
288100000,14406,48.4922119023,-4.5037466557,309.3404
288120000,14407,48.4922120735,-4.5037469699,309.3404
288140000,14408,48.4922122447,-4.5037472842,309.3404
288160000,14409,48.4922124159,-4.5037475984,309.3404
288180000,14410,48.4922125871,-4.5037479126,309.3404
288200000,14411,48.4922127583,-4.5037482269,309.3404
288220000,14412,48.4922129295,-4.5037485411,309.3404
288240000,14413,48.4922131007,-4.5037488553,309.3404
288260000,14414,48.4922132719,-4.5037491696,309.3404
288280000,14415,48.4922134431,-4.5037494838,309.3404
288300000,14416,48.4922136143,-4.5037497981,309.3404
288320000,14417,48.4922137855,-4.5037501123,309.3404
288340000,14418,48.4922139567,-4.5037504265,309.3404
288360000,14419,48.4922141279,-4.5037507408,309.3404
288380000,14420,48.4922142991,-4.503751055,309.3404
288400000,14421,48.4922144703,-4.5037513692,309.3404
288420000,14422,48.4922146415,-4.5037516835,309.3404
288440000,14423,48.4922148127,-4.5037519977,309.3404
288460000,14424,48.4922149839,-4.503752312,309.3404
288480000,14425,48.4922151551,-4.5037526262,309.3404
288500000,14426,48.4922153264,-4.5037529404,309.3404
288520000,14427,48.4922154976,-4.5037532547,309.3404
288540000,14428,48.4922156688,-4.5037535689,309.3404
288560000,14429,48.49221584,-4.5037538831,309.3404
288580000,14430,48.4922160112,-4.5037541974,309.3404
288600000,14431,48.4922161824,-4.5037545116,309.3404
288620000,14432,48.4922163536,-4.5037548259,309.3404
288640000,14433,48.4922165248,-4.5037551401,309.3404
288660000,14434,48.492216696,-4.5037554543,309.3404
288680000,14435,48.4922168672,-4.5037557686,309.3404
288700000,14436,48.4922170384,-4.5037560828,309.3404
288720000,14437,48.4922172096,-4.5037563971,309.3404
288740000,14438,48.4922173808,-4.5037567113,309.3404
288760000,14439,48.492217552,-4.5037570255,309.3404
288780000,14440,48.4922177232,-4.5037573398,309.3404
288800000,14441,48.4922178944,-4.503757654,309.3404
288820000,14442,48.4922180656,-4.5037579682,309.3404
288840000,14443,48.4922182368,-4.5037582825,309.3404
288860000,14444,48.492218408,-4.5037585967,309.3404
288880000,14445,48.4922185792,-4.503758911,309.3404
288900000,14446,48.4922187504,-4.5037592252,309.3404
288920000,14447,48.4922189217,-4.5037595394,309.3404
288940000,14448,48.4922190929,-4.5037598537,309.3404
288960000,14449,48.4922192641,-4.5037601679,309.3404
288980000,14450,48.4922194353,-4.5037604821,309.3404
289000000,14451,48.4922196065,-4.5037607964,309.3404
289020000,14452,48.4922197777,-4.5037611106,309.3404
289040000,14453,48.4922199489,-4.5037614249,309.3404
289060000,14454,48.4922201201,-4.5037617391,309.3404
289080000,14455,48.4922202913,-4.5037620533,309.3404
289100000,14456,48.4922204625,-4.5037623676,309.3404
289120000,14457,48.4922206337,-4.5037626818,309.3404
289140000,14458,48.4922208049,-4.503762996,309.3404
289160000,14459,48.4922209761,-4.5037633103,309.3404
289180000,14460,48.4922211473,-4.5037636245,309.3404
289200000,14461,48.4922213185,-4.5037639388,309.3404
289220000,14462,48.4922214897,-4.503764253,309.3404
289240000,14463,48.4922216609,-4.5037645672,309.3404
289260000,14464,48.4922218321,-4.5037648815,309.3404
289280000,14465,48.4922220033,-4.5037651957,309.3404
289300000,14466,48.4922221745,-4.50376551,309.3404
289320000,14467,48.4922223458,-4.5037658242,309.3404
289340000,14468,48.492222517,-4.5037661384,309.3404
289360000,14469,48.4922226882,-4.5037664527,309.3404
289380000,14470,48.4922228594,-4.5037667669,309.3404
289400000,14471,48.4922230306,-4.5037670811,309.3404
289420000,14472,48.4922232018,-4.5037673954,309.3404
289440000,14473,48.492223373,-4.5037677096,309.3404
289460000,14474,48.4922235442,-4.5037680239,309.3404
289480000,14475,48.4922237154,-4.5037683381,309.3404
289500000,14476,48.4922238866,-4.5037686523,309.3404
289520000,14477,48.4922240578,-4.5037689666,309.3404
289540000,14478,48.492224229,-4.5037692808,309.3404
289560000,14479,48.4922244002,-4.503769595,309.3404
289580000,14480,48.4922245714,-4.5037699093,309.3404
289600000,14481,48.4922247426,-4.5037702235,309.3404
289620000,14482,48.4922249138,-4.5037705378,309.3404
289640000,14483,48.492225085,-4.503770852,309.3404
289660000,14484,48.4922252562,-4.5037711662,309.3404
289680000,14485,48.4922254274,-4.5037714805,309.3404
289700000,14486,48.4922255986,-4.5037717947,309.3404
289720000,14487,48.4922257698,-4.503772109,309.3404
289740000,14488,48.4922259411,-4.5037724232,309.3404
289760000,14489,48.4922261123,-4.5037727374,309.3404
289780000,14490,48.4922262835,-4.5037730517,309.3404
289800000,14491,48.4922264547,-4.5037733659,309.3404
289820000,14492,48.4922266259,-4.5037736801,309.3404
289840000,14493,48.4922267971,-4.5037739944,309.3404
289860000,14494,48.4922269683,-4.5037743086,309.3404
289880000,14495,48.4922271395,-4.5037746229,309.3404
289900000,14496,48.4922273107,-4.5037749371,309.3404
289920000,14497,48.4922274819,-4.5037752513,309.3404
289940000,14498,48.4922276531,-4.5037755656,309.3404
289960000,14499,48.4922278243,-4.5037758798,309.3404
289980000,14500,48.4922279955,-4.503776194,309.3404
290000000,14501,48.4922281667,-4.5037765083,309.3404
290020000,14502,48.4922283379,-4.5037768225,309.3404
290040000,14503,48.4922285091,-4.5037771368,309.3404
290060000,14504,48.4922286803,-4.503777451,309.3404
290080000,14505,48.4922288515,-4.5037777652,309.3404
290100000,14506,48.4922290227,-4.5037780795,309.3404
290120000,14507,48.4922291939,-4.5037783937,309.3404
290140000,14508,48.4922293652,-4.503778708,309.3404
290160000,14509,48.4922295364,-4.5037790222,309.3404
290180000,14510,48.4922297076,-4.5037793364,309.3404
290200000,14511,48.4922298788,-4.5037796507,309.3404
290220000,14512,48.49223005,-4.5037799649,309.3404
290240000,14513,48.4922302212,-4.5037802791,309.3404
290260000,14514,48.4922303924,-4.5037805934,309.3404
290280000,14515,48.4922305636,-4.5037809076,309.3404
290300000,14516,48.4922307348,-4.5037812219,309.3404
290320000,14517,48.492230906,-4.5037815361,309.3404
290340000,14518,48.4922310772,-4.5037818503,309.3404
290360000,14519,48.4922312484,-4.5037821646,309.3404
290380000,14520,48.4922314196,-4.5037824788,309.3404
290400000,14521,48.4922315908,-4.503782793,309.3404
290420000,14522,48.492231762,-4.5037831073,309.3404
290440000,14523,48.4922319332,-4.5037834215,309.3404
290460000,14524,48.4922321044,-4.5037837358,309.3404
290480000,14525,48.4922322756,-4.50378405,309.3404
290500000,14526,48.4922324468,-4.5037843642,309.3404
290520000,14527,48.492232618,-4.5037846785,309.3404
290540000,14528,48.4922327892,-4.5037849927,309.3404
290560000,14529,48.4922329605,-4.503785307,309.3404
290580000,14530,48.4922331317,-4.5037856212,309.3404
290600000,14531,48.4922333029,-4.5037859354,309.3404
290620000,14532,48.4922334741,-4.5037862497,309.3404
290640000,14533,48.4922336453,-4.5037865639,309.3404
290660000,14534,48.4922338165,-4.5037868781,309.3404
290680000,14535,48.4922339877,-4.5037871924,309.3404
290700000,14536,48.4922341589,-4.5037875066,309.3404
290720000,14537,48.4922343301,-4.5037878209,309.3404
290740000,14538,48.4922345013,-4.5037881351,309.3404
290760000,14539,48.4922346725,-4.5037884493,309.3404
290780000,14540,48.4922348437,-4.5037887636,309.3404
290800000,14541,48.4922350149,-4.5037890778,309.3404
290820000,14542,48.4922351861,-4.503789392,309.3404
290840000,14543,48.4922353573,-4.5037897063,309.3404
290860000,14544,48.4922355285,-4.5037900205,309.3404
290880000,14545,48.4922356997,-4.5037903348,309.3404
290900000,14546,48.4922358709,-4.503790649,309.3404
290920000,14547,48.4922360421,-4.5037909632,309.3404
290940000,14548,48.4922362133,-4.5037912775,309.3404
290960000,14549,48.4922363845,-4.5037915917,309.3404
290980000,14550,48.4922365558,-4.503791906,309.3404
291000000,14551,48.492236727,-4.5037922202,309.3404
291020000,14552,48.4922368982,-4.5037925344,309.3404
291040000,14553,48.4922370694,-4.5037928487,309.3404
291060000,14554,48.4922372406,-4.5037931629,309.3404
291080000,14555,48.4922374118,-4.5037934771,309.3404
291100000,14556,48.492237583,-4.5037937914,309.3404
291120000,14557,48.4922377542,-4.5037941056,309.3404
291140000,14558,48.4922379254,-4.5037944199,309.3404
291160000,14559,48.4922380966,-4.5037947341,309.3404
291180000,14560,48.4922382678,-4.5037950483,309.3404
291200000,14561,48.492238439,-4.5037953626,309.3404
291220000,14562,48.4922386102,-4.5037956768,309.3404
291240000,14563,48.4922387814,-4.503795991,309.3404
291260000,14564,48.4922389526,-4.5037963053,309.3404
291280000,14565,48.4922391238,-4.5037966195,309.3404
291300000,14566,48.492239295,-4.5037969338,309.3404
291320000,14567,48.4922394662,-4.503797248,309.3404
291340000,14568,48.4922396374,-4.5037975622,309.3404
291360000,14569,48.4922398086,-4.5037978765,309.3404
291380000,14570,48.4922399798,-4.5037981907,309.3404
291400000,14571,48.4922401511,-4.503798505,309.3404
291420000,14572,48.4922403223,-4.5037988192,309.3404
291440000,14573,48.4922404935,-4.5037991334,309.3404
291460000,14574,48.4922406647,-4.5037994477,309.3404
291480000,14575,48.4922408359,-4.5037997619,309.3404
291500000,14576,48.4922410071,-4.5038000761,309.3404
291520000,14577,48.4922411783,-4.5038003904,309.3404
291540000,14578,48.4922413495,-4.5038007046,309.3404
291560000,14579,48.4922415207,-4.5038010189,309.3404
291580000,14580,48.4922416919,-4.5038013331,309.3404
291600000,14581,48.4922418631,-4.5038016473,309.3404
291620000,14582,48.4922420343,-4.5038019616,309.3404
291640000,14583,48.4922422055,-4.5038022758,309.3404
291660000,14584,48.4922423767,-4.5038025901,309.3404
291680000,14585,48.4922425479,-4.5038029043,309.3404
291700000,14586,48.4922427191,-4.5038032185,309.3404
291720000,14587,48.4922428903,-4.5038035328,309.3404
291740000,14588,48.4922430615,-4.503803847,309.3404
291760000,14589,48.4922432327,-4.5038041612,309.3404
291780000,14590,48.4922434039,-4.5038044755,309.3404
291800000,14591,48.4922435752,-4.5038047897,309.3404
291820000,14592,48.4922437464,-4.503805104,309.3404
291840000,14593,48.4922439176,-4.5038054182,309.3404
291860000,14594,48.4922440888,-4.5038057324,309.3404
291880000,14595,48.49224426,-4.5038060467,309.3404
291900000,14596,48.4922444312,-4.5038063609,309.3404
291920000,14597,48.4922446024,-4.5038066751,309.3404
291940000,14598,48.4922447736,-4.5038069894,309.3404
291960000,14599,48.4922449448,-4.5038073036,309.3404
291980000,14600,48.492245116,-4.5038076179,309.3404
292000000,14601,48.4922452872,-4.5038079321,309.3404
292020000,14602,48.4922454584,-4.5038082463,309.3404
292040000,14603,48.4922456296,-4.5038085606,309.3404
292060000,14604,48.4922458008,-4.5038088748,309.3404
292080000,14605,48.492245972,-4.5038091891,309.3404
292100000,14606,48.4922461432,-4.5038095033,309.3404
292120000,14607,48.4922463144,-4.5038098175,309.3404
292140000,14608,48.4922464856,-4.5038101318,309.3404
292160000,14609,48.4922466568,-4.503810446,309.3404
292180000,14610,48.492246828,-4.5038107602,309.3404
292200000,14611,48.4922469992,-4.5038110745,309.3404
292220000,14612,48.4922471705,-4.5038113887,309.3404
292240000,14613,48.4922473417,-4.503811703,309.3404
292260000,14614,48.4922475129,-4.5038120172,309.3404
292280000,14615,48.4922476841,-4.5038123314,309.3404
292300000,14616,48.4922478553,-4.5038126457,309.3404
292320000,14617,48.4922480265,-4.5038129599,309.3404
292340000,14618,48.4922481977,-4.5038132742,309.3404
292360000,14619,48.4922483689,-4.5038135884,309.3404
292380000,14620,48.4922485401,-4.5038139026,309.3404
292400000,14621,48.4922487113,-4.5038142169,309.3404
292420000,14622,48.4922488825,-4.5038145311,309.3404
292440000,14623,48.4922490537,-4.5038148453,309.3404
292460000,14624,48.4922492249,-4.5038151596,309.3404
292480000,14625,48.4922493961,-4.5038154738,309.3404
292500000,14626,48.4922495673,-4.5038157881,309.3404
292520000,14627,48.4922497385,-4.5038161023,309.3404
292540000,14628,48.4922499097,-4.5038164165,309.3404
292560000,14629,48.4922500809,-4.5038167308,309.3404
292580000,14630,48.4922502521,-4.503817045,309.3404
292600000,14631,48.4922504233,-4.5038173593,309.3404
292620000,14632,48.4922505945,-4.5038176735,309.3404
292640000,14633,48.4922507657,-4.5038179877,309.3404
292660000,14634,48.492250937,-4.503818302,309.3404
292680000,14635,48.4922511082,-4.5038186162,309.3404
292700000,14636,48.4922512794,-4.5038189304,309.3404
292720000,14637,48.4922514506,-4.5038192447,309.3404
292740000,14638,48.4922516218,-4.5038195589,309.3404
292760000,14639,48.492251793,-4.5038198732,309.3404
292780000,14640,48.4922519642,-4.5038201874,309.3404
292800000,14641,48.4922521354,-4.5038205016,309.3404
292820000,14642,48.4922523066,-4.5038208159,309.3404
292840000,14643,48.4922524778,-4.5038211301,309.3404
292860000,14644,48.492252649,-4.5038214444,309.3404
292880000,14645,48.4922528202,-4.5038217586,309.3404
292900000,14646,48.4922529914,-4.5038220728,309.3404
292920000,14647,48.4922531626,-4.5038223871,309.3404
292940000,14648,48.4922533338,-4.5038227013,309.3404
292960000,14649,48.492253505,-4.5038230155,309.3404
292980000,14650,48.4922536762,-4.5038233298,309.3404
293000000,14651,48.4922538474,-4.503823644,309.3404
293020000,14652,48.4922540186,-4.5038239583,309.3404
293040000,14653,48.4922541898,-4.5038242725,309.3404
293060000,14654,48.492254361,-4.5038245867,309.3404
293080000,14655,48.4922545323,-4.503824901,309.3404
293100000,14656,48.4922547035,-4.5038252152,309.3404
293120000,14657,48.4922548747,-4.5038255295,309.3404
293140000,14658,48.4922550459,-4.5038258437,309.3404
293160000,14659,48.4922552171,-4.5038261579,309.3404
293180000,14660,48.4922553883,-4.5038264722,309.3404
293200000,14661,48.4922555595,-4.5038267864,309.3404
293220000,14662,48.4922557307,-4.5038271006,309.3404
293240000,14663,48.4922559019,-4.5038274149,309.3404
293260000,14664,48.4922560731,-4.5038277291,309.3404
293280000,14665,48.4922562443,-4.5038280434,309.3404
293300000,14666,48.4922564155,-4.5038283576,309.3404
293320000,14667,48.4922565867,-4.5038286718,309.3404
293340000,14668,48.4922567579,-4.5038289861,309.3404
293360000,14669,48.4922569291,-4.5038293003,309.3404
293380000,14670,48.4922571003,-4.5038296145,309.3404
293400000,14671,48.4922572715,-4.5038299288,309.3404
293420000,14672,48.4922574427,-4.503830243,309.3404
293440000,14673,48.4922576139,-4.5038305573,309.3404
293460000,14674,48.4922577851,-4.5038308715,309.3404
293480000,14675,48.4922579563,-4.5038311857,309.3404
293500000,14676,48.4922581276,-4.5038315,309.3404
293520000,14677,48.4922582988,-4.5038318142,309.3404
293540000,14678,48.49225847,-4.5038321285,309.3404
293560000,14679,48.4922586412,-4.5038324427,309.3404
293580000,14680,48.4922588124,-4.5038327569,309.3404
293600000,14681,48.4922589836,-4.5038330712,309.3404
293620000,14682,48.4922591548,-4.5038333854,309.3404
293640000,14683,48.492259326,-4.5038336996,309.3404
293660000,14684,48.4922594972,-4.5038340139,309.3404
293680000,14685,48.4922596684,-4.5038343281,309.3404
293700000,14686,48.4922598396,-4.5038346424,309.3404
293720000,14687,48.4922600108,-4.5038349566,309.3404
293740000,14688,48.492260182,-4.5038352708,309.3404
293760000,14689,48.4922603532,-4.5038355851,309.3404
293780000,14690,48.4922605244,-4.5038358993,309.3404
293800000,14691,48.4922606956,-4.5038362136,309.3404
293820000,14692,48.4922608668,-4.5038365278,309.3404
293840000,14693,48.492261038,-4.503836842,309.3404
293860000,14694,48.4922612092,-4.5038371563,309.3404
293880000,14695,48.4922613804,-4.5038374705,309.3404
293900000,14696,48.4922615516,-4.5038377847,309.3404
293920000,14697,48.4922617229,-4.503838099,309.3404
293940000,14698,48.4922618941,-4.5038384132,309.3404
293960000,14699,48.4922620653,-4.5038387275,309.3404
293980000,14700,48.4922622365,-4.5038390417,309.3404
294000000,14701,48.4922624077,-4.5038393559,309.3404
294020000,14702,48.4922625789,-4.5038396702,309.3404
294040000,14703,48.4922627501,-4.5038399844,309.3404
294060000,14704,48.4922629213,-4.5038402987,309.3404
294080000,14705,48.4922630925,-4.5038406129,309.3404
294100000,14706,48.4922632637,-4.5038409271,309.3404
294120000,14707,48.4922634349,-4.5038412414,309.3404
294140000,14708,48.4922636061,-4.5038415556,309.3404
294160000,14709,48.4922637773,-4.5038418698,309.3404
294180000,14710,48.4922639485,-4.5038421841,309.3404
294200000,14711,48.4922641197,-4.5038424983,309.3404
294220000,14712,48.4922642909,-4.5038428126,309.3404
294240000,14713,48.4922644621,-4.5038431268,309.3404
294260000,14714,48.4922646333,-4.503843441,309.3404
294280000,14715,48.4922648045,-4.5038437553,309.3404
294300000,14716,48.4922649757,-4.5038440695,309.3404
294320000,14717,48.4922651469,-4.5038443838,309.3404
294340000,14718,48.4922653181,-4.503844698,309.3404
294360000,14719,48.4922654894,-4.5038450122,309.3404
294380000,14720,48.4922656606,-4.5038453265,309.3404
294400000,14721,48.4922658318,-4.5038456407,309.3404
294420000,14722,48.492266003,-4.503845955,309.3404
294440000,14723,48.4922661742,-4.5038462692,309.3404
294460000,14724,48.4922663454,-4.5038465834,309.3404
294480000,14725,48.4922665166,-4.5038468977,309.3404
294500000,14726,48.4922666878,-4.5038472119,309.3404
294520000,14727,48.492266859,-4.5038475261,309.3404
294540000,14728,48.4922670302,-4.5038478404,309.3404
294560000,14729,48.4922672014,-4.5038481546,309.3404
294580000,14730,48.4922673726,-4.5038484689,309.3404
294600000,14731,48.4922675438,-4.5038487831,309.3404
294620000,14732,48.492267715,-4.5038490973,309.3404
294640000,14733,48.4922678862,-4.5038494116,309.3404
294660000,14734,48.4922680574,-4.5038497258,309.3404
294680000,14735,48.4922682286,-4.5038500401,309.3404
294700000,14736,48.4922683998,-4.5038503543,309.3404
294720000,14737,48.492268571,-4.5038506685,309.3404
294740000,14738,48.4922687422,-4.5038509828,309.3404
294760000,14739,48.4922689134,-4.503851297,309.3404
294780000,14740,48.4922690847,-4.5038516112,309.3404
294800000,14741,48.4922692559,-4.5038519255,309.3404
294820000,14742,48.4922694271,-4.5038522397,309.3404
294840000,14743,48.4922695983,-4.503852554,309.3404
294860000,14744,48.4922697695,-4.5038528682,309.3404
294880000,14745,48.4922699407,-4.5038531824,309.3404
294900000,14746,48.4922701119,-4.5038534967,309.3404
294920000,14747,48.4922702831,-4.5038538109,309.3404
294940000,14748,48.4922704543,-4.5038541252,309.3404
294960000,14749,48.4922706255,-4.5038544394,309.3404
294980000,14750,48.4922707967,-4.5038547536,309.3404
295000000,14751,48.4922709679,-4.5038550679,309.3404
295020000,14752,48.4922711391,-4.5038553821,309.3404
295040000,14753,48.4922713103,-4.5038556963,309.3404
295060000,14754,48.4922714815,-4.5038560106,309.3404
295080000,14755,48.4922716527,-4.5038563248,309.3404
295100000,14756,48.4922718239,-4.5038566391,309.3404
295120000,14757,48.4922719951,-4.5038569533,309.3404
295140000,14758,48.4922721663,-4.5038572675,309.3404
295160000,14759,48.4922723375,-4.5038575818,309.3404
295180000,14760,48.4922725087,-4.503857896,309.3404
295200000,14761,48.4922726799,-4.5038582103,309.3404
295220000,14762,48.4922728512,-4.5038585245,309.3404
295240000,14763,48.4922730224,-4.5038588387,309.3404
295260000,14764,48.4922731936,-4.503859153,309.3404
295280000,14765,48.4922733648,-4.5038594672,309.3404
295300000,14766,48.492273536,-4.5038597814,309.3404
295320000,14767,48.4922737072,-4.5038600957,309.3404
295340000,14768,48.4922738784,-4.5038604099,309.3404
295360000,14769,48.4922740496,-4.5038607242,309.3404
295380000,14770,48.4922742208,-4.5038610384,309.3404
295400000,14771,48.492274392,-4.5038613526,309.3404
295420000,14772,48.4922745632,-4.5038616669,309.3404
295440000,14773,48.4922747344,-4.5038619811,309.3404
295460000,14774,48.4922749056,-4.5038622954,309.3404
295480000,14775,48.4922750768,-4.5038626096,309.3404
295500000,14776,48.492275248,-4.5038629238,309.3404
295520000,14777,48.4922754192,-4.5038632381,309.3404
295540000,14778,48.4922755904,-4.5038635523,309.3404
295560000,14779,48.4922757616,-4.5038638666,309.3404
295580000,14780,48.4922759328,-4.5038641808,309.3404
295600000,14781,48.492276104,-4.503864495,309.3404
295620000,14782,48.4922762752,-4.5038648093,309.3404
295640000,14783,48.4922764465,-4.5038651235,309.3404
295660000,14784,48.4922766177,-4.5038654377,309.3404
295680000,14785,48.4922767889,-4.503865752,309.3404
295700000,14786,48.4922769601,-4.5038660662,309.3404
295720000,14787,48.4922771313,-4.5038663805,309.3404
295740000,14788,48.4922773025,-4.5038666947,309.3404
295760000,14789,48.4922774737,-4.5038670089,309.3404
295780000,14790,48.4922776449,-4.5038673232,309.3404
295800000,14791,48.4922778161,-4.5038676374,309.3404
295820000,14792,48.4922779873,-4.5038679517,309.3404
295840000,14793,48.4922781585,-4.5038682659,309.3404
295860000,14794,48.4922783297,-4.5038685801,309.3404
295880000,14795,48.4922785009,-4.5038688944,309.3404
295900000,14796,48.4922786721,-4.5038692086,309.3404
295920000,14797,48.4922788433,-4.5038695228,309.3404
295940000,14798,48.4922790145,-4.5038698371,309.3404
295960000,14799,48.4922791857,-4.5038701513,309.3404
295980000,14800,48.4922793569,-4.5038704656,309.3404
296000000,14801,48.4922795281,-4.5038707798,309.3404
296020000,14802,48.4922796993,-4.503871094,309.3404
296040000,14803,48.4922798705,-4.5038714083,309.3404
296060000,14804,48.4922800417,-4.5038717225,309.3404
296080000,14805,48.492280213,-4.5038720368,309.3404
296100000,14806,48.4922803842,-4.503872351,309.3404
296120000,14807,48.4922805554,-4.5038726652,309.3404
296140000,14808,48.4922807266,-4.5038729795,309.3404
296160000,14809,48.4922808978,-4.5038732937,309.3404
296180000,14810,48.492281069,-4.503873608,309.3404
296200000,14811,48.4922812402,-4.5038739222,309.3404
296220000,14812,48.4922814114,-4.5038742364,309.3404
296240000,14813,48.4922815826,-4.5038745507,309.3404
296260000,14814,48.4922817538,-4.5038748649,309.3404
296280000,14815,48.492281925,-4.5038751791,309.3404
296300000,14816,48.4922820962,-4.5038754934,309.3404
296320000,14817,48.4922822674,-4.5038758076,309.3404
296340000,14818,48.4922824386,-4.5038761219,309.3404
296360000,14819,48.4922826098,-4.5038764361,309.3404
296380000,14820,48.492282781,-4.5038767503,309.3404
296400000,14821,48.4922829522,-4.5038770646,309.3404
296420000,14822,48.4922831234,-4.5038773788,309.3404
296440000,14823,48.4922832946,-4.5038776931,309.3404
296460000,14824,48.4922834658,-4.5038780073,309.3404
296480000,14825,48.492283637,-4.5038783215,309.3404
296500000,14826,48.4922838082,-4.5038786358,309.3404
296520000,14827,48.4922839795,-4.50387895,309.3404
296540000,14828,48.4922841507,-4.5038792642,309.3404
296560000,14829,48.4922843219,-4.5038795785,309.3404
296580000,14830,48.4922844931,-4.5038798927,309.3404
296600000,14831,48.4922846643,-4.503880207,309.3404
296620000,14832,48.4922848355,-4.5038805212,309.3404
296640000,14833,48.4922850067,-4.5038808354,309.3404
296660000,14834,48.4922851779,-4.5038811497,309.3404
296680000,14835,48.4922853491,-4.5038814639,309.3404
296700000,14836,48.4922855203,-4.5038817782,309.3404
296720000,14837,48.4922856915,-4.5038820924,309.3404
296740000,14838,48.4922858627,-4.5038824066,309.3404
296760000,14839,48.4922860339,-4.5038827209,309.3404
296780000,14840,48.4922862051,-4.5038830351,309.3404
296800000,14841,48.4922863763,-4.5038833494,309.3404
296820000,14842,48.4922865475,-4.5038836636,309.3404
296840000,14843,48.4922867187,-4.5038839778,309.3404
296860000,14844,48.4922868899,-4.5038842921,309.3404
296880000,14845,48.4922870611,-4.5038846063,309.3404
296900000,14846,48.4922872323,-4.5038849205,309.3404
296920000,14847,48.4922874035,-4.5038852348,309.3404
296940000,14848,48.4922875747,-4.503885549,309.3404
296960000,14849,48.492287746,-4.5038858633,309.3404
296980000,14850,48.4922879172,-4.5038861775,309.3404
297000000,14851,48.4922880884,-4.5038864917,309.3404
297020000,14852,48.4922882596,-4.503886806,309.3404
297040000,14853,48.4922884308,-4.5038871202,309.3404
297060000,14854,48.492288602,-4.5038874345,309.3404
297080000,14855,48.4922887732,-4.5038877487,309.3404
297100000,14856,48.4922889444,-4.5038880629,309.3404
297120000,14857,48.4922891156,-4.5038883772,309.3404
297140000,14858,48.4922892868,-4.5038886914,309.3404
297160000,14859,48.492289458,-4.5038890057,309.3404
297180000,14860,48.4922896292,-4.5038893199,309.3404
297200000,14861,48.4922898004,-4.5038896341,309.3404
297220000,14862,48.4922899716,-4.5038899484,309.3404
297240000,14863,48.4922901428,-4.5038902626,309.3404
297260000,14864,48.492290314,-4.5038905768,309.3404
297280000,14865,48.4922904852,-4.5038908911,309.3404
297300000,14866,48.4922906564,-4.5038912053,309.3404
297320000,14867,48.4922908276,-4.5038915196,309.3404
297340000,14868,48.4922909988,-4.5038918338,309.3404
297360000,14869,48.49229117,-4.503892148,309.3404
297380000,14870,48.4922913412,-4.5038924623,309.3404
297400000,14871,48.4922915125,-4.5038927765,309.3404
297420000,14872,48.4922916837,-4.5038930908,309.3404
297440000,14873,48.4922918549,-4.503893405,309.3404
297460000,14874,48.4922920261,-4.5038937192,309.3404
297480000,14875,48.4922921973,-4.5038940335,309.3404
297500000,14876,48.4922923685,-4.5038943477,309.3404
297520000,14877,48.4922925397,-4.5038946619,309.3404
297540000,14878,48.4922927109,-4.5038949762,309.3404
297560000,14879,48.4922928821,-4.5038952904,309.3404
297580000,14880,48.4922930533,-4.5038956047,309.3404
297600000,14881,48.4922932245,-4.5038959189,309.3404
297620000,14882,48.4922933957,-4.5038962331,309.3404
297640000,14883,48.4922935669,-4.5038965474,309.3404
297660000,14884,48.4922937381,-4.5038968616,309.3404
297680000,14885,48.4922939093,-4.5038971759,309.3404
297700000,14886,48.4922940805,-4.5038974901,309.3404
297720000,14887,48.4922942517,-4.5038978043,309.3404
297740000,14888,48.4922944229,-4.5038981186,309.3404
297760000,14889,48.4922945941,-4.5038984328,309.3404
297780000,14890,48.4922947653,-4.5038987471,309.3404
297800000,14891,48.4922949365,-4.5038990613,309.3404
297820000,14892,48.4922951077,-4.5038993755,309.3404
297840000,14893,48.492295279,-4.5038996898,309.3404
297860000,14894,48.4922954502,-4.503900004,309.3404
297880000,14895,48.4922956214,-4.5039003182,309.3404
297900000,14896,48.4922957926,-4.5039006325,309.3404
297920000,14897,48.4922959638,-4.5039009467,309.3404
297940000,14898,48.492296135,-4.503901261,309.3404
297960000,14899,48.4922963062,-4.5039015752,309.3404
297980000,14900,48.4922964774,-4.5039018894,309.3404
298000000,14901,48.4922966486,-4.5039022037,309.3404
298020000,14902,48.4922968198,-4.5039025179,309.3404
298040000,14903,48.492296991,-4.5039028322,309.3404
298060000,14904,48.4922971622,-4.5039031464,309.3404
298080000,14905,48.4922973334,-4.5039034606,309.3404
298100000,14906,48.4922975046,-4.5039037749,309.3404
298120000,14907,48.4922976758,-4.5039040891,309.3404
298140000,14908,48.492297847,-4.5039044034,309.3404
298160000,14909,48.4922980182,-4.5039047176,309.3404
298180000,14910,48.4922981894,-4.5039050318,309.3404
298200000,14911,48.4922983606,-4.5039053461,309.3404
298220000,14912,48.4922985318,-4.5039056603,309.3404
298240000,14913,48.492298703,-4.5039059746,309.3404
298260000,14914,48.4922988742,-4.5039062888,309.3404
298280000,14915,48.4922990455,-4.503906603,309.3404
298300000,14916,48.4922992167,-4.5039069173,309.3404
298320000,14917,48.4922993879,-4.5039072315,309.3404
298340000,14918,48.4922995591,-4.5039075457,309.3404
298360000,14919,48.4922997303,-4.50390786,309.3404
298380000,14920,48.4922999015,-4.5039081742,309.3404
298400000,14921,48.4923000727,-4.5039084885,309.3404
298420000,14922,48.4923002439,-4.5039088027,309.3404
298440000,14923,48.4923004151,-4.5039091169,309.3404
298460000,14924,48.4923005863,-4.5039094312,309.3404
298480000,14925,48.4923007575,-4.5039097454,309.3404
298500000,14926,48.4923009287,-4.5039100597,309.3404
298520000,14927,48.4923010999,-4.5039103739,309.3404
298540000,14928,48.4923012711,-4.5039106881,309.3404
298560000,14929,48.4923014423,-4.5039110024,309.3404
298580000,14930,48.4923016135,-4.5039113166,309.3404
298600000,14931,48.4923017847,-4.5039116309,309.3404
298620000,14932,48.4923019559,-4.5039119451,309.3404
298640000,14933,48.4923021271,-4.5039122593,309.3404
298660000,14934,48.4923022983,-4.5039125736,309.3404
298680000,14935,48.4923024695,-4.5039128878,309.3404
298700000,14936,48.4923026407,-4.503913202,309.3404
298720000,14937,48.492302812,-4.5039135163,309.3404
298740000,14938,48.4923029832,-4.5039138305,309.3404
298760000,14939,48.4923031544,-4.5039141448,309.3404
298780000,14940,48.4923033256,-4.503914459,309.3404
298800000,14941,48.4923034968,-4.5039147732,309.3404
298820000,14942,48.492303668,-4.5039150875,309.3404
298840000,14943,48.4923038392,-4.5039154017,309.3404
298860000,14944,48.4923040104,-4.503915716,309.3404
298880000,14945,48.4923041816,-4.5039160302,309.3404
298900000,14946,48.4923043528,-4.5039163444,309.3404
298920000,14947,48.492304524,-4.5039166587,309.3404
298940000,14948,48.4923046952,-4.5039169729,309.3404
298960000,14949,48.4923048664,-4.5039172872,309.3404
298980000,14950,48.4923050376,-4.5039176014,309.3404
299000000,14951,48.4923052088,-4.5039179156,309.3404
299020000,14952,48.49230538,-4.5039182299,309.3404
299040000,14953,48.4923055512,-4.5039185441,309.3404
299060000,14954,48.4923057224,-4.5039188583,309.3404
299080000,14955,48.4923058936,-4.5039191726,309.3404
299100000,14956,48.4923060648,-4.5039194868,309.3404
299120000,14957,48.492306236,-4.5039198011,309.3404
299140000,14958,48.4923064072,-4.5039201153,309.3404
299160000,14959,48.4923065784,-4.5039204295,309.3404
299180000,14960,48.4923067497,-4.5039207438,309.3404
299200000,14961,48.4923069209,-4.503921058,309.3404
299220000,14962,48.4923070921,-4.5039213723,309.3404
299240000,14963,48.4923072633,-4.5039216865,309.3404
299260000,14964,48.4923074345,-4.5039220007,309.3404
299280000,14965,48.4923076057,-4.503922315,309.3404
299300000,14966,48.4923077769,-4.5039226292,309.3404
299320000,14967,48.4923079481,-4.5039229435,309.3404
299340000,14968,48.4923081193,-4.5039232577,309.3404
299360000,14969,48.4923082905,-4.5039235719,309.3404
299380000,14970,48.4923084617,-4.5039238862,309.3404
299400000,14971,48.4923086329,-4.5039242004,309.3404
299420000,14972,48.4923088041,-4.5039245147,309.3404
299440000,14973,48.4923089753,-4.5039248289,309.3404
299460000,14974,48.4923091465,-4.5039251431,309.3404
299480000,14975,48.4923093177,-4.5039254574,309.3404
299500000,14976,48.4923094889,-4.5039257716,309.3404
299520000,14977,48.4923096601,-4.5039260858,309.3404
299540000,14978,48.4923098313,-4.5039264001,309.3404
299560000,14979,48.4923100025,-4.5039267143,309.3404
299580000,14980,48.4923101737,-4.5039270286,309.3404
299600000,14981,48.4923103449,-4.5039273428,309.3404
299620000,14982,48.4923105162,-4.503927657,309.3404
299640000,14983,48.4923106874,-4.5039279713,309.3404
299660000,14984,48.4923108586,-4.5039282855,309.3404
299680000,14985,48.4923110298,-4.5039285998,309.3404
299700000,14986,48.492311201,-4.503928914,309.3404
299720000,14987,48.4923113722,-4.5039292282,309.3404
299740000,14988,48.4923115434,-4.5039295425,309.3404
299760000,14989,48.4923117146,-4.5039298567,309.3404
299780000,14990,48.4923118858,-4.503930171,309.3404
299800000,14991,48.492312057,-4.5039304852,309.3404
299820000,14992,48.4923122282,-4.5039307994,309.3404
299840000,14993,48.4923123994,-4.5039311137,309.3404
299860000,14994,48.4923125706,-4.5039314279,309.3404
299880000,14995,48.4923127418,-4.5039317422,309.3404
299900000,14996,48.492312913,-4.5039320564,309.3404
299920000,14997,48.4923130842,-4.5039323706,309.3404
299940000,14998,48.4923132554,-4.5039326849,309.3404
299960000,14999,48.4923134266,-4.5039329991,309.3404
299980000,15000,48.4923135978,-4.5039333133,309.3404
300000000,15001,48.492313769,-4.5039336276,309.3404
300020000,15002,48.4923139402,-4.5039339418,309.3404
300040000,15003,48.4923141114,-4.5039342561,309.3404
300060000,15004,48.4923142826,-4.5039345703,309.3404
300080000,15005,48.4923144539,-4.5039348845,309.3404
300100000,15006,48.4923146251,-4.5039351988,309.3404
300120000,15007,48.4923147963,-4.503935513,309.3404
300140000,15008,48.4923149675,-4.5039358273,309.3404
300160000,15009,48.4923151387,-4.5039361415,309.3404
300180000,15010,48.4923153099,-4.5039364557,309.3404
300200000,15011,48.4923154811,-4.50393677,309.3404
300220000,15012,48.4923156523,-4.5039370842,309.3404
300240000,15013,48.4923158235,-4.5039373985,309.3404
300260000,15014,48.4923159947,-4.5039377127,309.3404
300280000,15015,48.4923161659,-4.5039380269,309.3404
300300000,15016,48.4923163371,-4.5039383412,309.3404
300320000,15017,48.4923165083,-4.5039386554,309.3404
300340000,15018,48.4923166795,-4.5039389697,309.3404
300360000,15019,48.4923168507,-4.5039392839,309.3404
300380000,15020,48.4923170219,-4.5039395981,309.3404
300400000,15021,48.4923171931,-4.5039399124,309.3404
300420000,15022,48.4923173643,-4.5039402266,309.3404
300440000,15023,48.4923175355,-4.5039405408,309.3404
300460000,15024,48.4923177067,-4.5039408551,309.3404
300480000,15025,48.4923178779,-4.5039411693,309.3404
300500000,15026,48.4923180491,-4.5039414836,309.3404
300520000,15027,48.4923182203,-4.5039417978,309.3404
300540000,15028,48.4923183916,-4.503942112,309.3404
300560000,15029,48.4923185628,-4.5039424263,309.3404
300580000,15030,48.492318734,-4.5039427405,309.3404
300600000,15031,48.4923189052,-4.5039430548,309.3404
300620000,15032,48.4923190764,-4.503943369,309.3404
300640000,15033,48.4923192476,-4.5039436832,309.3404
300660000,15034,48.4923194188,-4.5039439975,309.3404
300680000,15035,48.49231959,-4.5039443117,309.3404
300700000,15036,48.4923197612,-4.503944626,309.3404
300720000,15037,48.4923199324,-4.5039449402,309.3404
300740000,15038,48.4923201036,-4.5039452544,309.3404
300760000,15039,48.4923202748,-4.5039455687,309.3404
300780000,15040,48.492320446,-4.5039458829,309.3404
300800000,15041,48.4923206172,-4.5039461972,309.3404
300820000,15042,48.4923207884,-4.5039465114,309.3404
300840000,15043,48.4923209596,-4.5039468256,309.3404
300860000,15044,48.4923211308,-4.5039471399,309.3404
300880000,15045,48.492321302,-4.5039474541,309.3404
300900000,15046,48.4923214732,-4.5039477683,309.3404
300920000,15047,48.4923216444,-4.5039480826,309.3404
300940000,15048,48.4923218156,-4.5039483968,309.3404
300960000,15049,48.4923219868,-4.5039487111,309.3404
300980000,15050,48.4923221581,-4.5039490253,309.3404
301000000,15051,48.4923223293,-4.5039493395,309.3404
301020000,15052,48.4923225005,-4.5039496538,309.3404
301040000,15053,48.4923226717,-4.503949968,309.3404
301060000,15054,48.4923228429,-4.5039502823,309.3404
301080000,15055,48.4923230141,-4.5039505965,309.3404
301100000,15056,48.4923231853,-4.5039509107,309.3404
301120000,15057,48.4923233565,-4.503951225,309.3404
301140000,15058,48.4923235277,-4.5039515392,309.3404
301160000,15059,48.4923236989,-4.5039518535,309.3404
301180000,15060,48.4923238701,-4.5039521677,309.3404
301200000,15061,48.4923240413,-4.5039524819,309.3404
301220000,15062,48.4923242125,-4.5039527962,309.3404
301240000,15063,48.4923243837,-4.5039531104,309.3404
301260000,15064,48.4923245549,-4.5039534247,309.3404
301280000,15065,48.4923247261,-4.5039537389,309.3404
301300000,15066,48.4923248973,-4.5039540531,309.3404
301320000,15067,48.4923250685,-4.5039543674,309.3404
301340000,15068,48.4923252397,-4.5039546816,309.3404
301360000,15069,48.4923254109,-4.5039549959,309.3404
301380000,15070,48.4923255821,-4.5039553101,309.3404
301400000,15071,48.4923257533,-4.5039556243,309.3404
301420000,15072,48.4923259245,-4.5039559386,309.3404
301440000,15073,48.4923260958,-4.5039562528,309.3404
301460000,15074,48.492326267,-4.503956567,309.3404
301480000,15075,48.4923264382,-4.5039568813,309.3404
301500000,15076,48.4923266094,-4.5039571955,309.3404
301520000,15077,48.4923267806,-4.5039575098,309.3404
301540000,15078,48.4923269518,-4.503957824,309.3404
301560000,15079,48.492327123,-4.5039581382,309.3404
301580000,15080,48.4923272942,-4.5039584525,309.3404
301600000,15081,48.4923274654,-4.5039587667,309.3404
301620000,15082,48.4923276366,-4.503959081,309.3404
301640000,15083,48.4923278078,-4.5039593952,309.3404
301660000,15084,48.492327979,-4.5039597094,309.3404
301680000,15085,48.4923281502,-4.5039600237,309.3404
301700000,15086,48.4923283214,-4.5039603379,309.3404
301720000,15087,48.4923284926,-4.5039606522,309.3404
301740000,15088,48.4923286638,-4.5039609664,309.3404
301760000,15089,48.492328835,-4.5039612806,309.3404
301780000,15090,48.4923290062,-4.5039615949,309.3404
301800000,15091,48.4923291774,-4.5039619091,309.3404
301820000,15092,48.4923293486,-4.5039622234,309.3404
301840000,15093,48.4923295198,-4.5039625376,309.3404
301860000,15094,48.492329691,-4.5039628518,309.3404
301880000,15095,48.4923298622,-4.5039631661,309.3404
301900000,15096,48.4923300335,-4.5039634803,309.3404
301920000,15097,48.4923302047,-4.5039637946,309.3404
301940000,15098,48.4923303759,-4.5039641088,309.3404
301960000,15099,48.4923305471,-4.503964423,309.3404
301980000,15100,48.4923307183,-4.5039647373,309.3404
302000000,15101,48.4923308895,-4.5039650515,309.3404
302020000,15102,48.4923310607,-4.5039653657,309.3404
302040000,15103,48.4923312319,-4.50396568,309.3404
302060000,15104,48.4923314031,-4.5039659942,309.3404
302080000,15105,48.4923315743,-4.5039663085,309.3404
302100000,15106,48.4923317455,-4.5039666227,309.3404
302120000,15107,48.4923319167,-4.5039669369,309.3404
302140000,15108,48.4923320879,-4.5039672512,309.3404
302160000,15109,48.4923322591,-4.5039675654,309.3404
302180000,15110,48.4923324303,-4.5039678797,309.3404
302200000,15111,48.4923326015,-4.5039681939,309.3404
302220000,15112,48.4923327727,-4.5039685081,309.3404
302240000,15113,48.4923329439,-4.5039688224,309.3404
302260000,15114,48.4923331151,-4.5039691366,309.3404
302280000,15115,48.4923332863,-4.5039694509,309.3404
302300000,15116,48.4923334575,-4.5039697651,309.3404
302320000,15117,48.4923336287,-4.5039700793,309.3404
302340000,15118,48.4923337999,-4.5039703936,309.3404
302360000,15119,48.4923339712,-4.5039707078,309.3404
302380000,15120,48.4923341424,-4.5039710221,309.3404
302400000,15121,48.4923343136,-4.5039713363,309.3404
302420000,15122,48.4923344848,-4.5039716505,309.3404
302440000,15123,48.492334656,-4.5039719648,309.3404
302460000,15124,48.4923348272,-4.503972279,309.3404
302480000,15125,48.4923349984,-4.5039725933,309.3404
302500000,15126,48.4923351696,-4.5039729075,309.3404
302520000,15127,48.4923353408,-4.5039732217,309.3404
302540000,15128,48.492335512,-4.503973536,309.3404
302560000,15129,48.4923356832,-4.5039738502,309.3404
302580000,15130,48.4923358544,-4.5039741645,309.3404
302600000,15131,48.4923360256,-4.5039744787,309.3404
302620000,15132,48.4923361968,-4.5039747929,309.3404
302640000,15133,48.492336368,-4.5039751072,309.3404
302660000,15134,48.4923365392,-4.5039754214,309.3404
302680000,15135,48.4923367104,-4.5039757356,309.3404
302700000,15136,48.4923368816,-4.5039760499,309.3404
302720000,15137,48.4923370528,-4.5039763641,309.3404
302740000,15138,48.492337224,-4.5039766784,309.3404
302760000,15139,48.4923373952,-4.5039769926,309.3404
302780000,15140,48.4923375664,-4.5039773068,309.3404
302800000,15141,48.4923377376,-4.5039776211,309.3404
302820000,15142,48.4923379088,-4.5039779353,309.3404
302840000,15143,48.4923380801,-4.5039782496,309.3404
302860000,15144,48.4923382513,-4.5039785638,309.3404
302880000,15145,48.4923384225,-4.503978878,309.3404
302900000,15146,48.4923385937,-4.5039791923,309.3404
302920000,15147,48.4923387649,-4.5039795065,309.3404
302940000,15148,48.4923389361,-4.5039798208,309.3404
302960000,15149,48.4923391073,-4.503980135,309.3404
302980000,15150,48.4923392785,-4.5039804492,309.3404
303000000,15151,48.4923394497,-4.5039807635,309.3404
303020000,15152,48.4923396209,-4.5039810777,309.3404
303040000,15153,48.4923397921,-4.503981392,309.3404
303060000,15154,48.4923399633,-4.5039817062,309.3404
303080000,15155,48.4923401345,-4.5039820204,309.3404
303100000,15156,48.4923403057,-4.5039823347,309.3404
303120000,15157,48.4923404769,-4.5039826489,309.3404
303140000,15158,48.4923406481,-4.5039829632,309.3404
303160000,15159,48.4923408193,-4.5039832774,309.3404
303180000,15160,48.4923409905,-4.5039835916,309.3404
303200000,15161,48.4923411617,-4.5039839059,309.3404
303220000,15162,48.4923413329,-4.5039842201,309.3404
303240000,15163,48.4923415041,-4.5039845344,309.3404
303260000,15164,48.4923416753,-4.5039848486,309.3404
303280000,15165,48.4923418465,-4.5039851628,309.3404
303300000,15166,48.4923420178,-4.5039854771,309.3404
303320000,15167,48.492342189,-4.5039857913,309.3404
303340000,15168,48.4923423602,-4.5039861056,309.3404
303360000,15169,48.4923425314,-4.5039864198,309.3404
303380000,15170,48.4923427026,-4.503986734,309.3404
303400000,15171,48.4923428738,-4.5039870483,309.3404
303420000,15172,48.492343045,-4.5039873625,309.3404
303440000,15173,48.4923432162,-4.5039876767,309.3404
303460000,15174,48.4923433874,-4.503987991,309.3404
303480000,15175,48.4923435586,-4.5039883052,309.3404
303500000,15176,48.4923437298,-4.5039886195,309.3404
303520000,15177,48.492343901,-4.5039889337,309.3404
303540000,15178,48.4923440722,-4.5039892479,309.3404
303560000,15179,48.4923442434,-4.5039895622,309.3404
303580000,15180,48.4923444146,-4.5039898764,309.3404
303600000,15181,48.4923445858,-4.5039901907,309.3404
303620000,15182,48.492344757,-4.5039905049,309.3404
303640000,15183,48.4923449282,-4.5039908191,309.3404
303660000,15184,48.4923450994,-4.5039911334,309.3404
303680000,15185,48.4923452706,-4.5039914476,309.3404
303700000,15186,48.4923454418,-4.5039917619,309.3404
303720000,15187,48.492345613,-4.5039920761,309.3404
303740000,15188,48.4923457842,-4.5039923903,309.3404
303760000,15189,48.4923459555,-4.5039927046,309.3404
303780000,15190,48.4923461267,-4.5039930188,309.3404
303800000,15191,48.4923462979,-4.5039933331,309.3404
303820000,15192,48.4923464691,-4.5039936473,309.3404
303840000,15193,48.4923466403,-4.5039939615,309.3404
303860000,15194,48.4923468115,-4.5039942758,309.3404
303880000,15195,48.4923469827,-4.50399459,309.3404
303900000,15196,48.4923471539,-4.5039949043,309.3404
303920000,15197,48.4923473251,-4.5039952185,309.3404
303940000,15198,48.4923474963,-4.5039955327,309.3404
303960000,15199,48.4923476675,-4.503995847,309.3404
303980000,15200,48.4923478387,-4.5039961612,309.3404
304000000,15201,48.4923480099,-4.5039964755,309.3404
304020000,15202,48.4923481811,-4.5039967897,309.3404
304040000,15203,48.4923483523,-4.5039971039,309.3404
304060000,15204,48.4923485235,-4.5039974182,309.3404
304080000,15205,48.4923486947,-4.5039977324,309.3404
304100000,15206,48.4923488659,-4.5039980467,309.3404
304120000,15207,48.4923490371,-4.5039983609,309.3404
304140000,15208,48.4923492083,-4.5039986751,309.3404
304160000,15209,48.4923493795,-4.5039989894,309.3404
304180000,15210,48.4923495507,-4.5039993036,309.3404
304200000,15211,48.4923497219,-4.5039996178,309.3404
304220000,15212,48.4923498931,-4.5039999321,309.3404
304240000,15213,48.4923500644,-4.5040002463,309.3404
304260000,15214,48.4923502356,-4.5040005606,309.3404
304280000,15215,48.4923504068,-4.5040008748,309.3404
304300000,15216,48.492350578,-4.504001189,309.3404
304320000,15217,48.4923507492,-4.5040015033,309.3404
304340000,15218,48.4923509204,-4.5040018175,309.3404
304360000,15219,48.4923510916,-4.5040021318,309.3404
304380000,15220,48.4923512628,-4.504002446,309.3404
304400000,15221,48.492351434,-4.5040027602,309.3404
304420000,15222,48.4923516052,-4.5040030745,309.3404
304440000,15223,48.4923517764,-4.5040033887,309.3404
304460000,15224,48.4923519476,-4.504003703,309.3404
304480000,15225,48.4923521188,-4.5040040172,309.3404
304500000,15226,48.49235229,-4.5040043314,309.3404
304520000,15227,48.4923524612,-4.5040046457,309.3404
304540000,15228,48.4923526324,-4.5040049599,309.3404
304560000,15229,48.4923528036,-4.5040052742,309.3404
304580000,15230,48.4923529748,-4.5040055884,309.3404
304600000,15231,48.492353146,-4.5040059026,309.3404
304620000,15232,48.4923533172,-4.5040062169,309.3404
304640000,15233,48.4923534884,-4.5040065311,309.3404
304660000,15234,48.4923536596,-4.5040068454,309.3404
304680000,15235,48.4923538308,-4.5040071596,309.3404
304700000,15236,48.4923540021,-4.5040074738,309.3404
304720000,15237,48.4923541733,-4.5040077881,309.3404
304740000,15238,48.4923543445,-4.5040081023,309.3404
304760000,15239,48.4923545157,-4.5040084166,309.3404
304780000,15240,48.4923546869,-4.5040087308,309.3404
304800000,15241,48.4923548581,-4.504009045,309.3404
304820000,15242,48.4923550293,-4.5040093593,309.3404
304840000,15243,48.4923552005,-4.5040096735,309.3404
304860000,15244,48.4923553717,-4.5040099878,309.3404
304880000,15245,48.4923555429,-4.504010302,309.3404
304900000,15246,48.4923557141,-4.5040106162,309.3404
304920000,15247,48.4923558853,-4.5040109305,309.3404
304940000,15248,48.4923560565,-4.5040112447,309.3404
304960000,15249,48.4923562277,-4.504011559,309.3404
304980000,15250,48.4923563989,-4.5040118732,309.3404
305000000,15251,48.4923565701,-4.5040121874,309.3404
305020000,15252,48.4923567413,-4.5040125017,309.3404
305040000,15253,48.4923569125,-4.5040128159,309.3404
305060000,15254,48.4923570837,-4.5040131302,309.3404
305080000,15255,48.4923572549,-4.5040134444,309.3404
305100000,15256,48.4923574261,-4.5040137586,309.3404
305120000,15257,48.4923575973,-4.5040140729,309.3404
305140000,15258,48.4923577685,-4.5040143871,309.3404
305160000,15259,48.4923579397,-4.5040147014,309.3404
305180000,15260,48.492358111,-4.5040150156,309.3404
305200000,15261,48.4923582822,-4.5040153298,309.3404
305220000,15262,48.4923584534,-4.5040156441,309.3404
305240000,15263,48.4923586246,-4.5040159583,309.3404
305260000,15264,48.4923587958,-4.5040162726,309.3404
305280000,15265,48.492358967,-4.5040165868,309.3404
305300000,15266,48.4923591382,-4.504016901,309.3404
305320000,15267,48.4923593094,-4.5040172153,309.3404
305340000,15268,48.4923594806,-4.5040175295,309.3404
305360000,15269,48.4923596518,-4.5040178437,309.3404
305380000,15270,48.492359823,-4.504018158,309.3404
305400000,15271,48.4923599942,-4.5040184722,309.3404
305420000,15272,48.4923601654,-4.5040187865,309.3404
305440000,15273,48.4923603366,-4.5040191007,309.3404
305460000,15274,48.4923605078,-4.5040194149,309.3404
305480000,15275,48.492360679,-4.5040197292,309.3404
305500000,15276,48.4923608502,-4.5040200434,309.3404
305520000,15277,48.4923610214,-4.5040203577,309.3404
305540000,15278,48.4923611926,-4.5040206719,309.3404
305560000,15279,48.4923613638,-4.5040209861,309.3404
305580000,15280,48.492361535,-4.5040213004,309.3404
305600000,15281,48.4923617062,-4.5040216146,309.3404
305620000,15282,48.4923618774,-4.5040219289,309.3404
305640000,15283,48.4923620486,-4.5040222431,309.3404
305660000,15284,48.4923622199,-4.5040225573,309.3404
305680000,15285,48.4923623911,-4.5040228716,309.3404
305700000,15286,48.4923625623,-4.5040231858,309.3404
305720000,15287,48.4923627335,-4.5040235001,309.3404
305740000,15288,48.4923629047,-4.5040238143,309.3404
305760000,15289,48.4923630759,-4.5040241285,309.3404
305780000,15290,48.4923632471,-4.5040244428,309.3404
305800000,15291,48.4923634183,-4.504024757,309.3404
305820000,15292,48.4923635895,-4.5040250713,309.3404
305840000,15293,48.4923637607,-4.5040253855,309.3404
305860000,15294,48.4923639319,-4.5040256997,309.3404
305880000,15295,48.4923641031,-4.504026014,309.3404
305900000,15296,48.4923642743,-4.5040263282,309.3404
305920000,15297,48.4923644455,-4.5040266425,309.3404
305940000,15298,48.4923646167,-4.5040269567,309.3404
305960000,15299,48.4923647879,-4.5040272709,309.3404
305980000,15300,48.4923649591,-4.5040275852,309.3404
306000000,15301,48.4923651303,-4.5040278994,309.3404
306020000,15302,48.4923653015,-4.5040282137,309.3404
306040000,15303,48.4923654727,-4.5040285279,309.3404
306060000,15304,48.4923656439,-4.5040288421,309.3404
306080000,15305,48.4923658151,-4.5040291564,309.3404
306100000,15306,48.4923659863,-4.5040294706,309.3404
306120000,15307,48.4923661575,-4.5040297849,309.3404
306140000,15308,48.4923663288,-4.5040300991,309.3404
306160000,15309,48.4923665,-4.5040304133,309.3404
306180000,15310,48.4923666712,-4.5040307276,309.3404
306200000,15311,48.4923668424,-4.5040310418,309.3404
306220000,15312,48.4923670136,-4.5040313561,309.3404
306240000,15313,48.4923671848,-4.5040316703,309.3404
306260000,15314,48.492367356,-4.5040319845,309.3404
306280000,15315,48.4923675272,-4.5040322988,309.3404
306300000,15316,48.4923676984,-4.504032613,309.3404
306320000,15317,48.4923678696,-4.5040329273,309.3404
306340000,15318,48.4923680408,-4.5040332415,309.3404
306360000,15319,48.492368212,-4.5040335557,309.3404
306380000,15320,48.4923683832,-4.50403387,309.3404
306400000,15321,48.4923685544,-4.5040341842,309.3404
306420000,15322,48.4923687256,-4.5040344985,309.3404
306440000,15323,48.4923688968,-4.5040348127,309.3404
306460000,15324,48.492369068,-4.5040351269,309.3404
306480000,15325,48.4923692392,-4.5040354412,309.3404
306500000,15326,48.4923694104,-4.5040357554,309.3404
306520000,15327,48.4923695816,-4.5040360697,309.3404
306540000,15328,48.4923697528,-4.5040363839,309.3404
306560000,15329,48.492369924,-4.5040366981,309.3404
306580000,15330,48.4923700952,-4.5040370124,309.3404
306600000,15331,48.4923702664,-4.5040373266,309.3404
306620000,15332,48.4923704377,-4.5040376409,309.3404
306640000,15333,48.4923706089,-4.5040379551,309.3404
306660000,15334,48.4923707801,-4.5040382693,309.3404
306680000,15335,48.4923709513,-4.5040385836,309.3404
306700000,15336,48.4923711225,-4.5040388978,309.3404
306720000,15337,48.4923712937,-4.5040392121,309.3404
306740000,15338,48.4923714649,-4.5040395263,309.3404
306760000,15339,48.4923716361,-4.5040398405,309.3404
306780000,15340,48.4923718073,-4.5040401548,309.3404
306800000,15341,48.4923719785,-4.504040469,309.3404
306820000,15342,48.4923721497,-4.5040407833,309.3404
306840000,15343,48.4923723209,-4.5040410975,309.3404
306860000,15344,48.4923724921,-4.5040414117,309.3404
306880000,15345,48.4923726633,-4.504041726,309.3404
306900000,15346,48.4923728345,-4.5040420402,309.3404
306920000,15347,48.4923730057,-4.5040423545,309.3404
306940000,15348,48.4923731769,-4.5040426687,309.3404
306960000,15349,48.4923733481,-4.5040429829,309.3404
306980000,15350,48.4923735193,-4.5040432972,309.3404
307000000,15351,48.4923736905,-4.5040436114,309.3404
307020000,15352,48.4923738617,-4.5040439257,309.3404
307040000,15353,48.4923740329,-4.5040442399,309.3404
307060000,15354,48.4923742041,-4.5040445541,309.3404
307080000,15355,48.4923743753,-4.5040448684,309.3404
307100000,15356,48.4923745466,-4.5040451826,309.3404
307120000,15357,48.4923747178,-4.5040454969,309.3404
307140000,15358,48.492374889,-4.5040458111,309.3404
307160000,15359,48.4923750602,-4.5040461253,309.3404
307180000,15360,48.4923752314,-4.5040464396,309.3404
307200000,15361,48.4923754026,-4.5040467538,309.3404
307220000,15362,48.4923755738,-4.504047068,309.3404
307240000,15363,48.492375745,-4.5040473823,309.3404
307260000,15364,48.4923759162,-4.5040476965,309.3404
307280000,15365,48.4923760874,-4.5040480108,309.3404
307300000,15366,48.4923762586,-4.504048325,309.3404
307320000,15367,48.4923764298,-4.5040486392,309.3404
307340000,15368,48.492376601,-4.5040489535,309.3404
307360000,15369,48.4923767722,-4.5040492677,309.3404
307380000,15370,48.4923769434,-4.504049582,309.3404
307400000,15371,48.4923771146,-4.5040498962,309.3404
307420000,15372,48.4923772858,-4.5040502104,309.3404
307440000,15373,48.492377457,-4.5040505247,309.3404
307460000,15374,48.4923776282,-4.5040508389,309.3404
307480000,15375,48.4923777994,-4.5040511532,309.3404
307500000,15376,48.4923779706,-4.5040514674,309.3404
307520000,15377,48.4923781418,-4.5040517816,309.3404
307540000,15378,48.492378313,-4.5040520959,309.3404
307560000,15379,48.4923784842,-4.5040524101,309.3404
307580000,15380,48.4923786554,-4.5040527244,309.3404
307600000,15381,48.4923788267,-4.5040530386,309.3404
307620000,15382,48.4923789979,-4.5040533528,309.3404
307640000,15383,48.4923791691,-4.5040536671,309.3404
307660000,15384,48.4923793403,-4.5040539813,309.3404
307680000,15385,48.4923795115,-4.5040542956,309.3404
307700000,15386,48.4923796827,-4.5040546098,309.3404
307720000,15387,48.4923798539,-4.504054924,309.3404
307740000,15388,48.4923800251,-4.5040552383,309.3404
307760000,15389,48.4923801963,-4.5040555525,309.3404
307780000,15390,48.4923803675,-4.5040558668,309.3404
307800000,15391,48.4923805387,-4.504056181,309.3404
307820000,15392,48.4923807099,-4.5040564952,309.3404
307840000,15393,48.4923808811,-4.5040568095,309.3404
307860000,15394,48.4923810523,-4.5040571237,309.3404
307880000,15395,48.4923812235,-4.504057438,309.3404
307900000,15396,48.4923813947,-4.5040577522,309.3404
307920000,15397,48.4923815659,-4.5040580664,309.3404
307940000,15398,48.4923817371,-4.5040583807,309.3404
307960000,15399,48.4923819083,-4.5040586949,309.3404
307980000,15400,48.4923820795,-4.5040590092,309.3404
308000000,15401,48.4923822507,-4.5040593234,309.3404
308020000,15402,48.4923824219,-4.5040596376,309.3404
308040000,15403,48.4923825931,-4.5040599519,309.3404
308060000,15404,48.4923827643,-4.5040602661,309.3404
308080000,15405,48.4923829356,-4.5040605804,309.3404
308100000,15406,48.4923831068,-4.5040608946,309.3404
308120000,15407,48.492383278,-4.5040612088,309.3404
308140000,15408,48.4923834492,-4.5040615231,309.3404
308160000,15409,48.4923836204,-4.5040618373,309.3404
308180000,15410,48.4923837916,-4.5040621516,309.3404
308200000,15411,48.4923839628,-4.5040624658,309.3404
308220000,15412,48.492384134,-4.50406278,309.3404
308240000,15413,48.4923843052,-4.5040630943,309.3404
308260000,15414,48.4923844764,-4.5040634085,309.3404
308280000,15415,48.4923846476,-4.5040637228,309.3404
308300000,15416,48.4923848188,-4.504064037,309.3404
308320000,15417,48.49238499,-4.5040643512,309.3404
308340000,15418,48.4923851612,-4.5040646655,309.3404
308360000,15419,48.4923853324,-4.5040649797,309.3404
308380000,15420,48.4923855036,-4.504065294,309.3404
308400000,15421,48.4923856748,-4.5040656082,309.3404
308420000,15422,48.492385846,-4.5040659224,309.3404
308440000,15423,48.4923860172,-4.5040662367,309.3404
308460000,15424,48.4923861884,-4.5040665509,309.3404
308480000,15425,48.4923863596,-4.5040668652,309.3404
308500000,15426,48.4923865308,-4.5040671794,309.3404
308520000,15427,48.492386702,-4.5040674936,309.3404
308540000,15428,48.4923868732,-4.5040678079,309.3404
308560000,15429,48.4923870444,-4.5040681221,309.3404
308580000,15430,48.4923872157,-4.5040684364,309.3404
308600000,15431,48.4923873869,-4.5040687506,309.3404
308620000,15432,48.4923875581,-4.5040690648,309.3404
308640000,15433,48.4923877293,-4.5040693791,309.3404
308660000,15434,48.4923879005,-4.5040696933,309.3404
308680000,15435,48.4923880717,-4.5040700076,309.3404
308700000,15436,48.4923882429,-4.5040703218,309.3404
308720000,15437,48.4923884141,-4.504070636,309.3404
308740000,15438,48.4923885853,-4.5040709503,309.3404
308760000,15439,48.4923887565,-4.5040712645,309.3404
308780000,15440,48.4923889277,-4.5040715788,309.3404
308800000,15441,48.4923890989,-4.504071893,309.3404
308820000,15442,48.4923892701,-4.5040722072,309.3404
308840000,15443,48.4923894413,-4.5040725215,309.3404
308860000,15444,48.4923896125,-4.5040728357,309.3404
308880000,15445,48.4923897837,-4.50407315,309.3404
308900000,15446,48.4923899549,-4.5040734642,309.3404
308920000,15447,48.4923901261,-4.5040737784,309.3404
308940000,15448,48.4923902973,-4.5040740927,309.3404
308960000,15449,48.4923904685,-4.5040744069,309.3404
308980000,15450,48.4923906397,-4.5040747212,309.3404
309000000,15451,48.4923908109,-4.5040750354,309.3404
309020000,15452,48.4923909821,-4.5040753496,309.3404
309040000,15453,48.4923911533,-4.5040756639,309.3404
309060000,15454,48.4923913245,-4.5040759781,309.3404
309080000,15455,48.4923914958,-4.5040762924,309.3404
309100000,15456,48.492391667,-4.5040766066,309.3404
309120000,15457,48.4923918382,-4.5040769208,309.3404
309140000,15458,48.4923920094,-4.5040772351,309.3404
309160000,15459,48.4923921806,-4.5040775493,309.3404
309180000,15460,48.4923923518,-4.5040778636,309.3404
309200000,15461,48.492392523,-4.5040781778,309.3404
309220000,15462,48.4923926942,-4.504078492,309.3404
309240000,15463,48.4923928654,-4.5040788063,309.3404
309260000,15464,48.4923930366,-4.5040791205,309.3404
309280000,15465,48.4923932078,-4.5040794348,309.3404
309300000,15466,48.492393379,-4.504079749,309.3404
309320000,15467,48.4923935502,-4.5040800633,309.3404
309340000,15468,48.4923937214,-4.5040803775,309.3404
309360000,15469,48.4923938926,-4.5040806917,309.3404
309380000,15470,48.4923940638,-4.504081006,309.3404
309400000,15471,48.492394235,-4.5040813202,309.3404
309420000,15472,48.4923944062,-4.5040816345,309.3404
309440000,15473,48.4923945774,-4.5040819487,309.3404
309460000,15474,48.4923947486,-4.5040822629,309.3404
309480000,15475,48.4923949198,-4.5040825772,309.3404
309500000,15476,48.492395091,-4.5040828914,309.3404
309520000,15477,48.4923952622,-4.5040832057,309.3404
309540000,15478,48.4923954334,-4.5040835199,309.3404
309560000,15479,48.4923956046,-4.5040838341,309.3404
309580000,15480,48.4923957759,-4.5040841484,309.3404
309600000,15481,48.4923959471,-4.5040844626,309.3404
309620000,15482,48.4923961183,-4.5040847769,309.3404
309640000,15483,48.4923962895,-4.5040850911,309.3404
309660000,15484,48.4923964607,-4.5040854053,309.3404
309680000,15485,48.4923966319,-4.5040857196,309.3404
309700000,15486,48.4923968031,-4.5040860338,309.3404
309720000,15487,48.4923969743,-4.5040863481,309.3404
309740000,15488,48.4923971455,-4.5040866623,309.3404
309760000,15489,48.4923973167,-4.5040869765,309.3404
309780000,15490,48.4923974879,-4.5040872908,309.3404
309800000,15491,48.4923976591,-4.504087605,309.3404
309820000,15492,48.4923978303,-4.5040879193,309.3404
309840000,15493,48.4923980015,-4.5040882335,309.3404
309860000,15494,48.4923981727,-4.5040885477,309.3404
309880000,15495,48.4923983439,-4.504088862,309.3404
309900000,15496,48.4923985151,-4.5040891762,309.3404
309920000,15497,48.4923986863,-4.5040894905,309.3404
309940000,15498,48.4923988575,-4.5040898047,309.3404
309960000,15499,48.4923990287,-4.5040901189,309.3404
309980000,15500,48.4923991999,-4.5040904332,309.3404
310000000,15501,48.4923993711,-4.5040907474,309.3404
310020000,15502,48.4923995423,-4.5040910617,309.3404
310040000,15503,48.4923997135,-4.5040913759,309.3404
310060000,15504,48.4923998847,-4.5040916901,309.3404
310080000,15505,48.492400056,-4.5040920044,309.3404
310100000,15506,48.4924002272,-4.5040923186,309.3404
310120000,15507,48.4924003984,-4.5040926329,309.3404
310140000,15508,48.4924005696,-4.5040929471,309.3404
310160000,15509,48.4924007408,-4.5040932613,309.3404
310180000,15510,48.492400912,-4.5040935756,309.3404
310200000,15511,48.4924010832,-4.5040938898,309.3404
310220000,15512,48.4924012544,-4.5040942041,309.3404
310240000,15513,48.4924014256,-4.5040945183,309.3404
310260000,15514,48.4924015968,-4.5040948325,309.3404
310280000,15515,48.492401768,-4.5040951468,309.3404
310300000,15516,48.4924019392,-4.504095461,309.3404
310320000,15517,48.4924021104,-4.5040957753,309.3404
310340000,15518,48.4924022816,-4.5040960895,309.3404
310360000,15519,48.4924024528,-4.5040964037,309.3404
310380000,15520,48.492402624,-4.504096718,309.3404
310400000,15521,48.4924027952,-4.5040970322,309.3404
310420000,15522,48.4924029664,-4.5040973465,309.3404
310440000,15523,48.4924031376,-4.5040976607,309.3404
310460000,15524,48.4924033088,-4.5040979749,309.3404
310480000,15525,48.49240348,-4.5040982892,309.3404
310500000,15526,48.4924036512,-4.5040986034,309.3404
310520000,15527,48.4924038224,-4.5040989177,309.3404
310540000,15528,48.4924039936,-4.5040992319,309.3404
310560000,15529,48.4924041648,-4.5040995461,309.3404
310580000,15530,48.4924043361,-4.5040998604,309.3404
310600000,15531,48.4924045073,-4.5041001746,309.3404
310620000,15532,48.4924046785,-4.5041004889,309.3404
310640000,15533,48.4924048497,-4.5041008031,309.3404
310660000,15534,48.4924050209,-4.5041011173,309.3404
310680000,15535,48.4924051921,-4.5041014316,309.3404
310700000,15536,48.4924053633,-4.5041017458,309.3404
310720000,15537,48.4924055345,-4.5041020601,309.3404
310740000,15538,48.4924057057,-4.5041023743,309.3404
310760000,15539,48.4924058769,-4.5041026885,309.3404
310780000,15540,48.4924060481,-4.5041030028,309.3404
310800000,15541,48.4924062193,-4.504103317,309.3404
310820000,15542,48.4924063905,-4.5041036313,309.3404
310840000,15543,48.4924065617,-4.5041039455,309.3404
310860000,15544,48.4924067329,-4.5041042597,309.3404
310880000,15545,48.4924069041,-4.504104574,309.3404
310900000,15546,48.4924070753,-4.5041048882,309.3404
310920000,15547,48.4924072465,-4.5041052025,309.3404
310940000,15548,48.4924074177,-4.5041055167,309.3404
310960000,15549,48.4924075889,-4.5041058309,309.3404
310980000,15550,48.4924077601,-4.5041061452,309.3404
311000000,15551,48.4924079313,-4.5041064594,309.3404
311020000,15552,48.4924081025,-4.5041067737,309.3404
311040000,15553,48.4924082737,-4.5041070879,309.3404
311060000,15554,48.4924084449,-4.5041074021,309.3404
311080000,15555,48.4924086162,-4.5041077164,309.3404
311100000,15556,48.4924087874,-4.5041080306,309.3404
311120000,15557,48.4924089586,-4.5041083449,309.3404
311140000,15558,48.4924091298,-4.5041086591,309.3404
311160000,15559,48.492409301,-4.5041089734,309.3404
311180000,15560,48.4924094722,-4.5041092876,309.3404
311200000,15561,48.4924096434,-4.5041096018,309.3404
311220000,15562,48.4924098146,-4.5041099161,309.3404
311240000,15563,48.4924099858,-4.5041102303,309.3404
311260000,15564,48.492410157,-4.5041105446,309.3404
311280000,15565,48.4924103282,-4.5041108588,309.3404
311300000,15566,48.4924104994,-4.504111173,309.3404
311320000,15567,48.4924106706,-4.5041114873,309.3404
311340000,15568,48.4924108418,-4.5041118015,309.3404
311360000,15569,48.492411013,-4.5041121158,309.3404
311380000,15570,48.4924111842,-4.50411243,309.3404
311400000,15571,48.4924113554,-4.5041127442,309.3404
311420000,15572,48.4924115266,-4.5041130585,309.3404
311440000,15573,48.4924116978,-4.5041133727,309.3404
311460000,15574,48.492411869,-4.504113687,309.3404
311480000,15575,48.4924120402,-4.5041140012,309.3404
311500000,15576,48.4924122114,-4.5041143154,309.3404
311520000,15577,48.4924123826,-4.5041146297,309.3404
311540000,15578,48.4924125538,-4.5041149439,309.3404
311560000,15579,48.492412725,-4.5041152582,309.3404
311580000,15580,48.4924128962,-4.5041155724,309.3404
311600000,15581,48.4924130675,-4.5041158866,309.3404
311620000,15582,48.4924132387,-4.5041162009,309.3404
311640000,15583,48.4924134099,-4.5041165151,309.3404
311660000,15584,48.4924135811,-4.5041168294,309.3404
311680000,15585,48.4924137523,-4.5041171436,309.3404
311700000,15586,48.4924139235,-4.5041174578,309.3404
311720000,15587,48.4924140947,-4.5041177721,309.3404
311740000,15588,48.4924142659,-4.5041180863,309.3404
311760000,15589,48.4924144371,-4.5041184006,309.3404
311780000,15590,48.4924146083,-4.5041187148,309.3404
311800000,15591,48.4924147795,-4.504119029,309.3404
311820000,15592,48.4924149507,-4.5041193433,309.3404
311840000,15593,48.4924151219,-4.5041196575,309.3404
311860000,15594,48.4924152931,-4.5041199718,309.3404
311880000,15595,48.4924154643,-4.504120286,309.3404
311900000,15596,48.4924156355,-4.5041206002,309.3404
311920000,15597,48.4924158067,-4.5041209145,309.3404
311940000,15598,48.4924159779,-4.5041212287,309.3404
311960000,15599,48.4924161491,-4.504121543,309.3404
311980000,15600,48.4924163203,-4.5041218572,309.3404
312000000,15601,48.4924164915,-4.5041221714,309.3404
312020000,15602,48.4924166627,-4.5041224857,309.3404
312040000,15603,48.4924168339,-4.5041227999,309.3404
312060000,15604,48.4924170051,-4.5041231142,309.3404
312080000,15605,48.4924171763,-4.5041234284,309.3404
312100000,15606,48.4924173476,-4.5041237426,309.3404
312120000,15607,48.4924175188,-4.5041240569,309.3404
312140000,15608,48.49241769,-4.5041243711,309.3404
312160000,15609,48.4924178612,-4.5041246854,309.3404
312180000,15610,48.4924180324,-4.5041249996,309.3404
312200000,15611,48.4924182036,-4.5041253138,309.3404
312220000,15612,48.4924183748,-4.5041256281,309.3404
312240000,15613,48.492418546,-4.5041259423,309.3404
312260000,15614,48.4924187172,-4.5041262566,309.3404
312280000,15615,48.4924188884,-4.5041265708,309.3404
312300000,15616,48.4924190596,-4.5041268851,309.3404
312320000,15617,48.4924192308,-4.5041271993,309.3404
312340000,15618,48.492419402,-4.5041275135,309.3404
312360000,15619,48.4924195732,-4.5041278278,309.3404
312380000,15620,48.4924197444,-4.504128142,309.3404
312400000,15621,48.4924199156,-4.5041284563,309.3404
312420000,15622,48.4924200868,-4.5041287705,309.3404
312440000,15623,48.492420258,-4.5041290847,309.3404
312460000,15624,48.4924204292,-4.504129399,309.3404
312480000,15625,48.4924206004,-4.5041297132,309.3404
312500000,15626,48.4924207716,-4.5041300275,309.3404
312520000,15627,48.4924209428,-4.5041303417,309.3404
312540000,15628,48.492421114,-4.5041306559,309.3404
312560000,15629,48.4924212852,-4.5041309702,309.3404
312580000,15630,48.4924214564,-4.5041312844,309.3404
312600000,15631,48.4924216276,-4.5041315987,309.3404
312620000,15632,48.4924217989,-4.5041319129,309.3404
312640000,15633,48.4924219701,-4.5041322271,309.3404
312660000,15634,48.4924221413,-4.5041325414,309.3404
312680000,15635,48.4924223125,-4.5041328556,309.3404
312700000,15636,48.4924224837,-4.5041331699,309.3404
312720000,15637,48.4924226549,-4.5041334841,309.3404
312740000,15638,48.4924228261,-4.5041337983,309.3404
312760000,15639,48.4924229973,-4.5041341126,309.3404
312780000,15640,48.4924231685,-4.5041344268,309.3404
312800000,15641,48.4924233397,-4.5041347411,309.3404
312820000,15642,48.4924235109,-4.5041350553,309.3404
312840000,15643,48.4924236821,-4.5041353695,309.3404
312860000,15644,48.4924238533,-4.5041356838,309.3404
312880000,15645,48.4924240245,-4.504135998,309.3404
312900000,15646,48.4924241957,-4.5041363123,309.3404
312920000,15647,48.4924243669,-4.5041366265,309.3404
312940000,15648,48.4924245381,-4.5041369407,309.3404
312960000,15649,48.4924247093,-4.504137255,309.3404
312980000,15650,48.4924248805,-4.5041375692,309.3404
313000000,15651,48.4924250517,-4.5041378835,309.3404
313020000,15652,48.4924252229,-4.5041381977,309.3404
313040000,15653,48.4924253941,-4.5041385119,309.3404
313060000,15654,48.4924255653,-4.5041388262,309.3404
313080000,15655,48.4924257365,-4.5041391404,309.3404
313100000,15656,48.4924259077,-4.5041394547,309.3404
313120000,15657,48.4924260789,-4.5041397689,309.3404
313140000,15658,48.4924262502,-4.5041400832,309.3404
313160000,15659,48.4924264214,-4.5041403974,309.3404
313180000,15660,48.4924265926,-4.5041407116,309.3404
313200000,15661,48.4924267638,-4.5041410259,309.3404
313220000,15662,48.492426935,-4.5041413401,309.3404
313240000,15663,48.4924271062,-4.5041416544,309.3404
313260000,15664,48.4924272774,-4.5041419686,309.3404
313280000,15665,48.4924274486,-4.5041422828,309.3404
313300000,15666,48.4924276198,-4.5041425971,309.3404
313320000,15667,48.4924276198,-4.5041425971,309.3404
313340000,15668,48.4924277347,-4.5041428027,310.7892
313360000,15669,48.4924278488,-4.5041429965,312.3297
313380000,15670,48.4924279623,-4.5041431786,313.9688
313400000,15671,48.492428075,-4.5041433492,315.7138
313420000,15672,48.4924281869,-4.5041435084,317.572
313440000,15673,48.4924282982,-4.5041436562,319.551
313460000,15674,48.4924284086,-4.5041437928,321.6583
313480000,15675,48.4924285183,-4.5041439182,323.901
313500000,15676,48.4924286273,-4.5041440327,326.2856
313520000,15677,48.4924287354,-4.5041441362,328.8176
313540000,15678,48.4924288428,-4.504144229,331.5011
313560000,15679,48.4924289494,-4.504144311,334.3377
313580000,15680,48.4924290552,-4.5041443825,337.3269
313600000,15681,48.4924291602,-4.5041444435,340.4644
313620000,15682,48.4924292644,-4.5041444942,343.7424
313640000,15683,48.4924293677,-4.5041445346,347.1487
313660000,15684,48.4924294703,-4.5041445649,350.6666
313680000,15685,48.492429572,-4.5041445852,354.275
313700000,15686,48.4924296728,-4.5041445955,357.9491
313720000,15687,48.4924297729,-4.504144596,1.6611
313740000,15688,48.492429872,-4.5041445869,5.3813
313760000,15689,48.4924299703,-4.5041445681,9.0797
313780000,15690,48.4924300677,-4.5041445398,12.7274
313800000,15691,48.4924301643,-4.5041445022,16.2978
313820000,15692,48.49243026,-4.5041444553,19.768
313840000,15693,48.4924303548,-4.5041443993,23.1189
313860000,15694,48.4924304486,-4.5041443342,26.336
313880000,15695,48.4924305416,-4.5041442601,29.4094
313900000,15696,48.4924306337,-4.5041441773,32.333
313920000,15697,48.4924307248,-4.5041440857,35.1045
313940000,15698,48.4924308151,-4.5041439855,37.7244
313960000,15699,48.4924309044,-4.5041438768,40.1958
313980000,15700,48.4924309927,-4.5041437597,42.5233
314000000,15701,48.4924310801,-4.5041436343,44.7132
314020000,15702,48.4924311666,-4.5041435008,46.7721
314040000,15703,48.492431252,-4.5041433592,48.7075
314060000,15704,48.4924313366,-4.5041432096,50.5269
314080000,15705,48.4924314201,-4.5041430522,52.2378
314100000,15706,48.4924315027,-4.504142887,53.8476
314120000,15707,48.4924315842,-4.5041427143,55.3633
314140000,15708,48.4924316648,-4.504142534,56.7917
314160000,15709,48.4924317444,-4.5041423463,58.1391
314180000,15710,48.4924318229,-4.5041421512,59.4115
314200000,15711,48.4924319004,-4.504141949,60.6143
314220000,15712,48.4924319769,-4.5041417398,61.7528
314240000,15713,48.4924320524,-4.5041415235,62.8316
314260000,15714,48.4924321268,-4.5041413004,63.8552
314280000,15715,48.4924322002,-4.5041410705,64.8277
314300000,15716,48.4924322725,-4.504140834,65.7526
314320000,15717,48.4924323438,-4.5041405909,66.6336
314340000,15718,48.492432414,-4.5041403414,67.4736
314360000,15719,48.4924324831,-4.5041400856,68.2757
314380000,15720,48.4924325512,-4.5041398236,69.0424
314400000,15721,48.4924326181,-4.5041395555,69.7764
314420000,15722,48.4924326839,-4.5041392814,70.4797
314440000,15723,48.4924327487,-4.5041390014,71.1545
314460000,15724,48.4924328123,-4.5041387156,71.8027
314480000,15725,48.4924328748,-4.5041384242,72.4261
314500000,15726,48.4924329362,-4.5041381272,73.0263
314520000,15727,48.4924329964,-4.5041378247,73.6049
314540000,15728,48.4924330555,-4.504137517,74.1633
314560000,15729,48.4924331135,-4.504137204,74.7026
314580000,15730,48.4924331703,-4.5041368859,75.2243
314600000,15731,48.4924332259,-4.5041365627,75.7293
314620000,15732,48.4924332803,-4.5041362347,76.2187
314640000,15733,48.4924333336,-4.5041359019,76.6936
314660000,15734,48.4924333857,-4.5041355644,77.1547
314680000,15735,48.4924334366,-4.5041352223,77.603
314700000,15736,48.4924334863,-4.5041348758,78.0393
314720000,15737,48.4924335348,-4.5041345249,78.4642
314740000,15738,48.4924335821,-4.5041341697,78.8785
314760000,15739,48.4924336282,-4.5041338105,79.2828
314780000,15740,48.492433673,-4.5041334472,79.6778
314800000,15741,48.4924337166,-4.5041330799,80.064
314820000,15742,48.492433759,-4.5041327089,80.4419
314840000,15743,48.4924338001,-4.5041323342,80.8121
314860000,15744,48.4924338399,-4.5041319559,81.175
314880000,15745,48.4924338785,-4.504131574,81.5312
314900000,15746,48.4924339159,-4.5041311889,81.881
314920000,15747,48.4924339519,-4.5041308004,82.2249
314940000,15748,48.4924339866,-4.5041304088,82.5632
314960000,15749,48.4924340201,-4.5041300142,82.8963
314980000,15750,48.4924340523,-4.5041296166,83.2246
315000000,15751,48.4924340831,-4.5041292162,83.5484
315020000,15752,48.4924341127,-4.5041288131,83.8681
315040000,15753,48.4924341409,-4.5041284074,84.1839
315060000,15754,48.4924341678,-4.5041279991,84.4961
315080000,15755,48.4924341933,-4.5041275885,84.8051
315100000,15756,48.4924342175,-4.5041271756,85.1112
315120000,15757,48.4924342404,-4.5041267605,85.4145
315140000,15758,48.4924342619,-4.5041263434,85.7153
315160000,15759,48.492434282,-4.5041259243,86.0139
315180000,15760,48.4924343008,-4.5041255034,86.3106
315200000,15761,48.4924343182,-4.5041250807,86.6055
315220000,15762,48.4924343342,-4.5041246564,86.899
315240000,15763,48.4924343488,-4.5041242306,87.1911
315260000,15764,48.492434362,-4.5041238033,87.4823
315280000,15765,48.4924343738,-4.5041233748,87.7726
315300000,15766,48.4924343842,-4.5041229451,88.0622
315320000,15767,48.4924343932,-4.5041225143,88.3515
315340000,15768,48.4924344007,-4.5041220825,88.6406
315360000,15769,48.4924344068,-4.5041216499,88.9296
315380000,15770,48.4924344115,-4.5041212165,89.2189
315400000,15771,48.4924344147,-4.5041207825,89.5086
315420000,15772,48.4924344164,-4.5041203479,89.7989
315440000,15773,48.4924344167,-4.5041199129,90.09
315460000,15774,48.4924344155,-4.5041194776,90.3821
315480000,15775,48.4924344128,-4.5041190421,90.6755
315500000,15776,48.4924344087,-4.5041186065,90.9703
315520000,15777,48.492434403,-4.5041181709,91.2667
315540000,15778,48.4924343959,-4.5041177354,91.5649
315560000,15779,48.4924343872,-4.5041173001,91.8652
315580000,15780,48.492434377,-4.5041168652,92.1677
315600000,15781,48.4924343653,-4.5041164307,92.4727
315620000,15782,48.4924343521,-4.5041159968,92.7804
315640000,15783,48.4924343373,-4.5041155635,93.091
315660000,15784,48.492434321,-4.504115131,93.4047
315680000,15785,48.4924343032,-4.5041146994,93.7218
315700000,15786,48.4924342837,-4.5041142688,94.0425
315720000,15787,48.4924342627,-4.5041138393,94.3671
315740000,15788,48.4924342402,-4.504113411,94.6958
315760000,15789,48.492434216,-4.504112984,95.0288
315780000,15790,48.4924341903,-4.5041125585,95.3664
315800000,15791,48.492434163,-4.5041121345,95.709
315820000,15792,48.4924341341,-4.5041117121,96.0567
315840000,15793,48.4924341035,-4.5041112915,96.4099
315860000,15794,48.4924340714,-4.5041108728,96.7689
315880000,15795,48.4924340376,-4.504110456,97.134
315900000,15796,48.4924340022,-4.5041100413,97.5055
315920000,15797,48.4924339652,-4.5041096288,97.8838
315940000,15798,48.4924339265,-4.5041092186,98.2691
315960000,15799,48.4924338862,-4.5041088108,98.662
315980000,15800,48.4924338442,-4.5041084056,99.0627
316000000,15801,48.4924338005,-4.5041080029,99.4717
316020000,15802,48.4924337552,-4.504107603,99.8893
316040000,15803,48.4924337081,-4.504107206,100.3161
316060000,15804,48.4924336594,-4.5041068119,100.7524
316080000,15805,48.492433609,-4.5041064209,101.1988
316100000,15806,48.4924335569,-4.504106033,101.6557
316120000,15807,48.4924335031,-4.5041056485,102.1237
316140000,15808,48.4924334476,-4.5041052673,102.6033
316160000,15809,48.4924333903,-4.5041048896,103.0951
316180000,15810,48.4924333314,-4.5041045155,103.5996
316200000,15811,48.4924332706,-4.5041041452,104.1176
316220000,15812,48.4924332082,-4.5041037787,104.6497
316240000,15813,48.4924331439,-4.5041034161,105.1966
316260000,15814,48.492433078,-4.5041030576,105.759
316280000,15815,48.4924330102,-4.5041027032,106.3377
316300000,15816,48.4924329407,-4.5041023531,106.9335
316320000,15817,48.4924328694,-4.5041020074,107.5473
316340000,15818,48.4924327963,-4.5041016661,108.1799
316360000,15819,48.4924327214,-4.5041013295,108.8324
316380000,15820,48.4924326447,-4.5041009975,109.5056
316400000,15821,48.4924325662,-4.5041006704,110.2006
316420000,15822,48.4924324859,-4.5041003482,110.9186
316440000,15823,48.4924324037,-4.504100031,111.6606
316460000,15824,48.4924323198,-4.5040997189,112.4279
316480000,15825,48.492432234,-4.5040994121,113.2218
316500000,15826,48.4924321463,-4.5040991107,114.0435
316520000,15827,48.4924320568,-4.5040988147,114.8944
316540000,15828,48.4924319654,-4.5040985243,115.776
316560000,15829,48.4924318722,-4.5040982395,116.6898
316580000,15830,48.492431777,-4.5040979606,117.6373
316600000,15831,48.49243168,-4.5040976876,118.6201
316620000,15832,48.4924315812,-4.5040974206,119.6399
316640000,15833,48.4924314804,-4.5040971597,120.6984
316660000,15834,48.4924313777,-4.504096905,121.7974
316680000,15835,48.4924312731,-4.5040966567,122.9386
316700000,15836,48.4924311666,-4.5040964148,124.1238
316720000,15837,48.4924310581,-4.5040961795,125.3548
316740000,15838,48.4924309477,-4.5040959508,126.6334
316760000,15839,48.4924308354,-4.504095729,127.9614
316780000,15840,48.4924307212,-4.504095514,129.3404
316800000,15841,48.4924307212,-4.504095514,129.3404
316820000,15842,48.49243055,-4.5040951997,129.3404
316840000,15843,48.4924303788,-4.5040948855,129.3404
316860000,15844,48.4924302076,-4.5040945712,129.3404
316880000,15845,48.4924300364,-4.504094257,129.3404
316900000,15846,48.4924298652,-4.5040939428,129.3404
316920000,15847,48.4924296939,-4.5040936285,129.3404
316940000,15848,48.4924295227,-4.5040933143,129.3404
316960000,15849,48.4924293515,-4.504093,129.3404
316980000,15850,48.4924291803,-4.5040926858,129.3404
317000000,15851,48.4924290091,-4.5040923716,129.3404
317020000,15852,48.4924288379,-4.5040920573,129.3404
317040000,15853,48.4924286667,-4.5040917431,129.3404
317060000,15854,48.4924284955,-4.5040914288,129.3404
317080000,15855,48.4924283243,-4.5040911146,129.3404
317100000,15856,48.4924281531,-4.5040908004,129.3404
317120000,15857,48.4924279819,-4.5040904861,129.3404
317140000,15858,48.4924278107,-4.5040901719,129.3404
317160000,15859,48.4924276395,-4.5040898576,129.3404
317180000,15860,48.4924274683,-4.5040895434,129.3404
317200000,15861,48.4924272971,-4.5040892292,129.3404
317220000,15862,48.4924271259,-4.5040889149,129.3404
317240000,15863,48.4924269547,-4.5040886007,129.3404
317260000,15864,48.4924267835,-4.5040882864,129.3404
317280000,15865,48.4924266123,-4.5040879722,129.3404
317300000,15866,48.4924264411,-4.504087658,129.3404
317320000,15867,48.4924262699,-4.5040873437,129.3404
317340000,15868,48.4924260987,-4.5040870295,129.3404
317360000,15869,48.4924259275,-4.5040867152,129.3404
317380000,15870,48.4924257563,-4.504086401,129.3404
317400000,15871,48.4924255851,-4.5040860868,129.3404
317420000,15872,48.4924254138,-4.5040857725,129.3404
317440000,15873,48.4924252426,-4.5040854583,129.3404
317460000,15874,48.4924250714,-4.504085144,129.3404
317480000,15875,48.4924249002,-4.5040848298,129.3404
317500000,15876,48.492424729,-4.5040845156,129.3404
317520000,15877,48.4924245578,-4.5040842013,129.3404
317540000,15878,48.4924243866,-4.5040838871,129.3404
317560000,15879,48.4924242154,-4.5040835728,129.3404
317580000,15880,48.4924240442,-4.5040832586,129.3404
317600000,15881,48.492423873,-4.5040829444,129.3404
317620000,15882,48.4924237018,-4.5040826301,129.3404
317640000,15883,48.4924235306,-4.5040823159,129.3404
317660000,15884,48.4924233594,-4.5040820016,129.3404
317680000,15885,48.4924231882,-4.5040816874,129.3404
317700000,15886,48.492423017,-4.5040813731,129.3404
317720000,15887,48.4924228458,-4.5040810589,129.3404
317740000,15888,48.4924226746,-4.5040807447,129.3404
317760000,15889,48.4924225034,-4.5040804304,129.3404
317780000,15890,48.4924223322,-4.5040801162,129.3404
317800000,15891,48.492422161,-4.5040798019,129.3404
317820000,15892,48.4924219898,-4.5040794877,129.3404
317840000,15893,48.4924218186,-4.5040791735,129.3404
317860000,15894,48.4924216474,-4.5040788592,129.3404
317880000,15895,48.4924214762,-4.504078545,129.3404
317900000,15896,48.492421305,-4.5040782307,129.3404
317920000,15897,48.4924211337,-4.5040779165,129.3404
317940000,15898,48.4924209625,-4.5040776023,129.3404
317960000,15899,48.4924207913,-4.504077288,129.3404
317980000,15900,48.4924206201,-4.5040769738,129.3404
318000000,15901,48.4924204489,-4.5040766595,129.3404
318020000,15902,48.4924202777,-4.5040763453,129.3404
318040000,15903,48.4924201065,-4.5040760311,129.3404
318060000,15904,48.4924199353,-4.5040757168,129.3404
318080000,15905,48.4924197641,-4.5040754026,129.3404
318100000,15906,48.4924195929,-4.5040750883,129.3404
318120000,15907,48.4924194217,-4.5040747741,129.3404
318140000,15908,48.4924192505,-4.5040744599,129.3404
318160000,15909,48.4924190793,-4.5040741456,129.3404
318180000,15910,48.4924189081,-4.5040738314,129.3404
318200000,15911,48.4924187369,-4.5040735171,129.3404
318220000,15912,48.4924185657,-4.5040732029,129.3404
318240000,15913,48.4924183945,-4.5040728887,129.3404
318260000,15914,48.4924182233,-4.5040725744,129.3404
318280000,15915,48.4924180521,-4.5040722602,129.3404
318300000,15916,48.4924178809,-4.5040719459,129.3404
318320000,15917,48.4924177097,-4.5040716317,129.3404
318340000,15918,48.4924175385,-4.5040713175,129.3404
318360000,15919,48.4924173673,-4.5040710032,129.3404
318380000,15920,48.4924171961,-4.504070689,129.3404
318400000,15921,48.4924170249,-4.5040703747,129.3404
318420000,15922,48.4924168536,-4.5040700605,129.3404
318440000,15923,48.4924166824,-4.5040697463,129.3404
318460000,15924,48.4924165112,-4.504069432,129.3404
318480000,15925,48.49241634,-4.5040691178,129.3404
318500000,15926,48.4924161688,-4.5040688035,129.3404
318520000,15927,48.4924159976,-4.5040684893,129.3404
318540000,15928,48.4924158264,-4.5040681751,129.3404
318560000,15929,48.4924156552,-4.5040678608,129.3404
318580000,15930,48.492415484,-4.5040675466,129.3404
318600000,15931,48.4924153128,-4.5040672323,129.3404
318620000,15932,48.4924151416,-4.5040669181,129.3404
318640000,15933,48.4924149704,-4.5040666039,129.3404
318660000,15934,48.4924147992,-4.5040662896,129.3404
318680000,15935,48.492414628,-4.5040659754,129.3404
318700000,15936,48.4924144568,-4.5040656611,129.3404
318720000,15937,48.4924142856,-4.5040653469,129.3404
318740000,15938,48.4924141144,-4.5040650327,129.3404
318760000,15939,48.4924139432,-4.5040647184,129.3404
318780000,15940,48.492413772,-4.5040644042,129.3404
318800000,15941,48.4924136008,-4.5040640899,129.3404
318820000,15942,48.4924134296,-4.5040637757,129.3404
318840000,15943,48.4924132584,-4.5040634615,129.3404
318860000,15944,48.4924130872,-4.5040631472,129.3404
318880000,15945,48.492412916,-4.504062833,129.3404
318900000,15946,48.4924127447,-4.5040625187,129.3404
318920000,15947,48.4924125735,-4.5040622045,129.3404
318940000,15948,48.4924124023,-4.5040618903,129.3404
318960000,15949,48.4924122311,-4.504061576,129.3404
318980000,15950,48.4924120599,-4.5040612618,129.3404
319000000,15951,48.4924118887,-4.5040609475,129.3404
319020000,15952,48.4924117175,-4.5040606333,129.3404
319040000,15953,48.4924115463,-4.5040603191,129.3404
319060000,15954,48.4924113751,-4.5040600048,129.3404
319080000,15955,48.4924112039,-4.5040596906,129.3404
319100000,15956,48.4924110327,-4.5040593763,129.3404
319120000,15957,48.4924108615,-4.5040590621,129.3404
319140000,15958,48.4924106903,-4.5040587479,129.3404
319160000,15959,48.4924105191,-4.5040584336,129.3404
319180000,15960,48.4924103479,-4.5040581194,129.3404
319200000,15961,48.4924101767,-4.5040578051,129.3404
319220000,15962,48.4924100055,-4.5040574909,129.3404
319240000,15963,48.4924098343,-4.5040571767,129.3404
319260000,15964,48.4924096631,-4.5040568624,129.3404
319280000,15965,48.4924094919,-4.5040565482,129.3404
319300000,15966,48.4924093207,-4.5040562339,129.3404
319320000,15967,48.4924091495,-4.5040559197,129.3404
319340000,15968,48.4924089783,-4.5040556055,129.3404
319360000,15969,48.4924088071,-4.5040552912,129.3404
319380000,15970,48.4924086359,-4.504054977,129.3404
319400000,15971,48.4924084646,-4.5040546627,129.3404
319420000,15972,48.4924082934,-4.5040543485,129.3404
319440000,15973,48.4924081222,-4.5040540343,129.3404
319460000,15974,48.492407951,-4.50405372,129.3404
319480000,15975,48.4924077798,-4.5040534058,129.3404
319500000,15976,48.4924076086,-4.5040530915,129.3404
319520000,15977,48.4924074374,-4.5040527773,129.3404
319540000,15978,48.4924072662,-4.504052463,129.3404
319560000,15979,48.492407095,-4.5040521488,129.3404
319580000,15980,48.4924069238,-4.5040518346,129.3404
319600000,15981,48.4924067526,-4.5040515203,129.3404
319620000,15982,48.4924065814,-4.5040512061,129.3404
319640000,15983,48.4924064102,-4.5040508918,129.3404
319660000,15984,48.492406239,-4.5040505776,129.3404
319680000,15985,48.4924060678,-4.5040502634,129.3404
319700000,15986,48.4924058966,-4.5040499491,129.3404
319720000,15987,48.4924057254,-4.5040496349,129.3404
319740000,15988,48.4924055542,-4.5040493206,129.3404
319760000,15989,48.492405383,-4.5040490064,129.3404
319780000,15990,48.4924052118,-4.5040486922,129.3404
319800000,15991,48.4924050406,-4.5040483779,129.3404
319820000,15992,48.4924048694,-4.5040480637,129.3404
319840000,15993,48.4924046982,-4.5040477494,129.3404
319860000,15994,48.492404527,-4.5040474352,129.3404
319880000,15995,48.4924043557,-4.504047121,129.3404
319900000,15996,48.4924041845,-4.5040468067,129.3404
319920000,15997,48.4924040133,-4.5040464925,129.3404
319940000,15998,48.4924038421,-4.5040461782,129.3404
319960000,15999,48.4924036709,-4.504045864,129.3404
319980000,16000,48.4924034997,-4.5040455498,129.3404
320000000,16001,48.4924033285,-4.5040452355,129.3404
320020000,16002,48.4924031573,-4.5040449213,129.3404
320040000,16003,48.4924029861,-4.504044607,129.3404
320060000,16004,48.4924028149,-4.5040442928,129.3404
320080000,16005,48.4924026437,-4.5040439786,129.3404
320100000,16006,48.4924024725,-4.5040436643,129.3404
320120000,16007,48.4924023013,-4.5040433501,129.3404
320140000,16008,48.4924021301,-4.5040430358,129.3404
320160000,16009,48.4924019589,-4.5040427216,129.3404
320180000,16010,48.4924017877,-4.5040424074,129.3404
320200000,16011,48.4924016165,-4.5040420931,129.3404
320220000,16012,48.4924014453,-4.5040417789,129.3404
320240000,16013,48.4924012741,-4.5040414646,129.3404
320260000,16014,48.4924011029,-4.5040411504,129.3404
320280000,16015,48.4924009317,-4.5040408362,129.3404
320300000,16016,48.4924007605,-4.5040405219,129.3404
320320000,16017,48.4924005893,-4.5040402077,129.3404
320340000,16018,48.4924004181,-4.5040398934,129.3404
320360000,16019,48.4924002468,-4.5040395792,129.3404
320380000,16020,48.4924000756,-4.504039265,129.3404
320400000,16021,48.4923999044,-4.5040389507,129.3404
320420000,16022,48.4923997332,-4.5040386365,129.3404
320440000,16023,48.492399562,-4.5040383222,129.3404
320460000,16024,48.4923993908,-4.504038008,129.3404
320480000,16025,48.4923992196,-4.5040376938,129.3404
320500000,16026,48.4923990484,-4.5040373795,129.3404
320520000,16027,48.4923988772,-4.5040370653,129.3404
320540000,16028,48.492398706,-4.504036751,129.3404
320560000,16029,48.4923985348,-4.5040364368,129.3404
320580000,16030,48.4923983636,-4.5040361226,129.3404
320600000,16031,48.4923981924,-4.5040358083,129.3404
320620000,16032,48.4923980212,-4.5040354941,129.3404
320640000,16033,48.49239785,-4.5040351798,129.3404
320660000,16034,48.4923976788,-4.5040348656,129.3404
320680000,16035,48.4923975076,-4.5040345514,129.3404
320700000,16036,48.4923973364,-4.5040342371,129.3404
320720000,16037,48.4923971652,-4.5040339229,129.3404
320740000,16038,48.492396994,-4.5040336086,129.3404
320760000,16039,48.4923968228,-4.5040332944,129.3404
320780000,16040,48.4923966516,-4.5040329802,129.3404
320800000,16041,48.4923964804,-4.5040326659,129.3404
320820000,16042,48.4923963092,-4.5040323517,129.3404
320840000,16043,48.492396138,-4.5040320374,129.3404
320860000,16044,48.4923959667,-4.5040317232,129.3404
320880000,16045,48.4923957955,-4.504031409,129.3404
320900000,16046,48.4923956243,-4.5040310947,129.3404
320920000,16047,48.4923954531,-4.5040307805,129.3404
320940000,16048,48.4923952819,-4.5040304662,129.3404
320960000,16049,48.4923951107,-4.504030152,129.3404
320980000,16050,48.4923949395,-4.5040298378,129.3404
321000000,16051,48.4923947683,-4.5040295235,129.3404
321020000,16052,48.4923945971,-4.5040292093,129.3404
321040000,16053,48.4923944259,-4.504028895,129.3404
321060000,16054,48.4923942547,-4.5040285808,129.3404
321080000,16055,48.4923940835,-4.5040282666,129.3404
321100000,16056,48.4923939123,-4.5040279523,129.3404
321120000,16057,48.4923937411,-4.5040276381,129.3404
321140000,16058,48.4923935699,-4.5040273238,129.3404
321160000,16059,48.4923933987,-4.5040270096,129.3404
321180000,16060,48.4923932275,-4.5040266954,129.3404
321200000,16061,48.4923930563,-4.5040263811,129.3404
321220000,16062,48.4923928851,-4.5040260669,129.3404
321240000,16063,48.4923927139,-4.5040257526,129.3404
321260000,16064,48.4923925427,-4.5040254384,129.3404
321280000,16065,48.4923923715,-4.5040251242,129.3404
321300000,16066,48.4923922003,-4.5040248099,129.3404
321320000,16067,48.4923920291,-4.5040244957,129.3404
321340000,16068,48.4923918578,-4.5040241814,129.3404
321360000,16069,48.4923916866,-4.5040238672,129.3404
321380000,16070,48.4923915154,-4.504023553,129.3404
321400000,16071,48.4923913442,-4.5040232387,129.3404
321420000,16072,48.492391173,-4.5040229245,129.3404
321440000,16073,48.4923910018,-4.5040226102,129.3404
321460000,16074,48.4923908306,-4.504022296,129.3404
321480000,16075,48.4923906594,-4.5040219818,129.3404
321500000,16076,48.4923904882,-4.5040216675,129.3404
321520000,16077,48.492390317,-4.5040213533,129.3404
321540000,16078,48.4923901458,-4.504021039,129.3404
321560000,16079,48.4923899746,-4.5040207248,129.3404
321580000,16080,48.4923898034,-4.5040204106,129.3404
321600000,16081,48.4923896322,-4.5040200963,129.3404
321620000,16082,48.492389461,-4.5040197821,129.3404
321640000,16083,48.4923892898,-4.5040194679,129.3404
321660000,16084,48.4923891186,-4.5040191536,129.3404
321680000,16085,48.4923889474,-4.5040188394,129.3404
321700000,16086,48.4923887762,-4.5040185251,129.3404
321720000,16087,48.492388605,-4.5040182109,129.3404
321740000,16088,48.4923884338,-4.5040178967,129.3404
321760000,16089,48.4923882626,-4.5040175824,129.3404
321780000,16090,48.4923880914,-4.5040172682,129.3404
321800000,16091,48.4923879202,-4.5040169539,129.3404
321820000,16092,48.4923877489,-4.5040166397,129.3404
321840000,16093,48.4923875777,-4.5040163255,129.3404
321860000,16094,48.4923874065,-4.5040160112,129.3404
321880000,16095,48.4923872353,-4.504015697,129.3404
321900000,16096,48.4923870641,-4.5040153827,129.3404
321920000,16097,48.4923868929,-4.5040150685,129.3404
321940000,16098,48.4923867217,-4.5040147543,129.3404
321960000,16099,48.4923865505,-4.50401444,129.3404
321980000,16100,48.4923863793,-4.5040141258,129.3404
322000000,16101,48.4923862081,-4.5040138115,129.3404
322020000,16102,48.4923860369,-4.5040134973,129.3404
322040000,16103,48.4923858657,-4.5040131831,129.3404
322060000,16104,48.4923856945,-4.5040128688,129.3404
322080000,16105,48.4923855233,-4.5040125546,129.3404
322100000,16106,48.4923853521,-4.5040122403,129.3404
322120000,16107,48.4923851809,-4.5040119261,129.3404
322140000,16108,48.4923850097,-4.5040116119,129.3404
322160000,16109,48.4923848385,-4.5040112976,129.3404
322180000,16110,48.4923846673,-4.5040109834,129.3404
322200000,16111,48.4923844961,-4.5040106691,129.3404
322220000,16112,48.4923843249,-4.5040103549,129.3404
322240000,16113,48.4923841537,-4.5040100407,129.3404
322260000,16114,48.4923839825,-4.5040097264,129.3404
322280000,16115,48.4923838112,-4.5040094122,129.3404
322300000,16116,48.49238364,-4.5040090979,129.3404
322320000,16117,48.4923834688,-4.5040087837,129.3404
322340000,16118,48.4923832976,-4.5040084695,129.3404
322360000,16119,48.4923831264,-4.5040081552,129.3404
322380000,16120,48.4923829552,-4.504007841,129.3404
322400000,16121,48.492382784,-4.5040075267,129.3404
322420000,16122,48.4923826128,-4.5040072125,129.3404
322440000,16123,48.4923824416,-4.5040068983,129.3404
322460000,16124,48.4923822704,-4.504006584,129.3404
322480000,16125,48.4923820992,-4.5040062698,129.3404
322500000,16126,48.492381928,-4.5040059555,129.3404
322520000,16127,48.4923817568,-4.5040056413,129.3404
322540000,16128,48.4923815856,-4.5040053271,129.3404
322560000,16129,48.4923814144,-4.5040050128,129.3404
322580000,16130,48.4923812432,-4.5040046986,129.3404
322600000,16131,48.492381072,-4.5040043843,129.3404
322620000,16132,48.4923809008,-4.5040040701,129.3404
322640000,16133,48.4923807296,-4.5040037559,129.3404
322660000,16134,48.4923805584,-4.5040034416,129.3404
322680000,16135,48.4923803872,-4.5040031274,129.3404
322700000,16136,48.492380216,-4.5040028131,129.3404
322720000,16137,48.4923800448,-4.5040024989,129.3404
322740000,16138,48.4923798736,-4.5040021847,129.3404
322760000,16139,48.4923797023,-4.5040018704,129.3404
322780000,16140,48.4923795311,-4.5040015562,129.3404
322800000,16141,48.4923793599,-4.5040012419,129.3404
322820000,16142,48.4923791887,-4.5040009277,129.3404
322840000,16143,48.4923790175,-4.5040006135,129.3404
322860000,16144,48.4923788463,-4.5040002992,129.3404
322880000,16145,48.4923786751,-4.503999985,129.3404
322900000,16146,48.4923785039,-4.5039996707,129.3404
322920000,16147,48.4923783327,-4.5039993565,129.3404
322940000,16148,48.4923781615,-4.5039990423,129.3404
322960000,16149,48.4923779903,-4.503998728,129.3404
322980000,16150,48.4923778191,-4.5039984138,129.3404
323000000,16151,48.4923776479,-4.5039980995,129.3404
323020000,16152,48.4923774767,-4.5039977853,129.3404
323040000,16153,48.4923773055,-4.5039974711,129.3404
323060000,16154,48.4923771343,-4.5039971568,129.3404
323080000,16155,48.4923769631,-4.5039968426,129.3404
323100000,16156,48.4923767919,-4.5039965283,129.3404
323120000,16157,48.4923766207,-4.5039962141,129.3404
323140000,16158,48.4923764495,-4.5039958999,129.3404
323160000,16159,48.4923762783,-4.5039955856,129.3404
323180000,16160,48.4923761071,-4.5039952714,129.3404
323200000,16161,48.4923759359,-4.5039949571,129.3404
323220000,16162,48.4923757647,-4.5039946429,129.3404
323240000,16163,48.4923755934,-4.5039943287,129.3404
323260000,16164,48.4923754222,-4.5039940144,129.3404
323280000,16165,48.492375251,-4.5039937002,129.3404
323300000,16166,48.4923750798,-4.5039933859,129.3404
323320000,16167,48.4923749086,-4.5039930717,129.3404
323340000,16168,48.4923747374,-4.5039927575,129.3404
323360000,16169,48.4923745662,-4.5039924432,129.3404
323380000,16170,48.492374395,-4.503992129,129.3404
323400000,16171,48.4923742238,-4.5039918147,129.3404
323420000,16172,48.4923740526,-4.5039915005,129.3404
323440000,16173,48.4923738814,-4.5039911863,129.3404
323460000,16174,48.4923737102,-4.503990872,129.3404
323480000,16175,48.492373539,-4.5039905578,129.3404
323500000,16176,48.4923733678,-4.5039902435,129.3404
323520000,16177,48.4923731966,-4.5039899293,129.3404
323540000,16178,48.4923730254,-4.5039896151,129.3404
323560000,16179,48.4923728542,-4.5039893008,129.3404
323580000,16180,48.492372683,-4.5039889866,129.3404
323600000,16181,48.4923725118,-4.5039886724,129.3404
323620000,16182,48.4923723406,-4.5039883581,129.3404
323640000,16183,48.4923721694,-4.5039880439,129.3404
323660000,16184,48.4923719982,-4.5039877296,129.3404
323680000,16185,48.492371827,-4.5039874154,129.3404
323700000,16186,48.4923716557,-4.5039871012,129.3404
323720000,16187,48.4923714845,-4.5039867869,129.3404
323740000,16188,48.4923713133,-4.5039864727,129.3404
323760000,16189,48.4923711421,-4.5039861584,129.3404
323780000,16190,48.4923709709,-4.5039858442,129.3404
323800000,16191,48.4923707997,-4.50398553,129.3404
323820000,16192,48.4923706285,-4.5039852157,129.3404
323840000,16193,48.4923704573,-4.5039849015,129.3404
323860000,16194,48.4923702861,-4.5039845872,129.3404
323880000,16195,48.4923701149,-4.503984273,129.3404
323900000,16196,48.4923699437,-4.5039839588,129.3404
323920000,16197,48.4923697725,-4.5039836445,129.3404
323940000,16198,48.4923696013,-4.5039833303,129.3404
323960000,16199,48.4923694301,-4.503983016,129.3404
323980000,16200,48.4923692589,-4.5039827018,129.3404
324000000,16201,48.4923690877,-4.5039823876,129.3404
324020000,16202,48.4923689165,-4.5039820733,129.3404
324040000,16203,48.4923687453,-4.5039817591,129.3404
324060000,16204,48.4923685741,-4.5039814448,129.3404
324080000,16205,48.4923684029,-4.5039811306,129.3404
324100000,16206,48.4923682317,-4.5039808164,129.3404
324120000,16207,48.4923680605,-4.5039805021,129.3404
324140000,16208,48.4923678893,-4.5039801879,129.3404
324160000,16209,48.492367718,-4.5039798736,129.3404
324180000,16210,48.4923675468,-4.5039795594,129.3404
324200000,16211,48.4923673756,-4.5039792452,129.3404
324220000,16212,48.4923672044,-4.5039789309,129.3404
324240000,16213,48.4923670332,-4.5039786167,129.3404
324260000,16214,48.492366862,-4.5039783024,129.3404
324280000,16215,48.4923666908,-4.5039779882,129.3404
324300000,16216,48.4923665196,-4.503977674,129.3404
324320000,16217,48.4923663484,-4.5039773597,129.3404
324340000,16218,48.4923661772,-4.5039770455,129.3404
324360000,16219,48.492366006,-4.5039767312,129.3404
324380000,16220,48.4923658348,-4.503976417,129.3404
324400000,16221,48.4923656636,-4.5039761028,129.3404
324420000,16222,48.4923654924,-4.5039757885,129.3404
324440000,16223,48.4923653212,-4.5039754743,129.3404
324460000,16224,48.49236515,-4.50397516,129.3404
324480000,16225,48.4923649788,-4.5039748458,129.3404
324500000,16226,48.4923648076,-4.5039745316,129.3404
324520000,16227,48.4923646364,-4.5039742173,129.3404
324540000,16228,48.4923644652,-4.5039739031,129.3404
324560000,16229,48.492364294,-4.5039735888,129.3404
324580000,16230,48.4923641228,-4.5039732746,129.3404
324600000,16231,48.4923639516,-4.5039729604,129.3404
324620000,16232,48.4923637804,-4.5039726461,129.3404
324640000,16233,48.4923636091,-4.5039723319,129.3404
324660000,16234,48.4923634379,-4.5039720177,129.3404
324680000,16235,48.4923632667,-4.5039717034,129.3404
324700000,16236,48.4923630955,-4.5039713892,129.3404
324720000,16237,48.4923629243,-4.5039710749,129.3404
324740000,16238,48.4923627531,-4.5039707607,129.3404
324760000,16239,48.4923625819,-4.5039704465,129.3404
324780000,16240,48.4923624107,-4.5039701322,129.3404
324800000,16241,48.4923622395,-4.503969818,129.3404
324820000,16242,48.4923620683,-4.5039695037,129.3404
324840000,16243,48.4923618971,-4.5039691895,129.3404
324860000,16244,48.4923617259,-4.5039688753,129.3404
324880000,16245,48.4923615547,-4.503968561,129.3404
324900000,16246,48.4923613835,-4.5039682468,129.3404
324920000,16247,48.4923612123,-4.5039679325,129.3404
324940000,16248,48.4923610411,-4.5039676183,129.3404
324960000,16249,48.4923608699,-4.5039673041,129.3404
324980000,16250,48.4923606987,-4.5039669898,129.3404
325000000,16251,48.4923605275,-4.5039666756,129.3404
325020000,16252,48.4923603563,-4.5039663613,129.3404
325040000,16253,48.4923601851,-4.5039660471,129.3404
325060000,16254,48.4923600139,-4.5039657329,129.3404
325080000,16255,48.4923598427,-4.5039654186,129.3404
325100000,16256,48.4923596714,-4.5039651044,129.3404
325120000,16257,48.4923595002,-4.5039647901,129.3404
325140000,16258,48.492359329,-4.5039644759,129.3404
325160000,16259,48.4923591578,-4.5039641617,129.3404
325180000,16260,48.4923589866,-4.5039638474,129.3404
325200000,16261,48.4923588154,-4.5039635332,129.3404
325220000,16262,48.4923586442,-4.5039632189,129.3404
325240000,16263,48.492358473,-4.5039629047,129.3404
325260000,16264,48.4923583018,-4.5039625905,129.3404
325280000,16265,48.4923581306,-4.5039622762,129.3404
325300000,16266,48.4923579594,-4.503961962,129.3404
325320000,16267,48.4923577882,-4.5039616477,129.3404
325340000,16268,48.492357617,-4.5039613335,129.3404
325360000,16269,48.4923574458,-4.5039610193,129.3404
325380000,16270,48.4923572746,-4.503960705,129.3404
325400000,16271,48.4923571034,-4.5039603908,129.3404
325420000,16272,48.4923569322,-4.5039600765,129.3404
325440000,16273,48.492356761,-4.5039597623,129.3404
325460000,16274,48.4923565898,-4.5039594481,129.3404
325480000,16275,48.4923564186,-4.5039591338,129.3404
325500000,16276,48.4923562474,-4.5039588196,129.3404
325520000,16277,48.4923560762,-4.5039585054,129.3404
325540000,16278,48.492355905,-4.5039581911,129.3404
325560000,16279,48.4923557337,-4.5039578769,129.3404
325580000,16280,48.4923555625,-4.5039575626,129.3404
325600000,16281,48.4923553913,-4.5039572484,129.3404
325620000,16282,48.4923552201,-4.5039569342,129.3404
325640000,16283,48.4923550489,-4.5039566199,129.3404
325660000,16284,48.4923548777,-4.5039563057,129.3404
325680000,16285,48.4923547065,-4.5039559914,129.3404
325700000,16286,48.4923545353,-4.5039556772,129.3404
325720000,16287,48.4923543641,-4.503955363,129.3404
325740000,16288,48.4923541929,-4.5039550487,129.3404
325760000,16289,48.4923540217,-4.5039547345,129.3404
325780000,16290,48.4923538505,-4.5039544202,129.3404
325800000,16291,48.4923536793,-4.503954106,129.3404
325820000,16292,48.4923535081,-4.5039537918,129.3404
325840000,16293,48.4923533369,-4.5039534775,129.3404
325860000,16294,48.4923531657,-4.5039531633,129.3404
325880000,16295,48.4923529945,-4.503952849,129.3404
325900000,16296,48.4923528233,-4.5039525348,129.3404
325920000,16297,48.4923526521,-4.5039522206,129.3404
325940000,16298,48.4923524809,-4.5039519063,129.3404
325960000,16299,48.4923523097,-4.5039515921,129.3404
325980000,16300,48.4923521385,-4.5039512778,129.3404
326000000,16301,48.4923519673,-4.5039509636,129.3404
326020000,16302,48.492351796,-4.5039506494,129.3404
326040000,16303,48.4923516248,-4.5039503351,129.3404
326060000,16304,48.4923514536,-4.5039500209,129.3404
326080000,16305,48.4923512824,-4.5039497066,129.3404
326100000,16306,48.4923511112,-4.5039493924,129.3404
326120000,16307,48.49235094,-4.5039490782,129.3404
326140000,16308,48.4923507688,-4.5039487639,129.3404
326160000,16309,48.4923505976,-4.5039484497,129.3404
326180000,16310,48.4923504264,-4.5039481355,129.3404
326200000,16311,48.4923502552,-4.5039478212,129.3404
326220000,16312,48.492350084,-4.503947507,129.3404
326240000,16313,48.4923499128,-4.5039471927,129.3404
326260000,16314,48.4923497416,-4.5039468785,129.3404
326280000,16315,48.4923495704,-4.5039465643,129.3404
326300000,16316,48.4923493992,-4.50394625,129.3404
326320000,16317,48.492349228,-4.5039459358,129.3404
326340000,16318,48.4923490568,-4.5039456215,129.3404
326360000,16319,48.4923488856,-4.5039453073,129.3404
326380000,16320,48.4923487144,-4.5039449931,129.3404
326400000,16321,48.4923485432,-4.5039446788,129.3404
326420000,16322,48.492348372,-4.5039443646,129.3404
326440000,16323,48.4923482008,-4.5039440503,129.3404
326460000,16324,48.4923480296,-4.5039437361,129.3404
326480000,16325,48.4923478583,-4.5039434219,129.3404
326500000,16326,48.4923476871,-4.5039431076,129.3404
326520000,16327,48.4923475159,-4.5039427934,129.3404
326540000,16328,48.4923473447,-4.5039424791,129.3404
326560000,16329,48.4923471735,-4.5039421649,129.3404
326580000,16330,48.4923470023,-4.5039418507,129.3404
326600000,16331,48.4923468311,-4.5039415364,129.3404
326620000,16332,48.4923466599,-4.5039412222,129.3404
326640000,16333,48.4923464887,-4.5039409079,129.3404
326660000,16334,48.4923463175,-4.5039405937,129.3404
326680000,16335,48.4923461463,-4.5039402795,129.3404
326700000,16336,48.4923459751,-4.5039399652,129.3404
326720000,16337,48.4923458039,-4.503939651,129.3404
326740000,16338,48.4923456327,-4.5039393367,129.3404
326760000,16339,48.4923454615,-4.5039390225,129.3404
326780000,16340,48.4923452903,-4.5039387083,129.3404
326800000,16341,48.4923451191,-4.503938394,129.3404
326820000,16342,48.4923449479,-4.5039380798,129.3404
326840000,16343,48.4923447767,-4.5039377656,129.3404
326860000,16344,48.4923446055,-4.5039374513,129.3404
326880000,16345,48.4923444343,-4.5039371371,129.3404
326900000,16346,48.4923442631,-4.5039368228,129.3404
326920000,16347,48.4923440918,-4.5039365086,129.3404
326940000,16348,48.4923439206,-4.5039361944,129.3404
326960000,16349,48.4923437494,-4.5039358801,129.3404
326980000,16350,48.4923435782,-4.5039355659,129.3404
327000000,16351,48.492343407,-4.5039352516,129.3404
327020000,16352,48.4923432358,-4.5039349374,129.3404
327040000,16353,48.4923430646,-4.5039346232,129.3404
327060000,16354,48.4923428934,-4.5039343089,129.3404
327080000,16355,48.4923427222,-4.5039339947,129.3404
327100000,16356,48.492342551,-4.5039336804,129.3404
327120000,16357,48.4923423798,-4.5039333662,129.3404
327140000,16358,48.4923422086,-4.503933052,129.3404
327160000,16359,48.4923420374,-4.5039327377,129.3404
327180000,16360,48.4923418662,-4.5039324235,129.3404
327200000,16361,48.492341695,-4.5039321092,129.3404
327220000,16362,48.4923415238,-4.503931795,129.3404
327240000,16363,48.4923413526,-4.5039314808,129.3404
327260000,16364,48.4923411814,-4.5039311665,129.3404
327280000,16365,48.4923410102,-4.5039308523,129.3404
327300000,16366,48.492340839,-4.503930538,129.3404
327320000,16367,48.4923406678,-4.5039302238,129.3404
327340000,16368,48.4923404966,-4.5039299096,129.3404
327360000,16369,48.4923403254,-4.5039295953,129.3404
327380000,16370,48.4923401541,-4.5039292811,129.3404
327400000,16371,48.4923399829,-4.5039289669,129.3404
327420000,16372,48.4923398117,-4.5039286526,129.3404
327440000,16373,48.4923396405,-4.5039283384,129.3404
327460000,16374,48.4923394693,-4.5039280241,129.3404
327480000,16375,48.4923392981,-4.5039277099,129.3404
327500000,16376,48.4923391269,-4.5039273957,129.3404
327520000,16377,48.4923389557,-4.5039270814,129.3404
327540000,16378,48.4923387845,-4.5039267672,129.3404
327560000,16379,48.4923386133,-4.5039264529,129.3404
327580000,16380,48.4923384421,-4.5039261387,129.3404
327600000,16381,48.4923382709,-4.5039258245,129.3404
327620000,16382,48.4923380997,-4.5039255102,129.3404
327640000,16383,48.4923379285,-4.503925196,129.3404
327660000,16384,48.4923377573,-4.5039248817,129.3404
327680000,16385,48.4923375861,-4.5039245675,129.3404
327700000,16386,48.4923374149,-4.5039242533,129.3404
327720000,16387,48.4923372437,-4.503923939,129.3404
327740000,16388,48.4923370725,-4.5039236248,129.3404
327760000,16389,48.4923369013,-4.5039233105,129.3404
327780000,16390,48.4923367301,-4.5039229963,129.3404
327800000,16391,48.4923365589,-4.5039226821,129.3404
327820000,16392,48.4923363876,-4.5039223678,129.3404
327840000,16393,48.4923362164,-4.5039220536,129.3404
327860000,16394,48.4923360452,-4.5039217393,129.3404
327880000,16395,48.492335874,-4.5039214251,129.3404
327900000,16396,48.4923357028,-4.5039211109,129.3404
327920000,16397,48.4923355316,-4.5039207966,129.3404
327940000,16398,48.4923353604,-4.5039204824,129.3404
327960000,16399,48.4923351892,-4.5039201682,129.3404
327980000,16400,48.492335018,-4.5039198539,129.3404
328000000,16401,48.4923348468,-4.5039195397,129.3404
328020000,16402,48.4923346756,-4.5039192254,129.3404
328040000,16403,48.4923345044,-4.5039189112,129.3404
328060000,16404,48.4923343332,-4.503918597,129.3404
328080000,16405,48.492334162,-4.5039182827,129.3404
328100000,16406,48.4923339908,-4.5039179685,129.3404
328120000,16407,48.4923338196,-4.5039176542,129.3404
328140000,16408,48.4923336484,-4.50391734,129.3404
328160000,16409,48.4923334772,-4.5039170258,129.3404
328180000,16410,48.492333306,-4.5039167115,129.3404
328200000,16411,48.4923331348,-4.5039163973,129.3404
328220000,16412,48.4923329636,-4.503916083,129.3404
328240000,16413,48.4923327924,-4.5039157688,129.3404
328260000,16414,48.4923326212,-4.5039154546,129.3404
328280000,16415,48.4923324499,-4.5039151403,129.3404
328300000,16416,48.4923322787,-4.5039148261,129.3404
328320000,16417,48.4923321075,-4.5039145118,129.3404
328340000,16418,48.4923319363,-4.5039141976,129.3404
328360000,16419,48.4923317651,-4.5039138834,129.3404
328380000,16420,48.4923315939,-4.5039135691,129.3404
328400000,16421,48.4923314227,-4.5039132549,129.3404
328420000,16422,48.4923312515,-4.5039129407,129.3404
328440000,16423,48.4923310803,-4.5039126264,129.3404
328460000,16424,48.4923309091,-4.5039123122,129.3404
328480000,16425,48.4923307379,-4.5039119979,129.3404
328500000,16426,48.4923305667,-4.5039116837,129.3404
328520000,16427,48.4923303955,-4.5039113695,129.3404
328540000,16428,48.4923302243,-4.5039110552,129.3404
328560000,16429,48.4923300531,-4.503910741,129.3404
328580000,16430,48.4923298819,-4.5039104267,129.3404
328600000,16431,48.4923297107,-4.5039101125,129.3404
328620000,16432,48.4923295395,-4.5039097983,129.3404
328640000,16433,48.4923293683,-4.503909484,129.3404
328660000,16434,48.4923291971,-4.5039091698,129.3404
328680000,16435,48.4923290259,-4.5039088555,129.3404
328700000,16436,48.4923288547,-4.5039085413,129.3404
328720000,16437,48.4923286834,-4.5039082271,129.3404
328740000,16438,48.4923285122,-4.5039079128,129.3404
328760000,16439,48.492328341,-4.5039075986,129.3404
328780000,16440,48.4923281698,-4.5039072843,129.3404
328800000,16441,48.4923279986,-4.5039069701,129.3404
328820000,16442,48.4923278274,-4.5039066559,129.3404
328840000,16443,48.4923276562,-4.5039063416,129.3404
328860000,16444,48.492327485,-4.5039060274,129.3404
328880000,16445,48.4923273138,-4.5039057131,129.3404
328900000,16446,48.4923271426,-4.5039053989,129.3404
328920000,16447,48.4923269714,-4.5039050847,129.3404
328940000,16448,48.4923268002,-4.5039047704,129.3404
328960000,16449,48.492326629,-4.5039044562,129.3404
328980000,16450,48.4923264578,-4.503904142,129.3404
329000000,16451,48.4923262866,-4.5039038277,129.3404
329020000,16452,48.4923261154,-4.5039035135,129.3404
329040000,16453,48.4923259442,-4.5039031992,129.3404
329060000,16454,48.492325773,-4.503902885,129.3404
329080000,16455,48.4923256018,-4.5039025708,129.3404
329100000,16456,48.4923254306,-4.5039022565,129.3404
329120000,16457,48.4923252594,-4.5039019423,129.3404
329140000,16458,48.4923250882,-4.503901628,129.3404
329160000,16459,48.4923249169,-4.5039013138,129.3404
329180000,16460,48.4923247457,-4.5039009996,129.3404
329200000,16461,48.4923245745,-4.5039006853,129.3404
329220000,16462,48.4923244033,-4.5039003711,129.3404
329240000,16463,48.4923242321,-4.5039000568,129.3404
329260000,16464,48.4923240609,-4.5038997426,129.3404
329280000,16465,48.4923238897,-4.5038994284,129.3404
329300000,16466,48.4923237185,-4.5038991141,129.3404
329320000,16467,48.4923235473,-4.5038987999,129.3404
329340000,16468,48.4923233761,-4.5038984857,129.3404
329360000,16469,48.4923232049,-4.5038981714,129.3404
329380000,16470,48.4923230337,-4.5038978572,129.3404
329400000,16471,48.4923228625,-4.5038975429,129.3404
329420000,16472,48.4923226913,-4.5038972287,129.3404
329440000,16473,48.4923225201,-4.5038969145,129.3404
329460000,16474,48.4923223489,-4.5038966002,129.3404
329480000,16475,48.4923221777,-4.503896286,129.3404
329500000,16476,48.4923220065,-4.5038959717,129.3404
329520000,16477,48.4923218353,-4.5038956575,129.3404
329540000,16478,48.4923216641,-4.5038953433,129.3404
329560000,16479,48.4923214929,-4.503895029,129.3404
329580000,16480,48.4923213217,-4.5038947148,129.3404
329600000,16481,48.4923211505,-4.5038944005,129.3404
329620000,16482,48.4923209792,-4.5038940863,129.3404
329640000,16483,48.492320808,-4.5038937721,129.3404
329660000,16484,48.4923206368,-4.5038934578,129.3404
329680000,16485,48.4923204656,-4.5038931436,129.3404
329700000,16486,48.4923202944,-4.5038928293,129.3404
329720000,16487,48.4923201232,-4.5038925151,129.3404
329740000,16488,48.492319952,-4.5038922009,129.3404
329760000,16489,48.4923197808,-4.5038918866,129.3404
329780000,16490,48.4923196096,-4.5038915724,129.3404
329800000,16491,48.4923194384,-4.5038912582,129.3404
329820000,16492,48.4923192672,-4.5038909439,129.3404
329840000,16493,48.492319096,-4.5038906297,129.3404
329860000,16494,48.4923189248,-4.5038903154,129.3404
329880000,16495,48.4923187536,-4.5038900012,129.3404
329900000,16496,48.4923185824,-4.503889687,129.3404
329920000,16497,48.4923184112,-4.5038893727,129.3404
329940000,16498,48.49231824,-4.5038890585,129.3404
329960000,16499,48.4923180688,-4.5038887442,129.3404
329980000,16500,48.4923178976,-4.50388843,129.3404
330000000,16501,48.4923177264,-4.5038881158,129.3404
330020000,16502,48.4923175552,-4.5038878015,129.3404
330040000,16503,48.492317384,-4.5038874873,129.3404
330060000,16504,48.4923172127,-4.503887173,129.3404
330080000,16505,48.4923170415,-4.5038868588,129.3404
330100000,16506,48.4923168703,-4.5038865446,129.3404
330120000,16507,48.4923166991,-4.5038862303,129.3404
330140000,16508,48.4923165279,-4.5038859161,129.3404
330160000,16509,48.4923163567,-4.5038856019,129.3404
330180000,16510,48.4923161855,-4.5038852876,129.3404
330200000,16511,48.4923160143,-4.5038849734,129.3404
330220000,16512,48.4923158431,-4.5038846591,129.3404
330240000,16513,48.4923156719,-4.5038843449,129.3404
330260000,16514,48.4923155007,-4.5038840307,129.3404
330280000,16515,48.4923153295,-4.5038837164,129.3404
330300000,16516,48.4923151583,-4.5038834022,129.3404
330320000,16517,48.4923149871,-4.5038830879,129.3404
330340000,16518,48.4923148159,-4.5038827737,129.3404
330360000,16519,48.4923146447,-4.5038824595,129.3404
330380000,16520,48.4923144735,-4.5038821452,129.3404
330400000,16521,48.4923143023,-4.503881831,129.3404
330420000,16522,48.4923141311,-4.5038815167,129.3404
330440000,16523,48.4923139599,-4.5038812025,129.3404
330460000,16524,48.4923137887,-4.5038808883,129.3404
330480000,16525,48.4923136175,-4.503880574,129.3404
330500000,16526,48.4923134462,-4.5038802598,129.3404
330520000,16527,48.492313275,-4.5038799455,129.3404
330540000,16528,48.4923131038,-4.5038796313,129.3404
330560000,16529,48.4923129326,-4.5038793171,129.3404
330580000,16530,48.4923127614,-4.5038790028,129.3404
330600000,16531,48.4923125902,-4.5038786886,129.3404
330620000,16532,48.492312419,-4.5038783744,129.3404
330640000,16533,48.4923122478,-4.5038780601,129.3404
330660000,16534,48.4923120766,-4.5038777459,129.3404
330680000,16535,48.4923119054,-4.5038774316,129.3404
330700000,16536,48.4923117342,-4.5038771174,129.3404
330720000,16537,48.492311563,-4.5038768032,129.3404
330740000,16538,48.4923113918,-4.5038764889,129.3404
330760000,16539,48.4923112206,-4.5038761747,129.3404
330780000,16540,48.4923110494,-4.5038758604,129.3404
330800000,16541,48.4923108782,-4.5038755462,129.3404
330820000,16542,48.492310707,-4.503875232,129.3404
330840000,16543,48.4923105358,-4.5038749177,129.3404
330860000,16544,48.4923103646,-4.5038746035,129.3404
330880000,16545,48.4923101934,-4.5038742892,129.3404
330900000,16546,48.4923100222,-4.503873975,129.3404
330920000,16547,48.4923098509,-4.5038736608,129.3404
330940000,16548,48.4923096797,-4.5038733465,129.3404
330960000,16549,48.4923095085,-4.5038730323,129.3404
330980000,16550,48.4923093373,-4.5038727181,129.3404
331000000,16551,48.4923091661,-4.5038724038,129.3404
331020000,16552,48.4923089949,-4.5038720896,129.3404
331040000,16553,48.4923088237,-4.5038717753,129.3404
331060000,16554,48.4923086525,-4.5038714611,129.3404
331080000,16555,48.4923084813,-4.5038711469,129.3404
331100000,16556,48.4923083101,-4.5038708326,129.3404
331120000,16557,48.4923081389,-4.5038705184,129.3404
331140000,16558,48.4923079677,-4.5038702041,129.3404
331160000,16559,48.4923077965,-4.5038698899,129.3404
331180000,16560,48.4923076253,-4.5038695757,129.3404
331200000,16561,48.4923074541,-4.5038692614,129.3404
331220000,16562,48.4923072829,-4.5038689472,129.3404
331240000,16563,48.4923071117,-4.5038686329,129.3404
331260000,16564,48.4923069405,-4.5038683187,129.3404
331280000,16565,48.4923067693,-4.5038680045,129.3404
331300000,16566,48.4923065981,-4.5038676902,129.3404
331320000,16567,48.4923064269,-4.503867376,129.3404
331340000,16568,48.4923062557,-4.5038670618,129.3404
331360000,16569,48.4923060844,-4.5038667475,129.3404
331380000,16570,48.4923059132,-4.5038664333,129.3404
331400000,16571,48.492305742,-4.503866119,129.3404
331420000,16572,48.4923055708,-4.5038658048,129.3404
331440000,16573,48.4923053996,-4.5038654906,129.3404
331460000,16574,48.4923052284,-4.5038651763,129.3404
331480000,16575,48.4923050572,-4.5038648621,129.3404
331500000,16576,48.492304886,-4.5038645478,129.3404
331520000,16577,48.4923047148,-4.5038642336,129.3404
331540000,16578,48.4923045436,-4.5038639194,129.3404
331560000,16579,48.4923043724,-4.5038636051,129.3404
331580000,16580,48.4923042012,-4.5038632909,129.3404
331600000,16581,48.49230403,-4.5038629766,129.3404
331620000,16582,48.4923038588,-4.5038626624,129.3404
331640000,16583,48.4923036876,-4.5038623482,129.3404
331660000,16584,48.4923035164,-4.5038620339,129.3404
331680000,16585,48.4923033452,-4.5038617197,129.3404
331700000,16586,48.492303174,-4.5038614055,129.3404
331720000,16587,48.4923030028,-4.5038610912,129.3404
331740000,16588,48.4923028316,-4.503860777,129.3404
331760000,16589,48.4923026604,-4.5038604627,129.3404
331780000,16590,48.4923024892,-4.5038601485,129.3404
331800000,16591,48.4923023179,-4.5038598343,129.3404
331820000,16592,48.4923021467,-4.50385952,129.3404
331840000,16593,48.4923019755,-4.5038592058,129.3404
331860000,16594,48.4923018043,-4.5038588915,129.3404
331880000,16595,48.4923016331,-4.5038585773,129.3404
331900000,16596,48.4923014619,-4.5038582631,129.3404
331920000,16597,48.4923012907,-4.5038579488,129.3404
331940000,16598,48.4923011195,-4.5038576346,129.3404
331960000,16599,48.4923009483,-4.5038573204,129.3404
331980000,16600,48.4923007771,-4.5038570061,129.3404
332000000,16601,48.4923006059,-4.5038566919,129.3404
332020000,16602,48.4923004347,-4.5038563776,129.3404
332040000,16603,48.4923002635,-4.5038560634,129.3404
332060000,16604,48.4923000923,-4.5038557492,129.3404
332080000,16605,48.4922999211,-4.5038554349,129.3404
332100000,16606,48.4922997499,-4.5038551207,129.3404
332120000,16607,48.4922995787,-4.5038548064,129.3404
332140000,16608,48.4922994075,-4.5038544922,129.3404
332160000,16609,48.4922992363,-4.503854178,129.3404
332180000,16610,48.4922990651,-4.5038538637,129.3404
332200000,16611,48.4922988939,-4.5038535495,129.3404
332220000,16612,48.4922987226,-4.5038532352,129.3404
332240000,16613,48.4922985514,-4.503852921,129.3404
332260000,16614,48.4922983802,-4.5038526068,129.3404
332280000,16615,48.492298209,-4.5038522925,129.3404
332300000,16616,48.4922980378,-4.5038519783,129.3404
332320000,16617,48.4922978666,-4.5038516641,129.3404
332340000,16618,48.4922976954,-4.5038513498,129.3404
332360000,16619,48.4922975242,-4.5038510356,129.3404
332380000,16620,48.492297353,-4.5038507213,129.3404
332400000,16621,48.4922971818,-4.5038504071,129.3404
332420000,16622,48.4922970106,-4.5038500929,129.3404
332440000,16623,48.4922968394,-4.5038497786,129.3404
332460000,16624,48.4922966682,-4.5038494644,129.3404
332480000,16625,48.492296497,-4.5038491501,129.3404
332500000,16626,48.4922963258,-4.5038488359,129.3404
332520000,16627,48.4922961546,-4.5038485217,129.3404
332540000,16628,48.4922959834,-4.5038482074,129.3404
332560000,16629,48.4922958122,-4.5038478932,129.3404
332580000,16630,48.492295641,-4.5038475789,129.3404
332600000,16631,48.4922954698,-4.5038472647,129.3404
332620000,16632,48.4922952986,-4.5038469505,129.3404
332640000,16633,48.4922951274,-4.5038466362,129.3404
332660000,16634,48.4922949561,-4.503846322,129.3404
332680000,16635,48.4922947849,-4.5038460078,129.3404
332700000,16636,48.4922946137,-4.5038456935,129.3404
332720000,16637,48.4922944425,-4.5038453793,129.3404
332740000,16638,48.4922942713,-4.503845065,129.3404
332760000,16639,48.4922941001,-4.5038447508,129.3404
332780000,16640,48.4922939289,-4.5038444366,129.3404
332800000,16641,48.4922937577,-4.5038441223,129.3404
332820000,16642,48.4922935865,-4.5038438081,129.3404
332840000,16643,48.4922934153,-4.5038434938,129.3404
332860000,16644,48.4922932441,-4.5038431796,129.3404
332880000,16645,48.4922930729,-4.5038428654,129.3404
332900000,16646,48.4922929017,-4.5038425511,129.3404
332920000,16647,48.4922927305,-4.5038422369,129.3404
332940000,16648,48.4922925593,-4.5038419227,129.3404
332960000,16649,48.4922923881,-4.5038416084,129.3404
332980000,16650,48.4922922169,-4.5038412942,129.3404
333000000,16651,48.4922920457,-4.5038409799,129.3404
333020000,16652,48.4922918745,-4.5038406657,129.3404
333040000,16653,48.4922917033,-4.5038403515,129.3404
333060000,16654,48.4922915321,-4.5038400372,129.3404
333080000,16655,48.4922913608,-4.503839723,129.3404
333100000,16656,48.4922911896,-4.5038394087,129.3404
333120000,16657,48.4922910184,-4.5038390945,129.3404
333140000,16658,48.4922908472,-4.5038387803,129.3404
333160000,16659,48.492290676,-4.503838466,129.3404
333180000,16660,48.4922905048,-4.5038381518,129.3404
333200000,16661,48.4922903336,-4.5038378375,129.3404
333220000,16662,48.4922901624,-4.5038375233,129.3404
333240000,16663,48.4922899912,-4.5038372091,129.3404
333260000,16664,48.49228982,-4.5038368948,129.3404
333280000,16665,48.4922896488,-4.5038365806,129.3404
333300000,16666,48.4922894776,-4.5038362664,129.3404
333320000,16667,48.4922893064,-4.5038359521,129.3404
333340000,16668,48.4922891352,-4.5038356379,129.3404
333360000,16669,48.492288964,-4.5038353236,129.3404
333380000,16670,48.4922887928,-4.5038350094,129.3404
333400000,16671,48.4922886216,-4.5038346952,129.3404
333420000,16672,48.4922884504,-4.5038343809,129.3404
333440000,16673,48.4922882792,-4.5038340667,129.3404
333460000,16674,48.492288108,-4.5038337524,129.3404
333480000,16675,48.4922879368,-4.5038334382,129.3404
333500000,16676,48.4922877656,-4.503833124,129.3404
333520000,16677,48.4922875943,-4.5038328097,129.3404
333540000,16678,48.4922874231,-4.5038324955,129.3404
333560000,16679,48.4922872519,-4.5038321813,129.3404
333580000,16680,48.4922870807,-4.503831867,129.3404
333600000,16681,48.4922869095,-4.5038315528,129.3404
333620000,16682,48.4922867383,-4.5038312385,129.3404
333640000,16683,48.4922865671,-4.5038309243,129.3404
333660000,16684,48.4922863959,-4.5038306101,129.3404
333680000,16685,48.4922862247,-4.5038302958,129.3404
333700000,16686,48.4922860535,-4.5038299816,129.3404
333720000,16687,48.4922858823,-4.5038296673,129.3404
333740000,16688,48.4922857111,-4.5038293531,129.3404
333760000,16689,48.4922855399,-4.5038290389,129.3404
333780000,16690,48.4922853687,-4.5038287246,129.3404
333800000,16691,48.4922851975,-4.5038284104,129.3404
333820000,16692,48.4922850263,-4.5038280962,129.3404
333840000,16693,48.4922848551,-4.5038277819,129.3404
333860000,16694,48.4922846839,-4.5038274677,129.3404
333880000,16695,48.4922845127,-4.5038271534,129.3404
333900000,16696,48.4922843415,-4.5038268392,129.3404
333920000,16697,48.4922841703,-4.503826525,129.3404
333940000,16698,48.492283999,-4.5038262107,129.3404
333960000,16699,48.4922838278,-4.5038258965,129.3404
333980000,16700,48.4922836566,-4.5038255822,129.3404
334000000,16701,48.4922834854,-4.503825268,129.3404
334020000,16702,48.4922833142,-4.5038249538,129.3404
334040000,16703,48.492283143,-4.5038246395,129.3404
334060000,16704,48.4922829718,-4.5038243253,129.3404
334080000,16705,48.4922828006,-4.5038240111,129.3404
334100000,16706,48.4922826294,-4.5038236968,129.3404
334120000,16707,48.4922824582,-4.5038233826,129.3404
334140000,16708,48.492282287,-4.5038230683,129.3404
334160000,16709,48.4922821158,-4.5038227541,129.3404
334180000,16710,48.4922819446,-4.5038224399,129.3404
334200000,16711,48.4922817734,-4.5038221256,129.3404
334220000,16712,48.4922816022,-4.5038218114,129.3404
334240000,16713,48.492281431,-4.5038214971,129.3404
334260000,16714,48.4922812598,-4.5038211829,129.3404
334280000,16715,48.4922810886,-4.5038208687,129.3404
334300000,16716,48.4922809174,-4.5038205544,129.3404
334320000,16717,48.4922807462,-4.5038202402,129.3404
334340000,16718,48.492280575,-4.5038199259,129.3404
334360000,16719,48.4922804037,-4.5038196117,129.3404
334380000,16720,48.4922802325,-4.5038192975,129.3404
334400000,16721,48.4922800613,-4.5038189832,129.3404
334420000,16722,48.4922798901,-4.503818669,129.3404
334440000,16723,48.4922797189,-4.5038183548,129.3404
334460000,16724,48.4922795477,-4.5038180405,129.3404
334480000,16725,48.4922793765,-4.5038177263,129.3404
334500000,16726,48.4922792053,-4.503817412,129.3404
334520000,16727,48.4922790341,-4.5038170978,129.3404
334540000,16728,48.4922788629,-4.5038167836,129.3404
334560000,16729,48.4922786917,-4.5038164693,129.3404
334580000,16730,48.4922785205,-4.5038161551,129.3404
334600000,16731,48.4922783493,-4.5038158408,129.3404
334620000,16732,48.4922781781,-4.5038155266,129.3404
334640000,16733,48.4922780069,-4.5038152124,129.3404
334660000,16734,48.4922778357,-4.5038148981,129.3404
334680000,16735,48.4922776645,-4.5038145839,129.3404
334700000,16736,48.4922774933,-4.5038142697,129.3404
334720000,16737,48.4922773221,-4.5038139554,129.3404
334740000,16738,48.4922771509,-4.5038136412,129.3404
334760000,16739,48.4922769797,-4.5038133269,129.3404
334780000,16740,48.4922768084,-4.5038130127,129.3404
334800000,16741,48.4922766372,-4.5038126985,129.3404
334820000,16742,48.492276466,-4.5038123842,129.3404
334840000,16743,48.4922762948,-4.50381207,129.3404
334860000,16744,48.4922761236,-4.5038117557,129.3404
334880000,16745,48.4922759524,-4.5038114415,129.3404
334900000,16746,48.4922757812,-4.5038111273,129.3404
334920000,16747,48.49227561,-4.503810813,129.3404
334940000,16748,48.4922754388,-4.5038104988,129.3404
334960000,16749,48.4922752676,-4.5038101846,129.3404
334980000,16750,48.4922750964,-4.5038098703,129.3404
335000000,16751,48.4922749252,-4.5038095561,129.3404
335020000,16752,48.492274754,-4.5038092418,129.3404
335040000,16753,48.4922745828,-4.5038089276,129.3404
335060000,16754,48.4922744116,-4.5038086134,129.3404
335080000,16755,48.4922742404,-4.5038082991,129.3404
335100000,16756,48.4922740692,-4.5038079849,129.3404
335120000,16757,48.492273898,-4.5038076706,129.3404
335140000,16758,48.4922737268,-4.5038073564,129.3404
335160000,16759,48.4922735556,-4.5038070422,129.3404
335180000,16760,48.4922733844,-4.5038067279,129.3404
335200000,16761,48.4922732131,-4.5038064137,129.3404
335220000,16762,48.4922730419,-4.5038060995,129.3404
335240000,16763,48.4922728707,-4.5038057852,129.3404
335260000,16764,48.4922726995,-4.503805471,129.3404
335280000,16765,48.4922725283,-4.5038051567,129.3404
335300000,16766,48.4922723571,-4.5038048425,129.3404
335320000,16767,48.4922721859,-4.5038045283,129.3404
335340000,16768,48.4922720147,-4.503804214,129.3404
335360000,16769,48.4922718435,-4.5038038998,129.3404
335380000,16770,48.4922716723,-4.5038035855,129.3404
335400000,16771,48.4922715011,-4.5038032713,129.3404
335420000,16772,48.4922713299,-4.5038029571,129.3404
335440000,16773,48.4922711587,-4.5038026428,129.3404
335460000,16774,48.4922709875,-4.5038023286,129.3404
335480000,16775,48.4922708163,-4.5038020144,129.3404
335500000,16776,48.4922706451,-4.5038017001,129.3404
335520000,16777,48.4922704739,-4.5038013859,129.3404
335540000,16778,48.4922703027,-4.5038010716,129.3404
335560000,16779,48.4922701315,-4.5038007574,129.3404
335580000,16780,48.4922699603,-4.5038004432,129.3404
335600000,16781,48.4922697891,-4.5038001289,129.3404
335620000,16782,48.4922696178,-4.5037998147,129.3404
335640000,16783,48.4922694466,-4.5037995004,129.3404
335660000,16784,48.4922692754,-4.5037991862,129.3404
335680000,16785,48.4922691042,-4.503798872,129.3404
335700000,16786,48.492268933,-4.5037985577,129.3404
335720000,16787,48.4922687618,-4.5037982435,129.3404
335740000,16788,48.4922685906,-4.5037979293,129.3404
335760000,16789,48.4922684194,-4.503797615,129.3404
335780000,16790,48.4922682482,-4.5037973008,129.3404
335800000,16791,48.492268077,-4.5037969865,129.3404
335820000,16792,48.4922679058,-4.5037966723,129.3404
335840000,16793,48.4922677346,-4.5037963581,129.3404
335860000,16794,48.4922675634,-4.5037960438,129.3404
335880000,16795,48.4922673922,-4.5037957296,129.3404
335900000,16796,48.492267221,-4.5037954153,129.3404
335920000,16797,48.4922670498,-4.5037951011,129.3404
335940000,16798,48.4922668786,-4.5037947869,129.3404
335960000,16799,48.4922667074,-4.5037944726,129.3404
335980000,16800,48.4922665362,-4.5037941584,129.3404
336000000,16801,48.492266365,-4.5037938442,129.3404
336020000,16802,48.4922661938,-4.5037935299,129.3404
336040000,16803,48.4922660225,-4.5037932157,129.3404
336060000,16804,48.4922658513,-4.5037929014,129.3404
336080000,16805,48.4922656801,-4.5037925872,129.3404
336100000,16806,48.4922655089,-4.503792273,129.3404
336120000,16807,48.4922653377,-4.5037919587,129.3404
336140000,16808,48.4922651665,-4.5037916445,129.3404
336160000,16809,48.4922649953,-4.5037913303,129.3404
336180000,16810,48.4922648241,-4.503791016,129.3404
336200000,16811,48.4922646529,-4.5037907018,129.3404
336220000,16812,48.4922644817,-4.5037903875,129.3404
336240000,16813,48.4922643105,-4.5037900733,129.3404
336260000,16814,48.4922641393,-4.5037897591,129.3404
336280000,16815,48.4922639681,-4.5037894448,129.3404
336300000,16816,48.4922637969,-4.5037891306,129.3404
336320000,16817,48.4922636257,-4.5037888163,129.3404
336340000,16818,48.4922634545,-4.5037885021,129.3404
336360000,16819,48.4922632833,-4.5037881879,129.3404
336380000,16820,48.4922631121,-4.5037878736,129.3404
336400000,16821,48.4922629409,-4.5037875594,129.3404
336420000,16822,48.4922627697,-4.5037872452,129.3404
336440000,16823,48.4922625985,-4.5037869309,129.3404
336460000,16824,48.4922624272,-4.5037866167,129.3404
336480000,16825,48.492262256,-4.5037863024,129.3404
336500000,16826,48.4922620848,-4.5037859882,129.3404
336520000,16827,48.4922619136,-4.503785674,129.3404
336540000,16828,48.4922617424,-4.5037853597,129.3404
336560000,16829,48.4922615712,-4.5037850455,129.3404
336580000,16830,48.4922614,-4.5037847312,129.3404
336600000,16831,48.4922612288,-4.503784417,129.3404
336620000,16832,48.4922610576,-4.5037841028,129.3404
336640000,16833,48.4922608864,-4.5037837885,129.3404
336660000,16834,48.4922607152,-4.5037834743,129.3404
336680000,16835,48.492260544,-4.5037831601,129.3404
336700000,16836,48.4922603728,-4.5037828458,129.3404
336720000,16837,48.4922602016,-4.5037825316,129.3404
336740000,16838,48.4922600304,-4.5037822173,129.3404
336760000,16839,48.4922598592,-4.5037819031,129.3404
336780000,16840,48.492259688,-4.5037815889,129.3404
336800000,16841,48.4922595168,-4.5037812746,129.3404
336820000,16842,48.4922593456,-4.5037809604,129.3404
336840000,16843,48.4922591744,-4.5037806461,129.3404
336860000,16844,48.4922590031,-4.5037803319,129.3404
336880000,16845,48.4922588319,-4.5037800177,129.3404
336900000,16846,48.4922586607,-4.5037797034,129.3404
336920000,16847,48.4922584895,-4.5037793892,129.3404
336940000,16848,48.4922583183,-4.503779075,129.3404
336960000,16849,48.4922581471,-4.5037787607,129.3404
336980000,16850,48.4922579759,-4.5037784465,129.3404
337000000,16851,48.4922578047,-4.5037781322,129.3404
337020000,16852,48.4922576335,-4.503777818,129.3404
337040000,16853,48.4922574623,-4.5037775038,129.3404
337060000,16854,48.4922572911,-4.5037771895,129.3404
337080000,16855,48.4922571199,-4.5037768753,129.3404
337100000,16856,48.4922569487,-4.5037765611,129.3404
337120000,16857,48.4922567775,-4.5037762468,129.3404
337140000,16858,48.4922566063,-4.5037759326,129.3404
337160000,16859,48.4922564351,-4.5037756183,129.3404
337180000,16860,48.4922562639,-4.5037753041,129.3404
337200000,16861,48.4922560927,-4.5037749899,129.3404
337220000,16862,48.4922559215,-4.5037746756,129.3404
337240000,16863,48.4922557503,-4.5037743614,129.3404
337260000,16864,48.4922555791,-4.5037740471,129.3404
337280000,16865,48.4922554078,-4.5037737329,129.3404
337300000,16866,48.4922552366,-4.5037734187,129.3404
337320000,16867,48.4922550654,-4.5037731044,129.3404
337340000,16868,48.4922548942,-4.5037727902,129.3404
337360000,16869,48.492254723,-4.503772476,129.3404
337380000,16870,48.4922545518,-4.5037721617,129.3404
337400000,16871,48.4922543806,-4.5037718475,129.3404
337420000,16872,48.4922542094,-4.5037715332,129.3404
337440000,16873,48.4922540382,-4.503771219,129.3404
337460000,16874,48.492253867,-4.5037709048,129.3404
337480000,16875,48.4922536958,-4.5037705905,129.3404
337500000,16876,48.4922535246,-4.5037702763,129.3404
337520000,16877,48.4922533534,-4.503769962,129.3404
337540000,16878,48.4922531822,-4.5037696478,129.3404
337560000,16879,48.492253011,-4.5037693336,129.3404
337580000,16880,48.4922528398,-4.5037690193,129.3404
337600000,16881,48.4922526686,-4.5037687051,129.3404
337620000,16882,48.4922524974,-4.5037683909,129.3404
337640000,16883,48.4922523262,-4.5037680766,129.3404
337660000,16884,48.492252155,-4.5037677624,129.3404
337680000,16885,48.4922519838,-4.5037674481,129.3404
337700000,16886,48.4922518125,-4.5037671339,129.3404
337720000,16887,48.4922516413,-4.5037668197,129.3404
337740000,16888,48.4922514701,-4.5037665054,129.3404
337760000,16889,48.4922512989,-4.5037661912,129.3404
337780000,16890,48.4922511277,-4.503765877,129.3404
337800000,16891,48.4922509565,-4.5037655627,129.3404
337820000,16892,48.4922507853,-4.5037652485,129.3404
337840000,16893,48.4922506141,-4.5037649342,129.3404
337860000,16894,48.4922504429,-4.50376462,129.3404
337880000,16895,48.4922502717,-4.5037643058,129.3404
337900000,16896,48.4922501005,-4.5037639915,129.3404
337920000,16897,48.4922499293,-4.5037636773,129.3404
337940000,16898,48.4922497581,-4.503763363,129.3404
337960000,16899,48.4922495869,-4.5037630488,129.3404
337980000,16900,48.4922494157,-4.5037627346,129.3404
338000000,16901,48.4922492445,-4.5037624203,129.3404
338020000,16902,48.4922490733,-4.5037621061,129.3404
338040000,16903,48.4922489021,-4.5037617919,129.3404
338060000,16904,48.4922487309,-4.5037614776,129.3404
338080000,16905,48.4922485597,-4.5037611634,129.3404
338100000,16906,48.4922483884,-4.5037608491,129.3404
338120000,16907,48.4922482172,-4.5037605349,129.3404
338140000,16908,48.492248046,-4.5037602207,129.3404
338160000,16909,48.4922478748,-4.5037599064,129.3404
338180000,16910,48.4922477036,-4.5037595922,129.3404
338200000,16911,48.4922475324,-4.5037592779,129.3404
338220000,16912,48.4922473612,-4.5037589637,129.3404
338240000,16913,48.49224719,-4.5037586495,129.3404
338260000,16914,48.4922470188,-4.5037583352,129.3404
338280000,16915,48.4922468476,-4.503758021,129.3404
338300000,16916,48.4922466764,-4.5037577068,129.3404
338320000,16917,48.4922465052,-4.5037573925,129.3404
338340000,16918,48.492246334,-4.5037570783,129.3404
338360000,16919,48.4922461628,-4.503756764,129.3404
338380000,16920,48.4922459916,-4.5037564498,129.3404
338400000,16921,48.4922458204,-4.5037561356,129.3404
338420000,16922,48.4922456492,-4.5037558213,129.3404
338440000,16923,48.492245478,-4.5037555071,129.3404
338460000,16924,48.4922453068,-4.5037551929,129.3404
338480000,16925,48.4922451356,-4.5037548786,129.3404
338500000,16926,48.4922449644,-4.5037545644,129.3404
338520000,16927,48.4922447931,-4.5037542501,129.3404
338540000,16928,48.4922446219,-4.5037539359,129.3404
338560000,16929,48.4922444507,-4.5037536217,129.3404
338580000,16930,48.4922442795,-4.5037533074,129.3404
338600000,16931,48.4922441083,-4.5037529932,129.3404
338620000,16932,48.4922439371,-4.5037526789,129.3404
338640000,16933,48.4922437659,-4.5037523647,129.3404
338660000,16934,48.4922435947,-4.5037520505,129.3404
338680000,16935,48.4922434235,-4.5037517362,129.3404
338700000,16936,48.4922432523,-4.503751422,129.3404
338720000,16937,48.4922430811,-4.5037511078,129.3404
338740000,16938,48.4922429099,-4.5037507935,129.3404
338760000,16939,48.4922427387,-4.5037504793,129.3404
338780000,16940,48.4922425675,-4.503750165,129.3404
338800000,16941,48.4922423963,-4.5037498508,129.3404
338820000,16942,48.4922422251,-4.5037495366,129.3404
338840000,16943,48.4922420539,-4.5037492223,129.3404
338860000,16944,48.4922418827,-4.5037489081,129.3404
338880000,16945,48.4922417115,-4.5037485939,129.3404
338900000,16946,48.4922415403,-4.5037482796,129.3404
338920000,16947,48.492241369,-4.5037479654,129.3404
338940000,16948,48.4922411978,-4.5037476511,129.3404
338960000,16949,48.4922410266,-4.5037473369,129.3404
338980000,16950,48.4922408554,-4.5037470227,129.3404
339000000,16951,48.4922406842,-4.5037467084,129.3404
339020000,16952,48.492240513,-4.5037463942,129.3404
339040000,16953,48.4922403418,-4.5037460799,129.3404
339060000,16954,48.4922401706,-4.5037457657,129.3404
339080000,16955,48.4922399994,-4.5037454515,129.3404
339100000,16956,48.4922398282,-4.5037451372,129.3404
339120000,16957,48.492239657,-4.503744823,129.3404
339140000,16958,48.4922394858,-4.5037445088,129.3404
339160000,16959,48.4922393146,-4.5037441945,129.3404
339180000,16960,48.4922391434,-4.5037438803,129.3404
339200000,16961,48.4922389722,-4.503743566,129.3404
339220000,16962,48.492238801,-4.5037432518,129.3404
339240000,16963,48.4922386298,-4.5037429376,129.3404
339260000,16964,48.4922384586,-4.5037426233,129.3404
339280000,16965,48.4922382874,-4.5037423091,129.3404
339300000,16966,48.4922381162,-4.5037419949,129.3404
339320000,16967,48.4922379449,-4.5037416806,129.3404
339340000,16968,48.4922377737,-4.5037413664,129.3404
339360000,16969,48.4922376025,-4.5037410521,129.3404
339380000,16970,48.4922374313,-4.5037407379,129.3404
339400000,16971,48.4922372601,-4.5037404237,129.3404
339420000,16972,48.4922370889,-4.5037401094,129.3404
339440000,16973,48.4922369177,-4.5037397952,129.3404
339460000,16974,48.4922367465,-4.503739481,129.3404
339480000,16975,48.4922365753,-4.5037391667,129.3404
339500000,16976,48.4922364041,-4.5037388525,129.3404
339520000,16977,48.4922362329,-4.5037385382,129.3404
339540000,16978,48.4922360617,-4.503738224,129.3404
339560000,16979,48.4922358905,-4.5037379098,129.3404
339580000,16980,48.4922357193,-4.5037375955,129.3404
339600000,16981,48.4922355481,-4.5037372813,129.3404
339620000,16982,48.4922353769,-4.503736967,129.3404
339640000,16983,48.4922352057,-4.5037366528,129.3404
339660000,16984,48.4922350345,-4.5037363386,129.3404
339680000,16985,48.4922348633,-4.5037360243,129.3404
339700000,16986,48.4922346921,-4.5037357101,129.3404
339720000,16987,48.4922345208,-4.5037353959,129.3404
339740000,16988,48.4922343496,-4.5037350816,129.3404
339760000,16989,48.4922341784,-4.5037347674,129.3404
339780000,16990,48.4922340072,-4.5037344531,129.3404
339800000,16991,48.492233836,-4.5037341389,129.3404
339820000,16992,48.4922336648,-4.5037338247,129.3404
339840000,16993,48.4922334936,-4.5037335104,129.3404
339860000,16994,48.4922333224,-4.5037331962,129.3404
339880000,16995,48.4922331512,-4.503732882,129.3404
339900000,16996,48.49223298,-4.5037325677,129.3404
339920000,16997,48.4922328088,-4.5037322535,129.3404
339940000,16998,48.4922326376,-4.5037319392,129.3404
339960000,16999,48.4922324664,-4.503731625,129.3404
339980000,17000,48.4922322952,-4.5037313108,129.3404
340000000,17001,48.492232124,-4.5037309965,129.3404
340020000,17002,48.4922319528,-4.5037306823,129.3404
340040000,17003,48.4922317816,-4.5037303681,129.3404
340060000,17004,48.4922316104,-4.5037300538,129.3404
340080000,17005,48.4922314392,-4.5037297396,129.3404
340100000,17006,48.492231268,-4.5037294253,129.3404
340120000,17007,48.4922310967,-4.5037291111,129.3404
340140000,17008,48.4922309255,-4.5037287969,129.3404
340160000,17009,48.4922307543,-4.5037284826,129.3404
340180000,17010,48.4922305831,-4.5037281684,129.3404
340200000,17011,48.4922304119,-4.5037278541,129.3404
340220000,17012,48.4922302407,-4.5037275399,129.3404
340240000,17013,48.4922300695,-4.5037272257,129.3404
340260000,17014,48.4922298983,-4.5037269114,129.3404
340280000,17015,48.4922297271,-4.5037265972,129.3404
340300000,17016,48.4922295559,-4.503726283,129.3404
340320000,17017,48.4922293847,-4.5037259687,129.3404
340340000,17018,48.4922292135,-4.5037256545,129.3404
340360000,17019,48.4922290423,-4.5037253402,129.3404
340380000,17020,48.4922288711,-4.503725026,129.3404
340400000,17021,48.4922286999,-4.5037247118,129.3404
340420000,17022,48.4922285287,-4.5037243975,129.3404
340440000,17023,48.4922283575,-4.5037240833,129.3404
340460000,17024,48.4922281863,-4.5037237691,129.3404
340480000,17025,48.4922280151,-4.5037234548,129.3404
340500000,17026,48.4922278439,-4.5037231406,129.3404
340520000,17027,48.4922276726,-4.5037228263,129.3404
340540000,17028,48.4922275014,-4.5037225121,129.3404
340560000,17029,48.4922273302,-4.5037221979,129.3404
340580000,17030,48.492227159,-4.5037218836,129.3404
340600000,17031,48.4922269878,-4.5037215694,129.3404
340620000,17032,48.4922268166,-4.5037212552,129.3404
340640000,17033,48.4922266454,-4.5037209409,129.3404
340660000,17034,48.4922264742,-4.5037206267,129.3404
340680000,17035,48.492226303,-4.5037203124,129.3404
340700000,17036,48.4922261318,-4.5037199982,129.3404
340720000,17037,48.4922259606,-4.503719684,129.3404
340740000,17038,48.4922257894,-4.5037193697,129.3404
340760000,17039,48.4922256182,-4.5037190555,129.3404
340780000,17040,48.492225447,-4.5037187412,129.3404
340800000,17041,48.4922252758,-4.503718427,129.3404
340820000,17042,48.4922251046,-4.5037181128,129.3404
340840000,17043,48.4922249334,-4.5037177985,129.3404
340860000,17044,48.4922247622,-4.5037174843,129.3404
340880000,17045,48.492224591,-4.5037171701,129.3404
340900000,17046,48.4922244198,-4.5037168558,129.3404
340920000,17047,48.4922242485,-4.5037165416,129.3404
340940000,17048,48.4922240773,-4.5037162273,129.3404
340960000,17049,48.4922239061,-4.5037159131,129.3404
340980000,17050,48.4922237349,-4.5037155989,129.3404
341000000,17051,48.4922235637,-4.5037152846,129.3404
341020000,17052,48.4922233925,-4.5037149704,129.3404
341040000,17053,48.4922232213,-4.5037146562,129.3404
341060000,17054,48.4922230501,-4.5037143419,129.3404
341080000,17055,48.4922228789,-4.5037140277,129.3404
341100000,17056,48.4922227077,-4.5037137134,129.3404
341120000,17057,48.4922225365,-4.5037133992,129.3404
341140000,17058,48.4922223653,-4.503713085,129.3404
341160000,17059,48.4922221941,-4.5037127707,129.3404
341180000,17060,48.4922220229,-4.5037124565,129.3404
341200000,17061,48.4922218517,-4.5037121423,129.3404
341220000,17062,48.4922216805,-4.503711828,129.3404
341240000,17063,48.4922215093,-4.5037115138,129.3404
341260000,17064,48.4922213381,-4.5037111995,129.3404
341280000,17065,48.4922211669,-4.5037108853,129.3404
341300000,17066,48.4922209957,-4.5037105711,129.3404
341320000,17067,48.4922208244,-4.5037102568,129.3404
341340000,17068,48.4922206532,-4.5037099426,129.3404
341360000,17069,48.492220482,-4.5037096284,129.3404
341380000,17070,48.4922203108,-4.5037093141,129.3404
341400000,17071,48.4922201396,-4.5037089999,129.3404
341420000,17072,48.4922199684,-4.5037086856,129.3404
341440000,17073,48.4922197972,-4.5037083714,129.3404
341460000,17074,48.492219626,-4.5037080572,129.3404
341480000,17075,48.4922194548,-4.5037077429,129.3404
341500000,17076,48.4922192836,-4.5037074287,129.3404
341520000,17077,48.4922191124,-4.5037071144,129.3404
341540000,17078,48.4922189412,-4.5037068002,129.3404
341560000,17079,48.49221877,-4.503706486,129.3404
341580000,17080,48.4922185988,-4.5037061717,129.3404
341600000,17081,48.4922184276,-4.5037058575,129.3404
341620000,17082,48.4922182564,-4.5037055433,129.3404
341640000,17083,48.4922180852,-4.503705229,129.3404
341660000,17084,48.492217914,-4.5037049148,129.3404
341680000,17085,48.4922177428,-4.5037046005,129.3404
341700000,17086,48.4922175716,-4.5037042863,129.3404
341720000,17087,48.4922174003,-4.5037039721,129.3404
341740000,17088,48.4922172291,-4.5037036578,129.3404
341760000,17089,48.4922170579,-4.5037033436,129.3404
341780000,17090,48.4922168867,-4.5037030294,129.3404
341800000,17091,48.4922167155,-4.5037027151,129.3404
341820000,17092,48.4922165443,-4.5037024009,129.3404
341840000,17093,48.4922163731,-4.5037020866,129.3404
341860000,17094,48.4922162019,-4.5037017724,129.3404
341880000,17095,48.4922160307,-4.5037014582,129.3404
341900000,17096,48.4922158595,-4.5037011439,129.3404
341920000,17097,48.4922156883,-4.5037008297,129.3404
341940000,17098,48.4922155171,-4.5037005155,129.3404
341960000,17099,48.4922153459,-4.5037002012,129.3404
341980000,17100,48.4922151747,-4.503699887,129.3404
342000000,17101,48.4922150035,-4.5036995727,129.3404
342020000,17102,48.4922148323,-4.5036992585,129.3404
342040000,17103,48.4922146611,-4.5036989443,129.3404
342060000,17104,48.4922144899,-4.50369863,129.3404
342080000,17105,48.4922143187,-4.5036983158,129.3404
342100000,17106,48.4922141475,-4.5036980016,129.3404
342120000,17107,48.4922139762,-4.5036976873,129.3404
342140000,17108,48.492213805,-4.5036973731,129.3404
342160000,17109,48.4922136338,-4.5036970588,129.3404
342180000,17110,48.4922134626,-4.5036967446,129.3404
342200000,17111,48.4922132914,-4.5036964304,129.3404
342220000,17112,48.4922131202,-4.5036961161,129.3404
342240000,17113,48.492212949,-4.5036958019,129.3404
342260000,17114,48.4922127778,-4.5036954877,129.3404
342280000,17115,48.4922126066,-4.5036951734,129.3404
342300000,17116,48.4922124354,-4.5036948592,129.3404
342320000,17117,48.4922122642,-4.5036945449,129.3404
342340000,17118,48.492212093,-4.5036942307,129.3404
342360000,17119,48.4922119218,-4.5036939165,129.3404
342380000,17120,48.4922117506,-4.5036936022,129.3404
342400000,17121,48.4922115794,-4.503693288,129.3404
342420000,17122,48.4922114082,-4.5036929738,129.3404
342440000,17123,48.492211237,-4.5036926595,129.3404
342460000,17124,48.4922110658,-4.5036923453,129.3404
342480000,17125,48.4922108946,-4.503692031,129.3404
342500000,17126,48.4922107234,-4.5036917168,129.3404
342520000,17127,48.4922105521,-4.5036914026,129.3404
342540000,17128,48.4922103809,-4.5036910883,129.3404
342560000,17129,48.4922102097,-4.5036907741,129.3404
342580000,17130,48.4922100385,-4.5036904598,129.3404
342600000,17131,48.4922098673,-4.5036901456,129.3404
342620000,17132,48.4922096961,-4.5036898314,129.3404
342640000,17133,48.4922095249,-4.5036895171,129.3404
342660000,17134,48.4922093537,-4.5036892029,129.3404
342680000,17135,48.4922091825,-4.5036888887,129.3404
342700000,17136,48.4922090113,-4.5036885744,129.3404
342720000,17137,48.4922088401,-4.5036882602,129.3404
342740000,17138,48.4922086689,-4.5036879459,129.3404
342760000,17139,48.4922084977,-4.5036876317,129.3404
342780000,17140,48.4922083265,-4.5036873175,129.3404
342800000,17141,48.4922081553,-4.5036870032,129.3404
342820000,17142,48.4922079841,-4.503686689,129.3404
342840000,17143,48.4922078129,-4.5036863748,129.3404
342860000,17144,48.4922076417,-4.5036860605,129.3404
342880000,17145,48.4922074705,-4.5036857463,129.3404
342900000,17146,48.4922072992,-4.503685432,129.3404
342920000,17147,48.492207128,-4.5036851178,129.3404
342940000,17148,48.4922069568,-4.5036848036,129.3404
342960000,17149,48.4922067856,-4.5036844893,129.3404
342980000,17150,48.4922066144,-4.5036841751,129.3404
343000000,17151,48.4922064432,-4.5036838609,129.3404
343020000,17152,48.492206272,-4.5036835466,129.3404
343040000,17153,48.4922061008,-4.5036832324,129.3404
343060000,17154,48.4922059296,-4.5036829181,129.3404
343080000,17155,48.4922057584,-4.5036826039,129.3404
343100000,17156,48.4922055872,-4.5036822897,129.3404
343120000,17157,48.492205416,-4.5036819754,129.3404
343140000,17158,48.4922052448,-4.5036816612,129.3404
343160000,17159,48.4922050736,-4.503681347,129.3404
343180000,17160,48.4922049024,-4.5036810327,129.3404
343200000,17161,48.4922047312,-4.5036807185,129.3404
343220000,17162,48.49220456,-4.5036804042,129.3404
343240000,17163,48.4922043888,-4.50368009,129.3404
343260000,17164,48.4922042176,-4.5036797758,129.3404
343280000,17165,48.4922040464,-4.5036794615,129.3404
343300000,17166,48.4922038751,-4.5036791473,129.3404
343320000,17167,48.4922037039,-4.5036788331,129.3404
343340000,17168,48.4922035327,-4.5036785188,129.3404
343360000,17169,48.4922033615,-4.5036782046,129.3404
343380000,17170,48.4922031903,-4.5036778903,129.3404
343400000,17171,48.4922030191,-4.5036775761,129.3404
343420000,17172,48.4922028479,-4.5036772619,129.3404
343440000,17173,48.4922026767,-4.5036769476,129.3404
343460000,17174,48.4922025055,-4.5036766334,129.3404
343480000,17175,48.4922023343,-4.5036763192,129.3404
343500000,17176,48.4922021631,-4.5036760049,129.3404
343520000,17177,48.4922019919,-4.5036756907,129.3404
343540000,17178,48.4922018207,-4.5036753764,129.3404
343560000,17179,48.4922016495,-4.5036750622,129.3404
343580000,17180,48.4922014783,-4.503674748,129.3404
343600000,17181,48.4922013071,-4.5036744337,129.3404
343620000,17182,48.4922011359,-4.5036741195,129.3404
343640000,17183,48.4922009647,-4.5036738053,129.3404
343660000,17184,48.4922007935,-4.503673491,129.3404
343680000,17185,48.4922006222,-4.5036731768,129.3404
343700000,17186,48.492200451,-4.5036728625,129.3404
343720000,17187,48.4922002798,-4.5036725483,129.3404
343740000,17188,48.4922001086,-4.5036722341,129.3404
343760000,17189,48.4921999374,-4.5036719198,129.3404
343780000,17190,48.4921997662,-4.5036716056,129.3404
343800000,17191,48.492199595,-4.5036712914,129.3404
343820000,17192,48.4921994238,-4.5036709771,129.3404
343840000,17193,48.4921992526,-4.5036706629,129.3404
343860000,17194,48.4921990814,-4.5036703486,129.3404
343880000,17195,48.4921989102,-4.5036700344,129.3404
343900000,17196,48.492198739,-4.5036697202,129.3404
343920000,17197,48.4921985678,-4.5036694059,129.3404
343940000,17198,48.4921983966,-4.5036690917,129.3404
343960000,17199,48.4921982254,-4.5036687775,129.3404
343980000,17200,48.4921980542,-4.5036684632,129.3404
344000000,17201,48.492197883,-4.503668149,129.3404
344020000,17202,48.4921977118,-4.5036678347,129.3404
344040000,17203,48.4921975406,-4.5036675205,129.3404
344060000,17204,48.4921973694,-4.5036672063,129.3404
344080000,17205,48.4921971981,-4.503666892,129.3404
344100000,17206,48.4921970269,-4.5036665778,129.3404
344120000,17207,48.4921968557,-4.5036662636,129.3404
344140000,17208,48.4921966845,-4.5036659493,129.3404
344160000,17209,48.4921965133,-4.5036656351,129.3404
344180000,17210,48.4921963421,-4.5036653208,129.3404
344200000,17211,48.4921961709,-4.5036650066,129.3404
344220000,17212,48.4921959997,-4.5036646924,129.3404
344240000,17213,48.4921958285,-4.5036643781,129.3404
344260000,17214,48.4921956573,-4.5036640639,129.3404
344280000,17215,48.4921954861,-4.5036637497,129.3404
344300000,17216,48.4921953149,-4.5036634354,129.3404
344320000,17217,48.4921951437,-4.5036631212,129.3404
344340000,17218,48.4921949725,-4.5036628069,129.3404
344360000,17219,48.4921948013,-4.5036624927,129.3404
344380000,17220,48.4921946301,-4.5036621785,129.3404
344400000,17221,48.4921944589,-4.5036618642,129.3404
344420000,17222,48.4921942877,-4.50366155,129.3404
344440000,17223,48.4921941165,-4.5036612358,129.3404
344460000,17224,48.4921939452,-4.5036609215,129.3404
344480000,17225,48.492193774,-4.5036606073,129.3404
344500000,17226,48.4921936028,-4.503660293,129.3404
344520000,17227,48.4921934316,-4.5036599788,129.3404
344540000,17228,48.4921932604,-4.5036596646,129.3404
344560000,17229,48.4921930892,-4.5036593503,129.3404
344580000,17230,48.492192918,-4.5036590361,129.3404
344600000,17231,48.4921927468,-4.5036587219,129.3404
344620000,17232,48.4921925756,-4.5036584076,129.3404
344640000,17233,48.4921924044,-4.5036580934,129.3404
344660000,17234,48.4921922332,-4.5036577791,129.3404
344680000,17235,48.492192062,-4.5036574649,129.3404
344700000,17236,48.4921918908,-4.5036571507,129.3404
344720000,17237,48.4921917196,-4.5036568364,129.3404
344740000,17238,48.4921915484,-4.5036565222,129.3404
344760000,17239,48.4921913772,-4.503656208,129.3404
344780000,17240,48.492191206,-4.5036558937,129.3404
344800000,17241,48.4921910348,-4.5036555795,129.3404
344820000,17242,48.4921908636,-4.5036552652,129.3404
344840000,17243,48.4921906923,-4.503654951,129.3404
344860000,17244,48.4921905211,-4.5036546368,129.3404
344880000,17245,48.4921903499,-4.5036543225,129.3404
344900000,17246,48.4921901787,-4.5036540083,129.3404
344920000,17247,48.4921900075,-4.5036536941,129.3404
344940000,17248,48.4921898363,-4.5036533798,129.3404
344960000,17249,48.4921896651,-4.5036530656,129.3404
344980000,17250,48.4921894939,-4.5036527513,129.3404
345000000,17251,48.4921894939,-4.5036527513,129.3404
345020000,17252,48.4921893797,-4.5036525364,127.9614
345040000,17253,48.4921892673,-4.5036523145,126.6334
345060000,17254,48.492189157,-4.5036520858,125.3548
345080000,17255,48.4921890485,-4.5036518505,124.1238
345100000,17256,48.492188942,-4.5036516086,122.9386
345120000,17257,48.4921888374,-4.5036513603,121.7974
345140000,17258,48.4921887347,-4.5036511056,120.6984
345160000,17259,48.4921886339,-4.5036508448,119.6399
345180000,17260,48.492188535,-4.5036505777,118.6201
345200000,17261,48.492188438,-4.5036503047,117.6373
345220000,17262,48.4921883429,-4.5036500258,116.6898
345240000,17263,48.4921882497,-4.5036497411,115.776
345260000,17264,48.4921881583,-4.5036494507,114.8944
345280000,17265,48.4921880688,-4.5036491547,114.0435
345300000,17266,48.4921879811,-4.5036488532,113.2218
345320000,17267,48.4921878953,-4.5036485464,112.4279
345340000,17268,48.4921878113,-4.5036482344,111.6606
345360000,17269,48.4921877292,-4.5036479172,110.9186
345380000,17270,48.4921876489,-4.503647595,110.2006
345400000,17271,48.4921875704,-4.5036472678,109.5056
345420000,17272,48.4921874937,-4.5036469359,108.8324
345440000,17273,48.4921874188,-4.5036465992,108.1799
345460000,17274,48.4921873457,-4.503646258,107.5473
345480000,17275,48.4921872744,-4.5036459123,106.9335
345500000,17276,48.4921872048,-4.5036455622,106.3377
345520000,17277,48.4921871371,-4.5036452078,105.759
345540000,17278,48.4921870711,-4.5036448493,105.1966
345560000,17279,48.4921870069,-4.5036444867,104.6497
345580000,17280,48.4921869444,-4.5036441202,104.1176
345600000,17281,48.4921868837,-4.5036437498,103.5996
345620000,17282,48.4921868247,-4.5036433758,103.0951
345640000,17283,48.4921867675,-4.5036429981,102.6033
345660000,17284,48.4921867119,-4.5036426169,102.1237
345680000,17285,48.4921866581,-4.5036422324,101.6557
345700000,17286,48.492186606,-4.5036418445,101.1988
345720000,17287,48.4921865556,-4.5036414535,100.7524
345740000,17288,48.4921865069,-4.5036410594,100.3161
345760000,17289,48.4921864599,-4.5036406623,99.8893
345780000,17290,48.4921864145,-4.5036402625,99.4717
345800000,17291,48.4921863709,-4.5036398598,99.0627
345820000,17292,48.4921863289,-4.5036394546,98.662
345840000,17293,48.4921862885,-4.5036390468,98.2691
345860000,17294,48.4921862499,-4.5036386366,97.8838
345880000,17295,48.4921862128,-4.5036382241,97.5055
345900000,17296,48.4921861774,-4.5036378094,97.134
345920000,17297,48.4921861436,-4.5036373926,96.7689
345940000,17298,48.4921861115,-4.5036369739,96.4099
345960000,17299,48.4921860809,-4.5036365533,96.0567
345980000,17300,48.492186052,-4.5036361309,95.709
346000000,17301,48.4921860247,-4.5036357069,95.3664
346020000,17302,48.492185999,-4.5036352814,95.0288
346040000,17303,48.4921859748,-4.5036348544,94.6958
346060000,17304,48.4921859523,-4.5036344261,94.3671
346080000,17305,48.4921859313,-4.5036339966,94.0425
346100000,17306,48.4921859119,-4.503633566,93.7218
346120000,17307,48.492185894,-4.5036331344,93.4047
346140000,17308,48.4921858777,-4.5036327019,93.091
346160000,17309,48.4921858629,-4.5036322687,92.7804
346180000,17310,48.4921858497,-4.5036318347,92.4727
346200000,17311,48.492185838,-4.5036314003,92.1677
346220000,17312,48.4921858278,-4.5036309653,91.8652
346240000,17313,48.4921858191,-4.5036305301,91.5649
346260000,17314,48.492185812,-4.5036300946,91.2667
346280000,17315,48.4921858063,-4.503629659,90.9703
346300000,17316,48.4921858022,-4.5036292234,90.6755
346320000,17317,48.4921857995,-4.5036287879,90.3821
346340000,17318,48.4921857983,-4.5036283525,90.09
346360000,17319,48.4921857986,-4.5036279175,89.7989
346380000,17320,48.4921858003,-4.503627483,89.5086
346400000,17321,48.4921858035,-4.503627049,89.2189
346420000,17322,48.4921858082,-4.5036266156,88.9296
346440000,17323,48.4921858143,-4.5036261829,88.6406
346460000,17324,48.4921858218,-4.5036257512,88.3515
346480000,17325,48.4921858308,-4.5036253204,88.0622
346500000,17326,48.4921858411,-4.5036248907,87.7726
346520000,17327,48.4921858529,-4.5036244621,87.4823
346540000,17328,48.4921858662,-4.5036240349,87.1911
346560000,17329,48.4921858808,-4.5036236091,86.899
346580000,17330,48.4921858968,-4.5036231848,86.6055
346600000,17331,48.4921859141,-4.5036227621,86.3106
346620000,17332,48.4921859329,-4.5036223412,86.0139
346640000,17333,48.4921859531,-4.5036219221,85.7153
346660000,17334,48.4921859746,-4.503621505,85.4145
346680000,17335,48.4921859974,-4.5036210899,85.1112
346700000,17336,48.4921860216,-4.503620677,84.8051
346720000,17337,48.4921860472,-4.5036202664,84.4961
346740000,17338,48.4921860741,-4.5036198581,84.1839
346760000,17339,48.4921861023,-4.5036194524,83.8681
346780000,17340,48.4921861318,-4.5036190493,83.5484
346800000,17341,48.4921861627,-4.5036186489,83.2246
346820000,17342,48.4921861948,-4.5036182513,82.8963
346840000,17343,48.4921862283,-4.5036178567,82.5632
346860000,17344,48.492186263,-4.5036174651,82.2249
346880000,17345,48.4921862991,-4.5036170766,81.881
346900000,17346,48.4921863364,-4.5036166915,81.5312
346920000,17347,48.492186375,-4.5036163097,81.175
346940000,17348,48.4921864148,-4.5036159313,80.8121
346960000,17349,48.4921864559,-4.5036155566,80.4419
346980000,17350,48.4921864983,-4.5036151856,80.064
347000000,17351,48.4921865419,-4.5036148184,79.6778
347020000,17352,48.4921865867,-4.5036144551,79.2828
347040000,17353,48.4921866328,-4.5036140958,78.8785
347060000,17354,48.4921866801,-4.5036137406,78.4642
347080000,17355,48.4921867286,-4.5036133898,78.0393
347100000,17356,48.4921867783,-4.5036130432,77.603
347120000,17357,48.4921868292,-4.5036127011,77.1547
347140000,17358,48.4921868813,-4.5036123636,76.6936
347160000,17359,48.4921869346,-4.5036120308,76.2187
347180000,17360,48.492186989,-4.5036117028,75.7293
347200000,17361,48.4921870447,-4.5036113797,75.2243
347220000,17362,48.4921871015,-4.5036110616,74.7026
347240000,17363,48.4921871594,-4.5036107486,74.1633
347260000,17364,48.4921872185,-4.5036104408,73.6049
347280000,17365,48.4921872787,-4.5036101384,73.0263
347300000,17366,48.4921873401,-4.5036098414,72.4261
347320000,17367,48.4921874026,-4.5036095499,71.8027
347340000,17368,48.4921874662,-4.5036092642,71.1545
347360000,17369,48.492187531,-4.5036089842,70.4797
347380000,17370,48.4921875968,-4.5036087101,69.7764
347400000,17371,48.4921876637,-4.5036084419,69.0424
347420000,17372,48.4921877318,-4.5036081799,68.2757
347440000,17373,48.4921878009,-4.5036079241,67.4736
347460000,17374,48.4921878711,-4.5036076746,66.6336
347480000,17375,48.4921879423,-4.5036074316,65.7526
347500000,17376,48.4921880147,-4.503607195,64.8277
347520000,17377,48.492188088,-4.5036069652,63.8552
347540000,17378,48.4921881625,-4.503606742,62.8316
347560000,17379,48.4921882379,-4.5036065258,61.7528
347580000,17380,48.4921883144,-4.5036063165,60.6143
347600000,17381,48.492188392,-4.5036061143,59.4115
347620000,17382,48.4921884705,-4.5036059193,58.1391
347640000,17383,48.4921885501,-4.5036057316,56.7917
347660000,17384,48.4921886307,-4.5036055513,55.3633
347680000,17385,48.4921887122,-4.5036053785,53.8476
347700000,17386,48.4921887948,-4.5036052133,52.2378
347720000,17387,48.4921888783,-4.5036050559,50.5269
347740000,17388,48.4921889628,-4.5036049064,48.7075
347760000,17389,48.4921890483,-4.5036047648,46.7721
347780000,17390,48.4921891348,-4.5036046312,44.7132
347800000,17391,48.4921892222,-4.5036045058,42.5233
347820000,17392,48.4921893105,-4.5036043888,40.1958
347840000,17393,48.4921893998,-4.5036042801,37.7244
347860000,17394,48.49218949,-4.5036041799,35.1045
347880000,17395,48.4921895812,-4.5036040883,32.333
347900000,17396,48.4921896733,-4.5036040054,29.4094
347920000,17397,48.4921897662,-4.5036039314,26.336
347940000,17398,48.4921898601,-4.5036038663,23.1189
347960000,17399,48.4921899549,-4.5036038102,19.768
347980000,17400,48.4921900506,-4.5036037633,16.2978
348000000,17401,48.4921901471,-4.5036037257,12.7274
348020000,17402,48.4921902446,-4.5036036975,9.0797
348040000,17403,48.4921903429,-4.5036036787,5.3813
348060000,17404,48.492190442,-4.5036036695,1.6611
348080000,17405,48.492190542,-4.50360367,357.9491
348100000,17406,48.4921906429,-4.5036036804,354.275
348120000,17407,48.4921907446,-4.5036037006,350.6666
348140000,17408,48.4921908471,-4.5036037309,347.1487
348160000,17409,48.4921909505,-4.5036037713,343.7424
348180000,17410,48.4921910547,-4.503603822,340.4644
348200000,17411,48.4921911597,-4.503603883,337.3269
348220000,17412,48.4921912655,-4.5036039545,334.3377
348240000,17413,48.4921913721,-4.5036040366,331.5011
348260000,17414,48.4921914794,-4.5036041293,328.8176
348280000,17415,48.4921915876,-4.5036042329,326.2856
348300000,17416,48.4921916965,-4.5036043473,323.901
348320000,17417,48.4921918063,-4.5036044728,321.6583
348340000,17418,48.4921919167,-4.5036046093,319.551
348360000,17419,48.4921920279,-4.5036047571,317.572
348380000,17420,48.4921921399,-4.5036049163,315.7138
348400000,17421,48.4921922526,-4.5036050869,313.9688
348420000,17422,48.4921923661,-4.503605269,312.3297
348440000,17423,48.4921924802,-4.5036054628,310.7892
348460000,17424,48.4921925951,-4.5036056684,309.3404
348480000,17425,48.4921925951,-4.5036056684,309.3404
348500000,17426,48.4921927663,-4.5036059827,309.3404
348520000,17427,48.4921929375,-4.5036062969,309.3404
348540000,17428,48.4921931087,-4.5036066111,309.3404
348560000,17429,48.4921932799,-4.5036069254,309.3404
348580000,17430,48.4921934511,-4.5036072396,309.3404
348600000,17431,48.4921936223,-4.5036075538,309.3404
348620000,17432,48.4921937935,-4.5036078681,309.3404
348640000,17433,48.4921939647,-4.5036081823,309.3404
348660000,17434,48.4921941359,-4.5036084966,309.3404
348680000,17435,48.4921943072,-4.5036088108,309.3404
348700000,17436,48.4921944784,-4.503609125,309.3404
348720000,17437,48.4921946496,-4.5036094393,309.3404
348740000,17438,48.4921948208,-4.5036097535,309.3404
348760000,17439,48.492194992,-4.5036100677,309.3404
348780000,17440,48.4921951632,-4.503610382,309.3404
348800000,17441,48.4921953344,-4.5036106962,309.3404
348820000,17442,48.4921955056,-4.5036110105,309.3404
348840000,17443,48.4921956768,-4.5036113247,309.3404
348860000,17444,48.492195848,-4.5036116389,309.3404
348880000,17445,48.4921960192,-4.5036119532,309.3404
348900000,17446,48.4921961904,-4.5036122674,309.3404
348920000,17447,48.4921963616,-4.5036125816,309.3404
348940000,17448,48.4921965328,-4.5036128959,309.3404
348960000,17449,48.492196704,-4.5036132101,309.3404
348980000,17450,48.4921968752,-4.5036135244,309.3404
349000000,17451,48.4921970464,-4.5036138386,309.3404
349020000,17452,48.4921972176,-4.5036141528,309.3404
349040000,17453,48.4921973888,-4.5036144671,309.3404
349060000,17454,48.4921975601,-4.5036147813,309.3404
349080000,17455,48.4921977313,-4.5036150955,309.3404
349100000,17456,48.4921979025,-4.5036154098,309.3404
349120000,17457,48.4921980737,-4.503615724,309.3404
349140000,17458,48.4921982449,-4.5036160383,309.3404
349160000,17459,48.4921984161,-4.5036163525,309.3404
349180000,17460,48.4921985873,-4.5036166667,309.3404
349200000,17461,48.4921987585,-4.503616981,309.3404
349220000,17462,48.4921989297,-4.5036172952,309.3404
349240000,17463,48.4921991009,-4.5036176094,309.3404
349260000,17464,48.4921992721,-4.5036179237,309.3404
349280000,17465,48.4921994433,-4.5036182379,309.3404
349300000,17466,48.4921996145,-4.5036185522,309.3404
349320000,17467,48.4921997857,-4.5036188664,309.3404
349340000,17468,48.4921999569,-4.5036191806,309.3404
349360000,17469,48.4922001281,-4.5036194949,309.3404
349380000,17470,48.4922002993,-4.5036198091,309.3404
349400000,17471,48.4922004705,-4.5036201233,309.3404
349420000,17472,48.4922006417,-4.5036204376,309.3404
349440000,17473,48.492200813,-4.5036207518,309.3404
349460000,17474,48.4922009842,-4.5036210661,309.3404
349480000,17475,48.4922011554,-4.5036213803,309.3404
349500000,17476,48.4922013266,-4.5036216945,309.3404
349520000,17477,48.4922014978,-4.5036220088,309.3404
349540000,17478,48.492201669,-4.503622323,309.3404
349560000,17479,48.4922018402,-4.5036226372,309.3404
349580000,17480,48.4922020114,-4.5036229515,309.3404
349600000,17481,48.4922021826,-4.5036232657,309.3404
349620000,17482,48.4922023538,-4.50362358,309.3404
349640000,17483,48.492202525,-4.5036238942,309.3404
349660000,17484,48.4922026962,-4.5036242084,309.3404
349680000,17485,48.4922028674,-4.5036245227,309.3404
349700000,17486,48.4922030386,-4.5036248369,309.3404
349720000,17487,48.4922032098,-4.5036251511,309.3404
349740000,17488,48.492203381,-4.5036254654,309.3404
349760000,17489,48.4922035522,-4.5036257796,309.3404
349780000,17490,48.4922037234,-4.5036260939,309.3404
349800000,17491,48.4922038946,-4.5036264081,309.3404
349820000,17492,48.4922040659,-4.5036267223,309.3404
349840000,17493,48.4922042371,-4.5036270366,309.3404
349860000,17494,48.4922044083,-4.5036273508,309.3404
349880000,17495,48.4922045795,-4.503627665,309.3404
349900000,17496,48.4922047507,-4.5036279793,309.3404
349920000,17497,48.4922049219,-4.5036282935,309.3404
349940000,17498,48.4922050931,-4.5036286078,309.3404
349960000,17499,48.4922052643,-4.503628922,309.3404
349980000,17500,48.4922054355,-4.5036292362,309.3404
350000000,17501,48.4922056067,-4.5036295505,309.3404
350020000,17502,48.4922057779,-4.5036298647,309.3404
350040000,17503,48.4922059491,-4.5036301789,309.3404
350060000,17504,48.4922061203,-4.5036304932,309.3404
350080000,17505,48.4922062915,-4.5036308074,309.3404
350100000,17506,48.4922064627,-4.5036311216,309.3404
350120000,17507,48.4922066339,-4.5036314359,309.3404
350140000,17508,48.4922068051,-4.5036317501,309.3404
350160000,17509,48.4922069763,-4.5036320644,309.3404
350180000,17510,48.4922071475,-4.5036323786,309.3404
350200000,17511,48.4922073188,-4.5036326928,309.3404
350220000,17512,48.49220749,-4.5036330071,309.3404
350240000,17513,48.4922076612,-4.5036333213,309.3404
350260000,17514,48.4922078324,-4.5036336355,309.3404
350280000,17515,48.4922080036,-4.5036339498,309.3404
350300000,17516,48.4922081748,-4.503634264,309.3404
350320000,17517,48.492208346,-4.5036345783,309.3404
350340000,17518,48.4922085172,-4.5036348925,309.3404
350360000,17519,48.4922086884,-4.5036352067,309.3404
350380000,17520,48.4922088596,-4.503635521,309.3404
350400000,17521,48.4922090308,-4.5036358352,309.3404
350420000,17522,48.492209202,-4.5036361494,309.3404
350440000,17523,48.4922093732,-4.5036364637,309.3404
350460000,17524,48.4922095444,-4.5036367779,309.3404
350480000,17525,48.4922097156,-4.5036370922,309.3404
350500000,17526,48.4922098868,-4.5036374064,309.3404
350520000,17527,48.492210058,-4.5036377206,309.3404
350540000,17528,48.4922102292,-4.5036380349,309.3404
350560000,17529,48.4922104004,-4.5036383491,309.3404
350580000,17530,48.4922105717,-4.5036386633,309.3404
350600000,17531,48.4922107429,-4.5036389776,309.3404
350620000,17532,48.4922109141,-4.5036392918,309.3404
350640000,17533,48.4922110853,-4.5036396061,309.3404
350660000,17534,48.4922112565,-4.5036399203,309.3404
350680000,17535,48.4922114277,-4.5036402345,309.3404
350700000,17536,48.4922115989,-4.5036405488,309.3404
350720000,17537,48.4922117701,-4.503640863,309.3404
350740000,17538,48.4922119413,-4.5036411772,309.3404
350760000,17539,48.4922121125,-4.5036414915,309.3404
350780000,17540,48.4922122837,-4.5036418057,309.3404
350800000,17541,48.4922124549,-4.50364212,309.3404
350820000,17542,48.4922126261,-4.5036424342,309.3404
350840000,17543,48.4922127973,-4.5036427484,309.3404
350860000,17544,48.4922129685,-4.5036430627,309.3404
350880000,17545,48.4922131397,-4.5036433769,309.3404
350900000,17546,48.4922133109,-4.5036436911,309.3404
350920000,17547,48.4922134821,-4.5036440054,309.3404
350940000,17548,48.4922136533,-4.5036443196,309.3404
350960000,17549,48.4922138246,-4.5036446339,309.3404
350980000,17550,48.4922139958,-4.5036449481,309.3404
351000000,17551,48.492214167,-4.5036452623,309.3404
351020000,17552,48.4922143382,-4.5036455766,309.3404
351040000,17553,48.4922145094,-4.5036458908,309.3404
351060000,17554,48.4922146806,-4.503646205,309.3404
351080000,17555,48.4922148518,-4.5036465193,309.3404
351100000,17556,48.492215023,-4.5036468335,309.3404
351120000,17557,48.4922151942,-4.5036471478,309.3404
351140000,17558,48.4922153654,-4.503647462,309.3404
351160000,17559,48.4922155366,-4.5036477762,309.3404
351180000,17560,48.4922157078,-4.5036480905,309.3404
351200000,17561,48.492215879,-4.5036484047,309.3404
351220000,17562,48.4922160502,-4.503648719,309.3404
351240000,17563,48.4922162214,-4.5036490332,309.3404
351260000,17564,48.4922163926,-4.5036493474,309.3404
351280000,17565,48.4922165638,-4.5036496617,309.3404
351300000,17566,48.492216735,-4.5036499759,309.3404
351320000,17567,48.4922169062,-4.5036502901,309.3404
351340000,17568,48.4922170775,-4.5036506044,309.3404
351360000,17569,48.4922172487,-4.5036509186,309.3404
351380000,17570,48.4922174199,-4.5036512329,309.3404
351400000,17571,48.4922175911,-4.5036515471,309.3404
351420000,17572,48.4922177623,-4.5036518613,309.3404
351440000,17573,48.4922179335,-4.5036521756,309.3404
351460000,17574,48.4922181047,-4.5036524898,309.3404
351480000,17575,48.4922182759,-4.503652804,309.3404
351500000,17576,48.4922184471,-4.5036531183,309.3404
351520000,17577,48.4922186183,-4.5036534325,309.3404
351540000,17578,48.4922187895,-4.5036537468,309.3404
351560000,17579,48.4922189607,-4.503654061,309.3404
351580000,17580,48.4922191319,-4.5036543752,309.3404
351600000,17581,48.4922193031,-4.5036546895,309.3404
351620000,17582,48.4922194743,-4.5036550037,309.3404
351640000,17583,48.4922196455,-4.5036553179,309.3404
351660000,17584,48.4922198167,-4.5036556322,309.3404
351680000,17585,48.4922199879,-4.5036559464,309.3404
351700000,17586,48.4922201591,-4.5036562607,309.3404
351720000,17587,48.4922203304,-4.5036565749,309.3404
351740000,17588,48.4922205016,-4.5036568891,309.3404
351760000,17589,48.4922206728,-4.5036572034,309.3404
351780000,17590,48.492220844,-4.5036575176,309.3404
351800000,17591,48.4922210152,-4.5036578318,309.3404
351820000,17592,48.4922211864,-4.5036581461,309.3404
351840000,17593,48.4922213576,-4.5036584603,309.3404
351860000,17594,48.4922215288,-4.5036587746,309.3404
351880000,17595,48.4922217,-4.5036590888,309.3404
351900000,17596,48.4922218712,-4.503659403,309.3404
351920000,17597,48.4922220424,-4.5036597173,309.3404
351940000,17598,48.4922222136,-4.5036600315,309.3404
351960000,17599,48.4922223848,-4.5036603457,309.3404
351980000,17600,48.492222556,-4.50366066,309.3404
352000000,17601,48.4922227272,-4.5036609742,309.3404
352020000,17602,48.4922228984,-4.5036612885,309.3404
352040000,17603,48.4922230696,-4.5036616027,309.3404
352060000,17604,48.4922232408,-4.5036619169,309.3404
352080000,17605,48.492223412,-4.5036622312,309.3404
352100000,17606,48.4922235832,-4.5036625454,309.3404
352120000,17607,48.4922237545,-4.5036628596,309.3404
352140000,17608,48.4922239257,-4.5036631739,309.3404
352160000,17609,48.4922240969,-4.5036634881,309.3404
352180000,17610,48.4922242681,-4.5036638024,309.3404
352200000,17611,48.4922244393,-4.5036641166,309.3404
352220000,17612,48.4922246105,-4.5036644308,309.3404
352240000,17613,48.4922247817,-4.5036647451,309.3404
352260000,17614,48.4922249529,-4.5036650593,309.3404
352280000,17615,48.4922251241,-4.5036653735,309.3404
352300000,17616,48.4922252953,-4.5036656878,309.3404
352320000,17617,48.4922254665,-4.503666002,309.3404
352340000,17618,48.4922256377,-4.5036663163,309.3404
352360000,17619,48.4922258089,-4.5036666305,309.3404
352380000,17620,48.4922259801,-4.5036669447,309.3404
352400000,17621,48.4922261513,-4.503667259,309.3404
352420000,17622,48.4922263225,-4.5036675732,309.3404
352440000,17623,48.4922264937,-4.5036678874,309.3404
352460000,17624,48.4922266649,-4.5036682017,309.3404
352480000,17625,48.4922268361,-4.5036685159,309.3404
352500000,17626,48.4922270074,-4.5036688302,309.3404
352520000,17627,48.4922271786,-4.5036691444,309.3404
352540000,17628,48.4922273498,-4.5036694586,309.3404
352560000,17629,48.492227521,-4.5036697729,309.3404
352580000,17630,48.4922276922,-4.5036700871,309.3404
352600000,17631,48.4922278634,-4.5036704013,309.3404
352620000,17632,48.4922280346,-4.5036707156,309.3404
352640000,17633,48.4922282058,-4.5036710298,309.3404
352660000,17634,48.492228377,-4.5036713441,309.3404
352680000,17635,48.4922285482,-4.5036716583,309.3404
352700000,17636,48.4922287194,-4.5036719725,309.3404
352720000,17637,48.4922288906,-4.5036722868,309.3404
352740000,17638,48.4922290618,-4.503672601,309.3404
352760000,17639,48.492229233,-4.5036729152,309.3404
352780000,17640,48.4922294042,-4.5036732295,309.3404
352800000,17641,48.4922295754,-4.5036735437,309.3404
352820000,17642,48.4922297466,-4.503673858,309.3404
352840000,17643,48.4922299178,-4.5036741722,309.3404
352860000,17644,48.492230089,-4.5036744864,309.3404
352880000,17645,48.4922302602,-4.5036748007,309.3404
352900000,17646,48.4922304315,-4.5036751149,309.3404
352920000,17647,48.4922306027,-4.5036754292,309.3404
352940000,17648,48.4922307739,-4.5036757434,309.3404
352960000,17649,48.4922309451,-4.5036760576,309.3404
352980000,17650,48.4922311163,-4.5036763719,309.3404
353000000,17651,48.4922312875,-4.5036766861,309.3404
353020000,17652,48.4922314587,-4.5036770003,309.3404
353040000,17653,48.4922316299,-4.5036773146,309.3404
353060000,17654,48.4922318011,-4.5036776288,309.3404
353080000,17655,48.4922319723,-4.5036779431,309.3404
353100000,17656,48.4922321435,-4.5036782573,309.3404
353120000,17657,48.4922323147,-4.5036785715,309.3404
353140000,17658,48.4922324859,-4.5036788858,309.3404
353160000,17659,48.4922326571,-4.5036792,309.3404
353180000,17660,48.4922328283,-4.5036795142,309.3404
353200000,17661,48.4922329995,-4.5036798285,309.3404
353220000,17662,48.4922331707,-4.5036801427,309.3404
353240000,17663,48.4922333419,-4.503680457,309.3404
353260000,17664,48.4922335131,-4.5036807712,309.3404
353280000,17665,48.4922336844,-4.5036810854,309.3404
353300000,17666,48.4922338556,-4.5036813997,309.3404
353320000,17667,48.4922340268,-4.5036817139,309.3404
353340000,17668,48.492234198,-4.5036820281,309.3404
353360000,17669,48.4922343692,-4.5036823424,309.3404
353380000,17670,48.4922345404,-4.5036826566,309.3404
353400000,17671,48.4922347116,-4.5036829709,309.3404
353420000,17672,48.4922348828,-4.5036832851,309.3404
353440000,17673,48.492235054,-4.5036835993,309.3404
353460000,17674,48.4922352252,-4.5036839136,309.3404
353480000,17675,48.4922353964,-4.5036842278,309.3404
353500000,17676,48.4922355676,-4.503684542,309.3404
353520000,17677,48.4922357388,-4.5036848563,309.3404
353540000,17678,48.49223591,-4.5036851705,309.3404
353560000,17679,48.4922360812,-4.5036854848,309.3404
353580000,17680,48.4922362524,-4.503685799,309.3404
353600000,17681,48.4922364236,-4.5036861132,309.3404
353620000,17682,48.4922365948,-4.5036864275,309.3404
353640000,17683,48.492236766,-4.5036867417,309.3404
353660000,17684,48.4922369372,-4.5036870559,309.3404
353680000,17685,48.4922371085,-4.5036873702,309.3404
353700000,17686,48.4922372797,-4.5036876844,309.3404
353720000,17687,48.4922374509,-4.5036879987,309.3404
353740000,17688,48.4922376221,-4.5036883129,309.3404
353760000,17689,48.4922377933,-4.5036886271,309.3404
353780000,17690,48.4922379645,-4.5036889414,309.3404
353800000,17691,48.4922381357,-4.5036892556,309.3404
353820000,17692,48.4922383069,-4.5036895699,309.3404
353840000,17693,48.4922384781,-4.5036898841,309.3404
353860000,17694,48.4922386493,-4.5036901983,309.3404
353880000,17695,48.4922388205,-4.5036905126,309.3404
353900000,17696,48.4922389917,-4.5036908268,309.3404
353920000,17697,48.4922391629,-4.503691141,309.3404
353940000,17698,48.4922393341,-4.5036914553,309.3404
353960000,17699,48.4922395053,-4.5036917695,309.3404
353980000,17700,48.4922396765,-4.5036920838,309.3404
354000000,17701,48.4922398477,-4.503692398,309.3404
354020000,17702,48.4922400189,-4.5036927122,309.3404
354040000,17703,48.4922401901,-4.5036930265,309.3404
354060000,17704,48.4922403614,-4.5036933407,309.3404
354080000,17705,48.4922405326,-4.5036936549,309.3404
354100000,17706,48.4922407038,-4.5036939692,309.3404
354120000,17707,48.492240875,-4.5036942834,309.3404
354140000,17708,48.4922410462,-4.5036945977,309.3404
354160000,17709,48.4922412174,-4.5036949119,309.3404
354180000,17710,48.4922413886,-4.5036952261,309.3404
354200000,17711,48.4922415598,-4.5036955404,309.3404
354220000,17712,48.492241731,-4.5036958546,309.3404
354240000,17713,48.4922419022,-4.5036961688,309.3404
354260000,17714,48.4922420734,-4.5036964831,309.3404
354280000,17715,48.4922422446,-4.5036967973,309.3404
354300000,17716,48.4922424158,-4.5036971116,309.3404
354320000,17717,48.492242587,-4.5036974258,309.3404
354340000,17718,48.4922427582,-4.50369774,309.3404
354360000,17719,48.4922429294,-4.5036980543,309.3404
354380000,17720,48.4922431006,-4.5036983685,309.3404
354400000,17721,48.4922432718,-4.5036986828,309.3404
354420000,17722,48.492243443,-4.503698997,309.3404
354440000,17723,48.4922436142,-4.5036993112,309.3404
354460000,17724,48.4922437855,-4.5036996255,309.3404
354480000,17725,48.4922439567,-4.5036999397,309.3404
354500000,17726,48.4922441279,-4.5037002539,309.3404
354520000,17727,48.4922442991,-4.5037005682,309.3404
354540000,17728,48.4922444703,-4.5037008824,309.3404
354560000,17729,48.4922446415,-4.5037011967,309.3404
354580000,17730,48.4922448127,-4.5037015109,309.3404
354600000,17731,48.4922449839,-4.5037018251,309.3404
354620000,17732,48.4922451551,-4.5037021394,309.3404
354640000,17733,48.4922453263,-4.5037024536,309.3404
354660000,17734,48.4922454975,-4.5037027678,309.3404
354680000,17735,48.4922456687,-4.5037030821,309.3404
354700000,17736,48.4922458399,-4.5037033963,309.3404
354720000,17737,48.4922460111,-4.5037037106,309.3404
354740000,17738,48.4922461823,-4.5037040248,309.3404
354760000,17739,48.4922463535,-4.503704339,309.3404
354780000,17740,48.4922465247,-4.5037046533,309.3404
354800000,17741,48.4922466959,-4.5037049675,309.3404
354820000,17742,48.4922468671,-4.5037052817,309.3404
354840000,17743,48.4922470383,-4.503705596,309.3404
354860000,17744,48.4922472096,-4.5037059102,309.3404
354880000,17745,48.4922473808,-4.5037062245,309.3404
354900000,17746,48.492247552,-4.5037065387,309.3404
354920000,17747,48.4922477232,-4.5037068529,309.3404
354940000,17748,48.4922478944,-4.5037071672,309.3404
354960000,17749,48.4922480656,-4.5037074814,309.3404
354980000,17750,48.4922482368,-4.5037077957,309.3404
355000000,17751,48.492248408,-4.5037081099,309.3404
355020000,17752,48.4922485792,-4.5037084241,309.3404
355040000,17753,48.4922487504,-4.5037087384,309.3404
355060000,17754,48.4922489216,-4.5037090526,309.3404
355080000,17755,48.4922490928,-4.5037093668,309.3404
355100000,17756,48.492249264,-4.5037096811,309.3404
355120000,17757,48.4922494352,-4.5037099953,309.3404
355140000,17758,48.4922496064,-4.5037103096,309.3404
355160000,17759,48.4922497776,-4.5037106238,309.3404
355180000,17760,48.4922499488,-4.503710938,309.3404
355200000,17761,48.49225012,-4.5037112523,309.3404
355220000,17762,48.4922502912,-4.5037115665,309.3404
355240000,17763,48.4922504624,-4.5037118807,309.3404
355260000,17764,48.4922506337,-4.503712195,309.3404
355280000,17765,48.4922508049,-4.5037125092,309.3404
355300000,17766,48.4922509761,-4.5037128235,309.3404
355320000,17767,48.4922511473,-4.5037131377,309.3404
355340000,17768,48.4922513185,-4.5037134519,309.3404
355360000,17769,48.4922514897,-4.5037137662,309.3404
355380000,17770,48.4922516609,-4.5037140804,309.3404
355400000,17771,48.4922518321,-4.5037143946,309.3404
355420000,17772,48.4922520033,-4.5037147089,309.3404
355440000,17773,48.4922521745,-4.5037150231,309.3404
355460000,17774,48.4922523457,-4.5037153374,309.3404
355480000,17775,48.4922525169,-4.5037156516,309.3404
355500000,17776,48.4922526881,-4.5037159658,309.3404
355520000,17777,48.4922528593,-4.5037162801,309.3404
355540000,17778,48.4922530305,-4.5037165943,309.3404
355560000,17779,48.4922532017,-4.5037169086,309.3404
355580000,17780,48.4922533729,-4.5037172228,309.3404
355600000,17781,48.4922535441,-4.503717537,309.3404
355620000,17782,48.4922537153,-4.5037178513,309.3404
355640000,17783,48.4922538865,-4.5037181655,309.3404
355660000,17784,48.4922540578,-4.5037184797,309.3404
355680000,17785,48.492254229,-4.503718794,309.3404
355700000,17786,48.4922544002,-4.5037191082,309.3404
355720000,17787,48.4922545714,-4.5037194225,309.3404
355740000,17788,48.4922547426,-4.5037197367,309.3404
355760000,17789,48.4922549138,-4.5037200509,309.3404
355780000,17790,48.492255085,-4.5037203652,309.3404
355800000,17791,48.4922552562,-4.5037206794,309.3404
355820000,17792,48.4922554274,-4.5037209936,309.3404
355840000,17793,48.4922555986,-4.5037213079,309.3404
355860000,17794,48.4922557698,-4.5037216221,309.3404
355880000,17795,48.492255941,-4.5037219364,309.3404
355900000,17796,48.4922561122,-4.5037222506,309.3404
355920000,17797,48.4922562834,-4.5037225648,309.3404
355940000,17798,48.4922564546,-4.5037228791,309.3404
355960000,17799,48.4922566258,-4.5037231933,309.3404
355980000,17800,48.492256797,-4.5037235076,309.3404
356000000,17801,48.4922569682,-4.5037238218,309.3404
356020000,17802,48.4922571394,-4.503724136,309.3404
356040000,17803,48.4922573106,-4.5037244503,309.3404
356060000,17804,48.4922574819,-4.5037247645,309.3404
356080000,17805,48.4922576531,-4.5037250787,309.3404
356100000,17806,48.4922578243,-4.503725393,309.3404
356120000,17807,48.4922579955,-4.5037257072,309.3404
356140000,17808,48.4922581667,-4.5037260215,309.3404
356160000,17809,48.4922583379,-4.5037263357,309.3404
356180000,17810,48.4922585091,-4.5037266499,309.3404
356200000,17811,48.4922586803,-4.5037269642,309.3404
356220000,17812,48.4922588515,-4.5037272784,309.3404
356240000,17813,48.4922590227,-4.5037275926,309.3404
356260000,17814,48.4922591939,-4.5037279069,309.3404
356280000,17815,48.4922593651,-4.5037282211,309.3404
356300000,17816,48.4922595363,-4.5037285354,309.3404
356320000,17817,48.4922597075,-4.5037288496,309.3404
356340000,17818,48.4922598787,-4.5037291638,309.3404
356360000,17819,48.4922600499,-4.5037294781,309.3404
356380000,17820,48.4922602211,-4.5037297923,309.3404
356400000,17821,48.4922603923,-4.5037301066,309.3404
356420000,17822,48.4922605635,-4.5037304208,309.3404
356440000,17823,48.4922607347,-4.503730735,309.3404
356460000,17824,48.492260906,-4.5037310493,309.3404
356480000,17825,48.4922610772,-4.5037313635,309.3404
356500000,17826,48.4922612484,-4.5037316777,309.3404
356520000,17827,48.4922614196,-4.503731992,309.3404
356540000,17828,48.4922615908,-4.5037323062,309.3404
356560000,17829,48.492261762,-4.5037326205,309.3404
356580000,17830,48.4922619332,-4.5037329347,309.3404
356600000,17831,48.4922621044,-4.5037332489,309.3404
356620000,17832,48.4922622756,-4.5037335632,309.3404
356640000,17833,48.4922624468,-4.5037338774,309.3404
356660000,17834,48.492262618,-4.5037341916,309.3404
356680000,17835,48.4922627892,-4.5037345059,309.3404
356700000,17836,48.4922629604,-4.5037348201,309.3404
356720000,17837,48.4922631316,-4.5037351344,309.3404
356740000,17838,48.4922633028,-4.5037354486,309.3404
356760000,17839,48.492263474,-4.5037357628,309.3404
356780000,17840,48.4922636452,-4.5037360771,309.3404
356800000,17841,48.4922638164,-4.5037363913,309.3404
356820000,17842,48.4922639876,-4.5037367056,309.3404
356840000,17843,48.4922641588,-4.5037370198,309.3404
356860000,17844,48.4922643301,-4.503737334,309.3404
356880000,17845,48.4922645013,-4.5037376483,309.3404
356900000,17846,48.4922646725,-4.5037379625,309.3404
356920000,17847,48.4922648437,-4.5037382767,309.3404
356940000,17848,48.4922650149,-4.503738591,309.3404
356960000,17849,48.4922651861,-4.5037389052,309.3404
356980000,17850,48.4922653573,-4.5037392195,309.3404
357000000,17851,48.4922655285,-4.5037395337,309.3404
357020000,17852,48.4922656997,-4.5037398479,309.3404
357040000,17853,48.4922658709,-4.5037401622,309.3404
357060000,17854,48.4922660421,-4.5037404764,309.3404
357080000,17855,48.4922662133,-4.5037407906,309.3404
357100000,17856,48.4922663845,-4.5037411049,309.3404
357120000,17857,48.4922665557,-4.5037414191,309.3404
357140000,17858,48.4922667269,-4.5037417334,309.3404
357160000,17859,48.4922668981,-4.5037420476,309.3404
357180000,17860,48.4922670693,-4.5037423618,309.3404
357200000,17861,48.4922672405,-4.5037426761,309.3404
357220000,17862,48.4922674117,-4.5037429903,309.3404
357240000,17863,48.4922675829,-4.5037433046,309.3404
357260000,17864,48.4922677542,-4.5037436188,309.3404
357280000,17865,48.4922679254,-4.503743933,309.3404
357300000,17866,48.4922680966,-4.5037442473,309.3404
357320000,17867,48.4922682678,-4.5037445615,309.3404
357340000,17868,48.492268439,-4.5037448757,309.3404
357360000,17869,48.4922686102,-4.50374519,309.3404
357380000,17870,48.4922687814,-4.5037455042,309.3404
357400000,17871,48.4922689526,-4.5037458185,309.3404
357420000,17872,48.4922691238,-4.5037461327,309.3404
357440000,17873,48.492269295,-4.5037464469,309.3404
357460000,17874,48.4922694662,-4.5037467612,309.3404
357480000,17875,48.4922696374,-4.5037470754,309.3404
357500000,17876,48.4922698086,-4.5037473897,309.3404
357520000,17877,48.4922699798,-4.5037477039,309.3404
357540000,17878,48.492270151,-4.5037480181,309.3404
357560000,17879,48.4922703222,-4.5037483324,309.3404
357580000,17880,48.4922704934,-4.5037486466,309.3404
357600000,17881,48.4922706646,-4.5037489608,309.3404
357620000,17882,48.4922708358,-4.5037492751,309.3404
357640000,17883,48.492271007,-4.5037495893,309.3404
357660000,17884,48.4922711783,-4.5037499036,309.3404
357680000,17885,48.4922713495,-4.5037502178,309.3404
357700000,17886,48.4922715207,-4.503750532,309.3404
357720000,17887,48.4922716919,-4.5037508463,309.3404
357740000,17888,48.4922718631,-4.5037511605,309.3404
357760000,17889,48.4922720343,-4.5037514747,309.3404
357780000,17890,48.4922722055,-4.503751789,309.3404
357800000,17891,48.4922723767,-4.5037521032,309.3404
357820000,17892,48.4922725479,-4.5037524175,309.3404
357840000,17893,48.4922727191,-4.5037527317,309.3404
357860000,17894,48.4922728903,-4.5037530459,309.3404
357880000,17895,48.4922730615,-4.5037533602,309.3404
357900000,17896,48.4922732327,-4.5037536744,309.3404
357920000,17897,48.4922734039,-4.5037539887,309.3404
357940000,17898,48.4922735751,-4.5037543029,309.3404
357960000,17899,48.4922737463,-4.5037546171,309.3404
357980000,17900,48.4922739175,-4.5037549314,309.3404
358000000,17901,48.4922740887,-4.5037552456,309.3404
358020000,17902,48.4922742599,-4.5037555598,309.3404
358040000,17903,48.4922744311,-4.5037558741,309.3404
358060000,17904,48.4922746023,-4.5037561883,309.3404
358080000,17905,48.4922747736,-4.5037565026,309.3404
358100000,17906,48.4922749448,-4.5037568168,309.3404
358120000,17907,48.492275116,-4.503757131,309.3404
358140000,17908,48.4922752872,-4.5037574453,309.3404
358160000,17909,48.4922754584,-4.5037577595,309.3404
358180000,17910,48.4922756296,-4.5037580738,309.3404
358200000,17911,48.4922758008,-4.503758388,309.3404
358220000,17912,48.492275972,-4.5037587022,309.3404
358240000,17913,48.4922761432,-4.5037590165,309.3404
358260000,17914,48.4922763144,-4.5037593307,309.3404
358280000,17915,48.4922764856,-4.5037596449,309.3404
358300000,17916,48.4922766568,-4.5037599592,309.3404
358320000,17917,48.492276828,-4.5037602734,309.3404
358340000,17918,48.4922769992,-4.5037605877,309.3404
358360000,17919,48.4922771704,-4.5037609019,309.3404
358380000,17920,48.4922773416,-4.5037612161,309.3404
358400000,17921,48.4922775128,-4.5037615304,309.3404
358420000,17922,48.492277684,-4.5037618446,309.3404
358440000,17923,48.4922778552,-4.5037621588,309.3404
358460000,17924,48.4922780264,-4.5037624731,309.3404
358480000,17925,48.4922781977,-4.5037627873,309.3404
358500000,17926,48.4922783689,-4.5037631016,309.3404
358520000,17927,48.4922785401,-4.5037634158,309.3404
358540000,17928,48.4922787113,-4.50376373,309.3404
358560000,17929,48.4922788825,-4.5037640443,309.3404
358580000,17930,48.4922790537,-4.5037643585,309.3404
358600000,17931,48.4922792249,-4.5037646728,309.3404
358620000,17932,48.4922793961,-4.503764987,309.3404
358640000,17933,48.4922795673,-4.5037653012,309.3404
358660000,17934,48.4922797385,-4.5037656155,309.3404
358680000,17935,48.4922799097,-4.5037659297,309.3404
358700000,17936,48.4922800809,-4.5037662439,309.3404
358720000,17937,48.4922802521,-4.5037665582,309.3404
358740000,17938,48.4922804233,-4.5037668724,309.3404
358760000,17939,48.4922805945,-4.5037671867,309.3404
358780000,17940,48.4922807657,-4.5037675009,309.3404
358800000,17941,48.4922809369,-4.5037678151,309.3404
358820000,17942,48.4922811081,-4.5037681294,309.3404
358840000,17943,48.4922812793,-4.5037684436,309.3404
358860000,17944,48.4922814505,-4.5037687579,309.3404
358880000,17945,48.4922816217,-4.5037690721,309.3404
358900000,17946,48.492281793,-4.5037693863,309.3404
358920000,17947,48.4922819642,-4.5037697006,309.3404
358940000,17948,48.4922821354,-4.5037700148,309.3404
358960000,17949,48.4922823066,-4.503770329,309.3404
358980000,17950,48.4922824778,-4.5037706433,309.3404
359000000,17951,48.492282649,-4.5037709575,309.3404
359020000,17952,48.4922828202,-4.5037712718,309.3404
359040000,17953,48.4922829914,-4.503771586,309.3404
359060000,17954,48.4922831626,-4.5037719002,309.3404
359080000,17955,48.4922833338,-4.5037722145,309.3404
359100000,17956,48.492283505,-4.5037725287,309.3404
359120000,17957,48.4922836762,-4.503772843,309.3404
359140000,17958,48.4922838474,-4.5037731572,309.3404
359160000,17959,48.4922840186,-4.5037734714,309.3404
359180000,17960,48.4922841898,-4.5037737857,309.3404
359200000,17961,48.492284361,-4.5037740999,309.3404
359220000,17962,48.4922845322,-4.5037744141,309.3404
359240000,17963,48.4922847034,-4.5037747284,309.3404
359260000,17964,48.4922848746,-4.5037750426,309.3404
359280000,17965,48.4922850458,-4.5037753569,309.3404
359300000,17966,48.4922852171,-4.5037756711,309.3404
359320000,17967,48.4922853883,-4.5037759853,309.3404
359340000,17968,48.4922855595,-4.5037762996,309.3404
359360000,17969,48.4922857307,-4.5037766138,309.3404
359380000,17970,48.4922859019,-4.5037769281,309.3404
359400000,17971,48.4922860731,-4.5037772423,309.3404
359420000,17972,48.4922862443,-4.5037775565,309.3404
359440000,17973,48.4922864155,-4.5037778708,309.3404
359460000,17974,48.4922865867,-4.503778185,309.3404
359480000,17975,48.4922867579,-4.5037784992,309.3404
359500000,17976,48.4922869291,-4.5037788135,309.3404
359520000,17977,48.4922871003,-4.5037791277,309.3404
359540000,17978,48.4922872715,-4.503779442,309.3404
359560000,17979,48.4922874427,-4.5037797562,309.3404
359580000,17980,48.4922876139,-4.5037800704,309.3404
359600000,17981,48.4922877851,-4.5037803847,309.3404
359620000,17982,48.4922879563,-4.5037806989,309.3404
359640000,17983,48.4922881275,-4.5037810132,309.3404
359660000,17984,48.4922882987,-4.5037813274,309.3404
359680000,17985,48.4922884699,-4.5037816416,309.3404
359700000,17986,48.4922886411,-4.5037819559,309.3404
359720000,17987,48.4922888124,-4.5037822701,309.3404
359740000,17988,48.4922889836,-4.5037825843,309.3404
359760000,17989,48.4922891548,-4.5037828986,309.3404
359780000,17990,48.492289326,-4.5037832128,309.3404
359800000,17991,48.4922894972,-4.5037835271,309.3404
359820000,17992,48.4922896684,-4.5037838413,309.3404
359840000,17993,48.4922898396,-4.5037841555,309.3404
359860000,17994,48.4922900108,-4.5037844698,309.3404
359880000,17995,48.492290182,-4.503784784,309.3404
359900000,17996,48.4922903532,-4.5037850983,309.3404
359920000,17997,48.4922905244,-4.5037854125,309.3404
359940000,17998,48.4922906956,-4.5037857267,309.3404
359960000,17999,48.4922908668,-4.503786041,309.3404
359980000,18000,48.492291038,-4.5037863552,309.3404
360000000,18001,48.4922912092,-4.5037866694,309.3404
360020000,18002,48.4922913804,-4.5037869837,309.3404
360040000,18003,48.4922915516,-4.5037872979,309.3404
360060000,18004,48.4922917228,-4.5037876122,309.3404
360080000,18005,48.492291894,-4.5037879264,309.3404
360100000,18006,48.4922920652,-4.5037882406,309.3404
360120000,18007,48.4922922365,-4.5037885549,309.3404
360140000,18008,48.4922924077,-4.5037888691,309.3404
360160000,18009,48.4922925789,-4.5037891834,309.3404
360180000,18010,48.4922927501,-4.5037894976,309.3404
360200000,18011,48.4922929213,-4.5037898118,309.3404
360220000,18012,48.4922930925,-4.5037901261,309.3404
360240000,18013,48.4922932637,-4.5037904403,309.3404
360260000,18014,48.4922934349,-4.5037907545,309.3404
360280000,18015,48.4922936061,-4.5037910688,309.3404
360300000,18016,48.4922937773,-4.503791383,309.3404
360320000,18017,48.4922939485,-4.5037916973,309.3404
360340000,18018,48.4922941197,-4.5037920115,309.3404
360360000,18019,48.4922942909,-4.5037923257,309.3404
360380000,18020,48.4922944621,-4.50379264,309.3404
360400000,18021,48.4922946333,-4.5037929542,309.3404
360420000,18022,48.4922948045,-4.5037932685,309.3404
360440000,18023,48.4922949757,-4.5037935827,309.3404
360460000,18024,48.4922951469,-4.5037938969,309.3404
360480000,18025,48.4922953181,-4.5037942112,309.3404
360500000,18026,48.4922954893,-4.5037945254,309.3404
360520000,18027,48.4922956605,-4.5037948396,309.3404
360540000,18028,48.4922958318,-4.5037951539,309.3404
360560000,18029,48.492296003,-4.5037954681,309.3404
360580000,18030,48.4922961742,-4.5037957824,309.3404
360600000,18031,48.4922963454,-4.5037960966,309.3404
360620000,18032,48.4922965166,-4.5037964108,309.3404
360640000,18033,48.4922966878,-4.5037967251,309.3404
360660000,18034,48.492296859,-4.5037970393,309.3404
360680000,18035,48.4922970302,-4.5037973536,309.3404
360700000,18036,48.4922972014,-4.5037976678,309.3404
360720000,18037,48.4922973726,-4.503797982,309.3404
360740000,18038,48.4922975438,-4.5037982963,309.3404
360760000,18039,48.492297715,-4.5037986105,309.3404
360780000,18040,48.4922978862,-4.5037989247,309.3404
360800000,18041,48.4922980574,-4.503799239,309.3404
360820000,18042,48.4922982286,-4.5037995532,309.3404
360840000,18043,48.4922983998,-4.5037998675,309.3404
360860000,18044,48.492298571,-4.5038001817,309.3404
360880000,18045,48.4922987422,-4.5038004959,309.3404
360900000,18046,48.4922989134,-4.5038008102,309.3404
360920000,18047,48.4922990846,-4.5038011244,309.3404
360940000,18048,48.4922992558,-4.5038014387,309.3404
360960000,18049,48.4922994271,-4.5038017529,309.3404
360980000,18050,48.4922995983,-4.5038020671,309.3404
361000000,18051,48.4922997695,-4.5038023814,309.3404
361020000,18052,48.4922999407,-4.5038026956,309.3404
361040000,18053,48.4923001119,-4.5038030099,309.3404
361060000,18054,48.4923002831,-4.5038033241,309.3404
361080000,18055,48.4923004543,-4.5038036383,309.3404
361100000,18056,48.4923006255,-4.5038039526,309.3404
361120000,18057,48.4923007967,-4.5038042668,309.3404
361140000,18058,48.4923009679,-4.503804581,309.3404
361160000,18059,48.4923011391,-4.5038048953,309.3404
361180000,18060,48.4923013103,-4.5038052095,309.3404
361200000,18061,48.4923014815,-4.5038055238,309.3404
361220000,18062,48.4923016527,-4.503805838,309.3404
361240000,18063,48.4923018239,-4.5038061522,309.3404
361260000,18064,48.4923019951,-4.5038064665,309.3404
361280000,18065,48.4923021663,-4.5038067807,309.3404
361300000,18066,48.4923023375,-4.503807095,309.3404
361320000,18067,48.4923025087,-4.5038074092,309.3404
361340000,18068,48.4923026799,-4.5038077234,309.3404
361360000,18069,48.4923028511,-4.5038080377,309.3404
361380000,18070,48.4923030224,-4.5038083519,309.3404
361400000,18071,48.4923031936,-4.5038086661,309.3404
361420000,18072,48.4923033648,-4.5038089804,309.3404
361440000,18073,48.492303536,-4.5038092946,309.3404
361460000,18074,48.4923037072,-4.5038096089,309.3404
361480000,18075,48.4923038784,-4.5038099231,309.3404
361500000,18076,48.4923040496,-4.5038102373,309.3404
361520000,18077,48.4923042208,-4.5038105516,309.3404
361540000,18078,48.492304392,-4.5038108658,309.3404
361560000,18079,48.4923045632,-4.5038111801,309.3404
361580000,18080,48.4923047344,-4.5038114943,309.3404
361600000,18081,48.4923049056,-4.5038118085,309.3404
361620000,18082,48.4923050768,-4.5038121228,309.3404
361640000,18083,48.492305248,-4.503812437,309.3404
361660000,18084,48.4923054192,-4.5038127512,309.3404
361680000,18085,48.4923055904,-4.5038130655,309.3404
361700000,18086,48.4923057616,-4.5038133797,309.3404
361720000,18087,48.4923059328,-4.503813694,309.3404
361740000,18088,48.492306104,-4.5038140082,309.3404
361760000,18089,48.4923062752,-4.5038143224,309.3404
361780000,18090,48.4923064464,-4.5038146367,309.3404
361800000,18091,48.4923066177,-4.5038149509,309.3404
361820000,18092,48.4923067889,-4.5038152652,309.3404
361840000,18093,48.4923069601,-4.5038155794,309.3404
361860000,18094,48.4923071313,-4.5038158936,309.3404
361880000,18095,48.4923073025,-4.5038162079,309.3404
361900000,18096,48.4923074737,-4.5038165221,309.3404
361920000,18097,48.4923076449,-4.5038168364,309.3404
361940000,18098,48.4923078161,-4.5038171506,309.3404
361960000,18099,48.4923079873,-4.5038174648,309.3404
361980000,18100,48.4923081585,-4.5038177791,309.3404
362000000,18101,48.4923083297,-4.5038180933,309.3404
362020000,18102,48.4923085009,-4.5038184075,309.3404
362040000,18103,48.4923086721,-4.5038187218,309.3404
362060000,18104,48.4923088433,-4.503819036,309.3404
362080000,18105,48.4923090145,-4.5038193503,309.3404
362100000,18106,48.4923091857,-4.5038196645,309.3404
362120000,18107,48.4923093569,-4.5038199787,309.3404
362140000,18108,48.4923095281,-4.503820293,309.3404
362160000,18109,48.4923096993,-4.5038206072,309.3404
362180000,18110,48.4923098705,-4.5038209215,309.3404
362200000,18111,48.4923100417,-4.5038212357,309.3404
362220000,18112,48.492310213,-4.5038215499,309.3404
362240000,18113,48.4923103842,-4.5038218642,309.3404
362260000,18114,48.4923105554,-4.5038221784,309.3404
362280000,18115,48.4923107266,-4.5038224926,309.3404
362300000,18116,48.4923108978,-4.5038228069,309.3404
362320000,18117,48.492311069,-4.5038231211,309.3404
362340000,18118,48.4923112402,-4.5038234354,309.3404
362360000,18119,48.4923114114,-4.5038237496,309.3404
362380000,18120,48.4923115826,-4.5038240638,309.3404
362400000,18121,48.4923117538,-4.5038243781,309.3404
362420000,18122,48.492311925,-4.5038246923,309.3404
362440000,18123,48.4923120962,-4.5038250066,309.3404
362460000,18124,48.4923122674,-4.5038253208,309.3404
362480000,18125,48.4923124386,-4.503825635,309.3404
362500000,18126,48.4923126098,-4.5038259493,309.3404
362520000,18127,48.492312781,-4.5038262635,309.3404
362540000,18128,48.4923129522,-4.5038265778,309.3404
362560000,18129,48.4923131234,-4.503826892,309.3404
362580000,18130,48.4923132946,-4.5038272062,309.3404
362600000,18131,48.4923134658,-4.5038275205,309.3404
362620000,18132,48.492313637,-4.5038278347,309.3404
362640000,18133,48.4923138083,-4.5038281489,309.3404
362660000,18134,48.4923139795,-4.5038284632,309.3404
362680000,18135,48.4923141507,-4.5038287774,309.3404
362700000,18136,48.4923143219,-4.5038290917,309.3404
362720000,18137,48.4923144931,-4.5038294059,309.3404
362740000,18138,48.4923146643,-4.5038297201,309.3404
362760000,18139,48.4923148355,-4.5038300344,309.3404
362780000,18140,48.4923150067,-4.5038303486,309.3404
362800000,18141,48.4923151779,-4.5038306629,309.3404
362820000,18142,48.4923153491,-4.5038309771,309.3404
362840000,18143,48.4923155203,-4.5038312913,309.3404
362860000,18144,48.4923156915,-4.5038316056,309.3404
362880000,18145,48.4923158627,-4.5038319198,309.3404
362900000,18146,48.4923160339,-4.5038322341,309.3404
362920000,18147,48.4923162051,-4.5038325483,309.3404
362940000,18148,48.4923163763,-4.5038328625,309.3404
362960000,18149,48.4923165475,-4.5038331768,309.3404
362980000,18150,48.4923167187,-4.503833491,309.3404
363000000,18151,48.4923168899,-4.5038338052,309.3404
363020000,18152,48.4923170611,-4.5038341195,309.3404
363040000,18153,48.4923172323,-4.5038344337,309.3404
363060000,18154,48.4923174035,-4.503834748,309.3404
363080000,18155,48.4923175748,-4.5038350622,309.3404
363100000,18156,48.492317746,-4.5038353764,309.3404
363120000,18157,48.4923179172,-4.5038356907,309.3404
363140000,18158,48.4923180884,-4.5038360049,309.3404
363160000,18159,48.4923182596,-4.5038363192,309.3404
363180000,18160,48.4923184308,-4.5038366334,309.3404
363200000,18161,48.492318602,-4.5038369476,309.3404
363220000,18162,48.4923187732,-4.5038372619,309.3404
363240000,18163,48.4923189444,-4.5038375761,309.3404
363260000,18164,48.4923191156,-4.5038378903,309.3404
363280000,18165,48.4923192868,-4.5038382046,309.3404
363300000,18166,48.492319458,-4.5038385188,309.3404
363320000,18167,48.4923196292,-4.5038388331,309.3404
363340000,18168,48.4923198004,-4.5038391473,309.3404
363360000,18169,48.4923199716,-4.5038394615,309.3404
363380000,18170,48.4923201428,-4.5038397758,309.3404
363400000,18171,48.492320314,-4.50384009,309.3404
363420000,18172,48.4923204852,-4.5038404043,309.3404
363440000,18173,48.4923206564,-4.5038407185,309.3404
363460000,18174,48.4923208276,-4.5038410327,309.3404
363480000,18175,48.4923209988,-4.503841347,309.3404
363500000,18176,48.4923211701,-4.5038416612,309.3404
363520000,18177,48.4923213413,-4.5038419755,309.3404
363540000,18178,48.4923215125,-4.5038422897,309.3404
363560000,18179,48.4923216837,-4.5038426039,309.3404
363580000,18180,48.4923218549,-4.5038429182,309.3404
363600000,18181,48.4923220261,-4.5038432324,309.3404
363620000,18182,48.4923221973,-4.5038435466,309.3404
363640000,18183,48.4923223685,-4.5038438609,309.3404
363660000,18184,48.4923225397,-4.5038441751,309.3404
363680000,18185,48.4923227109,-4.5038444894,309.3404
363700000,18186,48.4923228821,-4.5038448036,309.3404
363720000,18187,48.4923230533,-4.5038451178,309.3404
363740000,18188,48.4923232245,-4.5038454321,309.3404
363760000,18189,48.4923233957,-4.5038457463,309.3404
363780000,18190,48.4923235669,-4.5038460606,309.3404
363800000,18191,48.4923237381,-4.5038463748,309.3404
363820000,18192,48.4923239093,-4.503846689,309.3404
363840000,18193,48.4923240805,-4.5038470033,309.3404
363860000,18194,48.4923242517,-4.5038473175,309.3404
363880000,18195,48.4923244229,-4.5038476318,309.3404
363900000,18196,48.4923245941,-4.503847946,309.3404
363920000,18197,48.4923247654,-4.5038482602,309.3404
363940000,18198,48.4923249366,-4.5038485745,309.3404
363960000,18199,48.4923251078,-4.5038488887,309.3404
363980000,18200,48.492325279,-4.5038492029,309.3404
364000000,18201,48.4923254502,-4.5038495172,309.3404
364020000,18202,48.4923256214,-4.5038498314,309.3404
364040000,18203,48.4923257926,-4.5038501457,309.3404
364060000,18204,48.4923259638,-4.5038504599,309.3404
364080000,18205,48.492326135,-4.5038507741,309.3404
364100000,18206,48.4923263062,-4.5038510884,309.3404
364120000,18207,48.4923264774,-4.5038514026,309.3404
364140000,18208,48.4923266486,-4.5038517169,309.3404
364160000,18209,48.4923268198,-4.5038520311,309.3404
364180000,18210,48.492326991,-4.5038523453,309.3404
364200000,18211,48.4923271622,-4.5038526596,309.3404
364220000,18212,48.4923273334,-4.5038529738,309.3404
364240000,18213,48.4923275046,-4.5038532881,309.3404
364260000,18214,48.4923276758,-4.5038536023,309.3404
364280000,18215,48.492327847,-4.5038539165,309.3404
364300000,18216,48.4923280182,-4.5038542308,309.3404
364320000,18217,48.4923281894,-4.503854545,309.3404
364340000,18218,48.4923283606,-4.5038548592,309.3404
364360000,18219,48.4923285319,-4.5038551735,309.3404
364380000,18220,48.4923287031,-4.5038554877,309.3404
364400000,18221,48.4923288743,-4.503855802,309.3404
364420000,18222,48.4923290455,-4.5038561162,309.3404
364440000,18223,48.4923292167,-4.5038564304,309.3404
364460000,18224,48.4923293879,-4.5038567447,309.3404
364480000,18225,48.4923295591,-4.5038570589,309.3404
364500000,18226,48.4923297303,-4.5038573732,309.3404
364520000,18227,48.4923299015,-4.5038576874,309.3404
364540000,18228,48.4923300727,-4.5038580016,309.3404
364560000,18229,48.4923302439,-4.5038583159,309.3404
364580000,18230,48.4923304151,-4.5038586301,309.3404
364600000,18231,48.4923305863,-4.5038589444,309.3404
364620000,18232,48.4923307575,-4.5038592586,309.3404
364640000,18233,48.4923309287,-4.5038595728,309.3404
364660000,18234,48.4923310999,-4.5038598871,309.3404
364680000,18235,48.4923312711,-4.5038602013,309.3404
364700000,18236,48.4923314423,-4.5038605156,309.3404
364720000,18237,48.4923316135,-4.5038608298,309.3404
364740000,18238,48.4923317847,-4.503861144,309.3404
364760000,18239,48.4923319559,-4.5038614583,309.3404
364780000,18240,48.4923321271,-4.5038617725,309.3404
364800000,18241,48.4923322984,-4.5038620867,309.3404
364820000,18242,48.4923324696,-4.503862401,309.3404
364840000,18243,48.4923326408,-4.5038627152,309.3404
364860000,18244,48.492332812,-4.5038630295,309.3404
364880000,18245,48.4923329832,-4.5038633437,309.3404
364900000,18246,48.4923331544,-4.5038636579,309.3404
364920000,18247,48.4923333256,-4.5038639722,309.3404
364940000,18248,48.4923334968,-4.5038642864,309.3404
364960000,18249,48.492333668,-4.5038646007,309.3404
364980000,18250,48.4923338392,-4.5038649149,309.3404
365000000,18251,48.4923340104,-4.5038652291,309.3404
365020000,18252,48.4923341816,-4.5038655434,309.3404
365040000,18253,48.4923343528,-4.5038658576,309.3404
365060000,18254,48.492334524,-4.5038661719,309.3404
365080000,18255,48.4923346952,-4.5038664861,309.3404
365100000,18256,48.4923348664,-4.5038668003,309.3404
365120000,18257,48.4923350376,-4.5038671146,309.3404
365140000,18258,48.4923352088,-4.5038674288,309.3404
365160000,18259,48.49233538,-4.503867743,309.3404
365180000,18260,48.4923355512,-4.5038680573,309.3404
365200000,18261,48.4923357224,-4.5038683715,309.3404
365220000,18262,48.4923358937,-4.5038686858,309.3404
365240000,18263,48.4923360649,-4.503869,309.3404
365260000,18264,48.4923362361,-4.5038693142,309.3404
365280000,18265,48.4923364073,-4.5038696285,309.3404
365300000,18266,48.4923365785,-4.5038699427,309.3404
365320000,18267,48.4923367497,-4.503870257,309.3404
365340000,18268,48.4923369209,-4.5038705712,309.3404
365360000,18269,48.4923370921,-4.5038708854,309.3404
365380000,18270,48.4923372633,-4.5038711997,309.3404
365400000,18271,48.4923374345,-4.5038715139,309.3404
365420000,18272,48.4923376057,-4.5038718282,309.3404
365440000,18273,48.4923377769,-4.5038721424,309.3404
365460000,18274,48.4923379481,-4.5038724566,309.3404
365480000,18275,48.4923381193,-4.5038727709,309.3404
365500000,18276,48.4923382905,-4.5038730851,309.3404
365520000,18277,48.4923384617,-4.5038733994,309.3404
365540000,18278,48.4923386329,-4.5038737136,309.3404
365560000,18279,48.4923388041,-4.5038740278,309.3404
365580000,18280,48.4923389753,-4.5038743421,309.3404
365600000,18281,48.4923391465,-4.5038746563,309.3404
365620000,18282,48.4923393177,-4.5038749705,309.3404
365640000,18283,48.4923394889,-4.5038752848,309.3404
365660000,18284,48.4923396602,-4.503875599,309.3404
365680000,18285,48.4923398314,-4.5038759133,309.3404
365700000,18286,48.4923400026,-4.5038762275,309.3404
365720000,18287,48.4923401738,-4.5038765417,309.3404
365740000,18288,48.492340345,-4.503876856,309.3404
365760000,18289,48.4923405162,-4.5038771702,309.3404
365780000,18290,48.4923406874,-4.5038774845,309.3404
365800000,18291,48.4923408586,-4.5038777987,309.3404
365820000,18292,48.4923410298,-4.5038781129,309.3404
365840000,18293,48.492341201,-4.5038784272,309.3404
365860000,18294,48.4923413722,-4.5038787414,309.3404
365880000,18295,48.4923415434,-4.5038790557,309.3404
365900000,18296,48.4923417146,-4.5038793699,309.3404
365920000,18297,48.4923418858,-4.5038796841,309.3404
365940000,18298,48.492342057,-4.5038799984,309.3404
365960000,18299,48.4923422282,-4.5038803126,309.3404
365980000,18300,48.4923423994,-4.5038806269,309.3404
366000000,18301,48.4923425706,-4.5038809411,309.3404
366020000,18302,48.4923427418,-4.5038812553,309.3404
366040000,18303,48.492342913,-4.5038815696,309.3404
366060000,18304,48.4923430842,-4.5038818838,309.3404
366080000,18305,48.4923432554,-4.503882198,309.3404
366100000,18306,48.4923434267,-4.5038825123,309.3404
366120000,18307,48.4923435979,-4.5038828265,309.3404
366140000,18308,48.4923437691,-4.5038831408,309.3404
366160000,18309,48.4923439403,-4.503883455,309.3404
366180000,18310,48.4923441115,-4.5038837692,309.3404
366200000,18311,48.4923442827,-4.5038840835,309.3404
366220000,18312,48.4923444539,-4.5038843977,309.3404
366240000,18313,48.4923446251,-4.503884712,309.3404
366260000,18314,48.4923447963,-4.5038850262,309.3404
366280000,18315,48.4923449675,-4.5038853404,309.3404
366300000,18316,48.4923451387,-4.5038856547,309.3404
366320000,18317,48.4923453099,-4.5038859689,309.3404
366340000,18318,48.4923454811,-4.5038862832,309.3404
366360000,18319,48.4923456523,-4.5038865974,309.3404
366380000,18320,48.4923458235,-4.5038869116,309.3404
366400000,18321,48.4923459947,-4.5038872259,309.3404
366420000,18322,48.4923461659,-4.5038875401,309.3404
366440000,18323,48.4923463371,-4.5038878544,309.3404
366460000,18324,48.4923465083,-4.5038881686,309.3404
366480000,18325,48.4923466795,-4.5038884828,309.3404
366500000,18326,48.4923468507,-4.5038887971,309.3404
366520000,18327,48.4923470219,-4.5038891113,309.3404
366540000,18328,48.4923471932,-4.5038894255,309.3404
366560000,18329,48.4923473644,-4.5038897398,309.3404
366580000,18330,48.4923475356,-4.503890054,309.3404
366600000,18331,48.4923477068,-4.5038903683,309.3404
366620000,18332,48.492347878,-4.5038906825,309.3404
366640000,18333,48.4923480492,-4.5038909967,309.3404
366660000,18334,48.4923482204,-4.503891311,309.3404
366680000,18335,48.4923483916,-4.5038916252,309.3404
366700000,18336,48.4923485628,-4.5038919395,309.3404
366720000,18337,48.492348734,-4.5038922537,309.3404
366740000,18338,48.4923489052,-4.5038925679,309.3404
366760000,18339,48.4923490764,-4.5038928822,309.3404
366780000,18340,48.4923492476,-4.5038931964,309.3404
366800000,18341,48.4923494188,-4.5038935107,309.3404
366820000,18342,48.49234959,-4.5038938249,309.3404
366840000,18343,48.4923497612,-4.5038941391,309.3404
366860000,18344,48.4923499324,-4.5038944534,309.3404
366880000,18345,48.4923501036,-4.5038947676,309.3404
366900000,18346,48.4923502748,-4.5038950819,309.3404
366920000,18347,48.492350446,-4.5038953961,309.3404
366940000,18348,48.4923506172,-4.5038957103,309.3404
366960000,18349,48.4923507884,-4.5038960246,309.3404
366980000,18350,48.4923509597,-4.5038963388,309.3404
367000000,18351,48.4923511309,-4.503896653,309.3404
367020000,18352,48.4923513021,-4.5038969673,309.3404
367040000,18353,48.4923514733,-4.5038972815,309.3404
367060000,18354,48.4923516445,-4.5038975958,309.3404
367080000,18355,48.4923518157,-4.50389791,309.3404
367100000,18356,48.4923519869,-4.5038982242,309.3404
367120000,18357,48.4923521581,-4.5038985385,309.3404
367140000,18358,48.4923523293,-4.5038988527,309.3404
367160000,18359,48.4923525005,-4.503899167,309.3404
367180000,18360,48.4923526717,-4.5038994812,309.3404
367200000,18361,48.4923528429,-4.5038997954,309.3404
367220000,18362,48.4923530141,-4.5039001097,309.3404
367240000,18363,48.4923531853,-4.5039004239,309.3404
367260000,18364,48.4923533565,-4.5039007382,309.3404
367280000,18365,48.4923535277,-4.5039010524,309.3404
367300000,18366,48.4923536989,-4.5039013666,309.3404
367320000,18367,48.4923538701,-4.5039016809,309.3404
367340000,18368,48.4923540413,-4.5039019951,309.3404
367360000,18369,48.4923542125,-4.5039023094,309.3404
367380000,18370,48.4923543837,-4.5039026236,309.3404
367400000,18371,48.4923545549,-4.5039029378,309.3404
367420000,18372,48.4923547262,-4.5039032521,309.3404
367440000,18373,48.4923548974,-4.5039035663,309.3404
367460000,18374,48.4923550686,-4.5039038806,309.3404
367480000,18375,48.4923552398,-4.5039041948,309.3404
367500000,18376,48.492355411,-4.503904509,309.3404
367520000,18377,48.4923555822,-4.5039048233,309.3404
367540000,18378,48.4923557534,-4.5039051375,309.3404
367560000,18379,48.4923559246,-4.5039054517,309.3404
367580000,18380,48.4923560958,-4.503905766,309.3404
367600000,18381,48.492356267,-4.5039060802,309.3404
367620000,18382,48.4923564382,-4.5039063945,309.3404
367640000,18383,48.4923566094,-4.5039067087,309.3404
367660000,18384,48.4923567806,-4.5039070229,309.3404
367680000,18385,48.4923569518,-4.5039073372,309.3404
367700000,18386,48.492357123,-4.5039076514,309.3404
367720000,18387,48.4923572942,-4.5039079657,309.3404
367740000,18388,48.4923574654,-4.5039082799,309.3404
367760000,18389,48.4923576366,-4.5039085941,309.3404
367780000,18390,48.4923578078,-4.5039089084,309.3404
367800000,18391,48.492357979,-4.5039092226,309.3404
367820000,18392,48.4923581502,-4.5039095369,309.3404
367840000,18393,48.4923583214,-4.5039098511,309.3404
367860000,18394,48.4923584926,-4.5039101653,309.3404
367880000,18395,48.4923586639,-4.5039104796,309.3404
367900000,18396,48.4923588351,-4.5039107938,309.3404
367920000,18397,48.4923590063,-4.5039111081,309.3404
367940000,18398,48.4923591775,-4.5039114223,309.3404
367960000,18399,48.4923593487,-4.5039117365,309.3404
367980000,18400,48.4923595199,-4.5039120508,309.3404
368000000,18401,48.4923596911,-4.503912365,309.3404
368020000,18402,48.4923598623,-4.5039126793,309.3404
368040000,18403,48.4923600335,-4.5039129935,309.3404
368060000,18404,48.4923602047,-4.5039133077,309.3404
368080000,18405,48.4923603759,-4.503913622,309.3404
368100000,18406,48.4923605471,-4.5039139362,309.3404
368120000,18407,48.4923607183,-4.5039142505,309.3404
368140000,18408,48.4923608895,-4.5039145647,309.3404
368160000,18409,48.4923610607,-4.5039148789,309.3404
368180000,18410,48.4923612319,-4.5039151932,309.3404
368200000,18411,48.4923614031,-4.5039155074,309.3404
368220000,18412,48.4923615743,-4.5039158216,309.3404
368240000,18413,48.4923617455,-4.5039161359,309.3404
368260000,18414,48.4923619167,-4.5039164501,309.3404
368280000,18415,48.4923620879,-4.5039167644,309.3404
368300000,18416,48.4923622591,-4.5039170786,309.3404
368320000,18417,48.4923624304,-4.5039173928,309.3404
368340000,18418,48.4923626016,-4.5039177071,309.3404
368360000,18419,48.4923627728,-4.5039180213,309.3404
368380000,18420,48.492362944,-4.5039183356,309.3404
368400000,18421,48.4923631152,-4.5039186498,309.3404
368420000,18422,48.4923632864,-4.503918964,309.3404
368440000,18423,48.4923634576,-4.5039192783,309.3404
368460000,18424,48.4923636288,-4.5039195925,309.3404
368480000,18425,48.4923638,-4.5039199068,309.3404
368500000,18426,48.4923639712,-4.503920221,309.3404
368520000,18427,48.4923641424,-4.5039205352,309.3404
368540000,18428,48.4923643136,-4.5039208495,309.3404
368560000,18429,48.4923644848,-4.5039211637,309.3404
368580000,18430,48.492364656,-4.503921478,309.3404
368600000,18431,48.4923648272,-4.5039217922,309.3404
368620000,18432,48.4923649984,-4.5039221064,309.3404
368640000,18433,48.4923651696,-4.5039224207,309.3404
368660000,18434,48.4923653408,-4.5039227349,309.3404
368680000,18435,48.492365512,-4.5039230492,309.3404
368700000,18436,48.4923656832,-4.5039233634,309.3404
368720000,18437,48.4923658544,-4.5039236776,309.3404
368740000,18438,48.4923660256,-4.5039239919,309.3404
368760000,18439,48.4923661969,-4.5039243061,309.3404
368780000,18440,48.4923663681,-4.5039246204,309.3404
368800000,18441,48.4923665393,-4.5039249346,309.3404
368820000,18442,48.4923667105,-4.5039252488,309.3404
368840000,18443,48.4923668817,-4.5039255631,309.3404
368860000,18444,48.4923670529,-4.5039258773,309.3404
368880000,18445,48.4923672241,-4.5039261915,309.3404
368900000,18446,48.4923673953,-4.5039265058,309.3404
368920000,18447,48.4923675665,-4.50392682,309.3404
368940000,18448,48.4923677377,-4.5039271343,309.3404
368960000,18449,48.4923679089,-4.5039274485,309.3404
368980000,18450,48.4923680801,-4.5039277627,309.3404
369000000,18451,48.4923682513,-4.503928077,309.3404
369020000,18452,48.4923684225,-4.5039283912,309.3404
369040000,18453,48.4923685937,-4.5039287055,309.3404
369060000,18454,48.4923687649,-4.5039290197,309.3404
369080000,18455,48.4923689361,-4.5039293339,309.3404
369100000,18456,48.4923691073,-4.5039296482,309.3404
369120000,18457,48.4923692785,-4.5039299624,309.3404
369140000,18458,48.4923694497,-4.5039302767,309.3404
369160000,18459,48.4923696209,-4.5039305909,309.3404
369180000,18460,48.4923697921,-4.5039309051,309.3404
369200000,18461,48.4923699633,-4.5039312194,309.3404
369220000,18462,48.4923701346,-4.5039315336,309.3404
369240000,18463,48.4923703058,-4.5039318479,309.3404
369260000,18464,48.492370477,-4.5039321621,309.3404
369280000,18465,48.4923706482,-4.5039324763,309.3404
369300000,18466,48.4923708194,-4.5039327906,309.3404
369320000,18467,48.4923709906,-4.5039331048,309.3404
369340000,18468,48.4923711618,-4.5039334191,309.3404
369360000,18469,48.492371333,-4.5039337333,309.3404
369380000,18470,48.4923715042,-4.5039340475,309.3404
369400000,18471,48.4923716754,-4.5039343618,309.3404
369420000,18472,48.4923718466,-4.503934676,309.3404
369440000,18473,48.4923720178,-4.5039349903,309.3404
369460000,18474,48.492372189,-4.5039353045,309.3404
369480000,18475,48.4923723602,-4.5039356187,309.3404
369500000,18476,48.4923725314,-4.503935933,309.3404
369520000,18477,48.4923727026,-4.5039362472,309.3404
369540000,18478,48.4923728738,-4.5039365614,309.3404
369560000,18479,48.492373045,-4.5039368757,309.3404
369580000,18480,48.4923732162,-4.5039371899,309.3404
369600000,18481,48.4923733874,-4.5039375042,309.3404
369620000,18482,48.4923735586,-4.5039378184,309.3404
369640000,18483,48.4923737298,-4.5039381326,309.3404
369660000,18484,48.4923739011,-4.5039384469,309.3404
369680000,18485,48.4923740723,-4.5039387611,309.3404
369700000,18486,48.4923742435,-4.5039390754,309.3404
369720000,18487,48.4923744147,-4.5039393896,309.3404
369740000,18488,48.4923745859,-4.5039397038,309.3404
369760000,18489,48.4923747571,-4.5039400181,309.3404
369780000,18490,48.4923749283,-4.5039403323,309.3404
369800000,18491,48.4923750995,-4.5039406466,309.3404
369820000,18492,48.4923752707,-4.5039409608,309.3404
369840000,18493,48.4923754419,-4.503941275,309.3404
369860000,18494,48.4923756131,-4.5039415893,309.3404
369880000,18495,48.4923757843,-4.5039419035,309.3404
369900000,18496,48.4923759555,-4.5039422178,309.3404
369920000,18497,48.4923761267,-4.503942532,309.3404
369940000,18498,48.4923762979,-4.5039428462,309.3404
369960000,18499,48.4923764691,-4.5039431605,309.3404
369980000,18500,48.4923766403,-4.5039434747,309.3404
370000000,18501,48.4923768115,-4.503943789,309.3404
370020000,18502,48.4923769827,-4.5039441032,309.3404
370040000,18503,48.4923771539,-4.5039444174,309.3404
370060000,18504,48.4923773251,-4.5039447317,309.3404
370080000,18505,48.4923774963,-4.5039450459,309.3404
370100000,18506,48.4923776675,-4.5039453602,309.3404
370120000,18507,48.4923778388,-4.5039456744,309.3404
370140000,18508,48.49237801,-4.5039459886,309.3404
370160000,18509,48.4923781812,-4.5039463029,309.3404
370180000,18510,48.4923783524,-4.5039466171,309.3404
370200000,18511,48.4923785236,-4.5039469314,309.3404
370220000,18512,48.4923786948,-4.5039472456,309.3404
370240000,18513,48.492378866,-4.5039475598,309.3404
370260000,18514,48.4923790372,-4.5039478741,309.3404
370280000,18515,48.4923792084,-4.5039481883,309.3404
370300000,18516,48.4923793796,-4.5039485026,309.3404
370320000,18517,48.4923795508,-4.5039488168,309.3404
370340000,18518,48.492379722,-4.503949131,309.3404
370360000,18519,48.4923798932,-4.5039494453,309.3404
370380000,18520,48.4923800644,-4.5039497595,309.3404
370400000,18521,48.4923802356,-4.5039500738,309.3404
370420000,18522,48.4923804068,-4.503950388,309.3404
370440000,18523,48.492380578,-4.5039507022,309.3404
370460000,18524,48.4923807492,-4.5039510165,309.3404
370480000,18525,48.4923809204,-4.5039513307,309.3404
370500000,18526,48.4923810916,-4.5039516449,309.3404
370520000,18527,48.4923812628,-4.5039519592,309.3404
370540000,18528,48.492381434,-4.5039522734,309.3404
370560000,18529,48.4923816052,-4.5039525877,309.3404
370580000,18530,48.4923817765,-4.5039529019,309.3404
370600000,18531,48.4923819477,-4.5039532161,309.3404
370620000,18532,48.4923821189,-4.5039535304,309.3404
370640000,18533,48.4923822901,-4.5039538446,309.3404
370660000,18534,48.4923824613,-4.5039541589,309.3404
370680000,18535,48.4923826325,-4.5039544731,309.3404
370700000,18536,48.4923828037,-4.5039547873,309.3404
370720000,18537,48.4923829749,-4.5039551016,309.3404
370740000,18538,48.4923831461,-4.5039554158,309.3404
370760000,18539,48.4923833173,-4.5039557301,309.3404
370780000,18540,48.4923834885,-4.5039560443,309.3404
370800000,18541,48.4923836597,-4.5039563585,309.3404
370820000,18542,48.4923838309,-4.5039566728,309.3404
370840000,18543,48.4923840021,-4.503956987,309.3404
370860000,18544,48.4923841733,-4.5039573013,309.3404
370880000,18545,48.4923843445,-4.5039576155,309.3404
370900000,18546,48.4923845157,-4.5039579297,309.3404
370920000,18547,48.4923846869,-4.503958244,309.3404
370940000,18548,48.4923848581,-4.5039585582,309.3404
370960000,18549,48.4923850293,-4.5039588725,309.3404
370980000,18550,48.4923852005,-4.5039591867,309.3404
371000000,18551,48.4923853717,-4.5039595009,309.3404
371020000,18552,48.4923855429,-4.5039598152,309.3404
371040000,18553,48.4923857142,-4.5039601294,309.3404
371060000,18554,48.4923858854,-4.5039604437,309.3404
371080000,18555,48.4923860566,-4.5039607579,309.3404
371100000,18556,48.4923862278,-4.5039610721,309.3404
371120000,18557,48.492386399,-4.5039613864,309.3404
371140000,18558,48.4923865702,-4.5039617006,309.3404
371160000,18559,48.4923867414,-4.5039620149,309.3404
371180000,18560,48.4923869126,-4.5039623291,309.3404
371200000,18561,48.4923870838,-4.5039626433,309.3404
371220000,18562,48.492387255,-4.5039629576,309.3404
371240000,18563,48.4923874262,-4.5039632718,309.3404
371260000,18564,48.4923875974,-4.5039635861,309.3404
371280000,18565,48.4923877686,-4.5039639003,309.3404
371300000,18566,48.4923879398,-4.5039642145,309.3404
371320000,18567,48.492388111,-4.5039645288,309.3404
371340000,18568,48.4923882822,-4.503964843,309.3404
371360000,18569,48.4923884534,-4.5039651573,309.3404
371380000,18570,48.4923886246,-4.5039654715,309.3404
371400000,18571,48.4923887958,-4.5039657857,309.3404
371420000,18572,48.492388967,-4.5039661,309.3404
371440000,18573,48.4923891382,-4.5039664142,309.3404
371460000,18574,48.4923893094,-4.5039667285,309.3404
371480000,18575,48.4923894806,-4.5039670427,309.3404
371500000,18576,48.4923896519,-4.5039673569,309.3404
371520000,18577,48.4923898231,-4.5039676712,309.3404
371540000,18578,48.4923899943,-4.5039679854,309.3404
371560000,18579,48.4923901655,-4.5039682997,309.3404
371580000,18580,48.4923903367,-4.5039686139,309.3404
371600000,18581,48.4923905079,-4.5039689281,309.3404
371620000,18582,48.4923906791,-4.5039692424,309.3404
371640000,18583,48.4923908503,-4.5039695566,309.3404
371660000,18584,48.4923910215,-4.5039698708,309.3404
371680000,18585,48.4923911927,-4.5039701851,309.3404
371700000,18586,48.4923913639,-4.5039704993,309.3404
371720000,18587,48.4923915351,-4.5039708136,309.3404
371740000,18588,48.4923917063,-4.5039711278,309.3404
371760000,18589,48.4923918775,-4.503971442,309.3404
371780000,18590,48.4923920487,-4.5039717563,309.3404
371800000,18591,48.4923922199,-4.5039720705,309.3404
371820000,18592,48.4923923911,-4.5039723848,309.3404
371840000,18593,48.4923925623,-4.503972699,309.3404
371860000,18594,48.4923927335,-4.5039730132,309.3404
371880000,18595,48.4923929047,-4.5039733275,309.3404
371900000,18596,48.4923930759,-4.5039736417,309.3404
371920000,18597,48.4923932471,-4.503973956,309.3404
371940000,18598,48.4923934183,-4.5039742702,309.3404
371960000,18599,48.4923935896,-4.5039745844,309.3404
371980000,18600,48.4923937608,-4.5039748987,309.3404
372000000,18601,48.492393932,-4.5039752129,309.3404
372020000,18602,48.4923941032,-4.5039755272,309.3404
372040000,18603,48.4923942744,-4.5039758414,309.3404
372060000,18604,48.4923944456,-4.5039761556,309.3404
372080000,18605,48.4923946168,-4.5039764699,309.3404
372100000,18606,48.492394788,-4.5039767841,309.3404
372120000,18607,48.4923949592,-4.5039770984,309.3404
372140000,18608,48.4923951304,-4.5039774126,309.3404
372160000,18609,48.4923953016,-4.5039777268,309.3404
372180000,18610,48.4923954728,-4.5039780411,309.3404
372200000,18611,48.492395644,-4.5039783553,309.3404
372220000,18612,48.4923958152,-4.5039786696,309.3404
372240000,18613,48.4923959864,-4.5039789838,309.3404
372260000,18614,48.4923961576,-4.503979298,309.3404
372280000,18615,48.4923963288,-4.5039796123,309.3404
372300000,18616,48.4923965,-4.5039799265,309.3404
372320000,18617,48.4923966712,-4.5039802408,309.3404
372340000,18618,48.4923968424,-4.503980555,309.3404
372360000,18619,48.4923970136,-4.5039808692,309.3404
372380000,18620,48.4923971848,-4.5039811835,309.3404
372400000,18621,48.492397356,-4.5039814977,309.3404
372420000,18622,48.4923975272,-4.503981812,309.3404
372440000,18623,48.4923976985,-4.5039821262,309.3404
372460000,18624,48.4923978697,-4.5039824404,309.3404
372480000,18625,48.4923980409,-4.5039827547,309.3404
372500000,18626,48.4923982121,-4.5039830689,309.3404
372520000,18627,48.4923983833,-4.5039833832,309.3404
372540000,18628,48.4923985545,-4.5039836974,309.3404
372560000,18629,48.4923987257,-4.5039840116,309.3404
372580000,18630,48.4923988969,-4.5039843259,309.3404
372600000,18631,48.4923990681,-4.5039846401,309.3404
372620000,18632,48.4923992393,-4.5039849544,309.3404
372640000,18633,48.4923994105,-4.5039852686,309.3404
372660000,18634,48.4923995817,-4.5039855828,309.3404
372680000,18635,48.4923997529,-4.5039858971,309.3404
372700000,18636,48.4923999241,-4.5039862113,309.3404
372720000,18637,48.4924000953,-4.5039865256,309.3404
372740000,18638,48.4924002665,-4.5039868398,309.3404
372760000,18639,48.4924004377,-4.503987154,309.3404
372780000,18640,48.4924006089,-4.5039874683,309.3404
372800000,18641,48.4924007801,-4.5039877825,309.3404
372820000,18642,48.4924009513,-4.5039880968,309.3404
372840000,18643,48.4924011225,-4.503988411,309.3404
372860000,18644,48.4924012937,-4.5039887252,309.3404
372880000,18645,48.4924014649,-4.5039890395,309.3404
372900000,18646,48.4924016362,-4.5039893537,309.3404
372920000,18647,48.4924018074,-4.503989668,309.3404
372940000,18648,48.4924019786,-4.5039899822,309.3404
372960000,18649,48.4924021498,-4.5039902964,309.3404
372980000,18650,48.492402321,-4.5039906107,309.3404
373000000,18651,48.4924024922,-4.5039909249,309.3404
373020000,18652,48.4924026634,-4.5039912392,309.3404
373040000,18653,48.4924028346,-4.5039915534,309.3404
373060000,18654,48.4924030058,-4.5039918676,309.3404
373080000,18655,48.492403177,-4.5039921819,309.3404
373100000,18656,48.4924033482,-4.5039924961,309.3404
373120000,18657,48.4924035194,-4.5039928104,309.3404
373140000,18658,48.4924036906,-4.5039931246,309.3404
373160000,18659,48.4924038618,-4.5039934388,309.3404
373180000,18660,48.492404033,-4.5039937531,309.3404
373200000,18661,48.4924042042,-4.5039940673,309.3404
373220000,18662,48.4924043754,-4.5039943816,309.3404
373240000,18663,48.4924045466,-4.5039946958,309.3404
373260000,18664,48.4924047178,-4.50399501,309.3404
373280000,18665,48.492404889,-4.5039953243,309.3404
373300000,18666,48.4924050602,-4.5039956385,309.3404
373320000,18667,48.4924052314,-4.5039959528,309.3404
373340000,18668,48.4924054026,-4.503996267,309.3404
373360000,18669,48.4924055739,-4.5039965812,309.3404
373380000,18670,48.4924057451,-4.5039968955,309.3404
373400000,18671,48.4924059163,-4.5039972097,309.3404
373420000,18672,48.4924060875,-4.503997524,309.3404
373440000,18673,48.4924062587,-4.5039978382,309.3404
373460000,18674,48.4924064299,-4.5039981524,309.3404
373480000,18675,48.4924066011,-4.5039984667,309.3404
373500000,18676,48.4924067723,-4.5039987809,309.3404
373520000,18677,48.4924069435,-4.5039990952,309.3404
373540000,18678,48.4924071147,-4.5039994094,309.3404
373560000,18679,48.4924072859,-4.5039997236,309.3404
373580000,18680,48.4924074571,-4.5040000379,309.3404
373600000,18681,48.4924076283,-4.5040003521,309.3404
373620000,18682,48.4924077995,-4.5040006664,309.3404
373640000,18683,48.4924079707,-4.5040009806,309.3404
373660000,18684,48.4924081419,-4.5040012948,309.3404
373680000,18685,48.4924083131,-4.5040016091,309.3404
373700000,18686,48.4924084843,-4.5040019233,309.3404
373720000,18687,48.4924086555,-4.5040022376,309.3404
373740000,18688,48.4924088267,-4.5040025518,309.3404
373760000,18689,48.4924089979,-4.504002866,309.3404
373780000,18690,48.4924091691,-4.5040031803,309.3404
373800000,18691,48.4924093403,-4.5040034945,309.3404
373820000,18692,48.4924095115,-4.5040038088,309.3404
373840000,18693,48.4924096828,-4.504004123,309.3404
373860000,18694,48.492409854,-4.5040044372,309.3404
373880000,18695,48.4924100252,-4.5040047515,309.3404
373900000,18696,48.4924101964,-4.5040050657,309.3404
373920000,18697,48.4924103676,-4.50400538,309.3404
373940000,18698,48.4924105388,-4.5040056942,309.3404
373960000,18699,48.49241071,-4.5040060084,309.3404
373980000,18700,48.4924108812,-4.5040063227,309.3404
374000000,18701,48.4924110524,-4.5040066369,309.3404
374020000,18702,48.4924112236,-4.5040069512,309.3404
374040000,18703,48.4924113948,-4.5040072654,309.3404
374060000,18704,48.492411566,-4.5040075796,309.3404
374080000,18705,48.4924117372,-4.5040078939,309.3404
374100000,18706,48.4924119084,-4.5040082081,309.3404
374120000,18707,48.4924120796,-4.5040085224,309.3404
374140000,18708,48.4924122508,-4.5040088366,309.3404
374160000,18709,48.492412422,-4.5040091508,309.3404
374180000,18710,48.4924125932,-4.5040094651,309.3404
374200000,18711,48.4924127644,-4.5040097793,309.3404
374220000,18712,48.4924129356,-4.5040100936,309.3404
374240000,18713,48.4924131068,-4.5040104078,309.3404
374260000,18714,48.492413278,-4.504010722,309.3404
374280000,18715,48.4924134492,-4.5040110363,309.3404
374300000,18716,48.4924136204,-4.5040113505,309.3404
374320000,18717,48.4924137917,-4.5040116648,309.3404
374340000,18718,48.4924139629,-4.504011979,309.3404
374360000,18719,48.4924141341,-4.5040122932,309.3404
374380000,18720,48.4924143053,-4.5040126075,309.3404
374400000,18721,48.4924144765,-4.5040129217,309.3404
374420000,18722,48.4924146477,-4.504013236,309.3404
374440000,18723,48.4924148189,-4.5040135502,309.3404
374460000,18724,48.4924149901,-4.5040138644,309.3404
374480000,18725,48.4924151613,-4.5040141787,309.3404
374500000,18726,48.4924153325,-4.5040144929,309.3404
374520000,18727,48.4924155037,-4.5040148072,309.3404
374540000,18728,48.4924156749,-4.5040151214,309.3404
374560000,18729,48.4924158461,-4.5040154356,309.3404
374580000,18730,48.4924160173,-4.5040157499,309.3404
374600000,18731,48.4924161885,-4.5040160641,309.3404
374620000,18732,48.4924163597,-4.5040163784,309.3404
374640000,18733,48.4924165309,-4.5040166926,309.3404
374660000,18734,48.4924167021,-4.5040170068,309.3404
374680000,18735,48.4924168733,-4.5040173211,309.3404
374700000,18736,48.4924170445,-4.5040176353,309.3404
374720000,18737,48.4924172157,-4.5040179496,309.3404
374740000,18738,48.4924173869,-4.5040182638,309.3404
374760000,18739,48.4924175581,-4.504018578,309.3404
374780000,18740,48.4924177293,-4.5040188923,309.3404
374800000,18741,48.4924179006,-4.5040192065,309.3404
374820000,18742,48.4924180718,-4.5040195208,309.3404
374840000,18743,48.492418243,-4.504019835,309.3404
374860000,18744,48.4924184142,-4.5040201492,309.3404
374880000,18745,48.4924185854,-4.5040204635,309.3404
374900000,18746,48.4924187566,-4.5040207777,309.3404
374920000,18747,48.4924189278,-4.504021092,309.3404
374940000,18748,48.492419099,-4.5040214062,309.3404
374960000,18749,48.4924192702,-4.5040217204,309.3404
374980000,18750,48.4924194414,-4.5040220347,309.3404
375000000,18751,48.4924196126,-4.5040223489,309.3404
375020000,18752,48.4924197838,-4.5040226632,309.3404
375040000,18753,48.492419955,-4.5040229774,309.3404
375060000,18754,48.4924201262,-4.5040232916,309.3404
375080000,18755,48.4924202974,-4.5040236059,309.3404
375100000,18756,48.4924204686,-4.5040239201,309.3404
375120000,18757,48.4924206398,-4.5040242344,309.3404
375140000,18758,48.492420811,-4.5040245486,309.3404
375160000,18759,48.4924209822,-4.5040248628,309.3404
375180000,18760,48.4924211534,-4.5040251771,309.3404
375200000,18761,48.4924213246,-4.5040254913,309.3404
375220000,18762,48.4924214958,-4.5040258056,309.3404
375240000,18763,48.492421667,-4.5040261198,309.3404
375260000,18764,48.4924218382,-4.504026434,309.3404
375280000,18765,48.4924220095,-4.5040267483,309.3404
375300000,18766,48.4924221807,-4.5040270625,309.3404
375320000,18767,48.4924223519,-4.5040273768,309.3404
375340000,18768,48.4924225231,-4.504027691,309.3404
375360000,18769,48.4924226943,-4.5040280052,309.3404
375380000,18770,48.4924228655,-4.5040283195,309.3404
375400000,18771,48.4924230367,-4.5040286337,309.3404
375420000,18772,48.4924232079,-4.504028948,309.3404
375440000,18773,48.4924233791,-4.5040292622,309.3404
375460000,18774,48.4924235503,-4.5040295764,309.3404
375480000,18775,48.4924237215,-4.5040298907,309.3404
375500000,18776,48.4924238927,-4.5040302049,309.3404
375520000,18777,48.4924240639,-4.5040305192,309.3404
375540000,18778,48.4924242351,-4.5040308334,309.3404
375560000,18779,48.4924244063,-4.5040311476,309.3404
375580000,18780,48.4924245775,-4.5040314619,309.3404
375600000,18781,48.4924247487,-4.5040317761,309.3404
375620000,18782,48.4924249199,-4.5040320904,309.3404
375640000,18783,48.4924250911,-4.5040324046,309.3404
375660000,18784,48.4924252623,-4.5040327188,309.3404
375680000,18785,48.4924254335,-4.5040330331,309.3404
375700000,18786,48.4924256047,-4.5040333473,309.3404
375720000,18787,48.4924257759,-4.5040336616,309.3404
375740000,18788,48.4924259471,-4.5040339758,309.3404
375760000,18789,48.4924261184,-4.50403429,309.3404
375780000,18790,48.4924262896,-4.5040346043,309.3404
375800000,18791,48.4924264608,-4.5040349185,309.3404
375820000,18792,48.492426632,-4.5040352328,309.3404
375840000,18793,48.4924268032,-4.504035547,309.3404
375860000,18794,48.4924269744,-4.5040358612,309.3404
375880000,18795,48.4924271456,-4.5040361755,309.3404
375900000,18796,48.4924273168,-4.5040364897,309.3404
375920000,18797,48.492427488,-4.504036804,309.3404
375940000,18798,48.4924276592,-4.5040371182,309.3404
375960000,18799,48.4924278304,-4.5040374324,309.3404
375980000,18800,48.4924280016,-4.5040377467,309.3404
376000000,18801,48.4924281728,-4.5040380609,309.3404
376020000,18802,48.492428344,-4.5040383752,309.3404
376040000,18803,48.4924285152,-4.5040386894,309.3404
376060000,18804,48.4924286864,-4.5040390036,309.3404
376080000,18805,48.4924288576,-4.5040393179,309.3404
376100000,18806,48.4924290288,-4.5040396321,309.3404
376120000,18807,48.4924292,-4.5040399464,309.3404
376140000,18808,48.4924293712,-4.5040402606,309.3404
376160000,18809,48.4924295424,-4.5040405748,309.3404
376180000,18810,48.4924297136,-4.5040408891,309.3404
376200000,18811,48.4924298848,-4.5040412033,309.3404
376220000,18812,48.492430056,-4.5040415176,309.3404
376240000,18813,48.4924302273,-4.5040418318,309.3404
376260000,18814,48.4924303985,-4.504042146,309.3404
376280000,18815,48.4924305697,-4.5040424603,309.3404
376300000,18816,48.4924307409,-4.5040427745,309.3404
376320000,18817,48.4924309121,-4.5040430888,309.3404
376340000,18818,48.4924310833,-4.504043403,309.3404
376360000,18819,48.4924312545,-4.5040437172,309.3404
376380000,18820,48.4924314257,-4.5040440315,309.3404
376400000,18821,48.4924315969,-4.5040443457,309.3404
376420000,18822,48.4924317681,-4.50404466,309.3404
376440000,18823,48.4924319393,-4.5040449742,309.3404
376460000,18824,48.4924321105,-4.5040452884,309.3404
376480000,18825,48.4924322817,-4.5040456027,309.3404
376500000,18826,48.4924324529,-4.5040459169,309.3404
376520000,18827,48.4924326241,-4.5040462312,309.3404
376540000,18828,48.4924327953,-4.5040465454,309.3404
376560000,18829,48.4924329665,-4.5040468596,309.3404
376580000,18830,48.4924331377,-4.5040471739,309.3404
376600000,18831,48.4924333089,-4.5040474881,309.3404
376620000,18832,48.4924334801,-4.5040478024,309.3404
376640000,18833,48.4924336513,-4.5040481166,309.3404
376660000,18834,48.4924338225,-4.5040484308,309.3404
