timestamp,index,latitude,longitude,heading
0,1,48.4924336817,-4.5045118363,144.3404
20000,2,48.4924334623,-4.5045115994,144.3404
40000,3,48.4924332428,-4.5045113626,144.3404
60000,4,48.4924330234,-4.5045111257,144.3404
80000,5,48.492432804,-4.5045108888,144.3404
100000,6,48.4924325846,-4.504510652,144.3404
120000,7,48.4924323651,-4.5045104151,144.3404
140000,8,48.4924321457,-4.5045101782,144.3404
160000,9,48.4924319263,-4.5045099413,144.3404
180000,10,48.4924317068,-4.5045097045,144.3404
200000,11,48.4924314874,-4.5045094676,144.3404
220000,12,48.492431268,-4.5045092307,144.3404
240000,13,48.4924310486,-4.5045089939,144.3404
260000,14,48.4924308291,-4.504508757,144.3404
280000,15,48.4924306097,-4.5045085201,144.3404
300000,16,48.4924303903,-4.5045082833,144.3404
320000,17,48.4924301708,-4.5045080464,144.3404
340000,18,48.4924299514,-4.5045078095,144.3404
360000,19,48.492429732,-4.5045075726,144.3404
380000,20,48.4924295125,-4.5045073358,144.3404
400000,21,48.4924292931,-4.5045070989,144.3404
420000,22,48.4924290737,-4.504506862,144.3404
440000,23,48.4924288543,-4.5045066252,144.3404
460000,24,48.4924286348,-4.5045063883,144.3404
480000,25,48.4924284154,-4.5045061514,144.3404
500000,26,48.492428196,-4.5045059146,144.3404
520000,27,48.4924279765,-4.5045056777,144.3404
540000,28,48.4924277571,-4.5045054408,144.3404
560000,29,48.4924275377,-4.5045052039,144.3404
580000,30,48.4924273183,-4.5045049671,144.3404
600000,31,48.4924270988,-4.5045047302,144.3404
620000,32,48.4924268794,-4.5045044933,144.3404
640000,33,48.49242666,-4.5045042565,144.3404
660000,34,48.4924264405,-4.5045040196,144.3404
680000,35,48.4924262211,-4.5045037827,144.3404
700000,36,48.4924260017,-4.5045035459,144.3404
720000,37,48.4924257823,-4.504503309,144.3404
740000,38,48.4924255628,-4.5045030721,144.3404
760000,39,48.4924253434,-4.5045028352,144.3404
780000,40,48.492425124,-4.5045025984,144.3404
800000,41,48.4924249045,-4.5045023615,144.3404
820000,42,48.4924246851,-4.5045021246,144.3404
840000,43,48.4924244657,-4.5045018878,144.3404
860000,44,48.4924242463,-4.5045016509,144.3404
880000,45,48.4924240268,-4.504501414,144.3404
900000,46,48.4924238074,-4.5045011772,144.3404
920000,47,48.492423588,-4.5045009403,144.3404
940000,48,48.4924233685,-4.5045007034,144.3404
960000,49,48.4924231491,-4.5045004666,144.3404
980000,50,48.4924229297,-4.5045002297,144.3404
1000000,51,48.4924227103,-4.5044999928,144.3404
1020000,52,48.4924224908,-4.5044997559,144.3404
1040000,53,48.4924222714,-4.5044995191,144.3404
1060000,54,48.492422052,-4.5044992822,144.3404
1080000,55,48.4924218325,-4.5044990453,144.3404
1100000,56,48.4924216131,-4.5044988085,144.3404
1120000,57,48.4924213937,-4.5044985716,144.3404
1140000,58,48.4924211743,-4.5044983347,144.3404
1160000,59,48.4924209548,-4.5044980979,144.3404
1180000,60,48.4924207354,-4.504497861,144.3404
1200000,61,48.492420516,-4.5044976241,144.3404
1220000,62,48.4924202965,-4.5044973872,144.3404
1240000,63,48.4924200771,-4.5044971504,144.3404
1260000,64,48.4924198577,-4.5044969135,144.3404
1280000,65,48.4924196382,-4.5044966766,144.3404
1300000,66,48.4924194188,-4.5044964398,144.3404
1320000,67,48.4924191994,-4.5044962029,144.3404
1340000,68,48.49241898,-4.504495966,144.3404
1360000,69,48.4924187605,-4.5044957292,144.3404
1380000,70,48.4924185411,-4.5044954923,144.3404
1400000,71,48.4924183217,-4.5044952554,144.3404
1420000,72,48.4924181022,-4.5044950185,144.3404
1440000,73,48.4924178828,-4.5044947817,144.3404
1460000,74,48.4924176634,-4.5044945448,144.3404
1480000,75,48.492417444,-4.5044943079,144.3404
1500000,76,48.4924172245,-4.5044940711,144.3404
1520000,77,48.4924170051,-4.5044938342,144.3404
1540000,78,48.4924167857,-4.5044935973,144.3404
1560000,79,48.4924165662,-4.5044933605,144.3404
1580000,80,48.4924163468,-4.5044931236,144.3404
1600000,81,48.4924161274,-4.5044928867,144.3404
1620000,82,48.492415908,-4.5044926499,144.3404
1640000,83,48.4924156885,-4.504492413,144.3404
1660000,84,48.4924154691,-4.5044921761,144.3404
1680000,85,48.4924152497,-4.5044919392,144.3404
1700000,86,48.4924150302,-4.5044917024,144.3404
1720000,87,48.4924148108,-4.5044914655,144.3404
1740000,88,48.4924145914,-4.5044912286,144.3404
1760000,89,48.492414372,-4.5044909918,144.3404
1780000,90,48.4924141525,-4.5044907549,144.3404
1800000,91,48.4924139331,-4.504490518,144.3404
1820000,92,48.4924137137,-4.5044902812,144.3404
1840000,93,48.4924134942,-4.5044900443,144.3404
1860000,94,48.4924132748,-4.5044898074,144.3404
1880000,95,48.4924130554,-4.5044895705,144.3404
1900000,96,48.492412836,-4.5044893337,144.3404
1920000,97,48.4924126165,-4.5044890968,144.3404
1940000,98,48.4924123971,-4.5044888599,144.3404
1960000,99,48.4924121777,-4.5044886231,144.3404
1980000,100,48.4924119582,-4.5044883862,144.3404
2000000,101,48.4924117388,-4.5044881493,144.3404
2020000,102,48.4924115194,-4.5044879125,144.3404
2040000,103,48.4924112999,-4.5044876756,144.3404
2060000,104,48.4924110805,-4.5044874387,144.3404
2080000,105,48.4924108611,-4.5044872018,144.3404
2100000,106,48.4924106417,-4.504486965,144.3404
2120000,107,48.4924104222,-4.5044867281,144.3404
2140000,108,48.4924102028,-4.5044864912,144.3404
2160000,109,48.4924099834,-4.5044862544,144.3404
2180000,110,48.4924097639,-4.5044860175,144.3404
2200000,111,48.4924095445,-4.5044857806,144.3404
2220000,112,48.4924093251,-4.5044855438,144.3404
2240000,113,48.4924091057,-4.5044853069,144.3404
2260000,114,48.4924088862,-4.50448507,144.3404
2280000,115,48.4924086668,-4.5044848332,144.3404
2300000,116,48.4924084474,-4.5044845963,144.3404
2320000,117,48.4924082279,-4.5044843594,144.3404
2340000,118,48.4924080085,-4.5044841225,144.3404
2360000,119,48.4924077891,-4.5044838857,144.3404
2380000,120,48.4924075697,-4.5044836488,144.3404
2400000,121,48.4924073502,-4.5044834119,144.3404
2420000,122,48.4924071308,-4.5044831751,144.3404
2440000,123,48.4924069114,-4.5044829382,144.3404
2460000,124,48.4924066919,-4.5044827013,144.3404
2480000,125,48.4924064725,-4.5044824645,144.3404
2500000,126,48.4924062531,-4.5044822276,144.3404
2520000,127,48.4924060337,-4.5044819907,144.3404
2540000,128,48.4924058142,-4.5044817538,144.3404
2560000,129,48.4924055948,-4.504481517,144.3404
2580000,130,48.4924053754,-4.5044812801,144.3404
2600000,131,48.4924051559,-4.5044810432,144.3404
2620000,132,48.4924049365,-4.5044808064,144.3404
2640000,133,48.4924047171,-4.5044805695,144.3404
2660000,134,48.4924044977,-4.5044803326,144.3404
2680000,135,48.4924042782,-4.5044800958,144.3404
2700000,136,48.4924040588,-4.5044798589,144.3404
2720000,137,48.4924038394,-4.504479622,144.3404
2740000,138,48.4924036199,-4.5044793852,144.3404
2760000,139,48.4924034005,-4.5044791483,144.3404
2780000,140,48.4924031811,-4.5044789114,144.3404
2800000,141,48.4924029616,-4.5044786745,144.3404
2820000,142,48.4924027422,-4.5044784377,144.3404
2840000,143,48.4924025228,-4.5044782008,144.3404
2860000,144,48.4924023034,-4.5044779639,144.3404
2880000,145,48.4924020839,-4.5044777271,144.3404
2900000,146,48.4924018645,-4.5044774902,144.3404
2920000,147,48.4924016451,-4.5044772533,144.3404
2940000,148,48.4924014256,-4.5044770165,144.3404
2960000,149,48.4924012062,-4.5044767796,144.3404
2980000,150,48.4924009868,-4.5044765427,144.3404
3000000,151,48.4924007674,-4.5044763058,144.3404
3020000,152,48.4924005479,-4.504476069,144.3404
3040000,153,48.4924003285,-4.5044758321,144.3404
3060000,154,48.4924001091,-4.5044755952,144.3404
3080000,155,48.4923998896,-4.5044753584,144.3404
3100000,156,48.4923996702,-4.5044751215,144.3404
3120000,157,48.4923994508,-4.5044748846,144.3404
3140000,158,48.4923992314,-4.5044746478,144.3404
3160000,159,48.4923990119,-4.5044744109,144.3404
3180000,160,48.4923987925,-4.504474174,144.3404
3200000,161,48.4923985731,-4.5044739372,144.3404
3220000,162,48.4923983536,-4.5044737003,144.3404
3240000,163,48.4923981342,-4.5044734634,144.3404
3260000,164,48.4923979148,-4.5044732265,144.3404
3280000,165,48.4923976954,-4.5044729897,144.3404
3300000,166,48.4923974759,-4.5044727528,144.3404
3320000,167,48.4923972565,-4.5044725159,144.3404
3340000,168,48.4923970371,-4.5044722791,144.3404
3360000,169,48.4923968176,-4.5044720422,144.3404
3380000,170,48.4923965982,-4.5044718053,144.3404
3400000,171,48.4923963788,-4.5044715685,144.3404
3420000,172,48.4923961594,-4.5044713316,144.3404
3440000,173,48.4923959399,-4.5044710947,144.3404
3460000,174,48.4923957205,-4.5044708578,144.3404
3480000,175,48.4923955011,-4.504470621,144.3404
3500000,176,48.4923952816,-4.5044703841,144.3404
3520000,177,48.4923950622,-4.5044701472,144.3404
3540000,178,48.4923948428,-4.5044699104,144.3404
3560000,179,48.4923946233,-4.5044696735,144.3404
3580000,180,48.4923944039,-4.5044694366,144.3404
3600000,181,48.4923941845,-4.5044691998,144.3404
3620000,182,48.4923939651,-4.5044689629,144.3404
3640000,183,48.4923937456,-4.504468726,144.3404
3660000,184,48.4923935262,-4.5044684892,144.3404
3680000,185,48.4923933068,-4.5044682523,144.3404
3700000,186,48.4923930873,-4.5044680154,144.3404
3720000,187,48.4923928679,-4.5044677785,144.3404
3740000,188,48.4923926485,-4.5044675417,144.3404
3760000,189,48.4923924291,-4.5044673048,144.3404
3780000,190,48.4923922096,-4.5044670679,144.3404
3800000,191,48.4923919902,-4.5044668311,144.3404
3820000,192,48.4923917708,-4.5044665942,144.3404
3840000,193,48.4923915513,-4.5044663573,144.3404
3860000,194,48.4923913319,-4.5044661205,144.3404
3880000,195,48.4923911125,-4.5044658836,144.3404
3900000,196,48.4923908931,-4.5044656467,144.3404
3920000,197,48.4923906736,-4.5044654098,144.3404
3940000,198,48.4923904542,-4.504465173,144.3404
3960000,199,48.4923902348,-4.5044649361,144.3404
3980000,200,48.4923900153,-4.5044646992,144.3404
4000000,201,48.4923897959,-4.5044644624,144.3404
4020000,202,48.4923895765,-4.5044642255,144.3404
4040000,203,48.4923893571,-4.5044639886,144.3404
4060000,204,48.4923891376,-4.5044637518,144.3404
4080000,205,48.4923889182,-4.5044635149,144.3404
4100000,206,48.4923886988,-4.504463278,144.3404
4120000,207,48.4923884793,-4.5044630412,144.3404
4140000,208,48.4923882599,-4.5044628043,144.3404
4160000,209,48.4923880405,-4.5044625674,144.3404
4180000,210,48.492387821,-4.5044623305,144.3404
4200000,211,48.4923876016,-4.5044620937,144.3404
4220000,212,48.4923873822,-4.5044618568,144.3404
4240000,213,48.4923871628,-4.5044616199,144.3404
4260000,214,48.4923869433,-4.5044613831,144.3404
4280000,215,48.4923867239,-4.5044611462,144.3404
4300000,216,48.4923865045,-4.5044609093,144.3404
4320000,217,48.492386285,-4.5044606725,144.3404
4340000,218,48.4923860656,-4.5044604356,144.3404
4360000,219,48.4923858462,-4.5044601987,144.3404
4380000,220,48.4923856268,-4.5044599619,144.3404
4400000,221,48.4923854073,-4.504459725,144.3404
4420000,222,48.4923851879,-4.5044594881,144.3404
4440000,223,48.4923849685,-4.5044592512,144.3404
4460000,224,48.492384749,-4.5044590144,144.3404
4480000,225,48.4923845296,-4.5044587775,144.3404
4500000,226,48.4923843102,-4.5044585406,144.3404
4520000,227,48.4923840908,-4.5044583038,144.3404
4540000,228,48.4923838713,-4.5044580669,144.3404
4560000,229,48.4923836519,-4.50445783,144.3404
4580000,230,48.4923834325,-4.5044575932,144.3404
4600000,231,48.492383213,-4.5044573563,144.3404
4620000,232,48.4923829936,-4.5044571194,144.3404
4640000,233,48.4923827742,-4.5044568826,144.3404
4660000,234,48.4923825548,-4.5044566457,144.3404
4680000,235,48.4923823353,-4.5044564088,144.3404
4700000,236,48.4923821159,-4.5044561719,144.3404
4720000,237,48.4923818965,-4.5044559351,144.3404
4740000,238,48.492381677,-4.5044556982,144.3404
4760000,239,48.4923814576,-4.5044554613,144.3404
4780000,240,48.4923812382,-4.5044552245,144.3404
4800000,241,48.4923810188,-4.5044549876,144.3404
4820000,242,48.4923807993,-4.5044547507,144.3404
4840000,243,48.4923805799,-4.5044545139,144.3404
4860000,244,48.4923803605,-4.504454277,144.3404
4880000,245,48.492380141,-4.5044540401,144.3404
4900000,246,48.4923799216,-4.5044538032,144.3404
4920000,247,48.4923797022,-4.5044535664,144.3404
4940000,248,48.4923794827,-4.5044533295,144.3404
4960000,249,48.4923792633,-4.5044530926,144.3404
4980000,250,48.4923790439,-4.5044528558,144.3404
5000000,251,48.4923788245,-4.5044526189,144.3404
5020000,252,48.492378605,-4.504452382,144.3404
5040000,253,48.4923783856,-4.5044521452,144.3404
5060000,254,48.4923781662,-4.5044519083,144.3404
5080000,255,48.4923779467,-4.5044516714,144.3404
5100000,256,48.4923777273,-4.5044514346,144.3404
5120000,257,48.4923775079,-4.5044511977,144.3404
5140000,258,48.4923772885,-4.5044509608,144.3404
5160000,259,48.492377069,-4.5044507239,144.3404
5180000,260,48.4923768496,-4.5044504871,144.3404
5200000,261,48.4923766302,-4.5044502502,144.3404
5220000,262,48.4923764107,-4.5044500133,144.3404
5240000,263,48.4923761913,-4.5044497765,144.3404
5260000,264,48.4923759719,-4.5044495396,144.3404
5280000,265,48.4923757525,-4.5044493027,144.3404
5300000,266,48.492375533,-4.5044490659,144.3404
5320000,267,48.4923753136,-4.504448829,144.3404
5340000,268,48.4923750942,-4.5044485921,144.3404
5360000,269,48.4923748747,-4.5044483553,144.3404
5380000,270,48.4923746553,-4.5044481184,144.3404
5400000,271,48.4923744359,-4.5044478815,144.3404
5420000,272,48.4923742165,-4.5044476446,144.3404
5440000,273,48.492373997,-4.5044474078,144.3404
5460000,274,48.4923737776,-4.5044471709,144.3404
5480000,275,48.4923735582,-4.504446934,144.3404
5500000,276,48.4923733387,-4.5044466972,144.3404
5520000,277,48.4923731193,-4.5044464603,144.3404
5540000,278,48.4923728999,-4.5044462234,144.3404
5560000,279,48.4923726804,-4.5044459866,144.3404
5580000,280,48.492372461,-4.5044457497,144.3404
5600000,281,48.4923722416,-4.5044455128,144.3404
5620000,282,48.4923720222,-4.504445276,144.3404
5640000,283,48.4923718027,-4.5044450391,144.3404
5660000,284,48.4923715833,-4.5044448022,144.3404
5680000,285,48.4923713639,-4.5044445653,144.3404
5700000,286,48.4923711444,-4.5044443285,144.3404
5720000,287,48.492370925,-4.5044440916,144.3404
5740000,288,48.4923707056,-4.5044438547,144.3404
5760000,289,48.4923704862,-4.5044436179,144.3404
5780000,290,48.4923702667,-4.504443381,144.3404
5800000,291,48.4923700473,-4.5044431441,144.3404
5820000,292,48.4923698279,-4.5044429073,144.3404
5840000,293,48.4923696084,-4.5044426704,144.3404
5860000,294,48.492369389,-4.5044424335,144.3404
5880000,295,48.4923691696,-4.5044421967,144.3404
5900000,296,48.4923689502,-4.5044419598,144.3404
5920000,297,48.4923687307,-4.5044417229,144.3404
5940000,298,48.4923685113,-4.504441486,144.3404
5960000,299,48.4923682919,-4.5044412492,144.3404
5980000,300,48.4923680724,-4.5044410123,144.3404
6000000,301,48.492367853,-4.5044407754,144.3404
6020000,302,48.4923676336,-4.5044405386,144.3404
6040000,303,48.4923674142,-4.5044403017,144.3404
6060000,304,48.4923671947,-4.5044400648,144.3404
6080000,305,48.4923669753,-4.504439828,144.3404
6100000,306,48.4923667559,-4.5044395911,144.3404
6120000,307,48.4923665364,-4.5044393542,144.3404
6140000,308,48.492366317,-4.5044391174,144.3404
6160000,309,48.4923660976,-4.5044388805,144.3404
6180000,310,48.4923658781,-4.5044386436,144.3404
6200000,311,48.4923656587,-4.5044384067,144.3404
6220000,312,48.4923654393,-4.5044381699,144.3404
6240000,313,48.4923652199,-4.504437933,144.3404
6260000,314,48.4923650004,-4.5044376961,144.3404
6280000,315,48.492364781,-4.5044374593,144.3404
6300000,316,48.4923645616,-4.5044372224,144.3404
6320000,317,48.4923643421,-4.5044369855,144.3404
6340000,318,48.4923641227,-4.5044367487,144.3404
6360000,319,48.4923639033,-4.5044365118,144.3404
6380000,320,48.4923636839,-4.5044362749,144.3404
6400000,321,48.4923634644,-4.5044360381,144.3404
6420000,322,48.492363245,-4.5044358012,144.3404
6440000,323,48.4923630256,-4.5044355643,144.3404
6460000,324,48.4923628061,-4.5044353274,144.3404
6480000,325,48.4923625867,-4.5044350906,144.3404
6500000,326,48.4923623673,-4.5044348537,144.3404
6520000,327,48.4923621479,-4.5044346168,144.3404
6540000,328,48.4923619284,-4.50443438,144.3404
6560000,329,48.492361709,-4.5044341431,144.3404
6580000,330,48.4923614896,-4.5044339062,144.3404
6600000,331,48.4923612701,-4.5044336694,144.3404
6620000,332,48.4923610507,-4.5044334325,144.3404
6640000,333,48.4923608313,-4.5044331956,144.3404
6660000,334,48.4923606119,-4.5044329588,144.3404
6680000,335,48.4923603924,-4.5044327219,144.3404
6700000,336,48.492360173,-4.504432485,144.3404
6720000,337,48.4923599536,-4.5044322481,144.3404
6740000,338,48.4923597341,-4.5044320113,144.3404
6760000,339,48.4923595147,-4.5044317744,144.3404
6780000,340,48.4923592953,-4.5044315375,144.3404
6800000,341,48.4923590758,-4.5044313007,144.3404
6820000,342,48.4923588564,-4.5044310638,144.3404
6840000,343,48.492358637,-4.5044308269,144.3404
6860000,344,48.4923584176,-4.5044305901,144.3404
6880000,345,48.4923581981,-4.5044303532,144.3404
6900000,346,48.4923579787,-4.5044301163,144.3404
6920000,347,48.4923577593,-4.5044298795,144.3404
6940000,348,48.4923575398,-4.5044296426,144.3404
6960000,349,48.4923573204,-4.5044294057,144.3404
6980000,350,48.492357101,-4.5044291688,144.3404
7000000,351,48.4923568816,-4.504428932,144.3404
7020000,352,48.4923566621,-4.5044286951,144.3404
7040000,353,48.4923564427,-4.5044284582,144.3404
7060000,354,48.4923562233,-4.5044282214,144.3404
7080000,355,48.4923560038,-4.5044279845,144.3404
7100000,356,48.4923557844,-4.5044277476,144.3404
7120000,357,48.492355565,-4.5044275108,144.3404
7140000,358,48.4923553456,-4.5044272739,144.3404
7160000,359,48.4923551261,-4.504427037,144.3404
7180000,360,48.4923549067,-4.5044268002,144.3404
7200000,361,48.4923546873,-4.5044265633,144.3404
7220000,362,48.4923544678,-4.5044263264,144.3404
7240000,363,48.4923542484,-4.5044260895,144.3404
7260000,364,48.492354029,-4.5044258527,144.3404
7280000,365,48.4923538095,-4.5044256158,144.3404
7300000,366,48.4923535901,-4.5044253789,144.3404
7320000,367,48.4923533707,-4.5044251421,144.3404
7340000,368,48.4923531513,-4.5044249052,144.3404
7360000,369,48.4923529318,-4.5044246683,144.3404
7380000,370,48.4923527124,-4.5044244315,144.3404
7400000,371,48.492352493,-4.5044241946,144.3404
7420000,372,48.4923522735,-4.5044239577,144.3404
7440000,373,48.4923520541,-4.5044237209,144.3404
7460000,374,48.4923518347,-4.504423484,144.3404
7480000,375,48.4923516153,-4.5044232471,144.3404
7500000,376,48.4923513958,-4.5044230103,144.3404
7520000,377,48.4923511764,-4.5044227734,144.3404
7540000,378,48.492350957,-4.5044225365,144.3404
7560000,379,48.4923507375,-4.5044222996,144.3404
7580000,380,48.4923505181,-4.5044220628,144.3404
7600000,381,48.4923502987,-4.5044218259,144.3404
7620000,382,48.4923500793,-4.504421589,144.3404
7640000,383,48.4923498598,-4.5044213522,144.3404
7660000,384,48.4923496404,-4.5044211153,144.3404
7680000,385,48.492349421,-4.5044208784,144.3404
7700000,386,48.4923492015,-4.5044206416,144.3404
7720000,387,48.4923489821,-4.5044204047,144.3404
7740000,388,48.4923487627,-4.5044201678,144.3404
7760000,389,48.4923485433,-4.504419931,144.3404
7780000,390,48.4923483238,-4.5044196941,144.3404
7800000,391,48.4923481044,-4.5044194572,144.3404
7820000,392,48.492347885,-4.5044192203,144.3404
7840000,393,48.4923476655,-4.5044189835,144.3404
7860000,394,48.4923474461,-4.5044187466,144.3404
7880000,395,48.4923472267,-4.5044185097,144.3404
7900000,396,48.4923470072,-4.5044182729,144.3404
7920000,397,48.4923467878,-4.504418036,144.3404
7940000,398,48.4923465684,-4.5044177991,144.3404
7960000,399,48.492346349,-4.5044175623,144.3404
7980000,400,48.4923461295,-4.5044173254,144.3404
8000000,401,48.4923459101,-4.5044170885,144.3404
8020000,402,48.4923456907,-4.5044168517,144.3404
8040000,403,48.4923454712,-4.5044166148,144.3404
8060000,404,48.4923452518,-4.5044163779,144.3404
8080000,405,48.4923450324,-4.504416141,144.3404
8100000,406,48.492344813,-4.5044159042,144.3404
8120000,407,48.4923445935,-4.5044156673,144.3404
8140000,408,48.4923443741,-4.5044154304,144.3404
8160000,409,48.4923441547,-4.5044151936,144.3404
8180000,410,48.4923439352,-4.5044149567,144.3404
8200000,411,48.4923437158,-4.5044147198,144.3404
8220000,412,48.4923434964,-4.504414483,144.3404
8240000,413,48.492343277,-4.5044142461,144.3404
8260000,414,48.4923430575,-4.5044140092,144.3404
8280000,415,48.4923428381,-4.5044137724,144.3404
8300000,416,48.4923426187,-4.5044135355,144.3404
8320000,417,48.4923423992,-4.5044132986,144.3404
8340000,418,48.4923421798,-4.5044130618,144.3404
8360000,419,48.4923419604,-4.5044128249,144.3404
8380000,420,48.4923417409,-4.504412588,144.3404
8400000,421,48.4923415215,-4.5044123511,144.3404
8420000,422,48.4923413021,-4.5044121143,144.3404
8440000,423,48.4923410827,-4.5044118774,144.3404
8460000,424,48.4923408632,-4.5044116405,144.3404
8480000,425,48.4923406438,-4.5044114037,144.3404
8500000,426,48.4923404244,-4.5044111668,144.3404
8520000,427,48.4923402049,-4.5044109299,144.3404
8540000,428,48.4923399855,-4.5044106931,144.3404
8560000,429,48.4923397661,-4.5044104562,144.3404
8580000,430,48.4923395467,-4.5044102193,144.3404
8600000,431,48.4923393272,-4.5044099825,144.3404
8620000,432,48.4923391078,-4.5044097456,144.3404
8640000,433,48.4923388884,-4.5044095087,144.3404
8660000,434,48.4923386689,-4.5044092718,144.3404
8680000,435,48.4923384495,-4.504409035,144.3404
8700000,436,48.4923382301,-4.5044087981,144.3404
8720000,437,48.4923380107,-4.5044085612,144.3404
8740000,438,48.4923377912,-4.5044083244,144.3404
8760000,439,48.4923375718,-4.5044080875,144.3404
8780000,440,48.4923373524,-4.5044078506,144.3404
8800000,441,48.4923371329,-4.5044076138,144.3404
8820000,442,48.4923369135,-4.5044073769,144.3404
8840000,443,48.4923366941,-4.50440714,144.3404
8860000,444,48.4923364747,-4.5044069032,144.3404
8880000,445,48.4923362552,-4.5044066663,144.3404
8900000,446,48.4923360358,-4.5044064294,144.3404
8920000,447,48.4923358164,-4.5044061926,144.3404
8940000,448,48.4923355969,-4.5044059557,144.3404
8960000,449,48.4923353775,-4.5044057188,144.3404
8980000,450,48.4923351581,-4.5044054819,144.3404
9000000,451,48.4923349386,-4.5044052451,144.3404
9020000,452,48.4923347192,-4.5044050082,144.3404
9040000,453,48.4923344998,-4.5044047713,144.3404
9060000,454,48.4923342804,-4.5044045345,144.3404
9080000,455,48.4923340609,-4.5044042976,144.3404
9100000,456,48.4923338415,-4.5044040607,144.3404
9120000,457,48.4923336221,-4.5044038239,144.3404
9140000,458,48.4923334026,-4.504403587,144.3404
9160000,459,48.4923331832,-4.5044033501,144.3404
9180000,460,48.4923329638,-4.5044031133,144.3404
9200000,461,48.4923327444,-4.5044028764,144.3404
9220000,462,48.4923325249,-4.5044026395,144.3404
9240000,463,48.4923323055,-4.5044024026,144.3404
9260000,464,48.4923320861,-4.5044021658,144.3404
9280000,465,48.4923318666,-4.5044019289,144.3404
9300000,466,48.4923316472,-4.504401692,144.3404
9320000,467,48.4923314278,-4.5044014552,144.3404
9340000,468,48.4923312084,-4.5044012183,144.3404
9360000,469,48.4923309889,-4.5044009814,144.3404
9380000,470,48.4923307695,-4.5044007446,144.3404
9400000,471,48.4923305501,-4.5044005077,144.3404
9420000,472,48.4923303306,-4.5044002708,144.3404
9440000,473,48.4923301112,-4.504400034,144.3404
9460000,474,48.4923298918,-4.5043997971,144.3404
9480000,475,48.4923296723,-4.5043995602,144.3404
9500000,476,48.4923294529,-4.5043993234,144.3404
9520000,477,48.4923292335,-4.5043990865,144.3404
9540000,478,48.4923290141,-4.5043988496,144.3404
9560000,479,48.4923287946,-4.5043986127,144.3404
9580000,480,48.4923285752,-4.5043983759,144.3404
9600000,481,48.4923283558,-4.504398139,144.3404
9620000,482,48.4923281363,-4.5043979021,144.3404
9640000,483,48.4923279169,-4.5043976653,144.3404
9660000,484,48.4923276975,-4.5043974284,144.3404
9680000,485,48.4923274781,-4.5043971915,144.3404
9700000,486,48.4923272586,-4.5043969547,144.3404
9720000,487,48.4923270392,-4.5043967178,144.3404
9740000,488,48.4923268198,-4.5043964809,144.3404
9760000,489,48.4923266003,-4.5043962441,144.3404
9780000,490,48.4923263809,-4.5043960072,144.3404
9800000,491,48.4923261615,-4.5043957703,144.3404
9820000,492,48.4923259421,-4.5043955335,144.3404
9840000,493,48.4923257226,-4.5043952966,144.3404
9860000,494,48.4923255032,-4.5043950597,144.3404
9880000,495,48.4923252838,-4.5043948228,144.3404
9900000,496,48.4923250643,-4.504394586,144.3404
9920000,497,48.4923248449,-4.5043943491,144.3404
9940000,498,48.4923246255,-4.5043941122,144.3404
9960000,499,48.492324406,-4.5043938754,144.3404
9980000,500,48.4923241866,-4.5043936385,144.3404
10000000,501,48.4923239672,-4.5043934016,144.3404
10020000,502,48.4923237478,-4.5043931648,144.3404
10040000,503,48.4923235283,-4.5043929279,144.3404
10060000,504,48.4923233089,-4.504392691,144.3404
10080000,505,48.4923230895,-4.5043924542,144.3404
10100000,506,48.49232287,-4.5043922173,144.3404
10120000,507,48.4923226506,-4.5043919804,144.3404
10140000,508,48.4923224312,-4.5043917435,144.3404
10160000,509,48.4923222118,-4.5043915067,144.3404
10180000,510,48.4923219923,-4.5043912698,144.3404
10200000,511,48.4923217729,-4.5043910329,144.3404
10220000,512,48.4923215535,-4.5043907961,144.3404
10240000,513,48.492321334,-4.5043905592,144.3404
10260000,514,48.4923211146,-4.5043903223,144.3404
10280000,515,48.4923208952,-4.5043900855,144.3404
10300000,516,48.4923206758,-4.5043898486,144.3404
10320000,517,48.4923204563,-4.5043896117,144.3404
10340000,518,48.4923202369,-4.5043893749,144.3404
10360000,519,48.4923200175,-4.504389138,144.3404
10380000,520,48.492319798,-4.5043889011,144.3404
10400000,521,48.4923195786,-4.5043886643,144.3404
10420000,522,48.4923193592,-4.5043884274,144.3404
10440000,523,48.4923191398,-4.5043881905,144.3404
10460000,524,48.4923189203,-4.5043879536,144.3404
10480000,525,48.4923187009,-4.5043877168,144.3404
10500000,526,48.4923184815,-4.5043874799,144.3404
10520000,527,48.492318262,-4.504387243,144.3404
10540000,528,48.4923180426,-4.5043870062,144.3404
10560000,529,48.4923178232,-4.5043867693,144.3404
10580000,530,48.4923176037,-4.5043865324,144.3404
10600000,531,48.4923173843,-4.5043862956,144.3404
10620000,532,48.4923171649,-4.5043860587,144.3404
10640000,533,48.4923169455,-4.5043858218,144.3404
10660000,534,48.492316726,-4.504385585,144.3404
10680000,535,48.4923165066,-4.5043853481,144.3404
10700000,536,48.4923162872,-4.5043851112,144.3404
10720000,537,48.4923160677,-4.5043848744,144.3404
10740000,538,48.4923158483,-4.5043846375,144.3404
10760000,539,48.4923156289,-4.5043844006,144.3404
10780000,540,48.4923154095,-4.5043841637,144.3404
10800000,541,48.49231519,-4.5043839269,144.3404
10820000,542,48.4923149706,-4.50438369,144.3404
10840000,543,48.4923147512,-4.5043834531,144.3404
10860000,544,48.4923145317,-4.5043832163,144.3404
10880000,545,48.4923143123,-4.5043829794,144.3404
10900000,546,48.4923140929,-4.5043827425,144.3404
10920000,547,48.4923138735,-4.5043825057,144.3404
10940000,548,48.492313654,-4.5043822688,144.3404
10960000,549,48.4923134346,-4.5043820319,144.3404
10980000,550,48.4923132152,-4.5043817951,144.3404
11000000,551,48.4923129957,-4.5043815582,144.3404
11020000,552,48.4923127763,-4.5043813213,144.3404
11040000,553,48.4923125569,-4.5043810845,144.3404
11060000,554,48.4923123374,-4.5043808476,144.3404
11080000,555,48.492312118,-4.5043806107,144.3404
11100000,556,48.4923118986,-4.5043803738,144.3404
11120000,557,48.4923116792,-4.504380137,144.3404
11140000,558,48.4923114597,-4.5043799001,144.3404
11160000,559,48.4923112403,-4.5043796632,144.3404
11180000,560,48.4923110209,-4.5043794264,144.3404
11200000,561,48.4923108014,-4.5043791895,144.3404
11220000,562,48.492310582,-4.5043789526,144.3404
11240000,563,48.4923103626,-4.5043787158,144.3404
11260000,564,48.4923101432,-4.5043784789,144.3404
11280000,565,48.4923099237,-4.504378242,144.3404
11300000,566,48.4923097043,-4.5043780052,144.3404
11320000,567,48.4923094849,-4.5043777683,144.3404
11340000,568,48.4923092654,-4.5043775314,144.3404
11360000,569,48.492309046,-4.5043772946,144.3404
11380000,570,48.4923088266,-4.5043770577,144.3404
11400000,571,48.4923086072,-4.5043768208,144.3404
11420000,572,48.4923083877,-4.5043765839,144.3404
11440000,573,48.4923081683,-4.5043763471,144.3404
11460000,574,48.4923079489,-4.5043761102,144.3404
11480000,575,48.4923077294,-4.5043758733,144.3404
11500000,576,48.49230751,-4.5043756365,144.3404
11520000,577,48.4923072906,-4.5043753996,144.3404
11540000,578,48.4923070711,-4.5043751627,144.3404
11560000,579,48.4923068517,-4.5043749259,144.3404
11580000,580,48.4923066323,-4.504374689,144.3404
11600000,581,48.4923064129,-4.5043744521,144.3404
11620000,582,48.4923061934,-4.5043742153,144.3404
11640000,583,48.492305974,-4.5043739784,144.3404
11660000,584,48.4923057546,-4.5043737415,144.3404
11680000,585,48.4923055351,-4.5043735047,144.3404
11700000,586,48.4923053157,-4.5043732678,144.3404
11720000,587,48.4923050963,-4.5043730309,144.3404
11740000,588,48.4923048769,-4.5043727941,144.3404
11760000,589,48.4923046574,-4.5043725572,144.3404
11780000,590,48.492304438,-4.5043723203,144.3404
11800000,591,48.4923042186,-4.5043720834,144.3404
11820000,592,48.4923039991,-4.5043718466,144.3404
11840000,593,48.4923037797,-4.5043716097,144.3404
11860000,594,48.4923035603,-4.5043713728,144.3404
11880000,595,48.4923033409,-4.504371136,144.3404
11900000,596,48.4923031214,-4.5043708991,144.3404
11920000,597,48.492302902,-4.5043706622,144.3404
11940000,598,48.4923026826,-4.5043704254,144.3404
11960000,599,48.4923024631,-4.5043701885,144.3404
11980000,600,48.4923022437,-4.5043699516,144.3404
12000000,601,48.4923020243,-4.5043697148,144.3404
12020000,602,48.4923018048,-4.5043694779,144.3404
12040000,603,48.4923015854,-4.504369241,144.3404
12060000,604,48.492301366,-4.5043690042,144.3404
12080000,605,48.4923011466,-4.5043687673,144.3404
12100000,606,48.4923009271,-4.5043685304,144.3404
12120000,607,48.4923007077,-4.5043682935,144.3404
12140000,608,48.4923004883,-4.5043680567,144.3404
12160000,609,48.4923002688,-4.5043678198,144.3404
12180000,610,48.4923000494,-4.5043675829,144.3404
12200000,611,48.49229983,-4.5043673461,144.3404
12220000,612,48.4922996106,-4.5043671092,144.3404
12240000,613,48.4922993911,-4.5043668723,144.3404
12260000,614,48.4922991717,-4.5043666355,144.3404
12280000,615,48.4922989523,-4.5043663986,144.3404
12300000,616,48.4922987328,-4.5043661617,144.3404
12320000,617,48.4922985134,-4.5043659249,144.3404
12340000,618,48.492298294,-4.504365688,144.3404
12360000,619,48.4922980745,-4.5043654511,144.3404
12380000,620,48.4922978551,-4.5043652143,144.3404
12400000,621,48.4922976357,-4.5043649774,144.3404
12420000,622,48.4922974163,-4.5043647405,144.3404
12440000,623,48.4922971968,-4.5043645036,144.3404
12460000,624,48.4922969774,-4.5043642668,144.3404
12480000,625,48.492296758,-4.5043640299,144.3404
12500000,626,48.4922965385,-4.504363793,144.3404
12520000,627,48.4922963191,-4.5043635562,144.3404
12540000,628,48.4922960997,-4.5043633193,144.3404
12560000,629,48.4922958803,-4.5043630824,144.3404
12580000,630,48.4922956608,-4.5043628456,144.3404
12600000,631,48.4922954414,-4.5043626087,144.3404
12620000,632,48.492295222,-4.5043623718,144.3404
12640000,633,48.4922950025,-4.504362135,144.3404
12660000,634,48.4922947831,-4.5043618981,144.3404
12680000,635,48.4922945637,-4.5043616612,144.3404
12700000,636,48.4922943443,-4.5043614244,144.3404
12720000,637,48.4922941248,-4.5043611875,144.3404
12740000,638,48.4922939054,-4.5043609506,144.3404
12760000,639,48.492293686,-4.5043607138,144.3404
12780000,640,48.4922934665,-4.5043604769,144.3404
12800000,641,48.4922932471,-4.50436024,144.3404
12820000,642,48.4922930277,-4.5043600031,144.3404
12840000,643,48.4922928082,-4.5043597663,144.3404
12860000,644,48.4922925888,-4.5043595294,144.3404
12880000,645,48.4922923694,-4.5043592925,144.3404
12900000,646,48.49229215,-4.5043590557,144.3404
12920000,647,48.4922919305,-4.5043588188,144.3404
12940000,648,48.4922917111,-4.5043585819,144.3404
12960000,649,48.4922914917,-4.5043583451,144.3404
12980000,650,48.4922912722,-4.5043581082,144.3404
13000000,651,48.4922910528,-4.5043578713,144.3404
13020000,652,48.4922908334,-4.5043576345,144.3404
13040000,653,48.492290614,-4.5043573976,144.3404
13060000,654,48.4922903945,-4.5043571607,144.3404
13080000,655,48.4922901751,-4.5043569239,144.3404
13100000,656,48.4922899557,-4.504356687,144.3404
13120000,657,48.4922897362,-4.5043564501,144.3404
13140000,658,48.4922895168,-4.5043562132,144.3404
13160000,659,48.4922892974,-4.5043559764,144.3404
13180000,660,48.492289078,-4.5043557395,144.3404
13200000,661,48.4922888585,-4.5043555026,144.3404
13220000,662,48.4922886391,-4.5043552658,144.3404
13240000,663,48.4922884197,-4.5043550289,144.3404
13260000,664,48.4922882002,-4.504354792,144.3404
13280000,665,48.4922879808,-4.5043545552,144.3404
13300000,666,48.4922877614,-4.5043543183,144.3404
13320000,667,48.4922875419,-4.5043540814,144.3404
13340000,668,48.4922873225,-4.5043538446,144.3404
13360000,669,48.4922871031,-4.5043536077,144.3404
13380000,670,48.4922868837,-4.5043533708,144.3404
13400000,671,48.4922866642,-4.504353134,144.3404
13420000,672,48.4922864448,-4.5043528971,144.3404
13440000,673,48.4922862254,-4.5043526602,144.3404
13460000,674,48.4922860059,-4.5043524234,144.3404
13480000,675,48.4922857865,-4.5043521865,144.3404
13500000,676,48.4922855671,-4.5043519496,144.3404
13520000,677,48.4922853477,-4.5043517127,144.3404
13540000,678,48.4922851282,-4.5043514759,144.3404
13560000,679,48.4922849088,-4.504351239,144.3404
13580000,680,48.4922846894,-4.5043510021,144.3404
13600000,681,48.4922844699,-4.5043507653,144.3404
13620000,682,48.4922842505,-4.5043505284,144.3404
13640000,683,48.4922840311,-4.5043502915,144.3404
13660000,684,48.4922838117,-4.5043500547,144.3404
13680000,685,48.4922835922,-4.5043498178,144.3404
13700000,686,48.4922833728,-4.5043495809,144.3404
13720000,687,48.4922831534,-4.5043493441,144.3404
13740000,688,48.4922829339,-4.5043491072,144.3404
13760000,689,48.4922827145,-4.5043488703,144.3404
13780000,690,48.4922824951,-4.5043486335,144.3404
13800000,691,48.4922822756,-4.5043483966,144.3404
13820000,692,48.4922820562,-4.5043481597,144.3404
13840000,693,48.4922818368,-4.5043479229,144.3404
13860000,694,48.4922816174,-4.504347686,144.3404
13880000,695,48.4922813979,-4.5043474491,144.3404
13900000,696,48.4922811785,-4.5043472122,144.3404
13920000,697,48.4922809591,-4.5043469754,144.3404
13940000,698,48.4922807396,-4.5043467385,144.3404
13960000,699,48.4922805202,-4.5043465016,144.3404
13980000,700,48.4922803008,-4.5043462648,144.3404
14000000,701,48.4922800814,-4.5043460279,144.3404
14020000,702,48.4922798619,-4.504345791,144.3404
14040000,703,48.4922796425,-4.5043455542,144.3404
14060000,704,48.4922794231,-4.5043453173,144.3404
14080000,705,48.4922792036,-4.5043450804,144.3404
14100000,706,48.4922789842,-4.5043448436,144.3404
14120000,707,48.4922787648,-4.5043446067,144.3404
14140000,708,48.4922785453,-4.5043443698,144.3404
14160000,709,48.4922783259,-4.504344133,144.3404
14180000,710,48.4922781065,-4.5043438961,144.3404
14200000,711,48.4922778871,-4.5043436592,144.3404
14220000,712,48.4922776676,-4.5043434224,144.3404
14240000,713,48.4922774482,-4.5043431855,144.3404
14260000,714,48.4922772288,-4.5043429486,144.3404
14280000,715,48.4922770093,-4.5043427117,144.3404
14300000,716,48.4922767899,-4.5043424749,144.3404
14320000,717,48.4922765705,-4.504342238,144.3404
14340000,718,48.4922763511,-4.5043420011,144.3404
14360000,719,48.4922761316,-4.5043417643,144.3404
14380000,720,48.4922759122,-4.5043415274,144.3404
14400000,721,48.4922756928,-4.5043412905,144.3404
14420000,722,48.4922754733,-4.5043410537,144.3404
14440000,723,48.4922752539,-4.5043408168,144.3404
14460000,724,48.4922750345,-4.5043405799,144.3404
14480000,725,48.4922748151,-4.5043403431,144.3404
14500000,726,48.4922745956,-4.5043401062,144.3404
14520000,727,48.4922743762,-4.5043398693,144.3404
14540000,728,48.4922741568,-4.5043396325,144.3404
14560000,729,48.4922739373,-4.5043393956,144.3404
14580000,730,48.4922737179,-4.5043391587,144.3404
14600000,731,48.4922734985,-4.5043389219,144.3404
14620000,732,48.492273279,-4.504338685,144.3404
14640000,733,48.4922730596,-4.5043384481,144.3404
14660000,734,48.4922728402,-4.5043382112,144.3404
14680000,735,48.4922726208,-4.5043379744,144.3404
14700000,736,48.4922724013,-4.5043377375,144.3404
14720000,737,48.4922721819,-4.5043375006,144.3404
14740000,738,48.4922719625,-4.5043372638,144.3404
14760000,739,48.492271743,-4.5043370269,144.3404
14780000,740,48.4922715236,-4.50433679,144.3404
14800000,741,48.4922713042,-4.5043365532,144.3404
14820000,742,48.4922710848,-4.5043363163,144.3404
14840000,743,48.4922708653,-4.5043360794,144.3404
14860000,744,48.4922706459,-4.5043358426,144.3404
14880000,745,48.4922704265,-4.5043356057,144.3404
14900000,746,48.492270207,-4.5043353688,144.3404
14920000,747,48.4922699876,-4.504335132,144.3404
14940000,748,48.4922697682,-4.5043348951,144.3404
14960000,749,48.4922695488,-4.5043346582,144.3404
14980000,750,48.4922693293,-4.5043344214,144.3404
15000000,751,48.4922691099,-4.5043341845,144.3404
15020000,752,48.4922688905,-4.5043339476,144.3404
15040000,753,48.492268671,-4.5043337108,144.3404
15060000,754,48.4922684516,-4.5043334739,144.3404
15080000,755,48.4922682322,-4.504333237,144.3404
15100000,756,48.4922680127,-4.5043330001,144.3404
15120000,757,48.4922677933,-4.5043327633,144.3404
15140000,758,48.4922675739,-4.5043325264,144.3404
15160000,759,48.4922673545,-4.5043322895,144.3404
15180000,760,48.492267135,-4.5043320527,144.3404
15200000,761,48.4922669156,-4.5043318158,144.3404
15220000,762,48.4922666962,-4.5043315789,144.3404
15240000,763,48.4922664767,-4.5043313421,144.3404
15260000,764,48.4922662573,-4.5043311052,144.3404
15280000,765,48.4922660379,-4.5043308683,144.3404
15300000,766,48.4922658185,-4.5043306315,144.3404
15320000,767,48.492265599,-4.5043303946,144.3404
15340000,768,48.4922653796,-4.5043301577,144.3404
15360000,769,48.4922651602,-4.5043299209,144.3404
15380000,770,48.4922649407,-4.504329684,144.3404
15400000,771,48.4922647213,-4.5043294471,144.3404
15420000,772,48.4922645019,-4.5043292103,144.3404
15440000,773,48.4922642824,-4.5043289734,144.3404
15460000,774,48.492264063,-4.5043287365,144.3404
15480000,775,48.4922638436,-4.5043284996,144.3404
15500000,776,48.4922636242,-4.5043282628,144.3404
15520000,777,48.4922634047,-4.5043280259,144.3404
15540000,778,48.4922631853,-4.504327789,144.3404
15560000,779,48.4922629659,-4.5043275522,144.3404
15580000,780,48.4922627464,-4.5043273153,144.3404
15600000,781,48.492262527,-4.5043270784,144.3404
15620000,782,48.4922623076,-4.5043268416,144.3404
15640000,783,48.4922620882,-4.5043266047,144.3404
15660000,784,48.4922618687,-4.5043263678,144.3404
15680000,785,48.4922616493,-4.504326131,144.3404
15700000,786,48.4922614299,-4.5043258941,144.3404
15720000,787,48.4922612104,-4.5043256572,144.3404
15740000,788,48.492260991,-4.5043254204,144.3404
15760000,789,48.4922607716,-4.5043251835,144.3404
15780000,790,48.4922605522,-4.5043249466,144.3404
15800000,791,48.4922603327,-4.5043247098,144.3404
15820000,792,48.4922601133,-4.5043244729,144.3404
15840000,793,48.4922598939,-4.504324236,144.3404
15860000,794,48.4922596744,-4.5043239992,144.3404
15880000,795,48.492259455,-4.5043237623,144.3404
15900000,796,48.4922592356,-4.5043235254,144.3404
15920000,797,48.4922590161,-4.5043232885,144.3404
15940000,798,48.4922587967,-4.5043230517,144.3404
15960000,799,48.4922585773,-4.5043228148,144.3404
15980000,800,48.4922583579,-4.5043225779,144.3404
16000000,801,48.4922581384,-4.5043223411,144.3404
16020000,802,48.492257919,-4.5043221042,144.3404
16040000,803,48.4922576996,-4.5043218673,144.3404
16060000,804,48.4922574801,-4.5043216305,144.3404
16080000,805,48.4922572607,-4.5043213936,144.3404
16100000,806,48.4922570413,-4.5043211567,144.3404
16120000,807,48.4922568219,-4.5043209199,144.3404
16140000,808,48.4922566024,-4.504320683,144.3404
16160000,809,48.492256383,-4.5043204461,144.3404
16180000,810,48.4922561636,-4.5043202093,144.3404
16200000,811,48.4922559441,-4.5043199724,144.3404
16220000,812,48.4922557247,-4.5043197355,144.3404
16240000,813,48.4922555053,-4.5043194987,144.3404
16260000,814,48.4922552858,-4.5043192618,144.3404
16280000,815,48.4922550664,-4.5043190249,144.3404
16300000,816,48.492254847,-4.5043187881,144.3404
16320000,817,48.4922546276,-4.5043185512,144.3404
16340000,818,48.4922544081,-4.5043183143,144.3404
16360000,819,48.4922541887,-4.5043180774,144.3404
16380000,820,48.4922539693,-4.5043178406,144.3404
16400000,821,48.4922537498,-4.5043176037,144.3404
16420000,822,48.4922535304,-4.5043173668,144.3404
16440000,823,48.492253311,-4.50431713,144.3404
16460000,824,48.4922530916,-4.5043168931,144.3404
16480000,825,48.4922528721,-4.5043166562,144.3404
16500000,826,48.4922526527,-4.5043164194,144.3404
16520000,827,48.4922524333,-4.5043161825,144.3404
16540000,828,48.4922522138,-4.5043159456,144.3404
16560000,829,48.4922519944,-4.5043157088,144.3404
16580000,830,48.492251775,-4.5043154719,144.3404
16600000,831,48.4922515555,-4.504315235,144.3404
16620000,832,48.4922513361,-4.5043149982,144.3404
16640000,833,48.4922511167,-4.5043147613,144.3404
16660000,834,48.4922508973,-4.5043145244,144.3404
16680000,835,48.4922506778,-4.5043142876,144.3404
16700000,836,48.4922504584,-4.5043140507,144.3404
16720000,837,48.492250239,-4.5043138138,144.3404
16740000,838,48.4922500195,-4.504313577,144.3404
16760000,839,48.4922498001,-4.5043133401,144.3404
16780000,840,48.4922495807,-4.5043131032,144.3404
16800000,841,48.4922493613,-4.5043128663,144.3404
16820000,842,48.4922491418,-4.5043126295,144.3404
16840000,843,48.4922489224,-4.5043123926,144.3404
16860000,844,48.492248703,-4.5043121557,144.3404
16880000,845,48.4922484835,-4.5043119189,144.3404
16900000,846,48.4922482641,-4.504311682,144.3404
16920000,847,48.4922480447,-4.5043114451,144.3404
16940000,848,48.4922478253,-4.5043112083,144.3404
16960000,849,48.4922476058,-4.5043109714,144.3404
16980000,850,48.4922473864,-4.5043107345,144.3404
17000000,851,48.492247167,-4.5043104977,144.3404
17020000,852,48.4922469475,-4.5043102608,144.3404
17040000,853,48.4922467281,-4.5043100239,144.3404
17060000,854,48.4922465087,-4.5043097871,144.3404
17080000,855,48.4922462892,-4.5043095502,144.3404
17100000,856,48.4922460698,-4.5043093133,144.3404
17120000,857,48.4922458504,-4.5043090765,144.3404
17140000,858,48.492245631,-4.5043088396,144.3404
17160000,859,48.4922454115,-4.5043086027,144.3404
17180000,860,48.4922451921,-4.5043083659,144.3404
17200000,861,48.4922449727,-4.504308129,144.3404
17220000,862,48.4922447532,-4.5043078921,144.3404
17240000,863,48.4922445338,-4.5043076552,144.3404
17260000,864,48.4922443144,-4.5043074184,144.3404
17280000,865,48.492244095,-4.5043071815,144.3404
17300000,866,48.4922438755,-4.5043069446,144.3404
17320000,867,48.4922436561,-4.5043067078,144.3404
17340000,868,48.4922434367,-4.5043064709,144.3404
17360000,869,48.4922432172,-4.504306234,144.3404
17380000,870,48.4922429978,-4.5043059972,144.3404
17400000,871,48.4922427784,-4.5043057603,144.3404
17420000,872,48.4922425589,-4.5043055234,144.3404
17440000,873,48.4922423395,-4.5043052866,144.3404
17460000,874,48.4922421201,-4.5043050497,144.3404
17480000,875,48.4922419007,-4.5043048128,144.3404
17500000,876,48.4922416812,-4.504304576,144.3404
17520000,877,48.4922414618,-4.5043043391,144.3404
17540000,878,48.4922412424,-4.5043041022,144.3404
17560000,879,48.4922410229,-4.5043038654,144.3404
17580000,880,48.4922408035,-4.5043036285,144.3404
17600000,881,48.4922405841,-4.5043033916,144.3404
17620000,882,48.4922403647,-4.5043031548,144.3404
17640000,883,48.4922401452,-4.5043029179,144.3404
17660000,884,48.4922399258,-4.504302681,144.3404
17680000,885,48.4922397064,-4.5043024442,144.3404
17700000,886,48.4922394869,-4.5043022073,144.3404
17720000,887,48.4922392675,-4.5043019704,144.3404
17740000,888,48.4922390481,-4.5043017335,144.3404
17760000,889,48.4922388286,-4.5043014967,144.3404
17780000,890,48.4922386092,-4.5043012598,144.3404
17800000,891,48.4922383898,-4.5043010229,144.3404
17820000,892,48.4922381704,-4.5043007861,144.3404
17840000,893,48.4922379509,-4.5043005492,144.3404
17860000,894,48.4922377315,-4.5043003123,144.3404
17880000,895,48.4922375121,-4.5043000755,144.3404
17900000,896,48.4922372926,-4.5042998386,144.3404
17920000,897,48.4922370732,-4.5042996017,144.3404
17940000,898,48.4922368538,-4.5042993649,144.3404
17960000,899,48.4922366344,-4.504299128,144.3404
17980000,900,48.4922364149,-4.5042988911,144.3404
18000000,901,48.4922361955,-4.5042986543,144.3404
18020000,902,48.4922359761,-4.5042984174,144.3404
18040000,903,48.4922357566,-4.5042981805,144.3404
18060000,904,48.4922355372,-4.5042979437,144.3404
18080000,905,48.4922353178,-4.5042977068,144.3404
18100000,906,48.4922350984,-4.5042974699,144.3404
18120000,907,48.4922348789,-4.5042972331,144.3404
18140000,908,48.4922346595,-4.5042969962,144.3404
18160000,909,48.4922344401,-4.5042967593,144.3404
18180000,910,48.4922342206,-4.5042965225,144.3404
18200000,911,48.4922340012,-4.5042962856,144.3404
18220000,912,48.4922337818,-4.5042960487,144.3404
18240000,913,48.4922335623,-4.5042958118,144.3404
18260000,914,48.4922333429,-4.504295575,144.3404
18280000,915,48.4922331235,-4.5042953381,144.3404
18300000,916,48.4922329041,-4.5042951012,144.3404
18320000,917,48.4922326846,-4.5042948644,144.3404
18340000,918,48.4922324652,-4.5042946275,144.3404
18360000,919,48.4922322458,-4.5042943906,144.3404
18380000,920,48.4922320263,-4.5042941538,144.3404
18400000,921,48.4922318069,-4.5042939169,144.3404
18420000,922,48.4922315875,-4.50429368,144.3404
18440000,923,48.4922313681,-4.5042934432,144.3404
18460000,924,48.4922311486,-4.5042932063,144.3404
18480000,925,48.4922309292,-4.5042929694,144.3404
18500000,926,48.4922307098,-4.5042927326,144.3404
18520000,927,48.4922304903,-4.5042924957,144.3404
18540000,928,48.4922302709,-4.5042922588,144.3404
18560000,929,48.4922300515,-4.504292022,144.3404
18580000,930,48.492229832,-4.5042917851,144.3404
18600000,931,48.4922296126,-4.5042915482,144.3404
18620000,932,48.4922293932,-4.5042913114,144.3404
18640000,933,48.4922291738,-4.5042910745,144.3404
18660000,934,48.4922289543,-4.5042908376,144.3404
18680000,935,48.4922287349,-4.5042906008,144.3404
18700000,936,48.4922285155,-4.5042903639,144.3404
18720000,937,48.492228296,-4.504290127,144.3404
18740000,938,48.4922280766,-4.5042898901,144.3404
18760000,939,48.4922278572,-4.5042896533,144.3404
18780000,940,48.4922276378,-4.5042894164,144.3404
18800000,941,48.4922274183,-4.5042891795,144.3404
18820000,942,48.4922271989,-4.5042889427,144.3404
18840000,943,48.4922269795,-4.5042887058,144.3404
18860000,944,48.49222676,-4.5042884689,144.3404
18880000,945,48.4922265406,-4.5042882321,144.3404
18900000,946,48.4922263212,-4.5042879952,144.3404
18920000,947,48.4922261017,-4.5042877583,144.3404
18940000,948,48.4922258823,-4.5042875215,144.3404
18960000,949,48.4922256629,-4.5042872846,144.3404
18980000,950,48.4922254435,-4.5042870477,144.3404
19000000,951,48.492225224,-4.5042868109,144.3404
19020000,952,48.4922250046,-4.504286574,144.3404
19040000,953,48.4922247852,-4.5042863371,144.3404
19060000,954,48.4922245657,-4.5042861003,144.3404
19080000,955,48.4922243463,-4.5042858634,144.3404
19100000,956,48.4922241269,-4.5042856265,144.3404
19120000,957,48.4922239075,-4.5042853897,144.3404
19140000,958,48.492223688,-4.5042851528,144.3404
19160000,959,48.4922234686,-4.5042849159,144.3404
19180000,960,48.4922232492,-4.5042846791,144.3404
19200000,961,48.4922230297,-4.5042844422,144.3404
19220000,962,48.4922228103,-4.5042842053,144.3404
19240000,963,48.4922225909,-4.5042839684,144.3404
19260000,964,48.4922223714,-4.5042837316,144.3404
19280000,965,48.492222152,-4.5042834947,144.3404
19300000,966,48.4922219326,-4.5042832578,144.3404
19320000,967,48.4922217132,-4.504283021,144.3404
19340000,968,48.4922214937,-4.5042827841,144.3404
19360000,969,48.4922212743,-4.5042825472,144.3404
19380000,970,48.4922210549,-4.5042823104,144.3404
19400000,971,48.4922208354,-4.5042820735,144.3404
19420000,972,48.492220616,-4.5042818366,144.3404
19440000,973,48.4922203966,-4.5042815998,144.3404
19460000,974,48.4922201772,-4.5042813629,144.3404
19480000,975,48.4922199577,-4.504281126,144.3404
19500000,976,48.4922197383,-4.5042808892,144.3404
19520000,977,48.4922195189,-4.5042806523,144.3404
19540000,978,48.4922192994,-4.5042804154,144.3404
19560000,979,48.49221908,-4.5042801786,144.3404
19580000,980,48.4922188606,-4.5042799417,144.3404
19600000,981,48.4922186411,-4.5042797048,144.3404
19620000,982,48.4922184217,-4.504279468,144.3404
19640000,983,48.4922182023,-4.5042792311,144.3404
19660000,984,48.4922179829,-4.5042789942,144.3404
19680000,985,48.4922177634,-4.5042787574,144.3404
19700000,986,48.492217544,-4.5042785205,144.3404
19720000,987,48.4922173246,-4.5042782836,144.3404
19740000,988,48.4922171051,-4.5042780468,144.3404
19760000,989,48.4922168857,-4.5042778099,144.3404
19780000,990,48.4922166663,-4.504277573,144.3404
19800000,991,48.4922164469,-4.5042773361,144.3404
19820000,992,48.4922162274,-4.5042770993,144.3404
19840000,993,48.492216008,-4.5042768624,144.3404
19860000,994,48.4922157886,-4.5042766255,144.3404
19880000,995,48.4922155691,-4.5042763887,144.3404
19900000,996,48.4922153497,-4.5042761518,144.3404
19920000,997,48.4922151303,-4.5042759149,144.3404
19940000,998,48.4922149108,-4.5042756781,144.3404
19960000,999,48.4922146914,-4.5042754412,144.3404
19980000,1000,48.492214472,-4.5042752043,144.3404
20000000,1001,48.4922142526,-4.5042749675,144.3404
20020000,1002,48.4922140331,-4.5042747306,144.3404
20040000,1003,48.4922138137,-4.5042744937,144.3404
20060000,1004,48.4922135943,-4.5042742569,144.3404
20080000,1005,48.4922133748,-4.50427402,144.3404
20100000,1006,48.4922131554,-4.5042737831,144.3404
20120000,1007,48.492212936,-4.5042735463,144.3404
20140000,1008,48.4922127166,-4.5042733094,144.3404
20160000,1009,48.4922124971,-4.5042730725,144.3404
20180000,1010,48.4922122777,-4.5042728357,144.3404
20200000,1011,48.4922120583,-4.5042725988,144.3404
20220000,1012,48.4922118388,-4.5042723619,144.3404
20240000,1013,48.4922116194,-4.5042721251,144.3404
20260000,1014,48.4922114,-4.5042718882,144.3404
20280000,1015,48.4922111805,-4.5042716513,144.3404
20300000,1016,48.4922109611,-4.5042714145,144.3404
20320000,1017,48.4922107417,-4.5042711776,144.3404
20340000,1018,48.4922105223,-4.5042709407,144.3404
20360000,1019,48.4922103028,-4.5042707039,144.3404
20380000,1020,48.4922100834,-4.504270467,144.3404
20400000,1021,48.492209864,-4.5042702301,144.3404
20420000,1022,48.4922096445,-4.5042699932,144.3404
20440000,1023,48.4922094251,-4.5042697564,144.3404
20460000,1024,48.4922092057,-4.5042695195,144.3404
20480000,1025,48.4922089863,-4.5042692826,144.3404
20500000,1026,48.4922087668,-4.5042690458,144.3404
20520000,1027,48.4922085474,-4.5042688089,144.3404
20540000,1028,48.492208328,-4.504268572,144.3404
20560000,1029,48.4922081085,-4.5042683352,144.3404
20580000,1030,48.4922078891,-4.5042680983,144.3404
20600000,1031,48.4922076697,-4.5042678614,144.3404
20620000,1032,48.4922074502,-4.5042676246,144.3404
20640000,1033,48.4922072308,-4.5042673877,144.3404
20660000,1034,48.4922070114,-4.5042671508,144.3404
20680000,1035,48.492206792,-4.504266914,144.3404
20700000,1036,48.4922065725,-4.5042666771,144.3404
20720000,1037,48.4922063531,-4.5042664402,144.3404
20740000,1038,48.4922061337,-4.5042662034,144.3404
20760000,1039,48.4922059142,-4.5042659665,144.3404
20780000,1040,48.4922056948,-4.5042657296,144.3404
20800000,1041,48.4922054754,-4.5042654928,144.3404
20820000,1042,48.492205256,-4.5042652559,144.3404
20840000,1043,48.4922050365,-4.504265019,144.3404
20860000,1044,48.4922048171,-4.5042647822,144.3404
20880000,1045,48.4922045977,-4.5042645453,144.3404
20900000,1046,48.4922043782,-4.5042643084,144.3404
20920000,1047,48.4922041588,-4.5042640716,144.3404
20940000,1048,48.4922039394,-4.5042638347,144.3404
20960000,1049,48.49220372,-4.5042635978,144.3404
20980000,1050,48.4922035005,-4.504263361,144.3404
21000000,1051,48.4922032811,-4.5042631241,144.3404
21020000,1052,48.4922030617,-4.5042628872,144.3404
21040000,1053,48.4922028422,-4.5042626503,144.3404
21060000,1054,48.4922026228,-4.5042624135,144.3404
21080000,1055,48.4922024034,-4.5042621766,144.3404
21100000,1056,48.4922021839,-4.5042619397,144.3404
21120000,1057,48.4922019645,-4.5042617029,144.3404
21140000,1058,48.4922017451,-4.504261466,144.3404
21160000,1059,48.4922015257,-4.5042612291,144.3404
21180000,1060,48.4922013062,-4.5042609923,144.3404
21200000,1061,48.4922010868,-4.5042607554,144.3404
21220000,1062,48.4922008674,-4.5042605185,144.3404
21240000,1063,48.4922006479,-4.5042602817,144.3404
21260000,1064,48.4922004285,-4.5042600448,144.3404
21280000,1065,48.4922002091,-4.5042598079,144.3404
21300000,1066,48.4921999897,-4.5042595711,144.3404
21320000,1067,48.4921997702,-4.5042593342,144.3404
21340000,1068,48.4921995508,-4.5042590973,144.3404
21360000,1069,48.4921993314,-4.5042588605,144.3404
21380000,1070,48.4921991119,-4.5042586236,144.3404
21400000,1071,48.4921988925,-4.5042583867,144.3404
21420000,1072,48.4921986731,-4.5042581499,144.3404
21440000,1073,48.4921984536,-4.504257913,144.3404
21460000,1074,48.4921982342,-4.5042576761,144.3404
21480000,1075,48.4921980148,-4.5042574393,144.3404
21500000,1076,48.4921977954,-4.5042572024,144.3404
21520000,1077,48.4921975759,-4.5042569655,144.3404
21540000,1078,48.4921973565,-4.5042567287,144.3404
21560000,1079,48.4921971371,-4.5042564918,144.3404
21580000,1080,48.4921969176,-4.5042562549,144.3404
21600000,1081,48.4921966982,-4.5042560181,144.3404
21620000,1082,48.4921964788,-4.5042557812,144.3404
21640000,1083,48.4921962593,-4.5042555443,144.3404
21660000,1084,48.4921960399,-4.5042553075,144.3404
21680000,1085,48.4921958205,-4.5042550706,144.3404
21700000,1086,48.4921956011,-4.5042548337,144.3404
21720000,1087,48.4921953816,-4.5042545968,144.3404
21740000,1088,48.4921951622,-4.50425436,144.3404
21760000,1089,48.4921949428,-4.5042541231,144.3404
21780000,1090,48.4921947233,-4.5042538862,144.3404
21800000,1091,48.4921945039,-4.5042536494,144.3404
21820000,1092,48.4921942845,-4.5042534125,144.3404
21840000,1093,48.4921940651,-4.5042531756,144.3404
21860000,1094,48.4921938456,-4.5042529388,144.3404
21880000,1095,48.4921936262,-4.5042527019,144.3404
21900000,1096,48.4921934068,-4.504252465,144.3404
21920000,1097,48.4921931873,-4.5042522282,144.3404
21940000,1098,48.4921929679,-4.5042519913,144.3404
21960000,1099,48.4921927485,-4.5042517544,144.3404
21980000,1100,48.492192529,-4.5042515176,144.3404
22000000,1101,48.4921923096,-4.5042512807,144.3404
22020000,1102,48.4921920902,-4.5042510438,144.3404
22040000,1103,48.4921918708,-4.504250807,144.3404
22060000,1104,48.4921916513,-4.5042505701,144.3404
22080000,1105,48.4921914319,-4.5042503332,144.3404
22100000,1106,48.4921912125,-4.5042500964,144.3404
22120000,1107,48.492190993,-4.5042498595,144.3404
22140000,1108,48.4921907736,-4.5042496226,144.3404
22160000,1109,48.4921905542,-4.5042493858,144.3404
22180000,1110,48.4921903348,-4.5042491489,144.3404
22200000,1111,48.4921901153,-4.504248912,144.3404
22220000,1112,48.4921898959,-4.5042486752,144.3404
22240000,1113,48.4921896765,-4.5042484383,144.3404
22260000,1114,48.492189457,-4.5042482014,144.3404
22280000,1115,48.4921892376,-4.5042479646,144.3404
22300000,1116,48.4921890182,-4.5042477277,144.3404
22320000,1117,48.4921887987,-4.5042474908,144.3404
22340000,1118,48.4921885793,-4.504247254,144.3404
22360000,1119,48.4921883599,-4.5042470171,144.3404
22380000,1120,48.4921881405,-4.5042467802,144.3404
22400000,1121,48.492187921,-4.5042465433,144.3404
22420000,1122,48.4921877016,-4.5042463065,144.3404
22440000,1123,48.4921874822,-4.5042460696,144.3404
22460000,1124,48.4921872627,-4.5042458327,144.3404
22480000,1125,48.4921870433,-4.5042455959,144.3404
22500000,1126,48.4921868239,-4.504245359,144.3404
22520000,1127,48.4921866045,-4.5042451221,144.3404
22540000,1128,48.492186385,-4.5042448853,144.3404
22560000,1129,48.4921861656,-4.5042446484,144.3404
22580000,1130,48.4921859462,-4.5042444115,144.3404
22600000,1131,48.4921857267,-4.5042441747,144.3404
22620000,1132,48.4921855073,-4.5042439378,144.3404
22640000,1133,48.4921852879,-4.5042437009,144.3404
22660000,1134,48.4921850684,-4.5042434641,144.3404
22680000,1135,48.492184849,-4.5042432272,144.3404
22700000,1136,48.4921846296,-4.5042429903,144.3404
22720000,1137,48.4921844102,-4.5042427535,144.3404
22740000,1138,48.4921841907,-4.5042425166,144.3404
22760000,1139,48.4921839713,-4.5042422797,144.3404
22780000,1140,48.4921837519,-4.5042420429,144.3404
22800000,1141,48.4921835324,-4.504241806,144.3404
22820000,1142,48.492183313,-4.5042415691,144.3404
22840000,1143,48.4921830936,-4.5042413323,144.3404
22860000,1144,48.4921828742,-4.5042410954,144.3404
22880000,1145,48.4921826547,-4.5042408585,144.3404
22900000,1146,48.4921824353,-4.5042406217,144.3404
22920000,1147,48.4921822159,-4.5042403848,144.3404
22940000,1148,48.4921819964,-4.5042401479,144.3404
22960000,1149,48.492181777,-4.5042399111,144.3404
22980000,1150,48.4921815576,-4.5042396742,144.3404
23000000,1151,48.4921813381,-4.5042394373,144.3404
23020000,1152,48.4921811187,-4.5042392005,144.3404
23040000,1153,48.4921808993,-4.5042389636,144.3404
23060000,1154,48.4921806799,-4.5042387267,144.3404
23080000,1155,48.4921804604,-4.5042384899,144.3404
23100000,1156,48.492180241,-4.504238253,144.3404
23120000,1157,48.4921800216,-4.5042380161,144.3404
23140000,1158,48.4921798021,-4.5042377793,144.3404
23160000,1159,48.4921795827,-4.5042375424,144.3404
23180000,1160,48.4921793633,-4.5042373055,144.3404
23200000,1161,48.4921791439,-4.5042370686,144.3404
23220000,1162,48.4921789244,-4.5042368318,144.3404
23240000,1163,48.492178705,-4.5042365949,144.3404
23260000,1164,48.4921784856,-4.504236358,144.3404
23280000,1165,48.4921782661,-4.5042361212,144.3404
23300000,1166,48.4921780467,-4.5042358843,144.3404
23320000,1167,48.4921778273,-4.5042356474,144.3404
23340000,1168,48.4921776078,-4.5042354106,144.3404
23360000,1169,48.4921773884,-4.5042351737,144.3404
23380000,1170,48.492177169,-4.5042349368,144.3404
23400000,1171,48.4921769496,-4.5042347,144.3404
23420000,1172,48.4921767301,-4.5042344631,144.3404
23440000,1173,48.4921765107,-4.5042342262,144.3404
23460000,1174,48.4921762913,-4.5042339894,144.3404
23480000,1175,48.4921760718,-4.5042337525,144.3404
23500000,1176,48.4921758524,-4.5042335156,144.3404
23520000,1177,48.492175633,-4.5042332788,144.3404
23540000,1178,48.4921754136,-4.5042330419,144.3404
23560000,1179,48.4921751941,-4.504232805,144.3404
23580000,1180,48.4921749747,-4.5042325682,144.3404
23600000,1181,48.4921747553,-4.5042323313,144.3404
23620000,1182,48.4921745358,-4.5042320944,144.3404
23640000,1183,48.4921743164,-4.5042318576,144.3404
23660000,1184,48.492174097,-4.5042316207,144.3404
23680000,1185,48.4921738775,-4.5042313838,144.3404
23700000,1186,48.4921736581,-4.504231147,144.3404
23720000,1187,48.4921734387,-4.5042309101,144.3404
23740000,1188,48.4921732193,-4.5042306732,144.3404
23760000,1189,48.4921729998,-4.5042304364,144.3404
23780000,1190,48.4921727804,-4.5042301995,144.3404
23800000,1191,48.492172561,-4.5042299626,144.3404
23820000,1192,48.4921723415,-4.5042297258,144.3404
23840000,1193,48.4921721221,-4.5042294889,144.3404
23860000,1194,48.4921719027,-4.504229252,144.3404
23880000,1195,48.4921716833,-4.5042290152,144.3404
23900000,1196,48.4921714638,-4.5042287783,144.3404
23920000,1197,48.4921712444,-4.5042285414,144.3404
23940000,1198,48.492171025,-4.5042283046,144.3404
23960000,1199,48.4921708055,-4.5042280677,144.3404
23980000,1200,48.4921705861,-4.5042278308,144.3404
24000000,1201,48.4921703667,-4.504227594,144.3404
24020000,1202,48.4921701472,-4.5042273571,144.3404
24040000,1203,48.4921699278,-4.5042271202,144.3404
24060000,1204,48.4921697084,-4.5042268833,144.3404
24080000,1205,48.492169489,-4.5042266465,144.3404
24100000,1206,48.4921692695,-4.5042264096,144.3404
24120000,1207,48.4921690501,-4.5042261727,144.3404
24140000,1208,48.4921688307,-4.5042259359,144.3404
24160000,1209,48.4921686112,-4.504225699,144.3404
24180000,1210,48.4921683918,-4.5042254621,144.3404
24200000,1211,48.4921681724,-4.5042252253,144.3404
24220000,1212,48.4921679529,-4.5042249884,144.3404
24240000,1213,48.4921677335,-4.5042247515,144.3404
24260000,1214,48.4921675141,-4.5042245147,144.3404
24280000,1215,48.4921672947,-4.5042242778,144.3404
24300000,1216,48.4921670752,-4.5042240409,144.3404
24320000,1217,48.4921668558,-4.5042238041,144.3404
24340000,1218,48.4921666364,-4.5042235672,144.3404
24360000,1219,48.4921664169,-4.5042233303,144.3404
24380000,1220,48.4921661975,-4.5042230935,144.3404
24400000,1221,48.4921659781,-4.5042228566,144.3404
24420000,1222,48.4921657587,-4.5042226197,144.3404
24440000,1223,48.4921655392,-4.5042223829,144.3404
24460000,1224,48.4921653198,-4.504222146,144.3404
24480000,1225,48.4921651004,-4.5042219091,144.3404
24500000,1226,48.4921648809,-4.5042216723,144.3404
24520000,1227,48.4921646615,-4.5042214354,144.3404
24540000,1228,48.4921644421,-4.5042211985,144.3404
24560000,1229,48.4921642226,-4.5042209617,144.3404
24580000,1230,48.4921640032,-4.5042207248,144.3404
24600000,1231,48.4921637838,-4.5042204879,144.3404
24620000,1232,48.4921635644,-4.5042202511,144.3404
24640000,1233,48.4921633449,-4.5042200142,144.3404
24660000,1234,48.4921631255,-4.5042197773,144.3404
24680000,1235,48.4921629061,-4.5042195405,144.3404
24700000,1236,48.4921626866,-4.5042193036,144.3404
24720000,1237,48.4921624672,-4.5042190667,144.3404
24740000,1238,48.4921622478,-4.5042188299,144.3404
24760000,1239,48.4921620284,-4.504218593,144.3404
24780000,1240,48.4921618089,-4.5042183561,144.3404
24800000,1241,48.4921615895,-4.5042181193,144.3404
24820000,1242,48.4921613701,-4.5042178824,144.3404
24840000,1243,48.4921611506,-4.5042176455,144.3404
24860000,1244,48.4921609312,-4.5042174087,144.3404
24880000,1245,48.4921607118,-4.5042171718,144.3404
24900000,1246,48.4921604923,-4.5042169349,144.3404
24920000,1247,48.4921602729,-4.5042166981,144.3404
24940000,1248,48.4921600535,-4.5042164612,144.3404
24960000,1249,48.4921598341,-4.5042162243,144.3404
24980000,1250,48.4921596146,-4.5042159875,144.3404
25000000,1251,48.4921593952,-4.5042157506,144.3404
25020000,1252,48.4921591758,-4.5042155137,144.3404
25040000,1253,48.4921589563,-4.5042152768,144.3404
25060000,1254,48.4921587369,-4.50421504,144.3404
25080000,1255,48.4921585175,-4.5042148031,144.3404
25100000,1256,48.4921582981,-4.5042145662,144.3404
25120000,1257,48.4921580786,-4.5042143294,144.3404
25140000,1258,48.4921578592,-4.5042140925,144.3404
25160000,1259,48.4921576398,-4.5042138556,144.3404
25180000,1260,48.4921574203,-4.5042136188,144.3404
25200000,1261,48.4921572009,-4.5042133819,144.3404
25220000,1262,48.4921569815,-4.504213145,144.3404
25240000,1263,48.492156762,-4.5042129082,144.3404
25260000,1264,48.4921565426,-4.5042126713,144.3404
25280000,1265,48.4921563232,-4.5042124344,144.3404
25300000,1266,48.4921561038,-4.5042121976,144.3404
25320000,1267,48.4921558843,-4.5042119607,144.3404
25340000,1268,48.4921556649,-4.5042117238,144.3404
25360000,1269,48.4921554455,-4.504211487,144.3404
25380000,1270,48.492155226,-4.5042112501,144.3404
25400000,1271,48.4921550066,-4.5042110132,144.3404
25420000,1272,48.4921547872,-4.5042107764,144.3404
25440000,1273,48.4921545678,-4.5042105395,144.3404
25460000,1274,48.4921543483,-4.5042103026,144.3404
25480000,1275,48.4921541289,-4.5042100658,144.3404
25500000,1276,48.4921539095,-4.5042098289,144.3404
25520000,1277,48.49215369,-4.504209592,144.3404
25540000,1278,48.4921534706,-4.5042093552,144.3404
25560000,1279,48.4921532512,-4.5042091183,144.3404
25580000,1280,48.4921530317,-4.5042088814,144.3404
25600000,1281,48.4921528123,-4.5042086446,144.3404
25620000,1282,48.4921525929,-4.5042084077,144.3404
25640000,1283,48.4921523735,-4.5042081708,144.3404
25660000,1284,48.492152154,-4.504207934,144.3404
25680000,1285,48.4921519346,-4.5042076971,144.3404
25700000,1286,48.4921517152,-4.5042074602,144.3404
25720000,1287,48.4921514957,-4.5042072234,144.3404
25740000,1288,48.4921512763,-4.5042069865,144.3404
25760000,1289,48.4921510569,-4.5042067496,144.3404
25780000,1290,48.4921508374,-4.5042065128,144.3404
25800000,1291,48.492150618,-4.5042062759,144.3404
25820000,1292,48.4921503986,-4.504206039,144.3404
25840000,1293,48.4921501792,-4.5042058022,144.3404
25860000,1294,48.4921499597,-4.5042055653,144.3404
25880000,1295,48.4921497403,-4.5042053284,144.3404
25900000,1296,48.4921495209,-4.5042050916,144.3404
25920000,1297,48.4921493014,-4.5042048547,144.3404
25940000,1298,48.492149082,-4.5042046178,144.3404
25960000,1299,48.4921488626,-4.504204381,144.3404
25980000,1300,48.4921486432,-4.5042041441,144.3404
26000000,1301,48.4921484237,-4.5042039072,144.3404
26020000,1302,48.4921482043,-4.5042036704,144.3404
26040000,1303,48.4921479849,-4.5042034335,144.3404
26060000,1304,48.4921477654,-4.5042031966,144.3404
26080000,1305,48.492147546,-4.5042029598,144.3404
26100000,1306,48.4921473266,-4.5042027229,144.3404
26120000,1307,48.4921471071,-4.504202486,144.3404
26140000,1308,48.4921468877,-4.5042022492,144.3404
26160000,1309,48.4921466683,-4.5042020123,144.3404
26180000,1310,48.4921464489,-4.5042017754,144.3404
26200000,1311,48.4921462294,-4.5042015385,144.3404
26220000,1312,48.49214601,-4.5042013017,144.3404
26240000,1313,48.4921457906,-4.5042010648,144.3404
26260000,1314,48.4921455711,-4.5042008279,144.3404
26280000,1315,48.4921453517,-4.5042005911,144.3404
26300000,1316,48.4921451323,-4.5042003542,144.3404
26320000,1317,48.4921449129,-4.5042001173,144.3404
26340000,1318,48.4921446934,-4.5041998805,144.3404
26360000,1319,48.492144474,-4.5041996436,144.3404
26380000,1320,48.4921442546,-4.5041994067,144.3404
26400000,1321,48.4921440351,-4.5041991699,144.3404
26420000,1322,48.4921438157,-4.504198933,144.3404
26440000,1323,48.4921435963,-4.5041986961,144.3404
26460000,1324,48.4921433768,-4.5041984593,144.3404
26480000,1325,48.4921431574,-4.5041982224,144.3404
26500000,1326,48.492142938,-4.5041979855,144.3404
26520000,1327,48.4921427186,-4.5041977487,144.3404
26540000,1328,48.4921424991,-4.5041975118,144.3404
26560000,1329,48.4921422797,-4.5041972749,144.3404
26580000,1330,48.4921420603,-4.5041970381,144.3404
26600000,1331,48.4921418408,-4.5041968012,144.3404
26620000,1332,48.4921416214,-4.5041965643,144.3404
26640000,1333,48.492141402,-4.5041963275,144.3404
26660000,1334,48.4921411825,-4.5041960906,144.3404
26680000,1335,48.4921409631,-4.5041958537,144.3404
26700000,1336,48.4921407437,-4.5041956169,144.3404
26720000,1337,48.4921405243,-4.50419538,144.3404
26740000,1338,48.4921403048,-4.5041951431,144.3404
26760000,1339,48.4921400854,-4.5041949063,144.3404
26780000,1340,48.492139866,-4.5041946694,144.3404
26800000,1341,48.4921396465,-4.5041944325,144.3404
26820000,1342,48.4921394271,-4.5041941957,144.3404
26840000,1343,48.4921392077,-4.5041939588,144.3404
26860000,1344,48.4921389883,-4.5041937219,144.3404
26880000,1345,48.4921387688,-4.5041934851,144.3404
26900000,1346,48.4921385494,-4.5041932482,144.3404
26920000,1347,48.49213833,-4.5041930113,144.3404
26940000,1348,48.4921381105,-4.5041927745,144.3404
26960000,1349,48.4921378911,-4.5041925376,144.3404
26980000,1350,48.4921376717,-4.5041923007,144.3404
27000000,1351,48.4921374522,-4.5041920639,144.3404
27020000,1352,48.4921372328,-4.504191827,144.3404
27040000,1353,48.4921370134,-4.5041915901,144.3404
27060000,1354,48.492136794,-4.5041913533,144.3404
27080000,1355,48.4921365745,-4.5041911164,144.3404
27100000,1356,48.4921363551,-4.5041908795,144.3404
27120000,1357,48.4921361357,-4.5041906427,144.3404
27140000,1358,48.4921359162,-4.5041904058,144.3404
27160000,1359,48.4921356968,-4.5041901689,144.3404
27180000,1360,48.4921354774,-4.5041899321,144.3404
27200000,1361,48.492135258,-4.5041896952,144.3404
27220000,1362,48.4921350385,-4.5041894583,144.3404
27240000,1363,48.4921348191,-4.5041892215,144.3404
27260000,1364,48.4921345997,-4.5041889846,144.3404
27280000,1365,48.4921343802,-4.5041887477,144.3404
27300000,1366,48.4921341608,-4.5041885109,144.3404
27320000,1367,48.4921339414,-4.504188274,144.3404
27340000,1368,48.4921337219,-4.5041880371,144.3404
27360000,1369,48.4921335025,-4.5041878003,144.3404
27380000,1370,48.4921332831,-4.5041875634,144.3404
27400000,1371,48.4921330637,-4.5041873265,144.3404
27420000,1372,48.4921328442,-4.5041870897,144.3404
27440000,1373,48.4921326248,-4.5041868528,144.3404
27460000,1374,48.4921324054,-4.5041866159,144.3404
27480000,1375,48.4921321859,-4.5041863791,144.3404
27500000,1376,48.4921319665,-4.5041861422,144.3404
27520000,1377,48.4921317471,-4.5041859053,144.3404
27540000,1378,48.4921315276,-4.5041856685,144.3404
27560000,1379,48.4921313082,-4.5041854316,144.3404
27580000,1380,48.4921310888,-4.5041851947,144.3404
27600000,1381,48.4921308694,-4.5041849579,144.3404
27620000,1382,48.4921306499,-4.504184721,144.3404
27640000,1383,48.4921304305,-4.5041844841,144.3404
27660000,1384,48.4921302111,-4.5041842473,144.3404
27680000,1385,48.4921299916,-4.5041840104,144.3404
27700000,1386,48.4921297722,-4.5041837735,144.3404
27720000,1387,48.4921295528,-4.5041835366,144.3404
27740000,1388,48.4921293334,-4.5041832998,144.3404
27760000,1389,48.4921291139,-4.5041830629,144.3404
27780000,1390,48.4921288945,-4.504182826,144.3404
27800000,1391,48.4921286751,-4.5041825892,144.3404
27820000,1392,48.4921284556,-4.5041823523,144.3404
27840000,1393,48.4921282362,-4.5041821154,144.3404
27860000,1394,48.4921280168,-4.5041818786,144.3404
27880000,1395,48.4921277973,-4.5041816417,144.3404
27900000,1396,48.4921275779,-4.5041814048,144.3404
27920000,1397,48.4921273585,-4.504181168,144.3404
27940000,1398,48.4921271391,-4.5041809311,144.3404
27960000,1399,48.4921269196,-4.5041806942,144.3404
27980000,1400,48.4921267002,-4.5041804574,144.3404
28000000,1401,48.4921264808,-4.5041802205,144.3404
28020000,1402,48.4921262613,-4.5041799836,144.3404
28040000,1403,48.4921260419,-4.5041797468,144.3404
28060000,1404,48.4921258225,-4.5041795099,144.3404
28080000,1405,48.492125603,-4.504179273,144.3404
28100000,1406,48.4921253836,-4.5041790362,144.3404
28120000,1407,48.4921251642,-4.5041787993,144.3404
28140000,1408,48.4921249448,-4.5041785624,144.3404
28160000,1409,48.4921247253,-4.5041783256,144.3404
28180000,1410,48.4921245059,-4.5041780887,144.3404
28200000,1411,48.4921245059,-4.5041780887,144.3404
28220000,1412,48.4921243594,-4.5041779255,142.6396
28240000,1413,48.4921242152,-4.5041777548,140.9798
28260000,1414,48.4921240733,-4.5041775767,139.3618
28280000,1415,48.4921239337,-4.5041773914,137.7863
28300000,1416,48.4921237964,-4.5041771989,136.2536
28320000,1417,48.4921236614,-4.5041769993,134.7637
28340000,1418,48.4921235287,-4.5041767928,133.3164
28360000,1419,48.4921233982,-4.5041765795,131.9114
28380000,1420,48.4921232701,-4.5041763594,130.5482
28400000,1421,48.4921231442,-4.5041761328,129.2261
28420000,1422,48.4921230205,-4.5041758996,127.9443
28440000,1423,48.4921228992,-4.50417566,126.7018
28460000,1424,48.49212278,-4.5041754142,125.4978
28480000,1425,48.4921226631,-4.5041751621,124.3311
28500000,1426,48.4921225484,-4.504174904,123.2007
28520000,1427,48.492122436,-4.50417464,122.1054
28540000,1428,48.4921223257,-4.5041743701,121.0442
28560000,1429,48.4921222177,-4.5041740944,120.0157
28580000,1430,48.4921221119,-4.5041738132,119.019
28600000,1431,48.4921220082,-4.5041735264,118.0527
28620000,1432,48.4921219067,-4.5041732341,117.1158
28640000,1433,48.4921218075,-4.5041729366,116.2072
28660000,1434,48.4921217104,-4.5041726339,115.3257
28680000,1435,48.4921216154,-4.5041723261,114.4702
28700000,1436,48.4921215226,-4.5041720133,113.6398
28720000,1437,48.492121432,-4.5041716957,112.8333
28740000,1438,48.4921213435,-4.5041713733,112.0498
28760000,1439,48.4921212571,-4.5041710462,111.2883
28780000,1440,48.4921211729,-4.5041707146,110.548
28800000,1441,48.4921210908,-4.5041703786,109.8278
28820000,1442,48.4921210108,-4.5041700383,109.1269
28840000,1443,48.4921209329,-4.5041696937,108.4446
28860000,1444,48.4921208571,-4.5041693451,107.7799
28880000,1445,48.4921207834,-4.5041689924,107.1322
28900000,1446,48.4921207118,-4.5041686359,106.5006
28920000,1447,48.4921206422,-4.5041682755,105.8845
28940000,1448,48.4921205748,-4.5041679115,105.2832
28960000,1449,48.4921205094,-4.504167544,104.696
28980000,1450,48.492120446,-4.504167173,104.1222
29000000,1451,48.4921203847,-4.5041667987,103.5614
29020000,1452,48.4921203254,-4.5041664211,103.0128
29040000,1453,48.4921202682,-4.5041660404,102.476
29060000,1454,48.492120213,-4.5041656567,101.9503
29080000,1455,48.4921201598,-4.5041652701,101.4354
29100000,1456,48.4921201087,-4.5041648807,100.9306
29120000,1457,48.4921200595,-4.5041644886,100.4355
29140000,1458,48.4921200124,-4.504164094,99.9496
29160000,1459,48.4921199672,-4.5041636969,99.4725
29180000,1460,48.492119924,-4.5041632974,99.0038
29200000,1461,48.4921198828,-4.5041628956,98.543
29220000,1462,48.4921198436,-4.5041624918,98.0898
29240000,1463,48.4921198063,-4.5041620859,97.6437
29260000,1464,48.492119771,-4.504161678,97.2044
29280000,1465,48.4921197376,-4.5041612684,96.7716
29300000,1466,48.4921197062,-4.5041608571,96.3448
29320000,1467,48.4921196767,-4.5041604441,95.9237
29340000,1468,48.4921196491,-4.5041600297,95.5081
29360000,1469,48.4921196235,-4.5041596139,95.0975
29380000,1470,48.4921195997,-4.5041591969,94.6917
29400000,1471,48.4921195779,-4.5041587786,94.2904
29420000,1472,48.492119558,-4.5041583594,93.8932
29440000,1473,48.4921195399,-4.5041579392,93.4999
29460000,1474,48.4921195238,-4.5041575181,93.1102
29480000,1475,48.4921195095,-4.5041570964,92.7238
29500000,1476,48.4921194971,-4.504156674,92.3405
29520000,1477,48.4921194865,-4.5041562511,91.9599
29540000,1478,48.4921194778,-4.5041558278,91.5818
29560000,1479,48.492119471,-4.5041554043,91.206
29580000,1480,48.492119466,-4.5041549806,90.8321
29600000,1481,48.4921194628,-4.5041545568,90.46
29620000,1482,48.4921194614,-4.504154133,90.0893
29640000,1483,48.4921194619,-4.5041537094,89.7199
29660000,1484,48.4921194642,-4.5041532861,89.3514
29680000,1485,48.4921194683,-4.5041528631,88.9836
29700000,1486,48.4921194741,-4.5041524406,88.6162
29720000,1487,48.4921194818,-4.5041520187,88.2491
29740000,1488,48.4921194913,-4.5041515975,87.8819
29760000,1489,48.4921195025,-4.5041511771,87.5144
29780000,1490,48.4921195155,-4.5041507576,87.1463
29800000,1491,48.4921195303,-4.5041503392,86.7774
29820000,1492,48.4921195468,-4.5041499219,86.4074
29840000,1493,48.4921195651,-4.5041495058,86.036
29860000,1494,48.4921195851,-4.5041490911,85.663
29880000,1495,48.4921196068,-4.5041486778,85.2881
29900000,1496,48.4921196303,-4.5041482661,84.9109
29920000,1497,48.4921196554,-4.5041478561,84.5313
29940000,1498,48.4921196823,-4.5041474478,84.1489
29960000,1499,48.4921197109,-4.5041470415,83.7633
29980000,1500,48.4921197412,-4.5041466372,83.3744
30000000,1501,48.4921197732,-4.504146235,82.9817
30020000,1502,48.4921198069,-4.504145835,82.5849
30040000,1503,48.4921198422,-4.5041454374,82.1837
30060000,1504,48.4921198792,-4.5041450421,81.7777
30080000,1505,48.4921199179,-4.5041446495,81.3665
30100000,1506,48.4921199582,-4.5041442595,80.9498
30120000,1507,48.4921200001,-4.5041438723,80.5272
30140000,1508,48.4921200438,-4.5041434879,80.0982
30160000,1509,48.492120089,-4.5041431066,79.6623
30180000,1510,48.4921201359,-4.5041427283,79.2192
30200000,1511,48.4921201843,-4.5041423533,78.7684
30220000,1512,48.4921202344,-4.5041419816,78.3093
30240000,1513,48.4921202861,-4.5041416133,77.8414
30260000,1514,48.4921203394,-4.5041412485,77.3642
30280000,1515,48.4921203943,-4.5041408874,76.8771
30300000,1516,48.4921204508,-4.50414053,76.3795
30320000,1517,48.4921205088,-4.5041401765,75.8707
30340000,1518,48.4921205684,-4.5041398269,75.35
30360000,1519,48.4921206296,-4.5041394815,74.8167
30380000,1520,48.4921206923,-4.5041391402,74.2702
30400000,1521,48.4921207565,-4.5041388032,73.7094
30420000,1522,48.4921208223,-4.5041384707,73.1337
30440000,1523,48.4921208897,-4.5041381426,72.5421
30460000,1524,48.4921209585,-4.5041378192,71.9337
30480000,1525,48.4921210289,-4.5041375005,71.3073
30500000,1526,48.4921211008,-4.5041371867,70.6621
30520000,1527,48.4921211742,-4.5041368778,69.9967
30540000,1528,48.492121249,-4.5041365739,69.31
30560000,1529,48.4921213254,-4.5041362753,68.6007
30580000,1530,48.4921214033,-4.5041359819,67.8675
30600000,1531,48.4921214826,-4.5041356939,67.1088
30620000,1532,48.4921215634,-4.5041354114,66.3231
30640000,1533,48.4921216456,-4.5041351346,65.5087
30660000,1534,48.4921217293,-4.5041348634,64.664
30680000,1535,48.4921218145,-4.5041345981,63.7869
30700000,1536,48.4921219011,-4.5041343387,62.8756
30720000,1537,48.4921219891,-4.5041340853,61.928
30740000,1538,48.4921220785,-4.5041338381,60.9417
30760000,1539,48.4921221694,-4.5041335972,59.9146
30780000,1540,48.4921222616,-4.5041333626,58.844
30800000,1541,48.4921223553,-4.5041331345,57.7273
30820000,1542,48.4921224504,-4.504132913,56.5619
30840000,1543,48.4921225468,-4.5041326982,55.3448
30860000,1544,48.4921226446,-4.5041324902,54.0731
30880000,1545,48.4921227438,-4.5041322891,52.7436
30900000,1546,48.4921228444,-4.5041320951,51.3533
30920000,1547,48.4921229463,-4.5041319082,49.8988
30940000,1548,48.4921230496,-4.5041317285,48.377
30960000,1549,48.4921231543,-4.5041315562,46.7847
30980000,1550,48.4921232602,-4.5041313913,45.1185
31000000,1551,48.4921233675,-4.504131234,43.3757
31020000,1552,48.4921234761,-4.5041310844,41.5534
31040000,1553,48.4921235861,-4.5041309426,39.6492
31060000,1554,48.4921236973,-4.5041308087,37.6611
31080000,1555,48.4921238098,-4.5041306828,35.5877
31100000,1556,48.4921239237,-4.504130565,33.4284
31120000,1557,48.4921240388,-4.5041304555,31.1833
31140000,1558,48.4921241552,-4.5041303543,28.8536
31160000,1559,48.4921242729,-4.5041302615,26.4416
31180000,1560,48.4921243918,-4.5041301773,23.9511
31200000,1561,48.492124512,-4.5041301017,21.3871
31220000,1562,48.4921246335,-4.5041300349,18.756
31240000,1563,48.4921247561,-4.504129977,16.0658
31260000,1564,48.4921248801,-4.5041299281,13.3258
31280000,1565,48.4921250052,-4.5041298883,10.5464
31300000,1566,48.4921251316,-4.5041298577,7.7394
31320000,1567,48.4921252592,-4.5041298364,4.9169
31340000,1568,48.492125388,-4.5041298245,2.0918
31360000,1569,48.492125518,-4.5041298222,359.277
31380000,1570,48.4921256492,-4.5041298295,356.485
31400000,1571,48.4921257816,-4.5041298466,353.7278
31420000,1572,48.4921259152,-4.5041298735,351.0166
31440000,1573,48.4921260499,-4.5041299105,348.3612
31460000,1574,48.4921261858,-4.5041299574,345.7704
31480000,1575,48.4921263229,-4.5041300146,343.2513
31500000,1576,48.4921264611,-4.5041300821,340.8097
31520000,1577,48.4921266004,-4.50413016,338.45
31540000,1578,48.4921267409,-4.5041302484,336.1752
31560000,1579,48.4921268825,-4.5041303475,333.987
31580000,1580,48.4921270253,-4.5041304572,331.8862
31600000,1581,48.4921271691,-4.5041305779,329.8725
31620000,1582,48.4921273141,-4.5041307094,327.9449
31640000,1583,48.4921274601,-4.5041308521,326.1016
31660000,1584,48.4921276073,-4.5041310059,324.3404
31680000,1585,48.4921276073,-4.5041310059,324.3404
31700000,1586,48.4921278267,-4.5041312427,324.3404
31720000,1587,48.4921280462,-4.5041314796,324.3404
31740000,1588,48.4921282656,-4.5041317165,324.3404
31760000,1589,48.492128485,-4.5041319533,324.3404
31780000,1590,48.4921287045,-4.5041321902,324.3404
31800000,1591,48.4921289239,-4.5041324271,324.3404
31820000,1592,48.4921291433,-4.5041326639,324.3404
31840000,1593,48.4921293627,-4.5041329008,324.3404
31860000,1594,48.4921295822,-4.5041331377,324.3404
31880000,1595,48.4921298016,-4.5041333745,324.3404
31900000,1596,48.492130021,-4.5041336114,324.3404
31920000,1597,48.4921302405,-4.5041338483,324.3404
31940000,1598,48.4921304599,-4.5041340851,324.3404
31960000,1599,48.4921306793,-4.504134322,324.3404
31980000,1600,48.4921308987,-4.5041345589,324.3404
32000000,1601,48.4921311182,-4.5041347957,324.3404
32020000,1602,48.4921313376,-4.5041350326,324.3404
32040000,1603,48.492131557,-4.5041352695,324.3404
32060000,1604,48.4921317765,-4.5041355064,324.3404
32080000,1605,48.4921319959,-4.5041357432,324.3404
32100000,1606,48.4921322153,-4.5041359801,324.3404
32120000,1607,48.4921324348,-4.504136217,324.3404
32140000,1608,48.4921326542,-4.5041364538,324.3404
32160000,1609,48.4921328736,-4.5041366907,324.3404
32180000,1610,48.492133093,-4.5041369276,324.3404
32200000,1611,48.4921333125,-4.5041371644,324.3404
32220000,1612,48.4921335319,-4.5041374013,324.3404
32240000,1613,48.4921337513,-4.5041376382,324.3404
32260000,1614,48.4921339708,-4.504137875,324.3404
32280000,1615,48.4921341902,-4.5041381119,324.3404
32300000,1616,48.4921344096,-4.5041383488,324.3404
32320000,1617,48.4921346291,-4.5041385856,324.3404
32340000,1618,48.4921348485,-4.5041388225,324.3404
32360000,1619,48.4921350679,-4.5041390594,324.3404
32380000,1620,48.4921352873,-4.5041392962,324.3404
32400000,1621,48.4921355068,-4.5041395331,324.3404
32420000,1622,48.4921357262,-4.50413977,324.3404
32440000,1623,48.4921359456,-4.5041400068,324.3404
32460000,1624,48.4921361651,-4.5041402437,324.3404
32480000,1625,48.4921363845,-4.5041404806,324.3404
32500000,1626,48.4921366039,-4.5041407174,324.3404
32520000,1627,48.4921368233,-4.5041409543,324.3404
32540000,1628,48.4921370428,-4.5041411912,324.3404
32560000,1629,48.4921372622,-4.504141428,324.3404
32580000,1630,48.4921374816,-4.5041416649,324.3404
32600000,1631,48.4921377011,-4.5041419018,324.3404
32620000,1632,48.4921379205,-4.5041421386,324.3404
32640000,1633,48.4921381399,-4.5041423755,324.3404
32660000,1634,48.4921383594,-4.5041426124,324.3404
32680000,1635,48.4921385788,-4.5041428492,324.3404
32700000,1636,48.4921387982,-4.5041430861,324.3404
32720000,1637,48.4921390176,-4.504143323,324.3404
32740000,1638,48.4921392371,-4.5041435598,324.3404
32760000,1639,48.4921394565,-4.5041437967,324.3404
32780000,1640,48.4921396759,-4.5041440336,324.3404
32800000,1641,48.4921398954,-4.5041442704,324.3404
32820000,1642,48.4921401148,-4.5041445073,324.3404
32840000,1643,48.4921403342,-4.5041447442,324.3404
32860000,1644,48.4921405537,-4.504144981,324.3404
32880000,1645,48.4921407731,-4.5041452179,324.3404
32900000,1646,48.4921409925,-4.5041454548,324.3404
32920000,1647,48.4921412119,-4.5041456916,324.3404
32940000,1648,48.4921414314,-4.5041459285,324.3404
32960000,1649,48.4921416508,-4.5041461654,324.3404
32980000,1650,48.4921418702,-4.5041464022,324.3404
33000000,1651,48.4921420897,-4.5041466391,324.3404
33020000,1652,48.4921423091,-4.504146876,324.3404
33040000,1653,48.4921425285,-4.5041471128,324.3404
33060000,1654,48.492142748,-4.5041473497,324.3404
33080000,1655,48.4921429674,-4.5041475866,324.3404
33100000,1656,48.4921431868,-4.5041478234,324.3404
33120000,1657,48.4921434062,-4.5041480603,324.3404
33140000,1658,48.4921436257,-4.5041482972,324.3404
33160000,1659,48.4921438451,-4.504148534,324.3404
33180000,1660,48.4921440645,-4.5041487709,324.3404
33200000,1661,48.492144284,-4.5041490078,324.3404
33220000,1662,48.4921445034,-4.5041492446,324.3404
33240000,1663,48.4921447228,-4.5041494815,324.3404
33260000,1664,48.4921449422,-4.5041497184,324.3404
33280000,1665,48.4921451617,-4.5041499552,324.3404
33300000,1666,48.4921453811,-4.5041501921,324.3404
33320000,1667,48.4921456005,-4.504150429,324.3404
33340000,1668,48.49214582,-4.5041506658,324.3404
33360000,1669,48.4921460394,-4.5041509027,324.3404
33380000,1670,48.4921462588,-4.5041511396,324.3404
33400000,1671,48.4921464783,-4.5041513764,324.3404
33420000,1672,48.4921466977,-4.5041516133,324.3404
33440000,1673,48.4921469171,-4.5041518502,324.3404
33460000,1674,48.4921471365,-4.504152087,324.3404
33480000,1675,48.492147356,-4.5041523239,324.3404
33500000,1676,48.4921475754,-4.5041525608,324.3404
33520000,1677,48.4921477948,-4.5041527976,324.3404
33540000,1678,48.4921480143,-4.5041530345,324.3404
33560000,1679,48.4921482337,-4.5041532714,324.3404
33580000,1680,48.4921484531,-4.5041535082,324.3404
33600000,1681,48.4921486726,-4.5041537451,324.3404
33620000,1682,48.492148892,-4.504153982,324.3404
33640000,1683,48.4921491114,-4.5041542188,324.3404
33660000,1684,48.4921493308,-4.5041544557,324.3404
33680000,1685,48.4921495503,-4.5041546926,324.3404
33700000,1686,48.4921497697,-4.5041549294,324.3404
33720000,1687,48.4921499891,-4.5041551663,324.3404
33740000,1688,48.4921502086,-4.5041554032,324.3404
33760000,1689,48.492150428,-4.50415564,324.3404
33780000,1690,48.4921506474,-4.5041558769,324.3404
33800000,1691,48.4921508668,-4.5041561138,324.3404
33820000,1692,48.4921510863,-4.5041563506,324.3404
33840000,1693,48.4921513057,-4.5041565875,324.3404
33860000,1694,48.4921515251,-4.5041568244,324.3404
33880000,1695,48.4921517446,-4.5041570612,324.3404
33900000,1696,48.492151964,-4.5041572981,324.3404
33920000,1697,48.4921521834,-4.504157535,324.3404
33940000,1698,48.4921524029,-4.5041577718,324.3404
33960000,1699,48.4921526223,-4.5041580087,324.3404
33980000,1700,48.4921528417,-4.5041582456,324.3404
34000000,1701,48.4921530611,-4.5041584824,324.3404
34020000,1702,48.4921532806,-4.5041587193,324.3404
34040000,1703,48.4921535,-4.5041589562,324.3404
34060000,1704,48.4921537194,-4.504159193,324.3404
34080000,1705,48.4921539389,-4.5041594299,324.3404
34100000,1706,48.4921541583,-4.5041596668,324.3404
34120000,1707,48.4921543777,-4.5041599036,324.3404
34140000,1708,48.4921545972,-4.5041601405,324.3404
34160000,1709,48.4921548166,-4.5041603774,324.3404
34180000,1710,48.492155036,-4.5041606142,324.3404
34200000,1711,48.4921552554,-4.5041608511,324.3404
34220000,1712,48.4921554749,-4.504161088,324.3404
34240000,1713,48.4921556943,-4.5041613248,324.3404
34260000,1714,48.4921559137,-4.5041615617,324.3404
34280000,1715,48.4921561332,-4.5041617986,324.3404
34300000,1716,48.4921563526,-4.5041620354,324.3404
34320000,1717,48.492156572,-4.5041622723,324.3404
34340000,1718,48.4921567914,-4.5041625092,324.3404
34360000,1719,48.4921570109,-4.504162746,324.3404
34380000,1720,48.4921572303,-4.5041629829,324.3404
34400000,1721,48.4921574497,-4.5041632198,324.3404
34420000,1722,48.4921576692,-4.5041634566,324.3404
34440000,1723,48.4921578886,-4.5041636935,324.3404
34460000,1724,48.492158108,-4.5041639304,324.3404
34480000,1725,48.4921583275,-4.5041641673,324.3404
34500000,1726,48.4921585469,-4.5041644041,324.3404
34520000,1727,48.4921587663,-4.504164641,324.3404
34540000,1728,48.4921589857,-4.5041648779,324.3404
34560000,1729,48.4921592052,-4.5041651147,324.3404
34580000,1730,48.4921594246,-4.5041653516,324.3404
34600000,1731,48.492159644,-4.5041655885,324.3404
34620000,1732,48.4921598635,-4.5041658253,324.3404
34640000,1733,48.4921600829,-4.5041660622,324.3404
34660000,1734,48.4921603023,-4.5041662991,324.3404
34680000,1735,48.4921605218,-4.5041665359,324.3404
34700000,1736,48.4921607412,-4.5041667728,324.3404
34720000,1737,48.4921609606,-4.5041670097,324.3404
34740000,1738,48.49216118,-4.5041672465,324.3404
34760000,1739,48.4921613995,-4.5041674834,324.3404
34780000,1740,48.4921616189,-4.5041677203,324.3404
34800000,1741,48.4921618383,-4.5041679571,324.3404
34820000,1742,48.4921620578,-4.504168194,324.3404
34840000,1743,48.4921622772,-4.5041684309,324.3404
34860000,1744,48.4921624966,-4.5041686677,324.3404
34880000,1745,48.492162716,-4.5041689046,324.3404
34900000,1746,48.4921629355,-4.5041691415,324.3404
34920000,1747,48.4921631549,-4.5041693783,324.3404
34940000,1748,48.4921633743,-4.5041696152,324.3404
34960000,1749,48.4921635938,-4.5041698521,324.3404
34980000,1750,48.4921638132,-4.5041700889,324.3404
35000000,1751,48.4921640326,-4.5041703258,324.3404
35020000,1752,48.4921642521,-4.5041705627,324.3404
35040000,1753,48.4921644715,-4.5041707995,324.3404
35060000,1754,48.4921646909,-4.5041710364,324.3404
35080000,1755,48.4921649103,-4.5041712733,324.3404
35100000,1756,48.4921651298,-4.5041715101,324.3404
35120000,1757,48.4921653492,-4.504171747,324.3404
35140000,1758,48.4921655686,-4.5041719839,324.3404
35160000,1759,48.4921657881,-4.5041722207,324.3404
35180000,1760,48.4921660075,-4.5041724576,324.3404
35200000,1761,48.4921662269,-4.5041726945,324.3404
35220000,1762,48.4921664463,-4.5041729313,324.3404
35240000,1763,48.4921666658,-4.5041731682,324.3404
35260000,1764,48.4921668852,-4.5041734051,324.3404
35280000,1765,48.4921671046,-4.5041736419,324.3404
35300000,1766,48.4921673241,-4.5041738788,324.3404
35320000,1767,48.4921675435,-4.5041741157,324.3404
35340000,1768,48.4921677629,-4.5041743525,324.3404
35360000,1769,48.4921679824,-4.5041745894,324.3404
35380000,1770,48.4921682018,-4.5041748263,324.3404
35400000,1771,48.4921684212,-4.5041750631,324.3404
35420000,1772,48.4921686406,-4.5041753,324.3404
35440000,1773,48.4921688601,-4.5041755369,324.3404
35460000,1774,48.4921690795,-4.5041757737,324.3404
35480000,1775,48.4921692989,-4.5041760106,324.3404
35500000,1776,48.4921695184,-4.5041762475,324.3404
35520000,1777,48.4921697378,-4.5041764843,324.3404
35540000,1778,48.4921699572,-4.5041767212,324.3404
35560000,1779,48.4921701767,-4.5041769581,324.3404
35580000,1780,48.4921703961,-4.5041771949,324.3404
35600000,1781,48.4921706155,-4.5041774318,324.3404
35620000,1782,48.4921708349,-4.5041776687,324.3404
35640000,1783,48.4921710544,-4.5041779055,324.3404
35660000,1784,48.4921712738,-4.5041781424,324.3404
35680000,1785,48.4921714932,-4.5041783793,324.3404
35700000,1786,48.4921717127,-4.5041786161,324.3404
35720000,1787,48.4921719321,-4.504178853,324.3404
35740000,1788,48.4921721515,-4.5041790899,324.3404
35760000,1789,48.4921723709,-4.5041793267,324.3404
35780000,1790,48.4921725904,-4.5041795636,324.3404
35800000,1791,48.4921728098,-4.5041798005,324.3404
35820000,1792,48.4921730292,-4.5041800373,324.3404
35840000,1793,48.4921732487,-4.5041802742,324.3404
35860000,1794,48.4921734681,-4.5041805111,324.3404
35880000,1795,48.4921736875,-4.504180748,324.3404
35900000,1796,48.492173907,-4.5041809848,324.3404
35920000,1797,48.4921741264,-4.5041812217,324.3404
35940000,1798,48.4921743458,-4.5041814586,324.3404
35960000,1799,48.4921745652,-4.5041816954,324.3404
35980000,1800,48.4921747847,-4.5041819323,324.3404
36000000,1801,48.4921750041,-4.5041821692,324.3404
36020000,1802,48.4921752235,-4.504182406,324.3404
36040000,1803,48.492175443,-4.5041826429,324.3404
36060000,1804,48.4921756624,-4.5041828798,324.3404
36080000,1805,48.4921758818,-4.5041831166,324.3404
36100000,1806,48.4921761013,-4.5041833535,324.3404
36120000,1807,48.4921763207,-4.5041835904,324.3404
36140000,1808,48.4921765401,-4.5041838272,324.3404
36160000,1809,48.4921767595,-4.5041840641,324.3404
36180000,1810,48.492176979,-4.504184301,324.3404
36200000,1811,48.4921771984,-4.5041845378,324.3404
36220000,1812,48.4921774178,-4.5041847747,324.3404
36240000,1813,48.4921776373,-4.5041850116,324.3404
36260000,1814,48.4921778567,-4.5041852484,324.3404
36280000,1815,48.4921780761,-4.5041854853,324.3404
36300000,1816,48.4921782955,-4.5041857222,324.3404
36320000,1817,48.492178515,-4.504185959,324.3404
36340000,1818,48.4921787344,-4.5041861959,324.3404
36360000,1819,48.4921789538,-4.5041864328,324.3404
36380000,1820,48.4921791733,-4.5041866696,324.3404
36400000,1821,48.4921793927,-4.5041869065,324.3404
36420000,1822,48.4921796121,-4.5041871434,324.3404
36440000,1823,48.4921798316,-4.5041873802,324.3404
36460000,1824,48.492180051,-4.5041876171,324.3404
36480000,1825,48.4921802704,-4.504187854,324.3404
36500000,1826,48.4921804898,-4.5041880908,324.3404
36520000,1827,48.4921807093,-4.5041883277,324.3404
36540000,1828,48.4921809287,-4.5041885646,324.3404
36560000,1829,48.4921811481,-4.5041888014,324.3404
36580000,1830,48.4921813676,-4.5041890383,324.3404
36600000,1831,48.492181587,-4.5041892752,324.3404
36620000,1832,48.4921818064,-4.504189512,324.3404
36640000,1833,48.4921820258,-4.5041897489,324.3404
36660000,1834,48.4921822453,-4.5041899858,324.3404
36680000,1835,48.4921824647,-4.5041902226,324.3404
36700000,1836,48.4921826841,-4.5041904595,324.3404
36720000,1837,48.4921829036,-4.5041906964,324.3404
36740000,1838,48.492183123,-4.5041909332,324.3404
36760000,1839,48.4921833424,-4.5041911701,324.3404
36780000,1840,48.4921835619,-4.504191407,324.3404
36800000,1841,48.4921837813,-4.5041916438,324.3404
36820000,1842,48.4921840007,-4.5041918807,324.3404
36840000,1843,48.4921842201,-4.5041921176,324.3404
36860000,1844,48.4921844396,-4.5041923544,324.3404
36880000,1845,48.492184659,-4.5041925913,324.3404
36900000,1846,48.4921848784,-4.5041928282,324.3404
36920000,1847,48.4921850979,-4.504193065,324.3404
36940000,1848,48.4921853173,-4.5041933019,324.3404
36960000,1849,48.4921855367,-4.5041935388,324.3404
36980000,1850,48.4921857562,-4.5041937757,324.3404
37000000,1851,48.4921859756,-4.5041940125,324.3404
37020000,1852,48.492186195,-4.5041942494,324.3404
37040000,1853,48.4921864144,-4.5041944863,324.3404
37060000,1854,48.4921866339,-4.5041947231,324.3404
37080000,1855,48.4921868533,-4.50419496,324.3404
37100000,1856,48.4921870727,-4.5041951969,324.3404
37120000,1857,48.4921872922,-4.5041954337,324.3404
37140000,1858,48.4921875116,-4.5041956706,324.3404
37160000,1859,48.492187731,-4.5041959075,324.3404
37180000,1860,48.4921879504,-4.5041961443,324.3404
37200000,1861,48.4921881699,-4.5041963812,324.3404
37220000,1862,48.4921883893,-4.5041966181,324.3404
37240000,1863,48.4921886087,-4.5041968549,324.3404
37260000,1864,48.4921888282,-4.5041970918,324.3404
37280000,1865,48.4921890476,-4.5041973287,324.3404
37300000,1866,48.492189267,-4.5041975655,324.3404
37320000,1867,48.4921894865,-4.5041978024,324.3404
37340000,1868,48.4921897059,-4.5041980393,324.3404
37360000,1869,48.4921899253,-4.5041982761,324.3404
37380000,1870,48.4921901447,-4.504198513,324.3404
37400000,1871,48.4921903642,-4.5041987499,324.3404
37420000,1872,48.4921905836,-4.5041989867,324.3404
37440000,1873,48.492190803,-4.5041992236,324.3404
37460000,1874,48.4921910225,-4.5041994605,324.3404
37480000,1875,48.4921912419,-4.5041996973,324.3404
37500000,1876,48.4921914613,-4.5041999342,324.3404
37520000,1877,48.4921916807,-4.5042001711,324.3404
37540000,1878,48.4921919002,-4.5042004079,324.3404
37560000,1879,48.4921921196,-4.5042006448,324.3404
37580000,1880,48.492192339,-4.5042008817,324.3404
37600000,1881,48.4921925585,-4.5042011185,324.3404
37620000,1882,48.4921927779,-4.5042013554,324.3404
37640000,1883,48.4921929973,-4.5042015923,324.3404
37660000,1884,48.4921932168,-4.5042018291,324.3404
37680000,1885,48.4921934362,-4.504202066,324.3404
37700000,1886,48.4921936556,-4.5042023029,324.3404
37720000,1887,48.492193875,-4.5042025397,324.3404
37740000,1888,48.4921940945,-4.5042027766,324.3404
37760000,1889,48.4921943139,-4.5042030135,324.3404
37780000,1890,48.4921945333,-4.5042032503,324.3404
37800000,1891,48.4921947528,-4.5042034872,324.3404
37820000,1892,48.4921949722,-4.5042037241,324.3404
37840000,1893,48.4921951916,-4.5042039609,324.3404
37860000,1894,48.4921954111,-4.5042041978,324.3404
37880000,1895,48.4921956305,-4.5042044347,324.3404
37900000,1896,48.4921958499,-4.5042046715,324.3404
37920000,1897,48.4921960693,-4.5042049084,324.3404
37940000,1898,48.4921962888,-4.5042051453,324.3404
37960000,1899,48.4921965082,-4.5042053822,324.3404
37980000,1900,48.4921967276,-4.504205619,324.3404
38000000,1901,48.4921969471,-4.5042058559,324.3404
38020000,1902,48.4921971665,-4.5042060928,324.3404
38040000,1903,48.4921973859,-4.5042063296,324.3404
38060000,1904,48.4921976053,-4.5042065665,324.3404
38080000,1905,48.4921978248,-4.5042068034,324.3404
38100000,1906,48.4921980442,-4.5042070402,324.3404
38120000,1907,48.4921982636,-4.5042072771,324.3404
38140000,1908,48.4921984831,-4.504207514,324.3404
38160000,1909,48.4921987025,-4.5042077508,324.3404
38180000,1910,48.4921989219,-4.5042079877,324.3404
38200000,1911,48.4921991414,-4.5042082246,324.3404
38220000,1912,48.4921993608,-4.5042084614,324.3404
38240000,1913,48.4921995802,-4.5042086983,324.3404
38260000,1914,48.4921997996,-4.5042089352,324.3404
38280000,1915,48.4922000191,-4.504209172,324.3404
38300000,1916,48.4922002385,-4.5042094089,324.3404
38320000,1917,48.4922004579,-4.5042096458,324.3404
38340000,1918,48.4922006774,-4.5042098826,324.3404
38360000,1919,48.4922008968,-4.5042101195,324.3404
38380000,1920,48.4922011162,-4.5042103564,324.3404
38400000,1921,48.4922013356,-4.5042105932,324.3404
38420000,1922,48.4922015551,-4.5042108301,324.3404
38440000,1923,48.4922017745,-4.504211067,324.3404
38460000,1924,48.4922019939,-4.5042113038,324.3404
38480000,1925,48.4922022134,-4.5042115407,324.3404
38500000,1926,48.4922024328,-4.5042117776,324.3404
38520000,1927,48.4922026522,-4.5042120144,324.3404
38540000,1928,48.4922028717,-4.5042122513,324.3404
38560000,1929,48.4922030911,-4.5042124882,324.3404
38580000,1930,48.4922033105,-4.504212725,324.3404
38600000,1931,48.4922035299,-4.5042129619,324.3404
38620000,1932,48.4922037494,-4.5042131988,324.3404
38640000,1933,48.4922039688,-4.5042134356,324.3404
38660000,1934,48.4922041882,-4.5042136725,324.3404
38680000,1935,48.4922044077,-4.5042139094,324.3404
38700000,1936,48.4922046271,-4.5042141462,324.3404
38720000,1937,48.4922048465,-4.5042143831,324.3404
38740000,1938,48.492205066,-4.50421462,324.3404
38760000,1939,48.4922052854,-4.5042148569,324.3404
38780000,1940,48.4922055048,-4.5042150937,324.3404
38800000,1941,48.4922057242,-4.5042153306,324.3404
38820000,1942,48.4922059437,-4.5042155675,324.3404
38840000,1943,48.4922061631,-4.5042158043,324.3404
38860000,1944,48.4922063825,-4.5042160412,324.3404
38880000,1945,48.492206602,-4.5042162781,324.3404
38900000,1946,48.4922068214,-4.5042165149,324.3404
38920000,1947,48.4922070408,-4.5042167518,324.3404
38940000,1948,48.4922072602,-4.5042169887,324.3404
38960000,1949,48.4922074797,-4.5042172255,324.3404
38980000,1950,48.4922076991,-4.5042174624,324.3404
39000000,1951,48.4922079185,-4.5042176993,324.3404
39020000,1952,48.492208138,-4.5042179361,324.3404
39040000,1953,48.4922083574,-4.504218173,324.3404
39060000,1954,48.4922085768,-4.5042184099,324.3404
39080000,1955,48.4922087963,-4.5042186467,324.3404
39100000,1956,48.4922090157,-4.5042188836,324.3404
39120000,1957,48.4922092351,-4.5042191205,324.3404
39140000,1958,48.4922094545,-4.5042193573,324.3404
39160000,1959,48.492209674,-4.5042195942,324.3404
39180000,1960,48.4922098934,-4.5042198311,324.3404
39200000,1961,48.4922101128,-4.5042200679,324.3404
39220000,1962,48.4922103323,-4.5042203048,324.3404
39240000,1963,48.4922105517,-4.5042205417,324.3404
39260000,1964,48.4922107711,-4.5042207785,324.3404
39280000,1965,48.4922109905,-4.5042210154,324.3404
39300000,1966,48.49221121,-4.5042212523,324.3404
39320000,1967,48.4922114294,-4.5042214891,324.3404
39340000,1968,48.4922116488,-4.504221726,324.3404
39360000,1969,48.4922118683,-4.5042219629,324.3404
39380000,1970,48.4922120877,-4.5042221997,324.3404
39400000,1971,48.4922123071,-4.5042224366,324.3404
39420000,1972,48.4922125266,-4.5042226735,324.3404
39440000,1973,48.492212746,-4.5042229103,324.3404
39460000,1974,48.4922129654,-4.5042231472,324.3404
39480000,1975,48.4922131848,-4.5042233841,324.3404
39500000,1976,48.4922134043,-4.5042236209,324.3404
39520000,1977,48.4922136237,-4.5042238578,324.3404
39540000,1978,48.4922138431,-4.5042240947,324.3404
39560000,1979,48.4922140626,-4.5042243316,324.3404
39580000,1980,48.492214282,-4.5042245684,324.3404
39600000,1981,48.4922145014,-4.5042248053,324.3404
39620000,1982,48.4922147208,-4.5042250422,324.3404
39640000,1983,48.4922149403,-4.504225279,324.3404
39660000,1984,48.4922151597,-4.5042255159,324.3404
39680000,1985,48.4922153791,-4.5042257528,324.3404
39700000,1986,48.4922155986,-4.5042259896,324.3404
39720000,1987,48.492215818,-4.5042262265,324.3404
39740000,1988,48.4922160374,-4.5042264634,324.3404
39760000,1989,48.4922162569,-4.5042267002,324.3404
39780000,1990,48.4922164763,-4.5042269371,324.3404
39800000,1991,48.4922166957,-4.504227174,324.3404
39820000,1992,48.4922169151,-4.5042274108,324.3404
39840000,1993,48.4922171346,-4.5042276477,324.3404
39860000,1994,48.492217354,-4.5042278846,324.3404
39880000,1995,48.4922175734,-4.5042281214,324.3404
39900000,1996,48.4922177929,-4.5042283583,324.3404
39920000,1997,48.4922180123,-4.5042285952,324.3404
39940000,1998,48.4922182317,-4.504228832,324.3404
39960000,1999,48.4922184511,-4.5042290689,324.3404
39980000,2000,48.4922186706,-4.5042293058,324.3404
40000000,2001,48.49221889,-4.5042295426,324.3404
40020000,2002,48.4922191094,-4.5042297795,324.3404
40040000,2003,48.4922193289,-4.5042300164,324.3404
40060000,2004,48.4922195483,-4.5042302532,324.3404
40080000,2005,48.4922197677,-4.5042304901,324.3404
40100000,2006,48.4922199872,-4.504230727,324.3404
40120000,2007,48.4922202066,-4.5042309638,324.3404
40140000,2008,48.492220426,-4.5042312007,324.3404
40160000,2009,48.4922206454,-4.5042314376,324.3404
40180000,2010,48.4922208649,-4.5042316744,324.3404
40200000,2011,48.4922210843,-4.5042319113,324.3404
40220000,2012,48.4922213037,-4.5042321482,324.3404
40240000,2013,48.4922215232,-4.5042323851,324.3404
40260000,2014,48.4922217426,-4.5042326219,324.3404
40280000,2015,48.492221962,-4.5042328588,324.3404
40300000,2016,48.4922221815,-4.5042330957,324.3404
40320000,2017,48.4922224009,-4.5042333325,324.3404
40340000,2018,48.4922226203,-4.5042335694,324.3404
40360000,2019,48.4922228397,-4.5042338063,324.3404
40380000,2020,48.4922230592,-4.5042340431,324.3404
40400000,2021,48.4922232786,-4.50423428,324.3404
40420000,2022,48.492223498,-4.5042345169,324.3404
40440000,2023,48.4922237175,-4.5042347537,324.3404
40460000,2024,48.4922239369,-4.5042349906,324.3404
40480000,2025,48.4922241563,-4.5042352275,324.3404
40500000,2026,48.4922243757,-4.5042354643,324.3404
40520000,2027,48.4922245952,-4.5042357012,324.3404
40540000,2028,48.4922248146,-4.5042359381,324.3404
40560000,2029,48.492225034,-4.5042361749,324.3404
40580000,2030,48.4922252535,-4.5042364118,324.3404
40600000,2031,48.4922254729,-4.5042366487,324.3404
40620000,2032,48.4922256923,-4.5042368855,324.3404
40640000,2033,48.4922259118,-4.5042371224,324.3404
40660000,2034,48.4922261312,-4.5042373593,324.3404
40680000,2035,48.4922263506,-4.5042375961,324.3404
40700000,2036,48.49222657,-4.504237833,324.3404
40720000,2037,48.4922267895,-4.5042380699,324.3404
40740000,2038,48.4922270089,-4.5042383067,324.3404
40760000,2039,48.4922272283,-4.5042385436,324.3404
40780000,2040,48.4922274478,-4.5042387805,324.3404
40800000,2041,48.4922276672,-4.5042390173,324.3404
40820000,2042,48.4922278866,-4.5042392542,324.3404
40840000,2043,48.492228106,-4.5042394911,324.3404
40860000,2044,48.4922283255,-4.5042397279,324.3404
40880000,2045,48.4922285449,-4.5042399648,324.3404
40900000,2046,48.4922287643,-4.5042402017,324.3404
40920000,2047,48.4922289838,-4.5042404386,324.3404
40940000,2048,48.4922292032,-4.5042406754,324.3404
40960000,2049,48.4922294226,-4.5042409123,324.3404
40980000,2050,48.4922296421,-4.5042411492,324.3404
41000000,2051,48.4922298615,-4.504241386,324.3404
41020000,2052,48.4922300809,-4.5042416229,324.3404
41040000,2053,48.4922303003,-4.5042418598,324.3404
41060000,2054,48.4922305198,-4.5042420966,324.3404
41080000,2055,48.4922307392,-4.5042423335,324.3404
41100000,2056,48.4922309586,-4.5042425704,324.3404
41120000,2057,48.4922311781,-4.5042428072,324.3404
41140000,2058,48.4922313975,-4.5042430441,324.3404
41160000,2059,48.4922316169,-4.504243281,324.3404
41180000,2060,48.4922318363,-4.5042435178,324.3404
41200000,2061,48.4922320558,-4.5042437547,324.3404
41220000,2062,48.4922322752,-4.5042439916,324.3404
41240000,2063,48.4922324946,-4.5042442284,324.3404
41260000,2064,48.4922327141,-4.5042444653,324.3404
41280000,2065,48.4922329335,-4.5042447022,324.3404
41300000,2066,48.4922331529,-4.504244939,324.3404
41320000,2067,48.4922333724,-4.5042451759,324.3404
41340000,2068,48.4922335918,-4.5042454128,324.3404
41360000,2069,48.4922338112,-4.5042456496,324.3404
41380000,2070,48.4922340306,-4.5042458865,324.3404
41400000,2071,48.4922342501,-4.5042461234,324.3404
41420000,2072,48.4922344695,-4.5042463602,324.3404
41440000,2073,48.4922346889,-4.5042465971,324.3404
41460000,2074,48.4922349084,-4.504246834,324.3404
41480000,2075,48.4922351278,-4.5042470709,324.3404
41500000,2076,48.4922353472,-4.5042473077,324.3404
41520000,2077,48.4922355666,-4.5042475446,324.3404
41540000,2078,48.4922357861,-4.5042477815,324.3404
41560000,2079,48.4922360055,-4.5042480183,324.3404
41580000,2080,48.4922362249,-4.5042482552,324.3404
41600000,2081,48.4922364444,-4.5042484921,324.3404
41620000,2082,48.4922366638,-4.5042487289,324.3404
41640000,2083,48.4922368832,-4.5042489658,324.3404
41660000,2084,48.4922371027,-4.5042492027,324.3404
41680000,2085,48.4922373221,-4.5042494395,324.3404
41700000,2086,48.4922375415,-4.5042496764,324.3404
41720000,2087,48.4922377609,-4.5042499133,324.3404
41740000,2088,48.4922379804,-4.5042501501,324.3404
41760000,2089,48.4922381998,-4.504250387,324.3404
41780000,2090,48.4922384192,-4.5042506239,324.3404
41800000,2091,48.4922386387,-4.5042508607,324.3404
41820000,2092,48.4922388581,-4.5042510976,324.3404
41840000,2093,48.4922390775,-4.5042513345,324.3404
41860000,2094,48.4922392969,-4.5042515713,324.3404
41880000,2095,48.4922395164,-4.5042518082,324.3404
41900000,2096,48.4922397358,-4.5042520451,324.3404
41920000,2097,48.4922399552,-4.5042522819,324.3404
41940000,2098,48.4922401747,-4.5042525188,324.3404
41960000,2099,48.4922403941,-4.5042527557,324.3404
41980000,2100,48.4922406135,-4.5042529925,324.3404
42000000,2101,48.492240833,-4.5042532294,324.3404
42020000,2102,48.4922410524,-4.5042534663,324.3404
42040000,2103,48.4922412718,-4.5042537031,324.3404
42060000,2104,48.4922414912,-4.50425394,324.3404
42080000,2105,48.4922417107,-4.5042541769,324.3404
42100000,2106,48.4922419301,-4.5042544138,324.3404
42120000,2107,48.4922421495,-4.5042546506,324.3404
42140000,2108,48.492242369,-4.5042548875,324.3404
42160000,2109,48.4922425884,-4.5042551244,324.3404
42180000,2110,48.4922428078,-4.5042553612,324.3404
42200000,2111,48.4922430272,-4.5042555981,324.3404
42220000,2112,48.4922432467,-4.504255835,324.3404
42240000,2113,48.4922434661,-4.5042560718,324.3404
42260000,2114,48.4922436855,-4.5042563087,324.3404
42280000,2115,48.492243905,-4.5042565456,324.3404
42300000,2116,48.4922441244,-4.5042567824,324.3404
42320000,2117,48.4922443438,-4.5042570193,324.3404
42340000,2118,48.4922445633,-4.5042572562,324.3404
42360000,2119,48.4922447827,-4.504257493,324.3404
42380000,2120,48.4922450021,-4.5042577299,324.3404
42400000,2121,48.4922452215,-4.5042579668,324.3404
42420000,2122,48.492245441,-4.5042582036,324.3404
42440000,2123,48.4922456604,-4.5042584405,324.3404
42460000,2124,48.4922458798,-4.5042586774,324.3404
42480000,2125,48.4922460993,-4.5042589142,324.3404
42500000,2126,48.4922463187,-4.5042591511,324.3404
42520000,2127,48.4922465381,-4.504259388,324.3404
42540000,2128,48.4922467575,-4.5042596248,324.3404
42560000,2129,48.492246977,-4.5042598617,324.3404
42580000,2130,48.4922471964,-4.5042600986,324.3404
42600000,2131,48.4922474158,-4.5042603354,324.3404
42620000,2132,48.4922476353,-4.5042605723,324.3404
42640000,2133,48.4922478547,-4.5042608092,324.3404
42660000,2134,48.4922480741,-4.5042610461,324.3404
42680000,2135,48.4922482936,-4.5042612829,324.3404
42700000,2136,48.492248513,-4.5042615198,324.3404
42720000,2137,48.4922487324,-4.5042617567,324.3404
42740000,2138,48.4922489518,-4.5042619935,324.3404
42760000,2139,48.4922491713,-4.5042622304,324.3404
42780000,2140,48.4922493907,-4.5042624673,324.3404
42800000,2141,48.4922496101,-4.5042627041,324.3404
42820000,2142,48.4922498296,-4.504262941,324.3404
42840000,2143,48.492250049,-4.5042631779,324.3404
42860000,2144,48.4922502684,-4.5042634147,324.3404
42880000,2145,48.4922504878,-4.5042636516,324.3404
42900000,2146,48.4922507073,-4.5042638885,324.3404
42920000,2147,48.4922509267,-4.5042641253,324.3404
42940000,2148,48.4922511461,-4.5042643622,324.3404
42960000,2149,48.4922513656,-4.5042645991,324.3404
42980000,2150,48.492251585,-4.5042648359,324.3404
43000000,2151,48.4922518044,-4.5042650728,324.3404
43020000,2152,48.4922520239,-4.5042653097,324.3404
43040000,2153,48.4922522433,-4.5042655465,324.3404
43060000,2154,48.4922524627,-4.5042657834,324.3404
43080000,2155,48.4922526821,-4.5042660203,324.3404
43100000,2156,48.4922529016,-4.5042662571,324.3404
43120000,2157,48.492253121,-4.504266494,324.3404
43140000,2158,48.4922533404,-4.5042667309,324.3404
43160000,2159,48.4922535599,-4.5042669678,324.3404
43180000,2160,48.4922537793,-4.5042672046,324.3404
43200000,2161,48.4922539987,-4.5042674415,324.3404
43220000,2162,48.4922542181,-4.5042676784,324.3404
43240000,2163,48.4922544376,-4.5042679152,324.3404
43260000,2164,48.492254657,-4.5042681521,324.3404
43280000,2165,48.4922548764,-4.504268389,324.3404
43300000,2166,48.4922550959,-4.5042686258,324.3404
43320000,2167,48.4922553153,-4.5042688627,324.3404
43340000,2168,48.4922555347,-4.5042690996,324.3404
43360000,2169,48.4922557542,-4.5042693364,324.3404
43380000,2170,48.4922559736,-4.5042695733,324.3404
43400000,2171,48.492256193,-4.5042698102,324.3404
43420000,2172,48.4922564124,-4.504270047,324.3404
43440000,2173,48.4922566319,-4.5042702839,324.3404
43460000,2174,48.4922568513,-4.5042705208,324.3404
43480000,2175,48.4922570707,-4.5042707576,324.3404
43500000,2176,48.4922572902,-4.5042709945,324.3404
43520000,2177,48.4922575096,-4.5042712314,324.3404
43540000,2178,48.492257729,-4.5042714682,324.3404
43560000,2179,48.4922579484,-4.5042717051,324.3404
43580000,2180,48.4922581679,-4.504271942,324.3404
43600000,2181,48.4922583873,-4.5042721788,324.3404
43620000,2182,48.4922586067,-4.5042724157,324.3404
43640000,2183,48.4922588262,-4.5042726526,324.3404
43660000,2184,48.4922590456,-4.5042728895,324.3404
43680000,2185,48.492259265,-4.5042731263,324.3404
43700000,2186,48.4922594845,-4.5042733632,324.3404
43720000,2187,48.4922597039,-4.5042736001,324.3404
43740000,2188,48.4922599233,-4.5042738369,324.3404
43760000,2189,48.4922601427,-4.5042740738,324.3404
43780000,2190,48.4922603622,-4.5042743107,324.3404
43800000,2191,48.4922605816,-4.5042745475,324.3404
43820000,2192,48.492260801,-4.5042747844,324.3404
43840000,2193,48.4922610205,-4.5042750213,324.3404
43860000,2194,48.4922612399,-4.5042752581,324.3404
43880000,2195,48.4922614593,-4.504275495,324.3404
43900000,2196,48.4922616787,-4.5042757319,324.3404
43920000,2197,48.4922618982,-4.5042759687,324.3404
43940000,2198,48.4922621176,-4.5042762056,324.3404
43960000,2199,48.492262337,-4.5042764425,324.3404
43980000,2200,48.4922625565,-4.5042766793,324.3404
44000000,2201,48.4922627759,-4.5042769162,324.3404
44020000,2202,48.4922629953,-4.5042771531,324.3404
44040000,2203,48.4922632148,-4.5042773899,324.3404
44060000,2204,48.4922634342,-4.5042776268,324.3404
44080000,2205,48.4922636536,-4.5042778637,324.3404
44100000,2206,48.492263873,-4.5042781005,324.3404
44120000,2207,48.4922640925,-4.5042783374,324.3404
44140000,2208,48.4922643119,-4.5042785743,324.3404
44160000,2209,48.4922645313,-4.5042788112,324.3404
44180000,2210,48.4922647508,-4.504279048,324.3404
44200000,2211,48.4922649702,-4.5042792849,324.3404
44220000,2212,48.4922651896,-4.5042795218,324.3404
44240000,2213,48.492265409,-4.5042797586,324.3404
44260000,2214,48.4922656285,-4.5042799955,324.3404
44280000,2215,48.4922658479,-4.5042802324,324.3404
44300000,2216,48.4922660673,-4.5042804692,324.3404
44320000,2217,48.4922662868,-4.5042807061,324.3404
44340000,2218,48.4922665062,-4.504280943,324.3404
44360000,2219,48.4922667256,-4.5042811798,324.3404
44380000,2220,48.4922669451,-4.5042814167,324.3404
44400000,2221,48.4922671645,-4.5042816536,324.3404
44420000,2222,48.4922673839,-4.5042818904,324.3404
44440000,2223,48.4922676033,-4.5042821273,324.3404
44460000,2224,48.4922678228,-4.5042823642,324.3404
44480000,2225,48.4922680422,-4.504282601,324.3404
44500000,2226,48.4922682616,-4.5042828379,324.3404
44520000,2227,48.4922684811,-4.5042830748,324.3404
44540000,2228,48.4922687005,-4.5042833116,324.3404
44560000,2229,48.4922689199,-4.5042835485,324.3404
44580000,2230,48.4922691393,-4.5042837854,324.3404
44600000,2231,48.4922693588,-4.5042840222,324.3404
44620000,2232,48.4922695782,-4.5042842591,324.3404
44640000,2233,48.4922697976,-4.504284496,324.3404
44660000,2234,48.4922700171,-4.5042847329,324.3404
44680000,2235,48.4922702365,-4.5042849697,324.3404
44700000,2236,48.4922704559,-4.5042852066,324.3404
44720000,2237,48.4922706754,-4.5042854435,324.3404
44740000,2238,48.4922708948,-4.5042856803,324.3404
44760000,2239,48.4922711142,-4.5042859172,324.3404
44780000,2240,48.4922713336,-4.5042861541,324.3404
44800000,2241,48.4922715531,-4.5042863909,324.3404
44820000,2242,48.4922717725,-4.5042866278,324.3404
44840000,2243,48.4922719919,-4.5042868647,324.3404
44860000,2244,48.4922722114,-4.5042871015,324.3404
44880000,2245,48.4922724308,-4.5042873384,324.3404
44900000,2246,48.4922726502,-4.5042875753,324.3404
44920000,2247,48.4922728696,-4.5042878121,324.3404
44940000,2248,48.4922730891,-4.504288049,324.3404
44960000,2249,48.4922733085,-4.5042882859,324.3404
44980000,2250,48.4922735279,-4.5042885227,324.3404
45000000,2251,48.4922737474,-4.5042887596,324.3404
45020000,2252,48.4922739668,-4.5042889965,324.3404
45040000,2253,48.4922741862,-4.5042892333,324.3404
45060000,2254,48.4922744057,-4.5042894702,324.3404
45080000,2255,48.4922746251,-4.5042897071,324.3404
45100000,2256,48.4922748445,-4.504289944,324.3404
45120000,2257,48.4922750639,-4.5042901808,324.3404
45140000,2258,48.4922752834,-4.5042904177,324.3404
45160000,2259,48.4922755028,-4.5042906546,324.3404
45180000,2260,48.4922757222,-4.5042908914,324.3404
45200000,2261,48.4922759417,-4.5042911283,324.3404
45220000,2262,48.4922761611,-4.5042913652,324.3404
45240000,2263,48.4922763805,-4.504291602,324.3404
45260000,2264,48.4922765999,-4.5042918389,324.3404
45280000,2265,48.4922768194,-4.5042920758,324.3404
45300000,2266,48.4922770388,-4.5042923126,324.3404
45320000,2267,48.4922772582,-4.5042925495,324.3404
45340000,2268,48.4922774777,-4.5042927864,324.3404
45360000,2269,48.4922776971,-4.5042930232,324.3404
45380000,2270,48.4922779165,-4.5042932601,324.3404
45400000,2271,48.4922781359,-4.504293497,324.3404
45420000,2272,48.4922783554,-4.5042937338,324.3404
45440000,2273,48.4922785748,-4.5042939707,324.3404
45460000,2274,48.4922787942,-4.5042942076,324.3404
45480000,2275,48.4922790137,-4.5042944444,324.3404
45500000,2276,48.4922792331,-4.5042946813,324.3404
45520000,2277,48.4922794525,-4.5042949182,324.3404
45540000,2278,48.492279672,-4.5042951551,324.3404
45560000,2279,48.4922798914,-4.5042953919,324.3404
45580000,2280,48.4922801108,-4.5042956288,324.3404
45600000,2281,48.4922803302,-4.5042958657,324.3404
45620000,2282,48.4922805497,-4.5042961025,324.3404
45640000,2283,48.4922807691,-4.5042963394,324.3404
45660000,2284,48.4922809885,-4.5042965763,324.3404
45680000,2285,48.492281208,-4.5042968131,324.3404
45700000,2286,48.4922814274,-4.50429705,324.3404
45720000,2287,48.4922816468,-4.5042972869,324.3404
45740000,2288,48.4922818662,-4.5042975237,324.3404
45760000,2289,48.4922820857,-4.5042977606,324.3404
45780000,2290,48.4922823051,-4.5042979975,324.3404
45800000,2291,48.4922825245,-4.5042982343,324.3404
45820000,2292,48.492282744,-4.5042984712,324.3404
45840000,2293,48.4922829634,-4.5042987081,324.3404
45860000,2294,48.4922831828,-4.5042989449,324.3404
45880000,2295,48.4922834023,-4.5042991818,324.3404
45900000,2296,48.4922836217,-4.5042994187,324.3404
45920000,2297,48.4922838411,-4.5042996555,324.3404
45940000,2298,48.4922840605,-4.5042998924,324.3404
45960000,2299,48.49228428,-4.5043001293,324.3404
45980000,2300,48.4922844994,-4.5043003662,324.3404
46000000,2301,48.4922847188,-4.504300603,324.3404
46020000,2302,48.4922849383,-4.5043008399,324.3404
46040000,2303,48.4922851577,-4.5043010768,324.3404
46060000,2304,48.4922853771,-4.5043013136,324.3404
46080000,2305,48.4922855965,-4.5043015505,324.3404
46100000,2306,48.492285816,-4.5043017874,324.3404
46120000,2307,48.4922860354,-4.5043020242,324.3404
46140000,2308,48.4922862548,-4.5043022611,324.3404
46160000,2309,48.4922864743,-4.504302498,324.3404
46180000,2310,48.4922866937,-4.5043027348,324.3404
46200000,2311,48.4922869131,-4.5043029717,324.3404
46220000,2312,48.4922871326,-4.5043032086,324.3404
46240000,2313,48.492287352,-4.5043034454,324.3404
46260000,2314,48.4922875714,-4.5043036823,324.3404
46280000,2315,48.4922877908,-4.5043039192,324.3404
46300000,2316,48.4922880103,-4.504304156,324.3404
46320000,2317,48.4922882297,-4.5043043929,324.3404
46340000,2318,48.4922884491,-4.5043046298,324.3404
46360000,2319,48.4922886686,-4.5043048667,324.3404
46380000,2320,48.492288888,-4.5043051035,324.3404
46400000,2321,48.4922891074,-4.5043053404,324.3404
46420000,2322,48.4922893268,-4.5043055773,324.3404
46440000,2323,48.4922895463,-4.5043058141,324.3404
46460000,2324,48.4922897657,-4.504306051,324.3404
46480000,2325,48.4922899851,-4.5043062879,324.3404
46500000,2326,48.4922902046,-4.5043065247,324.3404
46520000,2327,48.492290424,-4.5043067616,324.3404
46540000,2328,48.4922906434,-4.5043069985,324.3404
46560000,2329,48.4922908629,-4.5043072353,324.3404
46580000,2330,48.4922910823,-4.5043074722,324.3404
46600000,2331,48.4922913017,-4.5043077091,324.3404
46620000,2332,48.4922915211,-4.5043079459,324.3404
46640000,2333,48.4922917406,-4.5043081828,324.3404
46660000,2334,48.49229196,-4.5043084197,324.3404
46680000,2335,48.4922921794,-4.5043086565,324.3404
46700000,2336,48.4922923989,-4.5043088934,324.3404
46720000,2337,48.4922926183,-4.5043091303,324.3404
46740000,2338,48.4922928377,-4.5043093671,324.3404
46760000,2339,48.4922930571,-4.504309604,324.3404
46780000,2340,48.4922932766,-4.5043098409,324.3404
46800000,2341,48.492293496,-4.5043100778,324.3404
46820000,2342,48.4922937154,-4.5043103146,324.3404
46840000,2343,48.4922939349,-4.5043105515,324.3404
46860000,2344,48.4922941543,-4.5043107884,324.3404
46880000,2345,48.4922943737,-4.5043110252,324.3404
46900000,2346,48.4922945931,-4.5043112621,324.3404
46920000,2347,48.4922948126,-4.504311499,324.3404
46940000,2348,48.492295032,-4.5043117358,324.3404
46960000,2349,48.4922952514,-4.5043119727,324.3404
46980000,2350,48.4922954709,-4.5043122096,324.3404
47000000,2351,48.4922956903,-4.5043124464,324.3404
47020000,2352,48.4922959097,-4.5043126833,324.3404
47040000,2353,48.4922961292,-4.5043129202,324.3404
47060000,2354,48.4922963486,-4.504313157,324.3404
47080000,2355,48.492296568,-4.5043133939,324.3404
47100000,2356,48.4922967874,-4.5043136308,324.3404
47120000,2357,48.4922970069,-4.5043138676,324.3404
47140000,2358,48.4922972263,-4.5043141045,324.3404
47160000,2359,48.4922974457,-4.5043143414,324.3404
47180000,2360,48.4922976652,-4.5043145783,324.3404
47200000,2361,48.4922978846,-4.5043148151,324.3404
47220000,2362,48.492298104,-4.504315052,324.3404
47240000,2363,48.4922983234,-4.5043152889,324.3404
47260000,2364,48.4922985429,-4.5043155257,324.3404
47280000,2365,48.4922987623,-4.5043157626,324.3404
47300000,2366,48.4922989817,-4.5043159995,324.3404
47320000,2367,48.4922992012,-4.5043162363,324.3404
47340000,2368,48.4922994206,-4.5043164732,324.3404
47360000,2369,48.49229964,-4.5043167101,324.3404
47380000,2370,48.4922998595,-4.5043169469,324.3404
47400000,2371,48.4923000789,-4.5043171838,324.3404
47420000,2372,48.4923002983,-4.5043174207,324.3404
47440000,2373,48.4923005177,-4.5043176575,324.3404
47460000,2374,48.4923007372,-4.5043178944,324.3404
47480000,2375,48.4923009566,-4.5043181313,324.3404
47500000,2376,48.492301176,-4.5043183681,324.3404
47520000,2377,48.4923013955,-4.504318605,324.3404
47540000,2378,48.4923016149,-4.5043188419,324.3404
47560000,2379,48.4923018343,-4.5043190788,324.3404
47580000,2380,48.4923020537,-4.5043193156,324.3404
47600000,2381,48.4923022732,-4.5043195525,324.3404
47620000,2382,48.4923024926,-4.5043197894,324.3404
47640000,2383,48.492302712,-4.5043200262,324.3404
47660000,2384,48.4923029315,-4.5043202631,324.3404
47680000,2385,48.4923031509,-4.5043205,324.3404
47700000,2386,48.4923033703,-4.5043207368,324.3404
47720000,2387,48.4923035898,-4.5043209737,324.3404
47740000,2388,48.4923038092,-4.5043212106,324.3404
47760000,2389,48.4923040286,-4.5043214474,324.3404
47780000,2390,48.492304248,-4.5043216843,324.3404
47800000,2391,48.4923044675,-4.5043219212,324.3404
47820000,2392,48.4923046869,-4.504322158,324.3404
47840000,2393,48.4923049063,-4.5043223949,324.3404
47860000,2394,48.4923051258,-4.5043226318,324.3404
47880000,2395,48.4923053452,-4.5043228686,324.3404
47900000,2396,48.4923055646,-4.5043231055,324.3404
47920000,2397,48.492305784,-4.5043233424,324.3404
47940000,2398,48.4923060035,-4.5043235793,324.3404
47960000,2399,48.4923062229,-4.5043238161,324.3404
47980000,2400,48.4923064423,-4.504324053,324.3404
48000000,2401,48.4923066618,-4.5043242899,324.3404
48020000,2402,48.4923068812,-4.5043245267,324.3404
48040000,2403,48.4923071006,-4.5043247636,324.3404
48060000,2404,48.49230732,-4.5043250005,324.3404
48080000,2405,48.4923075395,-4.5043252373,324.3404
48100000,2406,48.4923077589,-4.5043254742,324.3404
48120000,2407,48.4923079783,-4.5043257111,324.3404
48140000,2408,48.4923081978,-4.5043259479,324.3404
48160000,2409,48.4923084172,-4.5043261848,324.3404
48180000,2410,48.4923086366,-4.5043264217,324.3404
48200000,2411,48.4923088561,-4.5043266585,324.3404
48220000,2412,48.4923090755,-4.5043268954,324.3404
48240000,2413,48.4923092949,-4.5043271323,324.3404
48260000,2414,48.4923095143,-4.5043273691,324.3404
48280000,2415,48.4923097338,-4.504327606,324.3404
48300000,2416,48.4923099532,-4.5043278429,324.3404
48320000,2417,48.4923101726,-4.5043280798,324.3404
48340000,2418,48.4923103921,-4.5043283166,324.3404
48360000,2419,48.4923106115,-4.5043285535,324.3404
48380000,2420,48.4923108309,-4.5043287904,324.3404
48400000,2421,48.4923110503,-4.5043290272,324.3404
48420000,2422,48.4923112698,-4.5043292641,324.3404
48440000,2423,48.4923114892,-4.504329501,324.3404
48460000,2424,48.4923117086,-4.5043297378,324.3404
48480000,2425,48.4923119281,-4.5043299747,324.3404
48500000,2426,48.4923121475,-4.5043302116,324.3404
48520000,2427,48.4923123669,-4.5043304484,324.3404
48540000,2428,48.4923125864,-4.5043306853,324.3404
48560000,2429,48.4923128058,-4.5043309222,324.3404
48580000,2430,48.4923130252,-4.504331159,324.3404
48600000,2431,48.4923132446,-4.5043313959,324.3404
48620000,2432,48.4923134641,-4.5043316328,324.3404
48640000,2433,48.4923136835,-4.5043318696,324.3404
48660000,2434,48.4923139029,-4.5043321065,324.3404
48680000,2435,48.4923141224,-4.5043323434,324.3404
48700000,2436,48.4923143418,-4.5043325803,324.3404
48720000,2437,48.4923145612,-4.5043328171,324.3404
48740000,2438,48.4923147806,-4.504333054,324.3404
48760000,2439,48.4923150001,-4.5043332909,324.3404
48780000,2440,48.4923152195,-4.5043335277,324.3404
48800000,2441,48.4923154389,-4.5043337646,324.3404
48820000,2442,48.4923156584,-4.5043340015,324.3404
48840000,2443,48.4923158778,-4.5043342383,324.3404
48860000,2444,48.4923160972,-4.5043344752,324.3404
48880000,2445,48.4923163166,-4.5043347121,324.3404
48900000,2446,48.4923165361,-4.5043349489,324.3404
48920000,2447,48.4923167555,-4.5043351858,324.3404
48940000,2448,48.4923169749,-4.5043354227,324.3404
48960000,2449,48.4923171944,-4.5043356595,324.3404
48980000,2450,48.4923174138,-4.5043358964,324.3404
49000000,2451,48.4923176332,-4.5043361333,324.3404
49020000,2452,48.4923178527,-4.5043363702,324.3404
49040000,2453,48.4923180721,-4.504336607,324.3404
49060000,2454,48.4923182915,-4.5043368439,324.3404
49080000,2455,48.4923185109,-4.5043370808,324.3404
49100000,2456,48.4923187304,-4.5043373176,324.3404
49120000,2457,48.4923189498,-4.5043375545,324.3404
49140000,2458,48.4923191692,-4.5043377914,324.3404
49160000,2459,48.4923193887,-4.5043380282,324.3404
49180000,2460,48.4923196081,-4.5043382651,324.3404
49200000,2461,48.4923198275,-4.504338502,324.3404
49220000,2462,48.4923200469,-4.5043387388,324.3404
49240000,2463,48.4923202664,-4.5043389757,324.3404
49260000,2464,48.4923204858,-4.5043392126,324.3404
49280000,2465,48.4923207052,-4.5043394494,324.3404
49300000,2466,48.4923209247,-4.5043396863,324.3404
49320000,2467,48.4923211441,-4.5043399232,324.3404
49340000,2468,48.4923213635,-4.50434016,324.3404
49360000,2469,48.492321583,-4.5043403969,324.3404
49380000,2470,48.4923218024,-4.5043406338,324.3404
49400000,2471,48.4923220218,-4.5043408707,324.3404
49420000,2472,48.4923222412,-4.5043411075,324.3404
49440000,2473,48.4923224607,-4.5043413444,324.3404
49460000,2474,48.4923226801,-4.5043415813,324.3404
49480000,2475,48.4923228995,-4.5043418181,324.3404
49500000,2476,48.492323119,-4.504342055,324.3404
49520000,2477,48.4923233384,-4.5043422919,324.3404
49540000,2478,48.4923235578,-4.5043425287,324.3404
49560000,2479,48.4923237772,-4.5043427656,324.3404
49580000,2480,48.4923239967,-4.5043430025,324.3404
49600000,2481,48.4923242161,-4.5043432393,324.3404
49620000,2482,48.4923244355,-4.5043434762,324.3404
49640000,2483,48.492324655,-4.5043437131,324.3404
49660000,2484,48.4923248744,-4.5043439499,324.3404
49680000,2485,48.4923250938,-4.5043441868,324.3404
49700000,2486,48.4923253132,-4.5043444237,324.3404
49720000,2487,48.4923255327,-4.5043446606,324.3404
49740000,2488,48.4923257521,-4.5043448974,324.3404
49760000,2489,48.4923259715,-4.5043451343,324.3404
49780000,2490,48.492326191,-4.5043453712,324.3404
49800000,2491,48.4923264104,-4.504345608,324.3404
49820000,2492,48.4923266298,-4.5043458449,324.3404
49840000,2493,48.4923268493,-4.5043460818,324.3404
49860000,2494,48.4923270687,-4.5043463186,324.3404
49880000,2495,48.4923272881,-4.5043465555,324.3404
49900000,2496,48.4923275075,-4.5043467924,324.3404
49920000,2497,48.492327727,-4.5043470292,324.3404
49940000,2498,48.4923279464,-4.5043472661,324.3404
49960000,2499,48.4923281658,-4.504347503,324.3404
49980000,2500,48.4923283853,-4.5043477398,324.3404
50000000,2501,48.4923286047,-4.5043479767,324.3404
50020000,2502,48.4923288241,-4.5043482136,324.3404
50040000,2503,48.4923290435,-4.5043484504,324.3404
50060000,2504,48.492329263,-4.5043486873,324.3404
50080000,2505,48.4923294824,-4.5043489242,324.3404
50100000,2506,48.4923297018,-4.5043491611,324.3404
50120000,2507,48.4923299213,-4.5043493979,324.3404
50140000,2508,48.4923301407,-4.5043496348,324.3404
50160000,2509,48.4923303601,-4.5043498717,324.3404
50180000,2510,48.4923305795,-4.5043501085,324.3404
50200000,2511,48.492330799,-4.5043503454,324.3404
50220000,2512,48.4923310184,-4.5043505823,324.3404
50240000,2513,48.4923312378,-4.5043508191,324.3404
50260000,2514,48.4923314573,-4.504351056,324.3404
50280000,2515,48.4923316767,-4.5043512929,324.3404
50300000,2516,48.4923318961,-4.5043515297,324.3404
50320000,2517,48.4923321156,-4.5043517666,324.3404
50340000,2518,48.492332335,-4.5043520035,324.3404
50360000,2519,48.4923325544,-4.5043522403,324.3404
50380000,2520,48.4923327738,-4.5043524772,324.3404
50400000,2521,48.4923329933,-4.5043527141,324.3404
50420000,2522,48.4923332127,-4.504352951,324.3404
50440000,2523,48.4923334321,-4.5043531878,324.3404
50460000,2524,48.4923336516,-4.5043534247,324.3404
50480000,2525,48.492333871,-4.5043536616,324.3404
50500000,2526,48.4923340904,-4.5043538984,324.3404
50520000,2527,48.4923343098,-4.5043541353,324.3404
50540000,2528,48.4923345293,-4.5043543722,324.3404
50560000,2529,48.4923347487,-4.504354609,324.3404
50580000,2530,48.4923349681,-4.5043548459,324.3404
50600000,2531,48.4923351876,-4.5043550828,324.3404
50620000,2532,48.492335407,-4.5043553196,324.3404
50640000,2533,48.4923356264,-4.5043555565,324.3404
50660000,2534,48.4923358459,-4.5043557934,324.3404
50680000,2535,48.4923360653,-4.5043560302,324.3404
50700000,2536,48.4923362847,-4.5043562671,324.3404
50720000,2537,48.4923365041,-4.504356504,324.3404
50740000,2538,48.4923367236,-4.5043567409,324.3404
50760000,2539,48.492336943,-4.5043569777,324.3404
50780000,2540,48.4923371624,-4.5043572146,324.3404
50800000,2541,48.4923373819,-4.5043574515,324.3404
50820000,2542,48.4923376013,-4.5043576883,324.3404
50840000,2543,48.4923378207,-4.5043579252,324.3404
50860000,2544,48.4923380401,-4.5043581621,324.3404
50880000,2545,48.4923382596,-4.5043583989,324.3404
50900000,2546,48.492338479,-4.5043586358,324.3404
50920000,2547,48.4923386984,-4.5043588727,324.3404
50940000,2548,48.4923389179,-4.5043591095,324.3404
50960000,2549,48.4923391373,-4.5043593464,324.3404
50980000,2550,48.4923393567,-4.5043595833,324.3404
51000000,2551,48.4923395761,-4.5043598201,324.3404
51020000,2552,48.4923397956,-4.504360057,324.3404
51040000,2553,48.492340015,-4.5043602939,324.3404
51060000,2554,48.4923402344,-4.5043605308,324.3404
51080000,2555,48.4923404539,-4.5043607676,324.3404
51100000,2556,48.4923406733,-4.5043610045,324.3404
51120000,2557,48.4923408927,-4.5043612414,324.3404
51140000,2558,48.4923411122,-4.5043614782,324.3404
51160000,2559,48.4923413316,-4.5043617151,324.3404
51180000,2560,48.492341551,-4.504361952,324.3404
51200000,2561,48.4923417704,-4.5043621888,324.3404
51220000,2562,48.4923419899,-4.5043624257,324.3404
51240000,2563,48.4923422093,-4.5043626626,324.3404
51260000,2564,48.4923424287,-4.5043628994,324.3404
51280000,2565,48.4923426482,-4.5043631363,324.3404
51300000,2566,48.4923428676,-4.5043633732,324.3404
51320000,2567,48.492343087,-4.50436361,324.3404
51340000,2568,48.4923433064,-4.5043638469,324.3404
51360000,2569,48.4923435259,-4.5043640838,324.3404
51380000,2570,48.4923437453,-4.5043643207,324.3404
51400000,2571,48.4923439647,-4.5043645575,324.3404
51420000,2572,48.4923441842,-4.5043647944,324.3404
51440000,2573,48.4923444036,-4.5043650313,324.3404
51460000,2574,48.492344623,-4.5043652681,324.3404
51480000,2575,48.4923448424,-4.504365505,324.3404
51500000,2576,48.4923450619,-4.5043657419,324.3404
51520000,2577,48.4923452813,-4.5043659787,324.3404
51540000,2578,48.4923455007,-4.5043662156,324.3404
51560000,2579,48.4923457202,-4.5043664525,324.3404
51580000,2580,48.4923459396,-4.5043666893,324.3404
51600000,2581,48.492346159,-4.5043669262,324.3404
51620000,2582,48.4923463785,-4.5043671631,324.3404
51640000,2583,48.4923465979,-4.5043673999,324.3404
51660000,2584,48.4923468173,-4.5043676368,324.3404
51680000,2585,48.4923470367,-4.5043678737,324.3404
51700000,2586,48.4923472562,-4.5043681106,324.3404
51720000,2587,48.4923474756,-4.5043683474,324.3404
51740000,2588,48.492347695,-4.5043685843,324.3404
51760000,2589,48.4923479145,-4.5043688212,324.3404
51780000,2590,48.4923481339,-4.504369058,324.3404
51800000,2591,48.4923483533,-4.5043692949,324.3404
51820000,2592,48.4923485727,-4.5043695318,324.3404
51840000,2593,48.4923487922,-4.5043697686,324.3404
51860000,2594,48.4923490116,-4.5043700055,324.3404
51880000,2595,48.492349231,-4.5043702424,324.3404
51900000,2596,48.4923494505,-4.5043704792,324.3404
51920000,2597,48.4923496699,-4.5043707161,324.3404
51940000,2598,48.4923498893,-4.504370953,324.3404
51960000,2599,48.4923501087,-4.5043711899,324.3404
51980000,2600,48.4923503282,-4.5043714267,324.3404
52000000,2601,48.4923505476,-4.5043716636,324.3404
52020000,2602,48.492350767,-4.5043719005,324.3404
52040000,2603,48.4923509865,-4.5043721373,324.3404
52060000,2604,48.4923512059,-4.5043723742,324.3404
52080000,2605,48.4923514253,-4.5043726111,324.3404
52100000,2606,48.4923516448,-4.5043728479,324.3404
52120000,2607,48.4923518642,-4.5043730848,324.3404
52140000,2608,48.4923520836,-4.5043733217,324.3404
52160000,2609,48.492352303,-4.5043735585,324.3404
52180000,2610,48.4923525225,-4.5043737954,324.3404
52200000,2611,48.4923527419,-4.5043740323,324.3404
52220000,2612,48.4923529613,-4.5043742691,324.3404
52240000,2613,48.4923531808,-4.504374506,324.3404
52260000,2614,48.4923534002,-4.5043747429,324.3404
52280000,2615,48.4923536196,-4.5043749798,324.3404
52300000,2616,48.492353839,-4.5043752166,324.3404
52320000,2617,48.4923540585,-4.5043754535,324.3404
52340000,2618,48.4923542779,-4.5043756904,324.3404
52360000,2619,48.4923544973,-4.5043759272,324.3404
52380000,2620,48.4923547168,-4.5043761641,324.3404
52400000,2621,48.4923549362,-4.504376401,324.3404
52420000,2622,48.4923551556,-4.5043766378,324.3404
52440000,2623,48.492355375,-4.5043768747,324.3404
52460000,2624,48.4923555945,-4.5043771116,324.3404
52480000,2625,48.4923558139,-4.5043773484,324.3404
52500000,2626,48.4923560333,-4.5043775853,324.3404
52520000,2627,48.4923562528,-4.5043778222,324.3404
52540000,2628,48.4923564722,-4.504378059,324.3404
52560000,2629,48.4923566916,-4.5043782959,324.3404
52580000,2630,48.4923569111,-4.5043785328,324.3404
52600000,2631,48.4923571305,-4.5043787697,324.3404
52620000,2632,48.4923573499,-4.5043790065,324.3404
52640000,2633,48.4923575693,-4.5043792434,324.3404
52660000,2634,48.4923577888,-4.5043794803,324.3404
52680000,2635,48.4923580082,-4.5043797171,324.3404
52700000,2636,48.4923582276,-4.504379954,324.3404
52720000,2637,48.4923584471,-4.5043801909,324.3404
52740000,2638,48.4923586665,-4.5043804277,324.3404
52760000,2639,48.4923588859,-4.5043806646,324.3404
52780000,2640,48.4923591053,-4.5043809015,324.3404
52800000,2641,48.4923593248,-4.5043811383,324.3404
52820000,2642,48.4923595442,-4.5043813752,324.3404
52840000,2643,48.4923597636,-4.5043816121,324.3404
52860000,2644,48.4923599831,-4.504381849,324.3404
52880000,2645,48.4923602025,-4.5043820858,324.3404
52900000,2646,48.4923604219,-4.5043823227,324.3404
52920000,2647,48.4923606413,-4.5043825596,324.3404
52940000,2648,48.4923608608,-4.5043827964,324.3404
52960000,2649,48.4923610802,-4.5043830333,324.3404
52980000,2650,48.4923612996,-4.5043832702,324.3404
53000000,2651,48.4923615191,-4.504383507,324.3404
53020000,2652,48.4923617385,-4.5043837439,324.3404
53040000,2653,48.4923619579,-4.5043839808,324.3404
53060000,2654,48.4923621774,-4.5043842176,324.3404
53080000,2655,48.4923623968,-4.5043844545,324.3404
53100000,2656,48.4923626162,-4.5043846914,324.3404
53120000,2657,48.4923628356,-4.5043849282,324.3404
53140000,2658,48.4923630551,-4.5043851651,324.3404
53160000,2659,48.4923632745,-4.504385402,324.3404
53180000,2660,48.4923634939,-4.5043856389,324.3404
53200000,2661,48.4923637134,-4.5043858757,324.3404
53220000,2662,48.4923639328,-4.5043861126,324.3404
53240000,2663,48.4923641522,-4.5043863495,324.3404
53260000,2664,48.4923643716,-4.5043865863,324.3404
53280000,2665,48.4923645911,-4.5043868232,324.3404
53300000,2666,48.4923648105,-4.5043870601,324.3404
53320000,2667,48.4923650299,-4.5043872969,324.3404
53340000,2668,48.4923652494,-4.5043875338,324.3404
53360000,2669,48.4923654688,-4.5043877707,324.3404
53380000,2670,48.4923656882,-4.5043880075,324.3404
53400000,2671,48.4923659076,-4.5043882444,324.3404
53420000,2672,48.4923661271,-4.5043884813,324.3404
53440000,2673,48.4923663465,-4.5043887182,324.3404
53460000,2674,48.4923665659,-4.504388955,324.3404
53480000,2675,48.4923667854,-4.5043891919,324.3404
53500000,2676,48.4923670048,-4.5043894288,324.3404
53520000,2677,48.4923672242,-4.5043896656,324.3404
53540000,2678,48.4923674437,-4.5043899025,324.3404
53560000,2679,48.4923676631,-4.5043901394,324.3404
53580000,2680,48.4923678825,-4.5043903762,324.3404
53600000,2681,48.4923681019,-4.5043906131,324.3404
53620000,2682,48.4923683214,-4.50439085,324.3404
53640000,2683,48.4923685408,-4.5043910868,324.3404
53660000,2684,48.4923687602,-4.5043913237,324.3404
53680000,2685,48.4923689797,-4.5043915606,324.3404
53700000,2686,48.4923691991,-4.5043917974,324.3404
53720000,2687,48.4923694185,-4.5043920343,324.3404
53740000,2688,48.4923696379,-4.5043922712,324.3404
53760000,2689,48.4923698574,-4.5043925081,324.3404
53780000,2690,48.4923700768,-4.5043927449,324.3404
53800000,2691,48.4923702962,-4.5043929818,324.3404
53820000,2692,48.4923705157,-4.5043932187,324.3404
53840000,2693,48.4923707351,-4.5043934555,324.3404
53860000,2694,48.4923709545,-4.5043936924,324.3404
53880000,2695,48.4923711739,-4.5043939293,324.3404
53900000,2696,48.4923713934,-4.5043941661,324.3404
53920000,2697,48.4923716128,-4.504394403,324.3404
53940000,2698,48.4923718322,-4.5043946399,324.3404
53960000,2699,48.4923720517,-4.5043948767,324.3404
53980000,2700,48.4923722711,-4.5043951136,324.3404
54000000,2701,48.4923724905,-4.5043953505,324.3404
54020000,2702,48.49237271,-4.5043955874,324.3404
54040000,2703,48.4923729294,-4.5043958242,324.3404
54060000,2704,48.4923731488,-4.5043960611,324.3404
54080000,2705,48.4923733682,-4.504396298,324.3404
54100000,2706,48.4923735877,-4.5043965348,324.3404
54120000,2707,48.4923738071,-4.5043967717,324.3404
54140000,2708,48.4923740265,-4.5043970086,324.3404
54160000,2709,48.492374246,-4.5043972454,324.3404
54180000,2710,48.4923744654,-4.5043974823,324.3404
54200000,2711,48.4923746848,-4.5043977192,324.3404
54220000,2712,48.4923749042,-4.504397956,324.3404
54240000,2713,48.4923751237,-4.5043981929,324.3404
54260000,2714,48.4923753431,-4.5043984298,324.3404
54280000,2715,48.4923755625,-4.5043986667,324.3404
54300000,2716,48.492375782,-4.5043989035,324.3404
54320000,2717,48.4923760014,-4.5043991404,324.3404
54340000,2718,48.4923762208,-4.5043993773,324.3404
54360000,2719,48.4923764402,-4.5043996141,324.3404
54380000,2720,48.4923766597,-4.504399851,324.3404
54400000,2721,48.4923768791,-4.5044000879,324.3404
54420000,2722,48.4923770985,-4.5044003247,324.3404
54440000,2723,48.492377318,-4.5044005616,324.3404
54460000,2724,48.4923775374,-4.5044007985,324.3404
54480000,2725,48.4923777568,-4.5044010353,324.3404
54500000,2726,48.4923779763,-4.5044012722,324.3404
54520000,2727,48.4923781957,-4.5044015091,324.3404
54540000,2728,48.4923784151,-4.5044017459,324.3404
54560000,2729,48.4923786345,-4.5044019828,324.3404
54580000,2730,48.492378854,-4.5044022197,324.3404
54600000,2731,48.4923790734,-4.5044024566,324.3404
54620000,2732,48.4923792928,-4.5044026934,324.3404
54640000,2733,48.4923795123,-4.5044029303,324.3404
54660000,2734,48.4923797317,-4.5044031672,324.3404
54680000,2735,48.4923799511,-4.504403404,324.3404
54700000,2736,48.4923801705,-4.5044036409,324.3404
54720000,2737,48.49238039,-4.5044038778,324.3404
54740000,2738,48.4923806094,-4.5044041146,324.3404
54760000,2739,48.4923808288,-4.5044043515,324.3404
54780000,2740,48.4923810483,-4.5044045884,324.3404
54800000,2741,48.4923812677,-4.5044048252,324.3404
54820000,2742,48.4923814871,-4.5044050621,324.3404
54840000,2743,48.4923817065,-4.504405299,324.3404
54860000,2744,48.492381926,-4.5044055359,324.3404
54880000,2745,48.4923821454,-4.5044057727,324.3404
54900000,2746,48.4923823648,-4.5044060096,324.3404
54920000,2747,48.4923825843,-4.5044062465,324.3404
54940000,2748,48.4923828037,-4.5044064833,324.3404
54960000,2749,48.4923830231,-4.5044067202,324.3404
54980000,2750,48.4923832425,-4.5044069571,324.3404
55000000,2751,48.492383462,-4.5044071939,324.3404
55020000,2752,48.4923836814,-4.5044074308,324.3404
55040000,2753,48.4923839008,-4.5044076677,324.3404
55060000,2754,48.4923841203,-4.5044079045,324.3404
55080000,2755,48.4923843397,-4.5044081414,324.3404
55100000,2756,48.4923845591,-4.5044083783,324.3404
55120000,2757,48.4923847786,-4.5044086152,324.3404
55140000,2758,48.492384998,-4.504408852,324.3404
55160000,2759,48.4923852174,-4.5044090889,324.3404
55180000,2760,48.4923854368,-4.5044093258,324.3404
55200000,2761,48.4923856563,-4.5044095626,324.3404
55220000,2762,48.4923858757,-4.5044097995,324.3404
55240000,2763,48.4923860951,-4.5044100364,324.3404
55260000,2764,48.4923863146,-4.5044102732,324.3404
55280000,2765,48.492386534,-4.5044105101,324.3404
55300000,2766,48.4923867534,-4.504410747,324.3404
55320000,2767,48.4923869728,-4.5044109838,324.3404
55340000,2768,48.4923871923,-4.5044112207,324.3404
55360000,2769,48.4923874117,-4.5044114576,324.3404
55380000,2770,48.4923876311,-4.5044116945,324.3404
55400000,2771,48.4923878506,-4.5044119313,324.3404
55420000,2772,48.49238807,-4.5044121682,324.3404
55440000,2773,48.4923882894,-4.5044124051,324.3404
55460000,2774,48.4923885088,-4.5044126419,324.3404
55480000,2775,48.4923887283,-4.5044128788,324.3404
55500000,2776,48.4923889477,-4.5044131157,324.3404
55520000,2777,48.4923891671,-4.5044133525,324.3404
55540000,2778,48.4923893866,-4.5044135894,324.3404
55560000,2779,48.492389606,-4.5044138263,324.3404
55580000,2780,48.4923898254,-4.5044140631,324.3404
55600000,2781,48.4923900449,-4.5044143,324.3404
55620000,2782,48.4923902643,-4.5044145369,324.3404
55640000,2783,48.4923904837,-4.5044147738,324.3404
55660000,2784,48.4923907031,-4.5044150106,324.3404
55680000,2785,48.4923909226,-4.5044152475,324.3404
55700000,2786,48.492391142,-4.5044154844,324.3404
55720000,2787,48.4923913614,-4.5044157212,324.3404
55740000,2788,48.4923915809,-4.5044159581,324.3404
55760000,2789,48.4923918003,-4.504416195,324.3404
55780000,2790,48.4923920197,-4.5044164318,324.3404
55800000,2791,48.4923922391,-4.5044166687,324.3404
55820000,2792,48.4923924586,-4.5044169056,324.3404
55840000,2793,48.492392678,-4.5044171424,324.3404
55860000,2794,48.4923928974,-4.5044173793,324.3404
55880000,2795,48.4923931169,-4.5044176162,324.3404
55900000,2796,48.4923933363,-4.5044178531,324.3404
55920000,2797,48.4923935557,-4.5044180899,324.3404
55940000,2798,48.4923937751,-4.5044183268,324.3404
55960000,2799,48.4923939946,-4.5044185637,324.3404
55980000,2800,48.492394214,-4.5044188005,324.3404
56000000,2801,48.4923944334,-4.5044190374,324.3404
56020000,2802,48.4923946529,-4.5044192743,324.3404
56040000,2803,48.4923948723,-4.5044195111,324.3404
56060000,2804,48.4923950917,-4.504419748,324.3404
56080000,2805,48.4923953111,-4.5044199849,324.3404
56100000,2806,48.4923955306,-4.5044202217,324.3404
56120000,2807,48.49239575,-4.5044204586,324.3404
56140000,2808,48.4923959694,-4.5044206955,324.3404
56160000,2809,48.4923961889,-4.5044209324,324.3404
56180000,2810,48.4923964083,-4.5044211692,324.3404
56200000,2811,48.4923966277,-4.5044214061,324.3404
56220000,2812,48.4923968472,-4.504421643,324.3404
56240000,2813,48.4923970666,-4.5044218798,324.3404
56260000,2814,48.492397286,-4.5044221167,324.3404
56280000,2815,48.4923975054,-4.5044223536,324.3404
56300000,2816,48.4923977249,-4.5044225904,324.3404
56320000,2817,48.4923979443,-4.5044228273,324.3404
56340000,2818,48.4923981637,-4.5044230642,324.3404
56360000,2819,48.4923983832,-4.504423301,324.3404
56380000,2820,48.4923986026,-4.5044235379,324.3404
56400000,2821,48.492398822,-4.5044237748,324.3404
56420000,2822,48.4923990414,-4.5044240117,324.3404
56440000,2823,48.4923992609,-4.5044242485,324.3404
56460000,2824,48.4923994803,-4.5044244854,324.3404
56480000,2825,48.4923996997,-4.5044247223,324.3404
56500000,2826,48.4923999192,-4.5044249591,324.3404
56520000,2827,48.4924001386,-4.504425196,324.3404
56540000,2828,48.492400358,-4.5044254329,324.3404
56560000,2829,48.4924005774,-4.5044256697,324.3404
56580000,2830,48.4924007969,-4.5044259066,324.3404
56600000,2831,48.4924010163,-4.5044261435,324.3404
56620000,2832,48.4924012357,-4.5044263803,324.3404
56640000,2833,48.4924014552,-4.5044266172,324.3404
56660000,2834,48.4924016746,-4.5044268541,324.3404
56680000,2835,48.492401894,-4.504427091,324.3404
56700000,2836,48.4924021135,-4.5044273278,324.3404
56720000,2837,48.4924023329,-4.5044275647,324.3404
56740000,2838,48.4924025523,-4.5044278016,324.3404
56760000,2839,48.4924027717,-4.5044280384,324.3404
56780000,2840,48.4924029912,-4.5044282753,324.3404
56800000,2841,48.4924032106,-4.5044285122,324.3404
56820000,2842,48.49240343,-4.504428749,324.3404
56840000,2843,48.4924036495,-4.5044289859,324.3404
56860000,2844,48.4924038689,-4.5044292228,324.3404
56880000,2845,48.4924040883,-4.5044294597,324.3404
56900000,2846,48.4924043077,-4.5044296965,324.3404
56920000,2847,48.4924045272,-4.5044299334,324.3404
56940000,2848,48.4924047466,-4.5044301703,324.3404
56960000,2849,48.492404966,-4.5044304071,324.3404
56980000,2850,48.4924051855,-4.504430644,324.3404
57000000,2851,48.4924054049,-4.5044308809,324.3404
57020000,2852,48.4924056243,-4.5044311177,324.3404
57040000,2853,48.4924058437,-4.5044313546,324.3404
57060000,2854,48.4924060632,-4.5044315915,324.3404
57080000,2855,48.4924062826,-4.5044318283,324.3404
57100000,2856,48.492406502,-4.5044320652,324.3404
57120000,2857,48.4924067215,-4.5044323021,324.3404
57140000,2858,48.4924069409,-4.504432539,324.3404
57160000,2859,48.4924071603,-4.5044327758,324.3404
57180000,2860,48.4924073797,-4.5044330127,324.3404
57200000,2861,48.4924075992,-4.5044332496,324.3404
57220000,2862,48.4924078186,-4.5044334864,324.3404
57240000,2863,48.492408038,-4.5044337233,324.3404
57260000,2864,48.4924082575,-4.5044339602,324.3404
57280000,2865,48.4924084769,-4.504434197,324.3404
57300000,2866,48.4924086963,-4.5044344339,324.3404
57320000,2867,48.4924089158,-4.5044346708,324.3404
57340000,2868,48.4924091352,-4.5044349076,324.3404
57360000,2869,48.4924093546,-4.5044351445,324.3404
57380000,2870,48.492409574,-4.5044353814,324.3404
57400000,2871,48.4924097935,-4.5044356183,324.3404
57420000,2872,48.4924100129,-4.5044358551,324.3404
57440000,2873,48.4924102323,-4.504436092,324.3404
57460000,2874,48.4924104518,-4.5044363289,324.3404
57480000,2875,48.4924106712,-4.5044365657,324.3404
57500000,2876,48.4924108906,-4.5044368026,324.3404
57520000,2877,48.49241111,-4.5044370395,324.3404
57540000,2878,48.4924113295,-4.5044372763,324.3404
57560000,2879,48.4924115489,-4.5044375132,324.3404
57580000,2880,48.4924117683,-4.5044377501,324.3404
57600000,2881,48.4924119878,-4.5044379869,324.3404
57620000,2882,48.4924122072,-4.5044382238,324.3404
57640000,2883,48.4924124266,-4.5044384607,324.3404
57660000,2884,48.492412646,-4.5044386976,324.3404
57680000,2885,48.4924128655,-4.5044389344,324.3404
57700000,2886,48.4924130849,-4.5044391713,324.3404
57720000,2887,48.4924133043,-4.5044394082,324.3404
57740000,2888,48.4924135238,-4.504439645,324.3404
57760000,2889,48.4924137432,-4.5044398819,324.3404
57780000,2890,48.4924139626,-4.5044401188,324.3404
57800000,2891,48.492414182,-4.5044403556,324.3404
57820000,2892,48.4924144015,-4.5044405925,324.3404
57840000,2893,48.4924146209,-4.5044408294,324.3404
57860000,2894,48.4924148403,-4.5044410663,324.3404
57880000,2895,48.4924150598,-4.5044413031,324.3404
57900000,2896,48.4924152792,-4.50444154,324.3404
57920000,2897,48.4924154986,-4.5044417769,324.3404
57940000,2898,48.4924157181,-4.5044420137,324.3404
57960000,2899,48.4924159375,-4.5044422506,324.3404
57980000,2900,48.4924161569,-4.5044424875,324.3404
58000000,2901,48.4924163763,-4.5044427243,324.3404
58020000,2902,48.4924165958,-4.5044429612,324.3404
58040000,2903,48.4924168152,-4.5044431981,324.3404
58060000,2904,48.4924170346,-4.5044434349,324.3404
58080000,2905,48.4924172541,-4.5044436718,324.3404
58100000,2906,48.4924174735,-4.5044439087,324.3404
58120000,2907,48.4924176929,-4.5044441456,324.3404
58140000,2908,48.4924179123,-4.5044443824,324.3404
58160000,2909,48.4924181318,-4.5044446193,324.3404
58180000,2910,48.4924183512,-4.5044448562,324.3404
58200000,2911,48.4924185706,-4.504445093,324.3404
58220000,2912,48.4924187901,-4.5044453299,324.3404
58240000,2913,48.4924190095,-4.5044455668,324.3404
58260000,2914,48.4924192289,-4.5044458036,324.3404
58280000,2915,48.4924194483,-4.5044460405,324.3404
58300000,2916,48.4924196678,-4.5044462774,324.3404
58320000,2917,48.4924198872,-4.5044465142,324.3404
58340000,2918,48.4924201066,-4.5044467511,324.3404
58360000,2919,48.4924203261,-4.504446988,324.3404
58380000,2920,48.4924205455,-4.5044472249,324.3404
58400000,2921,48.4924207649,-4.5044474617,324.3404
58420000,2922,48.4924209843,-4.5044476986,324.3404
58440000,2923,48.4924212038,-4.5044479355,324.3404
58460000,2924,48.4924214232,-4.5044481723,324.3404
58480000,2925,48.4924216426,-4.5044484092,324.3404
58500000,2926,48.4924218621,-4.5044486461,324.3404
58520000,2927,48.4924220815,-4.5044488829,324.3404
58540000,2928,48.4924223009,-4.5044491198,324.3404
58560000,2929,48.4924225204,-4.5044493567,324.3404
58580000,2930,48.4924227398,-4.5044495936,324.3404
58600000,2931,48.4924229592,-4.5044498304,324.3404
58620000,2932,48.4924231786,-4.5044500673,324.3404
58640000,2933,48.4924233981,-4.5044503042,324.3404
58660000,2934,48.4924236175,-4.504450541,324.3404
58680000,2935,48.4924238369,-4.5044507779,324.3404
58700000,2936,48.4924240564,-4.5044510148,324.3404
58720000,2937,48.4924242758,-4.5044512516,324.3404
58740000,2938,48.4924244952,-4.5044514885,324.3404
58760000,2939,48.4924247146,-4.5044517254,324.3404
58780000,2940,48.4924249341,-4.5044519622,324.3404
58800000,2941,48.4924251535,-4.5044521991,324.3404
58820000,2942,48.4924253729,-4.504452436,324.3404
58840000,2943,48.4924255924,-4.5044526729,324.3404
58860000,2944,48.4924258118,-4.5044529097,324.3404
58880000,2945,48.4924260312,-4.5044531466,324.3404
58900000,2946,48.4924262506,-4.5044533835,324.3404
58920000,2947,48.4924264701,-4.5044536203,324.3404
58940000,2948,48.4924266895,-4.5044538572,324.3404
58960000,2949,48.4924269089,-4.5044540941,324.3404
58980000,2950,48.4924271284,-4.5044543309,324.3404
59000000,2951,48.4924273478,-4.5044545678,324.3404
59020000,2952,48.4924275672,-4.5044548047,324.3404
59040000,2953,48.4924277866,-4.5044550416,324.3404
59060000,2954,48.4924280061,-4.5044552784,324.3404
59080000,2955,48.4924282255,-4.5044555153,324.3404
59100000,2956,48.4924284449,-4.5044557522,324.3404
59120000,2957,48.4924286644,-4.504455989,324.3404
59140000,2958,48.4924288838,-4.5044562259,324.3404
59160000,2959,48.4924291032,-4.5044564628,324.3404
59180000,2960,48.4924293227,-4.5044566996,324.3404
59200000,2961,48.4924295421,-4.5044569365,324.3404
59220000,2962,48.4924297615,-4.5044571734,324.3404
59240000,2963,48.4924299809,-4.5044574102,324.3404
59260000,2964,48.4924302004,-4.5044576471,324.3404
59280000,2965,48.4924304198,-4.504457884,324.3404
59300000,2966,48.4924306392,-4.5044581209,324.3404
59320000,2967,48.4924308587,-4.5044583577,324.3404
59340000,2968,48.4924310781,-4.5044585946,324.3404
59360000,2969,48.4924312975,-4.5044588315,324.3404
59380000,2970,48.4924315169,-4.5044590683,324.3404
59400000,2971,48.4924317364,-4.5044593052,324.3404
59420000,2972,48.4924319558,-4.5044595421,324.3404
59440000,2973,48.4924321752,-4.5044597789,324.3404
59460000,2974,48.4924323947,-4.5044600158,324.3404
59480000,2975,48.4924326141,-4.5044602527,324.3404
59500000,2976,48.4924328335,-4.5044604896,324.3404
59520000,2977,48.4924330529,-4.5044607264,324.3404
59540000,2978,48.4924332724,-4.5044609633,324.3404
59560000,2979,48.4924334918,-4.5044612002,324.3404
59580000,2980,48.4924337112,-4.504461437,324.3404
59600000,2981,48.4924339307,-4.5044616739,324.3404
59620000,2982,48.4924341501,-4.5044619108,324.3404
59640000,2983,48.4924343695,-4.5044621476,324.3404
59660000,2984,48.4924345889,-4.5044623845,324.3404
59680000,2985,48.4924348084,-4.5044626214,324.3404
59700000,2986,48.4924350278,-4.5044628583,324.3404
59720000,2987,48.4924352472,-4.5044630951,324.3404
59740000,2988,48.4924354667,-4.504463332,324.3404
59760000,2989,48.4924356861,-4.5044635689,324.3404
59780000,2990,48.4924359055,-4.5044638057,324.3404
59800000,2991,48.4924361249,-4.5044640426,324.3404
59820000,2992,48.4924363444,-4.5044642795,324.3404
59840000,2993,48.4924365638,-4.5044645163,324.3404
59860000,2994,48.4924367832,-4.5044647532,324.3404
59880000,2995,48.4924367832,-4.5044647532,324.3404
59900000,2996,48.4924369304,-4.504464907,326.1016
59920000,2997,48.4924370765,-4.5044650497,327.9449
59940000,2998,48.4924372214,-4.5044651812,329.8725
59960000,2999,48.4924373653,-4.5044653019,331.8862
59980000,3000,48.492437508,-4.5044654116,333.987
60000000,3001,48.4924376496,-4.5044655107,336.1752
60020000,3002,48.4924377901,-4.5044655991,338.45
60040000,3003,48.4924379295,-4.504465677,340.8097
60060000,3004,48.4924380677,-4.5044657445,343.2513
60080000,3005,48.4924382047,-4.5044658017,345.7704
60100000,3006,48.4924383406,-4.5044658487,348.3612
60120000,3007,48.4924384754,-4.5044658856,351.0166
60140000,3008,48.4924386089,-4.5044659125,353.7278
60160000,3009,48.4924387413,-4.5044659296,356.485
60180000,3010,48.4924388725,-4.5044659369,359.277
60200000,3011,48.4924390025,-4.5044659346,2.0918
60220000,3012,48.4924391313,-4.5044659227,4.9169
60240000,3013,48.4924392589,-4.5044659014,7.7394
60260000,3014,48.4924393853,-4.5044658708,10.5464
60280000,3015,48.4924395105,-4.504465831,13.3258
60300000,3016,48.4924396344,-4.5044657821,16.0658
60320000,3017,48.4924397571,-4.5044657242,18.756
60340000,3018,48.4924398785,-4.5044656574,21.3871
60360000,3019,48.4924399987,-4.5044655818,23.9511
60380000,3020,48.4924401177,-4.5044654976,26.4416
60400000,3021,48.4924402353,-4.5044654048,28.8536
60420000,3022,48.4924403517,-4.5044653036,31.1833
60440000,3023,48.4924404669,-4.5044651941,33.4284
60460000,3024,48.4924405807,-4.5044650763,35.5877
60480000,3025,48.4924406932,-4.5044649504,37.6611
60500000,3026,48.4924408045,-4.5044648165,39.6492
60520000,3027,48.4924409144,-4.5044646747,41.5534
60540000,3028,48.492441023,-4.5044645251,43.3757
60560000,3029,48.4924411303,-4.5044643678,45.1185
60580000,3030,48.4924412363,-4.5044642029,46.7847
60600000,3031,48.4924413409,-4.5044640306,48.377
60620000,3032,48.4924414442,-4.504463851,49.8988
60640000,3033,48.4924415461,-4.504463664,51.3533
60660000,3034,48.4924416467,-4.50446347,52.7436
60680000,3035,48.4924417459,-4.5044632689,54.0731
60700000,3036,48.4924418437,-4.5044630609,55.3448
60720000,3037,48.4924419402,-4.5044628461,56.5619
60740000,3038,48.4924420352,-4.5044626246,57.7273
60760000,3039,48.4924421289,-4.5044623965,58.844
60780000,3040,48.4924422212,-4.504462162,59.9146
60800000,3041,48.492442312,-4.504461921,60.9417
60820000,3042,48.4924424015,-4.5044616738,61.928
60840000,3043,48.4924424895,-4.5044614204,62.8756
60860000,3044,48.4924425761,-4.504461161,63.7869
60880000,3045,48.4924426612,-4.5044608957,64.664
60900000,3046,48.4924427449,-4.5044606245,65.5087
60920000,3047,48.4924428272,-4.5044603477,66.3231
60940000,3048,48.492442908,-4.5044600652,67.1088
60960000,3049,48.4924429873,-4.5044597772,67.8675
60980000,3050,48.4924430651,-4.5044594838,68.6007
61000000,3051,48.4924431415,-4.5044591851,69.31
61020000,3052,48.4924432164,-4.5044588813,69.9967
61040000,3053,48.4924432898,-4.5044585724,70.6621
61060000,3054,48.4924433617,-4.5044582586,71.3073
61080000,3055,48.492443432,-4.5044579399,71.9337
61100000,3056,48.4924435009,-4.5044576165,72.5421
61120000,3057,48.4924435682,-4.5044572884,73.1337
61140000,3058,48.492443634,-4.5044569558,73.7094
61160000,3059,48.4924436983,-4.5044566189,74.2702
61180000,3060,48.492443761,-4.5044562776,74.8167
61200000,3061,48.4924438222,-4.5044559321,75.35
61220000,3062,48.4924438818,-4.5044555826,75.8707
61240000,3063,48.4924439398,-4.5044552291,76.3795
61260000,3064,48.4924439963,-4.5044548717,76.8771
61280000,3065,48.4924440512,-4.5044545106,77.3642
61300000,3066,48.4924441044,-4.5044541458,77.8414
61320000,3067,48.4924441561,-4.5044537775,78.3093
61340000,3068,48.4924442062,-4.5044534058,78.7684
61360000,3069,48.4924442547,-4.5044530307,79.2192
61380000,3070,48.4924443016,-4.5044526525,79.6623
61400000,3071,48.4924443468,-4.5044522711,80.0982
61420000,3072,48.4924443904,-4.5044518868,80.5272
61440000,3073,48.4924444324,-4.5044514995,80.9498
61460000,3074,48.4924444727,-4.5044511096,81.3665
61480000,3075,48.4924445114,-4.5044507169,81.7777
61500000,3076,48.4924445484,-4.5044503217,82.1837
61520000,3077,48.4924445837,-4.504449924,82.5849
61540000,3078,48.4924446174,-4.5044495241,82.9817
61560000,3079,48.4924446494,-4.5044491218,83.3744
61580000,3080,48.4924446797,-4.5044487175,83.7633
61600000,3081,48.4924447083,-4.5044483112,84.1489
61620000,3082,48.4924447352,-4.504447903,84.5313
61640000,3083,48.4924447603,-4.5044474929,84.9109
61660000,3084,48.4924447838,-4.5044470812,85.2881
61680000,3085,48.4924448055,-4.504446668,85.663
61700000,3086,48.4924448255,-4.5044462532,86.036
61720000,3087,48.4924448438,-4.5044458372,86.4074
61740000,3088,48.4924448603,-4.5044454198,86.7774
61760000,3089,48.4924448751,-4.5044450014,87.1463
61780000,3090,48.4924448881,-4.5044445819,87.5144
61800000,3091,48.4924448993,-4.5044441615,87.8819
61820000,3092,48.4924449088,-4.5044437403,88.2491
61840000,3093,48.4924449164,-4.5044433184,88.6162
61860000,3094,48.4924449223,-4.5044428959,88.9836
61880000,3095,48.4924449264,-4.5044424729,89.3514
61900000,3096,48.4924449287,-4.5044420496,89.7199
61920000,3097,48.4924449292,-4.504441626,90.0893
61940000,3098,48.4924449278,-4.5044412022,90.46
61960000,3099,48.4924449246,-4.5044407784,90.8321
61980000,3100,48.4924449196,-4.5044403547,91.206
62000000,3101,48.4924449128,-4.5044399311,91.5818
62020000,3102,48.4924449041,-4.5044395079,91.9599
62040000,3103,48.4924448935,-4.504439085,92.3405
62060000,3104,48.4924448811,-4.5044386626,92.7238
62080000,3105,48.4924448669,-4.5044382409,93.1102
62100000,3106,48.4924448507,-4.5044378198,93.4999
62120000,3107,48.4924448327,-4.5044373996,93.8932
62140000,3108,48.4924448127,-4.5044369803,94.2904
62160000,3109,48.4924447909,-4.5044365621,94.6917
62180000,3110,48.4924447672,-4.504436145,95.0975
62200000,3111,48.4924447415,-4.5044357292,95.5081
62220000,3112,48.4924447139,-4.5044353148,95.9237
62240000,3113,48.4924446844,-4.5044349019,96.3448
62260000,3114,48.492444653,-4.5044344905,96.7716
62280000,3115,48.4924446196,-4.5044340809,97.2044
62300000,3116,48.4924445843,-4.5044336731,97.6437
62320000,3117,48.4924445471,-4.5044332672,98.0898
62340000,3118,48.4924445078,-4.5044328633,98.543
62360000,3119,48.4924444666,-4.5044324616,99.0038
62380000,3120,48.4924444234,-4.5044320621,99.4725
62400000,3121,48.4924443783,-4.5044316649,99.9496
62420000,3122,48.4924443311,-4.5044312703,100.4355
62440000,3123,48.4924442819,-4.5044308782,100.9306
62460000,3124,48.4924442308,-4.5044304888,101.4354
62480000,3125,48.4924441776,-4.5044301022,101.9503
62500000,3126,48.4924441224,-4.5044297185,102.476
62520000,3127,48.4924440652,-4.5044293378,103.0128
62540000,3128,48.4924440059,-4.5044289602,103.5614
62560000,3129,48.4924439446,-4.5044285859,104.1222
62580000,3130,48.4924438813,-4.5044282149,104.696
62600000,3131,48.4924438159,-4.5044278474,105.2832
62620000,3132,48.4924437484,-4.5044274834,105.8845
62640000,3133,48.4924436789,-4.504427123,106.5006
62660000,3134,48.4924436073,-4.5044267665,107.1322
62680000,3135,48.4924435335,-4.5044264138,107.7799
62700000,3136,48.4924434578,-4.5044260652,108.4446
62720000,3137,48.4924433799,-4.5044257206,109.1269
62740000,3138,48.4924432999,-4.5044253803,109.8278
62760000,3139,48.4924432178,-4.5044250442,110.548
62780000,3140,48.4924431335,-4.5044247126,111.2883
62800000,3141,48.4924430472,-4.5044243856,112.0498
62820000,3142,48.4924429587,-4.5044240632,112.8333
62840000,3143,48.492442868,-4.5044237455,113.6398
62860000,3144,48.4924427752,-4.5044234328,114.4702
62880000,3145,48.4924426803,-4.504423125,115.3257
62900000,3146,48.4924425832,-4.5044228222,116.2072
62920000,3147,48.4924424839,-4.5044225247,117.1158
62940000,3148,48.4924423824,-4.5044222325,118.0527
62960000,3149,48.4924422788,-4.5044219457,119.019
62980000,3150,48.492442173,-4.5044216644,120.0157
63000000,3151,48.4924420649,-4.5044213888,121.0442
63020000,3152,48.4924419547,-4.5044211189,122.1054
63040000,3153,48.4924418422,-4.5044208548,123.2007
63060000,3154,48.4924417275,-4.5044205967,124.3311
63080000,3155,48.4924416106,-4.5044203447,125.4978
63100000,3156,48.4924414915,-4.5044200988,126.7018
63120000,3157,48.4924413701,-4.5044198592,127.9443
63140000,3158,48.4924412465,-4.5044196261,129.2261
63160000,3159,48.4924411206,-4.5044193994,130.5482
63180000,3160,48.4924409924,-4.5044191794,131.9114
63200000,3161,48.492440862,-4.504418966,133.3164
63220000,3162,48.4924407293,-4.5044187595,134.7637
63240000,3163,48.4924405943,-4.50441856,136.2536
63260000,3164,48.492440457,-4.5044183675,137.7863
63280000,3165,48.4924403174,-4.5044181821,139.3618
63300000,3166,48.4924401755,-4.504418004,140.9798
63320000,3167,48.4924400313,-4.5044178333,142.6396
63340000,3168,48.4924398848,-4.5044176701,144.3404
63360000,3169,48.4924398848,-4.5044176701,144.3404
63380000,3170,48.4924396653,-4.5044174332,144.3404
63400000,3171,48.4924394459,-4.5044171964,144.3404
63420000,3172,48.4924392265,-4.5044169595,144.3404
63440000,3173,48.492439007,-4.5044167226,144.3404
63460000,3174,48.4924387876,-4.5044164858,144.3404
63480000,3175,48.4924385682,-4.5044162489,144.3404
63500000,3176,48.4924383488,-4.504416012,144.3404
63520000,3177,48.4924381293,-4.5044157752,144.3404
63540000,3178,48.4924379099,-4.5044155383,144.3404
63560000,3179,48.4924376905,-4.5044153014,144.3404
63580000,3180,48.492437471,-4.5044150645,144.3404
63600000,3181,48.4924372516,-4.5044148277,144.3404
63620000,3182,48.4924370322,-4.5044145908,144.3404
63640000,3183,48.4924368127,-4.5044143539,144.3404
63660000,3184,48.4924365933,-4.5044141171,144.3404
63680000,3185,48.4924363739,-4.5044138802,144.3404
63700000,3186,48.4924361545,-4.5044136433,144.3404
63720000,3187,48.492435935,-4.5044134065,144.3404
63740000,3188,48.4924357156,-4.5044131696,144.3404
63760000,3189,48.4924354962,-4.5044129327,144.3404
63780000,3190,48.4924352767,-4.5044126958,144.3404
63800000,3191,48.4924350573,-4.504412459,144.3404
63820000,3192,48.4924348379,-4.5044122221,144.3404
63840000,3193,48.4924346185,-4.5044119852,144.3404
63860000,3194,48.492434399,-4.5044117484,144.3404
63880000,3195,48.4924341796,-4.5044115115,144.3404
63900000,3196,48.4924339602,-4.5044112746,144.3404
63920000,3197,48.4924337407,-4.5044110378,144.3404
63940000,3198,48.4924335213,-4.5044108009,144.3404
63960000,3199,48.4924333019,-4.504410564,144.3404
63980000,3200,48.4924330825,-4.5044103272,144.3404
64000000,3201,48.492432863,-4.5044100903,144.3404
64020000,3202,48.4924326436,-4.5044098534,144.3404
64040000,3203,48.4924324242,-4.5044096165,144.3404
64060000,3204,48.4924322047,-4.5044093797,144.3404
64080000,3205,48.4924319853,-4.5044091428,144.3404
64100000,3206,48.4924317659,-4.5044089059,144.3404
64120000,3207,48.4924315464,-4.5044086691,144.3404
64140000,3208,48.492431327,-4.5044084322,144.3404
64160000,3209,48.4924311076,-4.5044081953,144.3404
64180000,3210,48.4924308882,-4.5044079585,144.3404
64200000,3211,48.4924306687,-4.5044077216,144.3404
64220000,3212,48.4924304493,-4.5044074847,144.3404
64240000,3213,48.4924302299,-4.5044072479,144.3404
64260000,3214,48.4924300104,-4.504407011,144.3404
64280000,3215,48.492429791,-4.5044067741,144.3404
64300000,3216,48.4924295716,-4.5044065372,144.3404
64320000,3217,48.4924293522,-4.5044063004,144.3404
64340000,3218,48.4924291327,-4.5044060635,144.3404
64360000,3219,48.4924289133,-4.5044058266,144.3404
64380000,3220,48.4924286939,-4.5044055898,144.3404
64400000,3221,48.4924284744,-4.5044053529,144.3404
64420000,3222,48.492428255,-4.504405116,144.3404
64440000,3223,48.4924280356,-4.5044048792,144.3404
64460000,3224,48.4924278162,-4.5044046423,144.3404
64480000,3225,48.4924275967,-4.5044044054,144.3404
64500000,3226,48.4924273773,-4.5044041686,144.3404
64520000,3227,48.4924271579,-4.5044039317,144.3404
64540000,3228,48.4924269384,-4.5044036948,144.3404
64560000,3229,48.492426719,-4.5044034579,144.3404
64580000,3230,48.4924264996,-4.5044032211,144.3404
64600000,3231,48.4924262802,-4.5044029842,144.3404
64620000,3232,48.4924260607,-4.5044027473,144.3404
64640000,3233,48.4924258413,-4.5044025105,144.3404
64660000,3234,48.4924256219,-4.5044022736,144.3404
64680000,3235,48.4924254024,-4.5044020367,144.3404
64700000,3236,48.492425183,-4.5044017999,144.3404
64720000,3237,48.4924249636,-4.504401563,144.3404
64740000,3238,48.4924247441,-4.5044013261,144.3404
64760000,3239,48.4924245247,-4.5044010892,144.3404
64780000,3240,48.4924243053,-4.5044008524,144.3404
64800000,3241,48.4924240859,-4.5044006155,144.3404
64820000,3242,48.4924238664,-4.5044003786,144.3404
64840000,3243,48.492423647,-4.5044001418,144.3404
64860000,3244,48.4924234276,-4.5043999049,144.3404
64880000,3245,48.4924232081,-4.504399668,144.3404
64900000,3246,48.4924229887,-4.5043994312,144.3404
64920000,3247,48.4924227693,-4.5043991943,144.3404
64940000,3248,48.4924225499,-4.5043989574,144.3404
64960000,3249,48.4924223304,-4.5043987206,144.3404
64980000,3250,48.492422111,-4.5043984837,144.3404
65000000,3251,48.4924218916,-4.5043982468,144.3404
65020000,3252,48.4924216721,-4.5043980099,144.3404
65040000,3253,48.4924214527,-4.5043977731,144.3404
65060000,3254,48.4924212333,-4.5043975362,144.3404
65080000,3255,48.4924210139,-4.5043972993,144.3404
65100000,3256,48.4924207944,-4.5043970625,144.3404
65120000,3257,48.492420575,-4.5043968256,144.3404
65140000,3258,48.4924203556,-4.5043965887,144.3404
65160000,3259,48.4924201361,-4.5043963519,144.3404
65180000,3260,48.4924199167,-4.504396115,144.3404
65200000,3261,48.4924196973,-4.5043958781,144.3404
65220000,3262,48.4924194778,-4.5043956413,144.3404
65240000,3263,48.4924192584,-4.5043954044,144.3404
65260000,3264,48.492419039,-4.5043951675,144.3404
65280000,3265,48.4924188196,-4.5043949306,144.3404
65300000,3266,48.4924186001,-4.5043946938,144.3404
65320000,3267,48.4924183807,-4.5043944569,144.3404
65340000,3268,48.4924181613,-4.50439422,144.3404
65360000,3269,48.4924179418,-4.5043939832,144.3404
65380000,3270,48.4924177224,-4.5043937463,144.3404
65400000,3271,48.492417503,-4.5043935094,144.3404
65420000,3272,48.4924172836,-4.5043932726,144.3404
65440000,3273,48.4924170641,-4.5043930357,144.3404
65460000,3274,48.4924168447,-4.5043927988,144.3404
65480000,3275,48.4924166253,-4.504392562,144.3404
65500000,3276,48.4924164058,-4.5043923251,144.3404
65520000,3277,48.4924161864,-4.5043920882,144.3404
65540000,3278,48.492415967,-4.5043918513,144.3404
65560000,3279,48.4924157476,-4.5043916145,144.3404
65580000,3280,48.4924155281,-4.5043913776,144.3404
65600000,3281,48.4924153087,-4.5043911407,144.3404
65620000,3282,48.4924150893,-4.5043909039,144.3404
65640000,3283,48.4924148698,-4.504390667,144.3404
65660000,3284,48.4924146504,-4.5043904301,144.3404
65680000,3285,48.492414431,-4.5043901933,144.3404
65700000,3286,48.4924142115,-4.5043899564,144.3404
65720000,3287,48.4924139921,-4.5043897195,144.3404
65740000,3288,48.4924137727,-4.5043894827,144.3404
65760000,3289,48.4924135533,-4.5043892458,144.3404
65780000,3290,48.4924133338,-4.5043890089,144.3404
65800000,3291,48.4924131144,-4.504388772,144.3404
65820000,3292,48.492412895,-4.5043885352,144.3404
65840000,3293,48.4924126755,-4.5043882983,144.3404
65860000,3294,48.4924124561,-4.5043880614,144.3404
65880000,3295,48.4924122367,-4.5043878246,144.3404
65900000,3296,48.4924120173,-4.5043875877,144.3404
65920000,3297,48.4924117978,-4.5043873508,144.3404
65940000,3298,48.4924115784,-4.504387114,144.3404
65960000,3299,48.492411359,-4.5043868771,144.3404
65980000,3300,48.4924111395,-4.5043866402,144.3404
66000000,3301,48.4924109201,-4.5043864034,144.3404
66020000,3302,48.4924107007,-4.5043861665,144.3404
66040000,3303,48.4924104813,-4.5043859296,144.3404
66060000,3304,48.4924102618,-4.5043856927,144.3404
66080000,3305,48.4924100424,-4.5043854559,144.3404
66100000,3306,48.492409823,-4.504385219,144.3404
66120000,3307,48.4924096035,-4.5043849821,144.3404
66140000,3308,48.4924093841,-4.5043847453,144.3404
66160000,3309,48.4924091647,-4.5043845084,144.3404
66180000,3310,48.4924089452,-4.5043842715,144.3404
66200000,3311,48.4924087258,-4.5043840347,144.3404
66220000,3312,48.4924085064,-4.5043837978,144.3404
66240000,3313,48.492408287,-4.5043835609,144.3404
66260000,3314,48.4924080675,-4.5043833241,144.3404
66280000,3315,48.4924078481,-4.5043830872,144.3404
66300000,3316,48.4924076287,-4.5043828503,144.3404
66320000,3317,48.4924074092,-4.5043826134,144.3404
66340000,3318,48.4924071898,-4.5043823766,144.3404
66360000,3319,48.4924069704,-4.5043821397,144.3404
66380000,3320,48.492406751,-4.5043819028,144.3404
66400000,3321,48.4924065315,-4.504381666,144.3404
66420000,3322,48.4924063121,-4.5043814291,144.3404
66440000,3323,48.4924060927,-4.5043811922,144.3404
66460000,3324,48.4924058732,-4.5043809554,144.3404
66480000,3325,48.4924056538,-4.5043807185,144.3404
66500000,3326,48.4924054344,-4.5043804816,144.3404
66520000,3327,48.492405215,-4.5043802448,144.3404
66540000,3328,48.4924049955,-4.5043800079,144.3404
66560000,3329,48.4924047761,-4.504379771,144.3404
66580000,3330,48.4924045567,-4.5043795341,144.3404
66600000,3331,48.4924043372,-4.5043792973,144.3404
66620000,3332,48.4924041178,-4.5043790604,144.3404
66640000,3333,48.4924038984,-4.5043788235,144.3404
66660000,3334,48.4924036789,-4.5043785867,144.3404
66680000,3335,48.4924034595,-4.5043783498,144.3404
66700000,3336,48.4924032401,-4.5043781129,144.3404
66720000,3337,48.4924030207,-4.5043778761,144.3404
66740000,3338,48.4924028012,-4.5043776392,144.3404
66760000,3339,48.4924025818,-4.5043774023,144.3404
66780000,3340,48.4924023624,-4.5043771655,144.3404
66800000,3341,48.4924021429,-4.5043769286,144.3404
66820000,3342,48.4924019235,-4.5043766917,144.3404
66840000,3343,48.4924017041,-4.5043764549,144.3404
66860000,3344,48.4924014847,-4.504376218,144.3404
66880000,3345,48.4924012652,-4.5043759811,144.3404
66900000,3346,48.4924010458,-4.5043757442,144.3404
66920000,3347,48.4924008264,-4.5043755074,144.3404
66940000,3348,48.4924006069,-4.5043752705,144.3404
66960000,3349,48.4924003875,-4.5043750336,144.3404
66980000,3350,48.4924001681,-4.5043747968,144.3404
67000000,3351,48.4923999487,-4.5043745599,144.3404
67020000,3352,48.4923997292,-4.504374323,144.3404
67040000,3353,48.4923995098,-4.5043740862,144.3404
67060000,3354,48.4923992904,-4.5043738493,144.3404
67080000,3355,48.4923990709,-4.5043736124,144.3404
67100000,3356,48.4923988515,-4.5043733756,144.3404
67120000,3357,48.4923986321,-4.5043731387,144.3404
67140000,3358,48.4923984126,-4.5043729018,144.3404
67160000,3359,48.4923981932,-4.5043726649,144.3404
67180000,3360,48.4923979738,-4.5043724281,144.3404
67200000,3361,48.4923977544,-4.5043721912,144.3404
67220000,3362,48.4923975349,-4.5043719543,144.3404
67240000,3363,48.4923973155,-4.5043717175,144.3404
67260000,3364,48.4923970961,-4.5043714806,144.3404
67280000,3365,48.4923968766,-4.5043712437,144.3404
67300000,3366,48.4923966572,-4.5043710069,144.3404
67320000,3367,48.4923964378,-4.50437077,144.3404
67340000,3368,48.4923962184,-4.5043705331,144.3404
67360000,3369,48.4923959989,-4.5043702963,144.3404
67380000,3370,48.4923957795,-4.5043700594,144.3404
67400000,3371,48.4923955601,-4.5043698225,144.3404
67420000,3372,48.4923953406,-4.5043695856,144.3404
67440000,3373,48.4923951212,-4.5043693488,144.3404
67460000,3374,48.4923949018,-4.5043691119,144.3404
67480000,3375,48.4923946824,-4.504368875,144.3404
67500000,3376,48.4923944629,-4.5043686382,144.3404
67520000,3377,48.4923942435,-4.5043684013,144.3404
67540000,3378,48.4923940241,-4.5043681644,144.3404
67560000,3379,48.4923938046,-4.5043679276,144.3404
67580000,3380,48.4923935852,-4.5043676907,144.3404
67600000,3381,48.4923933658,-4.5043674538,144.3404
67620000,3382,48.4923931463,-4.504367217,144.3404
67640000,3383,48.4923929269,-4.5043669801,144.3404
67660000,3384,48.4923927075,-4.5043667432,144.3404
67680000,3385,48.4923924881,-4.5043665063,144.3404
67700000,3386,48.4923922686,-4.5043662695,144.3404
67720000,3387,48.4923920492,-4.5043660326,144.3404
67740000,3388,48.4923918298,-4.5043657957,144.3404
67760000,3389,48.4923916103,-4.5043655589,144.3404
67780000,3390,48.4923913909,-4.504365322,144.3404
67800000,3391,48.4923911715,-4.5043650851,144.3404
67820000,3392,48.4923909521,-4.5043648483,144.3404
67840000,3393,48.4923907326,-4.5043646114,144.3404
67860000,3394,48.4923905132,-4.5043643745,144.3404
67880000,3395,48.4923902938,-4.5043641377,144.3404
67900000,3396,48.4923900743,-4.5043639008,144.3404
67920000,3397,48.4923898549,-4.5043636639,144.3404
67940000,3398,48.4923896355,-4.5043634271,144.3404
67960000,3399,48.4923894161,-4.5043631902,144.3404
67980000,3400,48.4923891966,-4.5043629533,144.3404
68000000,3401,48.4923889772,-4.5043627164,144.3404
68020000,3402,48.4923887578,-4.5043624796,144.3404
68040000,3403,48.4923885383,-4.5043622427,144.3404
68060000,3404,48.4923883189,-4.5043620058,144.3404
68080000,3405,48.4923880995,-4.504361769,144.3404
68100000,3406,48.49238788,-4.5043615321,144.3404
68120000,3407,48.4923876606,-4.5043612952,144.3404
68140000,3408,48.4923874412,-4.5043610584,144.3404
68160000,3409,48.4923872218,-4.5043608215,144.3404
68180000,3410,48.4923870023,-4.5043605846,144.3404
68200000,3411,48.4923867829,-4.5043603478,144.3404
68220000,3412,48.4923865635,-4.5043601109,144.3404
68240000,3413,48.492386344,-4.504359874,144.3404
68260000,3414,48.4923861246,-4.5043596371,144.3404
68280000,3415,48.4923859052,-4.5043594003,144.3404
68300000,3416,48.4923856858,-4.5043591634,144.3404
68320000,3417,48.4923854663,-4.5043589265,144.3404
68340000,3418,48.4923852469,-4.5043586897,144.3404
68360000,3419,48.4923850275,-4.5043584528,144.3404
68380000,3420,48.492384808,-4.5043582159,144.3404
68400000,3421,48.4923845886,-4.5043579791,144.3404
68420000,3422,48.4923843692,-4.5043577422,144.3404
68440000,3423,48.4923841498,-4.5043575053,144.3404
68460000,3424,48.4923839303,-4.5043572685,144.3404
68480000,3425,48.4923837109,-4.5043570316,144.3404
68500000,3426,48.4923834915,-4.5043567947,144.3404
68520000,3427,48.492383272,-4.5043565579,144.3404
68540000,3428,48.4923830526,-4.504356321,144.3404
68560000,3429,48.4923828332,-4.5043560841,144.3404
68580000,3430,48.4923826137,-4.5043558472,144.3404
68600000,3431,48.4923823943,-4.5043556104,144.3404
68620000,3432,48.4923821749,-4.5043553735,144.3404
68640000,3433,48.4923819555,-4.5043551366,144.3404
68660000,3434,48.492381736,-4.5043548998,144.3404
68680000,3435,48.4923815166,-4.5043546629,144.3404
68700000,3436,48.4923812972,-4.504354426,144.3404
68720000,3437,48.4923810777,-4.5043541892,144.3404
68740000,3438,48.4923808583,-4.5043539523,144.3404
68760000,3439,48.4923806389,-4.5043537154,144.3404
68780000,3440,48.4923804195,-4.5043534786,144.3404
68800000,3441,48.4923802,-4.5043532417,144.3404
68820000,3442,48.4923799806,-4.5043530048,144.3404
68840000,3443,48.4923797612,-4.5043527679,144.3404
68860000,3444,48.4923795417,-4.5043525311,144.3404
68880000,3445,48.4923793223,-4.5043522942,144.3404
68900000,3446,48.4923791029,-4.5043520573,144.3404
68920000,3447,48.4923788835,-4.5043518205,144.3404
68940000,3448,48.492378664,-4.5043515836,144.3404
68960000,3449,48.4923784446,-4.5043513467,144.3404
68980000,3450,48.4923782252,-4.5043511099,144.3404
69000000,3451,48.4923780057,-4.504350873,144.3404
69020000,3452,48.4923777863,-4.5043506361,144.3404
69040000,3453,48.4923775669,-4.5043503993,144.3404
69060000,3454,48.4923773474,-4.5043501624,144.3404
69080000,3455,48.492377128,-4.5043499255,144.3404
69100000,3456,48.4923769086,-4.5043496887,144.3404
69120000,3457,48.4923766892,-4.5043494518,144.3404
69140000,3458,48.4923764697,-4.5043492149,144.3404
69160000,3459,48.4923762503,-4.504348978,144.3404
69180000,3460,48.4923760309,-4.5043487412,144.3404
69200000,3461,48.4923758114,-4.5043485043,144.3404
69220000,3462,48.492375592,-4.5043482674,144.3404
69240000,3463,48.4923753726,-4.5043480306,144.3404
69260000,3464,48.4923751532,-4.5043477937,144.3404
69280000,3465,48.4923749337,-4.5043475568,144.3404
69300000,3466,48.4923747143,-4.50434732,144.3404
69320000,3467,48.4923744949,-4.5043470831,144.3404
69340000,3468,48.4923742754,-4.5043468462,144.3404
69360000,3469,48.492374056,-4.5043466094,144.3404
69380000,3470,48.4923738366,-4.5043463725,144.3404
69400000,3471,48.4923736171,-4.5043461356,144.3404
69420000,3472,48.4923733977,-4.5043458988,144.3404
69440000,3473,48.4923731783,-4.5043456619,144.3404
69460000,3474,48.4923729589,-4.504345425,144.3404
69480000,3475,48.4923727394,-4.5043451881,144.3404
69500000,3476,48.49237252,-4.5043449513,144.3404
69520000,3477,48.4923723006,-4.5043447144,144.3404
69540000,3478,48.4923720811,-4.5043444775,144.3404
69560000,3479,48.4923718617,-4.5043442407,144.3404
69580000,3480,48.4923716423,-4.5043440038,144.3404
69600000,3481,48.4923714229,-4.5043437669,144.3404
69620000,3482,48.4923712034,-4.5043435301,144.3404
69640000,3483,48.492370984,-4.5043432932,144.3404
69660000,3484,48.4923707646,-4.5043430563,144.3404
69680000,3485,48.4923705451,-4.5043428195,144.3404
69700000,3486,48.4923703257,-4.5043425826,144.3404
69720000,3487,48.4923701063,-4.5043423457,144.3404
69740000,3488,48.4923698869,-4.5043421088,144.3404
69760000,3489,48.4923696674,-4.504341872,144.3404
69780000,3490,48.492369448,-4.5043416351,144.3404
69800000,3491,48.4923692286,-4.5043413982,144.3404
69820000,3492,48.4923690091,-4.5043411614,144.3404
69840000,3493,48.4923687897,-4.5043409245,144.3404
69860000,3494,48.4923685703,-4.5043406876,144.3404
69880000,3495,48.4923683508,-4.5043404508,144.3404
69900000,3496,48.4923681314,-4.5043402139,144.3404
69920000,3497,48.492367912,-4.504339977,144.3404
69940000,3498,48.4923676926,-4.5043397402,144.3404
69960000,3499,48.4923674731,-4.5043395033,144.3404
69980000,3500,48.4923672537,-4.5043392664,144.3404
70000000,3501,48.4923670343,-4.5043390296,144.3404
70020000,3502,48.4923668148,-4.5043387927,144.3404
70040000,3503,48.4923665954,-4.5043385558,144.3404
70060000,3504,48.492366376,-4.5043383189,144.3404
70080000,3505,48.4923661566,-4.5043380821,144.3404
70100000,3506,48.4923659371,-4.5043378452,144.3404
70120000,3507,48.4923657177,-4.5043376083,144.3404
70140000,3508,48.4923654983,-4.5043373715,144.3404
70160000,3509,48.4923652788,-4.5043371346,144.3404
70180000,3510,48.4923650594,-4.5043368977,144.3404
70200000,3511,48.49236484,-4.5043366609,144.3404
70220000,3512,48.4923646206,-4.504336424,144.3404
70240000,3513,48.4923644011,-4.5043361871,144.3404
70260000,3514,48.4923641817,-4.5043359503,144.3404
70280000,3515,48.4923639623,-4.5043357134,144.3404
70300000,3516,48.4923637428,-4.5043354765,144.3404
70320000,3517,48.4923635234,-4.5043352397,144.3404
70340000,3518,48.492363304,-4.5043350028,144.3404
70360000,3519,48.4923630845,-4.5043347659,144.3404
70380000,3520,48.4923628651,-4.504334529,144.3404
70400000,3521,48.4923626457,-4.5043342922,144.3404
70420000,3522,48.4923624263,-4.5043340553,144.3404
70440000,3523,48.4923622068,-4.5043338184,144.3404
70460000,3524,48.4923619874,-4.5043335816,144.3404
70480000,3525,48.492361768,-4.5043333447,144.3404
70500000,3526,48.4923615485,-4.5043331078,144.3404
70520000,3527,48.4923613291,-4.504332871,144.3404
70540000,3528,48.4923611097,-4.5043326341,144.3404
70560000,3529,48.4923608903,-4.5043323972,144.3404
70580000,3530,48.4923606708,-4.5043321604,144.3404
70600000,3531,48.4923604514,-4.5043319235,144.3404
70620000,3532,48.492360232,-4.5043316866,144.3404
70640000,3533,48.4923600125,-4.5043314498,144.3404
70660000,3534,48.4923597931,-4.5043312129,144.3404
70680000,3535,48.4923595737,-4.504330976,144.3404
70700000,3536,48.4923593542,-4.5043307391,144.3404
70720000,3537,48.4923591348,-4.5043305023,144.3404
70740000,3538,48.4923589154,-4.5043302654,144.3404
70760000,3539,48.492358696,-4.5043300285,144.3404
70780000,3540,48.4923584765,-4.5043297917,144.3404
70800000,3541,48.4923582571,-4.5043295548,144.3404
70820000,3542,48.4923580377,-4.5043293179,144.3404
70840000,3543,48.4923578182,-4.5043290811,144.3404
70860000,3544,48.4923575988,-4.5043288442,144.3404
70880000,3545,48.4923573794,-4.5043286073,144.3404
70900000,3546,48.49235716,-4.5043283705,144.3404
70920000,3547,48.4923569405,-4.5043281336,144.3404
70940000,3548,48.4923567211,-4.5043278967,144.3404
70960000,3549,48.4923565017,-4.5043276599,144.3404
70980000,3550,48.4923562822,-4.504327423,144.3404
71000000,3551,48.4923560628,-4.5043271861,144.3404
71020000,3552,48.4923558434,-4.5043269492,144.3404
71040000,3553,48.492355624,-4.5043267124,144.3404
71060000,3554,48.4923554045,-4.5043264755,144.3404
71080000,3555,48.4923551851,-4.5043262386,144.3404
71100000,3556,48.4923549657,-4.5043260018,144.3404
71120000,3557,48.4923547462,-4.5043257649,144.3404
71140000,3558,48.4923545268,-4.504325528,144.3404
71160000,3559,48.4923543074,-4.5043252912,144.3404
71180000,3560,48.4923540879,-4.5043250543,144.3404
71200000,3561,48.4923538685,-4.5043248174,144.3404
71220000,3562,48.4923536491,-4.5043245806,144.3404
71240000,3563,48.4923534297,-4.5043243437,144.3404
71260000,3564,48.4923532102,-4.5043241068,144.3404
71280000,3565,48.4923529908,-4.50432387,144.3404
71300000,3566,48.4923527714,-4.5043236331,144.3404
71320000,3567,48.4923525519,-4.5043233962,144.3404
71340000,3568,48.4923523325,-4.5043231594,144.3404
71360000,3569,48.4923521131,-4.5043229225,144.3404
71380000,3570,48.4923518937,-4.5043226856,144.3404
71400000,3571,48.4923516742,-4.5043224487,144.3404
71420000,3572,48.4923514548,-4.5043222119,144.3404
71440000,3573,48.4923512354,-4.504321975,144.3404
71460000,3574,48.4923510159,-4.5043217381,144.3404
71480000,3575,48.4923507965,-4.5043215013,144.3404
71500000,3576,48.4923505771,-4.5043212644,144.3404
71520000,3577,48.4923503576,-4.5043210275,144.3404
71540000,3578,48.4923501382,-4.5043207907,144.3404
71560000,3579,48.4923499188,-4.5043205538,144.3404
71580000,3580,48.4923496994,-4.5043203169,144.3404
71600000,3581,48.4923494799,-4.5043200801,144.3404
71620000,3582,48.4923492605,-4.5043198432,144.3404
71640000,3583,48.4923490411,-4.5043196063,144.3404
71660000,3584,48.4923488216,-4.5043193695,144.3404
71680000,3585,48.4923486022,-4.5043191326,144.3404
71700000,3586,48.4923483828,-4.5043188957,144.3404
71720000,3587,48.4923481634,-4.5043186588,144.3404
71740000,3588,48.4923479439,-4.504318422,144.3404
71760000,3589,48.4923477245,-4.5043181851,144.3404
71780000,3590,48.4923475051,-4.5043179482,144.3404
71800000,3591,48.4923472856,-4.5043177114,144.3404
71820000,3592,48.4923470662,-4.5043174745,144.3404
71840000,3593,48.4923468468,-4.5043172376,144.3404
71860000,3594,48.4923466274,-4.5043170008,144.3404
71880000,3595,48.4923464079,-4.5043167639,144.3404
71900000,3596,48.4923461885,-4.504316527,144.3404
71920000,3597,48.4923459691,-4.5043162902,144.3404
71940000,3598,48.4923457496,-4.5043160533,144.3404
71960000,3599,48.4923455302,-4.5043158164,144.3404
71980000,3600,48.4923453108,-4.5043155796,144.3404
72000000,3601,48.4923450913,-4.5043153427,144.3404
72020000,3602,48.4923448719,-4.5043151058,144.3404
72040000,3603,48.4923446525,-4.5043148689,144.3404
72060000,3604,48.4923444331,-4.5043146321,144.3404
72080000,3605,48.4923442136,-4.5043143952,144.3404
72100000,3606,48.4923439942,-4.5043141583,144.3404
72120000,3607,48.4923437748,-4.5043139215,144.3404
72140000,3608,48.4923435553,-4.5043136846,144.3404
72160000,3609,48.4923433359,-4.5043134477,144.3404
72180000,3610,48.4923431165,-4.5043132109,144.3404
72200000,3611,48.4923428971,-4.504312974,144.3404
72220000,3612,48.4923426776,-4.5043127371,144.3404
72240000,3613,48.4923424582,-4.5043125003,144.3404
72260000,3614,48.4923422388,-4.5043122634,144.3404
72280000,3615,48.4923420193,-4.5043120265,144.3404
72300000,3616,48.4923417999,-4.5043117897,144.3404
72320000,3617,48.4923415805,-4.5043115528,144.3404
72340000,3618,48.492341361,-4.5043113159,144.3404
72360000,3619,48.4923411416,-4.5043110791,144.3404
72380000,3620,48.4923409222,-4.5043108422,144.3404
72400000,3621,48.4923407028,-4.5043106053,144.3404
72420000,3622,48.4923404833,-4.5043103684,144.3404
72440000,3623,48.4923402639,-4.5043101316,144.3404
72460000,3624,48.4923400445,-4.5043098947,144.3404
72480000,3625,48.492339825,-4.5043096578,144.3404
72500000,3626,48.4923396056,-4.504309421,144.3404
72520000,3627,48.4923393862,-4.5043091841,144.3404
72540000,3628,48.4923391668,-4.5043089472,144.3404
72560000,3629,48.4923389473,-4.5043087104,144.3404
72580000,3630,48.4923387279,-4.5043084735,144.3404
72600000,3631,48.4923385085,-4.5043082366,144.3404
72620000,3632,48.492338289,-4.5043079998,144.3404
72640000,3633,48.4923380696,-4.5043077629,144.3404
72660000,3634,48.4923378502,-4.504307526,144.3404
72680000,3635,48.4923376307,-4.5043072892,144.3404
72700000,3636,48.4923374113,-4.5043070523,144.3404
72720000,3637,48.4923371919,-4.5043068154,144.3404
72740000,3638,48.4923369725,-4.5043065785,144.3404
72760000,3639,48.492336753,-4.5043063417,144.3404
72780000,3640,48.4923365336,-4.5043061048,144.3404
72800000,3641,48.4923363142,-4.5043058679,144.3404
72820000,3642,48.4923360947,-4.5043056311,144.3404
72840000,3643,48.4923358753,-4.5043053942,144.3404
72860000,3644,48.4923356559,-4.5043051573,144.3404
72880000,3645,48.4923354365,-4.5043049205,144.3404
72900000,3646,48.492335217,-4.5043046836,144.3404
72920000,3647,48.4923349976,-4.5043044467,144.3404
72940000,3648,48.4923347782,-4.5043042099,144.3404
72960000,3649,48.4923345587,-4.504303973,144.3404
72980000,3650,48.4923343393,-4.5043037361,144.3404
73000000,3651,48.4923341199,-4.5043034993,144.3404
73020000,3652,48.4923339005,-4.5043032624,144.3404
73040000,3653,48.492333681,-4.5043030255,144.3404
73060000,3654,48.4923334616,-4.5043027887,144.3404
73080000,3655,48.4923332422,-4.5043025518,144.3404
73100000,3656,48.4923330227,-4.5043023149,144.3404
73120000,3657,48.4923328033,-4.504302078,144.3404
73140000,3658,48.4923325839,-4.5043018412,144.3404
73160000,3659,48.4923323644,-4.5043016043,144.3404
73180000,3660,48.492332145,-4.5043013674,144.3404
73200000,3661,48.4923319256,-4.5043011306,144.3404
73220000,3662,48.4923317062,-4.5043008937,144.3404
73240000,3663,48.4923314867,-4.5043006568,144.3404
73260000,3664,48.4923312673,-4.50430042,144.3404
73280000,3665,48.4923310479,-4.5043001831,144.3404
73300000,3666,48.4923308284,-4.5042999462,144.3404
73320000,3667,48.492330609,-4.5042997094,144.3404
73340000,3668,48.4923303896,-4.5042994725,144.3404
73360000,3669,48.4923301702,-4.5042992356,144.3404
73380000,3670,48.4923299507,-4.5042989988,144.3404
73400000,3671,48.4923297313,-4.5042987619,144.3404
73420000,3672,48.4923295119,-4.504298525,144.3404
73440000,3673,48.4923292924,-4.5042982882,144.3404
73460000,3674,48.492329073,-4.5042980513,144.3404
73480000,3675,48.4923288536,-4.5042978144,144.3404
73500000,3676,48.4923286341,-4.5042975775,144.3404
73520000,3677,48.4923284147,-4.5042973407,144.3404
73540000,3678,48.4923281953,-4.5042971038,144.3404
73560000,3679,48.4923279759,-4.5042968669,144.3404
73580000,3680,48.4923277564,-4.5042966301,144.3404
73600000,3681,48.492327537,-4.5042963932,144.3404
73620000,3682,48.4923273176,-4.5042961563,144.3404
73640000,3683,48.4923270981,-4.5042959195,144.3404
73660000,3684,48.4923268787,-4.5042956826,144.3404
73680000,3685,48.4923266593,-4.5042954457,144.3404
73700000,3686,48.4923264399,-4.5042952089,144.3404
73720000,3687,48.4923262204,-4.504294972,144.3404
73740000,3688,48.492326001,-4.5042947351,144.3404
73760000,3689,48.4923257816,-4.5042944983,144.3404
73780000,3690,48.4923255621,-4.5042942614,144.3404
73800000,3691,48.4923253427,-4.5042940245,144.3404
73820000,3692,48.4923251233,-4.5042937877,144.3404
73840000,3693,48.4923249038,-4.5042935508,144.3404
73860000,3694,48.4923246844,-4.5042933139,144.3404
73880000,3695,48.492324465,-4.504293077,144.3404
73900000,3696,48.4923242456,-4.5042928402,144.3404
73920000,3697,48.4923240261,-4.5042926033,144.3404
73940000,3698,48.4923238067,-4.5042923664,144.3404
73960000,3699,48.4923235873,-4.5042921296,144.3404
73980000,3700,48.4923233678,-4.5042918927,144.3404
74000000,3701,48.4923231484,-4.5042916558,144.3404
74020000,3702,48.492322929,-4.504291419,144.3404
74040000,3703,48.4923227096,-4.5042911821,144.3404
74060000,3704,48.4923224901,-4.5042909452,144.3404
74080000,3705,48.4923222707,-4.5042907084,144.3404
74100000,3706,48.4923220513,-4.5042904715,144.3404
74120000,3707,48.4923218318,-4.5042902346,144.3404
74140000,3708,48.4923216124,-4.5042899978,144.3404
74160000,3709,48.492321393,-4.5042897609,144.3404
74180000,3710,48.4923211735,-4.504289524,144.3404
74200000,3711,48.4923209541,-4.5042892872,144.3404
74220000,3712,48.4923207347,-4.5042890503,144.3404
74240000,3713,48.4923205153,-4.5042888134,144.3404
74260000,3714,48.4923202958,-4.5042885765,144.3404
74280000,3715,48.4923200764,-4.5042883397,144.3404
74300000,3716,48.492319857,-4.5042881028,144.3404
74320000,3717,48.4923196375,-4.5042878659,144.3404
74340000,3718,48.4923194181,-4.5042876291,144.3404
74360000,3719,48.4923191987,-4.5042873922,144.3404
74380000,3720,48.4923189793,-4.5042871553,144.3404
74400000,3721,48.4923187598,-4.5042869185,144.3404
74420000,3722,48.4923185404,-4.5042866816,144.3404
74440000,3723,48.492318321,-4.5042864447,144.3404
74460000,3724,48.4923181015,-4.5042862079,144.3404
74480000,3725,48.4923178821,-4.504285971,144.3404
74500000,3726,48.4923176627,-4.5042857341,144.3404
74520000,3727,48.4923174432,-4.5042854973,144.3404
74540000,3728,48.4923172238,-4.5042852604,144.3404
74560000,3729,48.4923170044,-4.5042850235,144.3404
74580000,3730,48.492316785,-4.5042847867,144.3404
74600000,3731,48.4923165655,-4.5042845498,144.3404
74620000,3732,48.4923163461,-4.5042843129,144.3404
74640000,3733,48.4923161267,-4.504284076,144.3404
74660000,3734,48.4923159072,-4.5042838392,144.3404
74680000,3735,48.4923156878,-4.5042836023,144.3404
74700000,3736,48.4923154684,-4.5042833654,144.3404
74720000,3737,48.492315249,-4.5042831286,144.3404
74740000,3738,48.4923150295,-4.5042828917,144.3404
74760000,3739,48.4923148101,-4.5042826548,144.3404
74780000,3740,48.4923145907,-4.504282418,144.3404
74800000,3741,48.4923143712,-4.5042821811,144.3404
74820000,3742,48.4923141518,-4.5042819442,144.3404
74840000,3743,48.4923139324,-4.5042817074,144.3404
74860000,3744,48.492313713,-4.5042814705,144.3404
74880000,3745,48.4923134935,-4.5042812336,144.3404
74900000,3746,48.4923132741,-4.5042809968,144.3404
74920000,3747,48.4923130547,-4.5042807599,144.3404
74940000,3748,48.4923128352,-4.504280523,144.3404
74960000,3749,48.4923126158,-4.5042802862,144.3404
74980000,3750,48.4923123964,-4.5042800493,144.3404
75000000,3751,48.4923121769,-4.5042798124,144.3404
75020000,3752,48.4923119575,-4.5042795756,144.3404
75040000,3753,48.4923117381,-4.5042793387,144.3404
75060000,3754,48.4923115187,-4.5042791018,144.3404
75080000,3755,48.4923112992,-4.5042788649,144.3404
75100000,3756,48.4923110798,-4.5042786281,144.3404
75120000,3757,48.4923108604,-4.5042783912,144.3404
75140000,3758,48.4923106409,-4.5042781543,144.3404
75160000,3759,48.4923104215,-4.5042779175,144.3404
75180000,3760,48.4923102021,-4.5042776806,144.3404
75200000,3761,48.4923099827,-4.5042774437,144.3404
75220000,3762,48.4923097632,-4.5042772069,144.3404
75240000,3763,48.4923095438,-4.50427697,144.3404
75260000,3764,48.4923093244,-4.5042767331,144.3404
75280000,3765,48.4923091049,-4.5042764963,144.3404
75300000,3766,48.4923088855,-4.5042762594,144.3404
75320000,3767,48.4923086661,-4.5042760225,144.3404
75340000,3768,48.4923084466,-4.5042757857,144.3404
75360000,3769,48.4923082272,-4.5042755488,144.3404
75380000,3770,48.4923080078,-4.5042753119,144.3404
75400000,3771,48.4923077884,-4.5042750751,144.3404
75420000,3772,48.4923075689,-4.5042748382,144.3404
75440000,3773,48.4923073495,-4.5042746013,144.3404
75460000,3774,48.4923071301,-4.5042743644,144.3404
75480000,3775,48.4923069106,-4.5042741276,144.3404
75500000,3776,48.4923066912,-4.5042738907,144.3404
75520000,3777,48.4923064718,-4.5042736538,144.3404
75540000,3778,48.4923062524,-4.504273417,144.3404
75560000,3779,48.4923060329,-4.5042731801,144.3404
75580000,3780,48.4923058135,-4.5042729432,144.3404
75600000,3781,48.4923055941,-4.5042727064,144.3404
75620000,3782,48.4923053746,-4.5042724695,144.3404
75640000,3783,48.4923051552,-4.5042722326,144.3404
75660000,3784,48.4923049358,-4.5042719958,144.3404
75680000,3785,48.4923047163,-4.5042717589,144.3404
75700000,3786,48.4923044969,-4.504271522,144.3404
75720000,3787,48.4923042775,-4.5042712852,144.3404
75740000,3788,48.4923040581,-4.5042710483,144.3404
75760000,3789,48.4923038386,-4.5042708114,144.3404
75780000,3790,48.4923036192,-4.5042705746,144.3404
75800000,3791,48.4923033998,-4.5042703377,144.3404
75820000,3792,48.4923031803,-4.5042701008,144.3404
75840000,3793,48.4923029609,-4.504269864,144.3404
75860000,3794,48.4923027415,-4.5042696271,144.3404
75880000,3795,48.4923025221,-4.5042693902,144.3404
75900000,3796,48.4923023026,-4.5042691533,144.3404
75920000,3797,48.4923020832,-4.5042689165,144.3404
75940000,3798,48.4923018638,-4.5042686796,144.3404
75960000,3799,48.4923016443,-4.5042684427,144.3404
75980000,3800,48.4923014249,-4.5042682059,144.3404
76000000,3801,48.4923012055,-4.504267969,144.3404
76020000,3802,48.492300986,-4.5042677321,144.3404
76040000,3803,48.4923007666,-4.5042674953,144.3404
76060000,3804,48.4923005472,-4.5042672584,144.3404
76080000,3805,48.4923003278,-4.5042670215,144.3404
76100000,3806,48.4923001083,-4.5042667847,144.3404
76120000,3807,48.4922998889,-4.5042665478,144.3404
76140000,3808,48.4922996695,-4.5042663109,144.3404
76160000,3809,48.49229945,-4.5042660741,144.3404
76180000,3810,48.4922992306,-4.5042658372,144.3404
76200000,3811,48.4922990112,-4.5042656003,144.3404
76220000,3812,48.4922987918,-4.5042653635,144.3404
76240000,3813,48.4922985723,-4.5042651266,144.3404
76260000,3814,48.4922983529,-4.5042648897,144.3404
76280000,3815,48.4922981335,-4.5042646529,144.3404
76300000,3816,48.492297914,-4.504264416,144.3404
76320000,3817,48.4922976946,-4.5042641791,144.3404
76340000,3818,48.4922974752,-4.5042639422,144.3404
76360000,3819,48.4922972557,-4.5042637054,144.3404
76380000,3820,48.4922970363,-4.5042634685,144.3404
76400000,3821,48.4922968169,-4.5042632316,144.3404
76420000,3822,48.4922965975,-4.5042629948,144.3404
76440000,3823,48.492296378,-4.5042627579,144.3404
76460000,3824,48.4922961586,-4.504262521,144.3404
76480000,3825,48.4922959392,-4.5042622842,144.3404
76500000,3826,48.4922957197,-4.5042620473,144.3404
76520000,3827,48.4922955003,-4.5042618104,144.3404
76540000,3828,48.4922952809,-4.5042615736,144.3404
76560000,3829,48.4922950615,-4.5042613367,144.3404
76580000,3830,48.492294842,-4.5042610998,144.3404
76600000,3831,48.4922946226,-4.504260863,144.3404
76620000,3832,48.4922944032,-4.5042606261,144.3404
76640000,3833,48.4922941837,-4.5042603892,144.3404
76660000,3834,48.4922939643,-4.5042601524,144.3404
76680000,3835,48.4922937449,-4.5042599155,144.3404
76700000,3836,48.4922935254,-4.5042596786,144.3404
76720000,3837,48.492293306,-4.5042594418,144.3404
76740000,3838,48.4922930866,-4.5042592049,144.3404
76760000,3839,48.4922928672,-4.504258968,144.3404
76780000,3840,48.4922926477,-4.5042587312,144.3404
76800000,3841,48.4922924283,-4.5042584943,144.3404
76820000,3842,48.4922922089,-4.5042582574,144.3404
76840000,3843,48.4922919894,-4.5042580205,144.3404
76860000,3844,48.49229177,-4.5042577837,144.3404
76880000,3845,48.4922915506,-4.5042575468,144.3404
76900000,3846,48.4922913312,-4.5042573099,144.3404
76920000,3847,48.4922911117,-4.5042570731,144.3404
76940000,3848,48.4922908923,-4.5042568362,144.3404
76960000,3849,48.4922906729,-4.5042565993,144.3404
76980000,3850,48.4922904534,-4.5042563625,144.3404
77000000,3851,48.492290234,-4.5042561256,144.3404
77020000,3852,48.4922900146,-4.5042558887,144.3404
77040000,3853,48.4922897951,-4.5042556519,144.3404
77060000,3854,48.4922895757,-4.504255415,144.3404
77080000,3855,48.4922893563,-4.5042551781,144.3404
77100000,3856,48.4922891369,-4.5042549413,144.3404
77120000,3857,48.4922889174,-4.5042547044,144.3404
77140000,3858,48.492288698,-4.5042544675,144.3404
77160000,3859,48.4922884786,-4.5042542307,144.3404
77180000,3860,48.4922882591,-4.5042539938,144.3404
77200000,3861,48.4922880397,-4.5042537569,144.3404
77220000,3862,48.4922878203,-4.5042535201,144.3404
77240000,3863,48.4922876009,-4.5042532832,144.3404
77260000,3864,48.4922873814,-4.5042530463,144.3404
77280000,3865,48.492287162,-4.5042528094,144.3404
77300000,3866,48.4922869426,-4.5042525726,144.3404
77320000,3867,48.4922867231,-4.5042523357,144.3404
77340000,3868,48.4922865037,-4.5042520988,144.3404
77360000,3869,48.4922862843,-4.504251862,144.3404
77380000,3870,48.4922860648,-4.5042516251,144.3404
77400000,3871,48.4922858454,-4.5042513882,144.3404
77420000,3872,48.492285626,-4.5042511514,144.3404
77440000,3873,48.4922854066,-4.5042509145,144.3404
77460000,3874,48.4922851871,-4.5042506776,144.3404
77480000,3875,48.4922849677,-4.5042504408,144.3404
77500000,3876,48.4922847483,-4.5042502039,144.3404
77520000,3877,48.4922845288,-4.504249967,144.3404
77540000,3878,48.4922843094,-4.5042497302,144.3404
77560000,3879,48.49228409,-4.5042494933,144.3404
77580000,3880,48.4922838706,-4.5042492564,144.3404
77600000,3881,48.4922836511,-4.5042490196,144.3404
77620000,3882,48.4922834317,-4.5042487827,144.3404
77640000,3883,48.4922832123,-4.5042485458,144.3404
77660000,3884,48.4922829928,-4.504248309,144.3404
77680000,3885,48.4922827734,-4.5042480721,144.3404
77700000,3886,48.492282554,-4.5042478352,144.3404
77720000,3887,48.4922823345,-4.5042475984,144.3404
77740000,3888,48.4922821151,-4.5042473615,144.3404
77760000,3889,48.4922818957,-4.5042471246,144.3404
77780000,3890,48.4922816763,-4.5042468877,144.3404
77800000,3891,48.4922814568,-4.5042466509,144.3404
77820000,3892,48.4922812374,-4.504246414,144.3404
77840000,3893,48.492281018,-4.5042461771,144.3404
77860000,3894,48.4922807985,-4.5042459403,144.3404
77880000,3895,48.4922805791,-4.5042457034,144.3404
77900000,3896,48.4922803597,-4.5042454665,144.3404
77920000,3897,48.4922801403,-4.5042452297,144.3404
77940000,3898,48.4922799208,-4.5042449928,144.3404
77960000,3899,48.4922797014,-4.5042447559,144.3404
77980000,3900,48.492279482,-4.5042445191,144.3404
78000000,3901,48.4922792625,-4.5042442822,144.3404
78020000,3902,48.4922790431,-4.5042440453,144.3404
78040000,3903,48.4922788237,-4.5042438085,144.3404
78060000,3904,48.4922786042,-4.5042435716,144.3404
78080000,3905,48.4922783848,-4.5042433347,144.3404
78100000,3906,48.4922781654,-4.5042430979,144.3404
78120000,3907,48.492277946,-4.504242861,144.3404
78140000,3908,48.4922777265,-4.5042426241,144.3404
78160000,3909,48.4922775071,-4.5042423873,144.3404
78180000,3910,48.4922772877,-4.5042421504,144.3404
78200000,3911,48.4922770682,-4.5042419135,144.3404
78220000,3912,48.4922768488,-4.5042416767,144.3404
78240000,3913,48.4922766294,-4.5042414398,144.3404
78260000,3914,48.49227641,-4.5042412029,144.3404
78280000,3915,48.4922761905,-4.504240966,144.3404
78300000,3916,48.4922759711,-4.5042407292,144.3404
78320000,3917,48.4922757517,-4.5042404923,144.3404
78340000,3918,48.4922755322,-4.5042402554,144.3404
78360000,3919,48.4922753128,-4.5042400186,144.3404
78380000,3920,48.4922750934,-4.5042397817,144.3404
78400000,3921,48.4922748739,-4.5042395448,144.3404
78420000,3922,48.4922746545,-4.504239308,144.3404
78440000,3923,48.4922744351,-4.5042390711,144.3404
78460000,3924,48.4922742157,-4.5042388342,144.3404
78480000,3925,48.4922739962,-4.5042385974,144.3404
78500000,3926,48.4922737768,-4.5042383605,144.3404
78520000,3927,48.4922735574,-4.5042381236,144.3404
78540000,3928,48.4922733379,-4.5042378868,144.3404
78560000,3929,48.4922731185,-4.5042376499,144.3404
78580000,3930,48.4922728991,-4.504237413,144.3404
78600000,3931,48.4922726797,-4.5042371762,144.3404
78620000,3932,48.4922724602,-4.5042369393,144.3404
78640000,3933,48.4922722408,-4.5042367024,144.3404
78660000,3934,48.4922720214,-4.5042364656,144.3404
78680000,3935,48.4922718019,-4.5042362287,144.3404
78700000,3936,48.4922715825,-4.5042359918,144.3404
78720000,3937,48.4922713631,-4.504235755,144.3404
78740000,3938,48.4922711436,-4.5042355181,144.3404
78760000,3939,48.4922709242,-4.5042352812,144.3404
78780000,3940,48.4922707048,-4.5042350444,144.3404
78800000,3941,48.4922704854,-4.5042348075,144.3404
78820000,3942,48.4922702659,-4.5042345706,144.3404
78840000,3943,48.4922700465,-4.5042343337,144.3404
78860000,3944,48.4922698271,-4.5042340969,144.3404
78880000,3945,48.4922696076,-4.50423386,144.3404
78900000,3946,48.4922693882,-4.5042336231,144.3404
78920000,3947,48.4922691688,-4.5042333863,144.3404
78940000,3948,48.4922689493,-4.5042331494,144.3404
78960000,3949,48.4922687299,-4.5042329125,144.3404
78980000,3950,48.4922685105,-4.5042326757,144.3404
79000000,3951,48.4922682911,-4.5042324388,144.3404
79020000,3952,48.4922680716,-4.5042322019,144.3404
79040000,3953,48.4922678522,-4.5042319651,144.3404
79060000,3954,48.4922676328,-4.5042317282,144.3404
79080000,3955,48.4922674133,-4.5042314913,144.3404
79100000,3956,48.4922671939,-4.5042312545,144.3404
79120000,3957,48.4922669745,-4.5042310176,144.3404
79140000,3958,48.4922667551,-4.5042307807,144.3404
79160000,3959,48.4922665356,-4.5042305439,144.3404
79180000,3960,48.4922663162,-4.504230307,144.3404
79200000,3961,48.4922660968,-4.5042300701,144.3404
79220000,3962,48.4922658773,-4.5042298333,144.3404
79240000,3963,48.4922656579,-4.5042295964,144.3404
79260000,3964,48.4922654385,-4.5042293595,144.3404
79280000,3965,48.492265219,-4.5042291227,144.3404
79300000,3966,48.4922649996,-4.5042288858,144.3404
79320000,3967,48.4922647802,-4.5042286489,144.3404
79340000,3968,48.4922645608,-4.5042284121,144.3404
79360000,3969,48.4922643413,-4.5042281752,144.3404
79380000,3970,48.4922641219,-4.5042279383,144.3404
79400000,3971,48.4922639025,-4.5042277014,144.3404
79420000,3972,48.492263683,-4.5042274646,144.3404
79440000,3973,48.4922634636,-4.5042272277,144.3404
79460000,3974,48.4922632442,-4.5042269908,144.3404
79480000,3975,48.4922630248,-4.504226754,144.3404
79500000,3976,48.4922628053,-4.5042265171,144.3404
79520000,3977,48.4922625859,-4.5042262802,144.3404
79540000,3978,48.4922623665,-4.5042260434,144.3404
79560000,3979,48.492262147,-4.5042258065,144.3404
79580000,3980,48.4922619276,-4.5042255696,144.3404
79600000,3981,48.4922617082,-4.5042253328,144.3404
79620000,3982,48.4922614887,-4.5042250959,144.3404
79640000,3983,48.4922612693,-4.504224859,144.3404
79660000,3984,48.4922610499,-4.5042246222,144.3404
79680000,3985,48.4922608305,-4.5042243853,144.3404
79700000,3986,48.492260611,-4.5042241484,144.3404
79720000,3987,48.4922603916,-4.5042239116,144.3404
79740000,3988,48.4922601722,-4.5042236747,144.3404
79760000,3989,48.4922599527,-4.5042234378,144.3404
79780000,3990,48.4922597333,-4.504223201,144.3404
79800000,3991,48.4922595139,-4.5042229641,144.3404
79820000,3992,48.4922592945,-4.5042227272,144.3404
79840000,3993,48.492259075,-4.5042224904,144.3404
79860000,3994,48.4922588556,-4.5042222535,144.3404
79880000,3995,48.4922586362,-4.5042220166,144.3404
79900000,3996,48.4922584167,-4.5042217798,144.3404
79920000,3997,48.4922581973,-4.5042215429,144.3404
79940000,3998,48.4922579779,-4.504221306,144.3404
79960000,3999,48.4922577584,-4.5042210691,144.3404
79980000,4000,48.492257539,-4.5042208323,144.3404
80000000,4001,48.4922573196,-4.5042205954,144.3404
80020000,4002,48.4922571002,-4.5042203585,144.3404
80040000,4003,48.4922568807,-4.5042201217,144.3404
80060000,4004,48.4922566613,-4.5042198848,144.3404
80080000,4005,48.4922564419,-4.5042196479,144.3404
80100000,4006,48.4922562224,-4.5042194111,144.3404
80120000,4007,48.492256003,-4.5042191742,144.3404
80140000,4008,48.4922557836,-4.5042189373,144.3404
80160000,4009,48.4922555642,-4.5042187005,144.3404
80180000,4010,48.4922553447,-4.5042184636,144.3404
80200000,4011,48.4922551253,-4.5042182267,144.3404
80220000,4012,48.4922549059,-4.5042179899,144.3404
80240000,4013,48.4922546864,-4.504217753,144.3404
80260000,4014,48.492254467,-4.5042175161,144.3404
80280000,4015,48.4922542476,-4.5042172793,144.3404
80300000,4016,48.4922540281,-4.5042170424,144.3404
80320000,4017,48.4922538087,-4.5042168055,144.3404
80340000,4018,48.4922535893,-4.5042165687,144.3404
80360000,4019,48.4922533699,-4.5042163318,144.3404
80380000,4020,48.4922531504,-4.5042160949,144.3404
80400000,4021,48.492252931,-4.5042158581,144.3404
80420000,4022,48.4922527116,-4.5042156212,144.3404
80440000,4023,48.4922524921,-4.5042153843,144.3404
80460000,4024,48.4922522727,-4.5042151475,144.3404
80480000,4025,48.4922520533,-4.5042149106,144.3404
80500000,4026,48.4922518338,-4.5042146737,144.3404
80520000,4027,48.4922516144,-4.5042144369,144.3404
80540000,4028,48.492251395,-4.5042142,144.3404
80560000,4029,48.4922511756,-4.5042139631,144.3404
80580000,4030,48.4922509561,-4.5042137262,144.3404
80600000,4031,48.4922507367,-4.5042134894,144.3404
80620000,4032,48.4922505173,-4.5042132525,144.3404
80640000,4033,48.4922502978,-4.5042130156,144.3404
80660000,4034,48.4922500784,-4.5042127788,144.3404
80680000,4035,48.492249859,-4.5042125419,144.3404
80700000,4036,48.4922496396,-4.504212305,144.3404
80720000,4037,48.4922494201,-4.5042120682,144.3404
80740000,4038,48.4922492007,-4.5042118313,144.3404
80760000,4039,48.4922489813,-4.5042115944,144.3404
80780000,4040,48.4922487618,-4.5042113576,144.3404
80800000,4041,48.4922485424,-4.5042111207,144.3404
80820000,4042,48.492248323,-4.5042108838,144.3404
80840000,4043,48.4922481035,-4.504210647,144.3404
80860000,4044,48.4922478841,-4.5042104101,144.3404
80880000,4045,48.4922476647,-4.5042101732,144.3404
80900000,4046,48.4922474453,-4.5042099364,144.3404
80920000,4047,48.4922472258,-4.5042096995,144.3404
80940000,4048,48.4922470064,-4.5042094626,144.3404
80960000,4049,48.492246787,-4.5042092258,144.3404
80980000,4050,48.4922465675,-4.5042089889,144.3404
81000000,4051,48.4922463481,-4.504208752,144.3404
81020000,4052,48.4922461287,-4.5042085152,144.3404
81040000,4053,48.4922459093,-4.5042082783,144.3404
81060000,4054,48.4922456898,-4.5042080414,144.3404
81080000,4055,48.4922454704,-4.5042078046,144.3404
81100000,4056,48.492245251,-4.5042075677,144.3404
81120000,4057,48.4922450315,-4.5042073308,144.3404
81140000,4058,48.4922448121,-4.504207094,144.3404
81160000,4059,48.4922445927,-4.5042068571,144.3404
81180000,4060,48.4922443732,-4.5042066202,144.3404
81200000,4061,48.4922441538,-4.5042063833,144.3404
81220000,4062,48.4922439344,-4.5042061465,144.3404
81240000,4063,48.492243715,-4.5042059096,144.3404
81260000,4064,48.4922434955,-4.5042056727,144.3404
81280000,4065,48.4922432761,-4.5042054359,144.3404
81300000,4066,48.4922430567,-4.504205199,144.3404
81320000,4067,48.4922428372,-4.5042049621,144.3404
81340000,4068,48.4922426178,-4.5042047253,144.3404
81360000,4069,48.4922423984,-4.5042044884,144.3404
81380000,4070,48.492242179,-4.5042042515,144.3404
81400000,4071,48.4922419595,-4.5042040147,144.3404
81420000,4072,48.4922417401,-4.5042037778,144.3404
81440000,4073,48.4922415207,-4.5042035409,144.3404
81460000,4074,48.4922413012,-4.5042033041,144.3404
81480000,4075,48.4922410818,-4.5042030672,144.3404
81500000,4076,48.4922408624,-4.5042028303,144.3404
81520000,4077,48.4922406429,-4.5042025935,144.3404
81540000,4078,48.4922404235,-4.5042023566,144.3404
81560000,4079,48.4922402041,-4.5042021197,144.3404
81580000,4080,48.4922399847,-4.5042018829,144.3404
81600000,4081,48.4922397652,-4.504201646,144.3404
81620000,4082,48.4922395458,-4.5042014091,144.3404
81640000,4083,48.4922393264,-4.5042011723,144.3404
81660000,4084,48.4922391069,-4.5042009354,144.3404
81680000,4085,48.4922388875,-4.5042006985,144.3404
81700000,4086,48.4922386681,-4.5042004617,144.3404
81720000,4087,48.4922384486,-4.5042002248,144.3404
81740000,4088,48.4922382292,-4.5041999879,144.3404
81760000,4089,48.4922380098,-4.5041997511,144.3404
81780000,4090,48.4922377904,-4.5041995142,144.3404
81800000,4091,48.4922375709,-4.5041992773,144.3404
81820000,4092,48.4922373515,-4.5041990405,144.3404
81840000,4093,48.4922371321,-4.5041988036,144.3404
81860000,4094,48.4922369126,-4.5041985667,144.3404
81880000,4095,48.4922366932,-4.5041983299,144.3404
81900000,4096,48.4922364738,-4.504198093,144.3404
81920000,4097,48.4922362544,-4.5041978561,144.3404
81940000,4098,48.4922360349,-4.5041976192,144.3404
81960000,4099,48.4922358155,-4.5041973824,144.3404
81980000,4100,48.4922355961,-4.5041971455,144.3404
82000000,4101,48.4922353766,-4.5041969086,144.3404
82020000,4102,48.4922351572,-4.5041966718,144.3404
82040000,4103,48.4922349378,-4.5041964349,144.3404
82060000,4104,48.4922347183,-4.504196198,144.3404
82080000,4105,48.4922344989,-4.5041959612,144.3404
82100000,4106,48.4922342795,-4.5041957243,144.3404
82120000,4107,48.4922340601,-4.5041954874,144.3404
82140000,4108,48.4922338406,-4.5041952506,144.3404
82160000,4109,48.4922336212,-4.5041950137,144.3404
82180000,4110,48.4922334018,-4.5041947768,144.3404
82200000,4111,48.4922331823,-4.50419454,144.3404
82220000,4112,48.4922329629,-4.5041943031,144.3404
82240000,4113,48.4922327435,-4.5041940662,144.3404
82260000,4114,48.4922325241,-4.5041938294,144.3404
82280000,4115,48.4922323046,-4.5041935925,144.3404
82300000,4116,48.4922320852,-4.5041933556,144.3404
82320000,4117,48.4922318658,-4.5041931188,144.3404
82340000,4118,48.4922316463,-4.5041928819,144.3404
82360000,4119,48.4922314269,-4.504192645,144.3404
82380000,4120,48.4922312075,-4.5041924082,144.3404
82400000,4121,48.492230988,-4.5041921713,144.3404
82420000,4122,48.4922307686,-4.5041919344,144.3404
82440000,4123,48.4922305492,-4.5041916976,144.3404
82460000,4124,48.4922303298,-4.5041914607,144.3404
82480000,4125,48.4922301103,-4.5041912238,144.3404
82500000,4126,48.4922298909,-4.504190987,144.3404
82520000,4127,48.4922296715,-4.5041907501,144.3404
82540000,4128,48.492229452,-4.5041905132,144.3404
82560000,4129,48.4922292326,-4.5041902764,144.3404
82580000,4130,48.4922290132,-4.5041900395,144.3404
82600000,4131,48.4922287937,-4.5041898026,144.3404
82620000,4132,48.4922285743,-4.5041895658,144.3404
82640000,4133,48.4922283549,-4.5041893289,144.3404
82660000,4134,48.4922281355,-4.504189092,144.3404
82680000,4135,48.492227916,-4.5041888551,144.3404
82700000,4136,48.4922276966,-4.5041886183,144.3404
82720000,4137,48.4922274772,-4.5041883814,144.3404
82740000,4138,48.4922272577,-4.5041881445,144.3404
82760000,4139,48.4922270383,-4.5041879077,144.3404
82780000,4140,48.4922268189,-4.5041876708,144.3404
82800000,4141,48.4922265995,-4.5041874339,144.3404
82820000,4142,48.49222638,-4.5041871971,144.3404
82840000,4143,48.4922261606,-4.5041869602,144.3404
82860000,4144,48.4922259412,-4.5041867233,144.3404
82880000,4145,48.4922257217,-4.5041864865,144.3404
82900000,4146,48.4922255023,-4.5041862496,144.3404
82920000,4147,48.4922252829,-4.5041860127,144.3404
82940000,4148,48.4922250634,-4.5041857759,144.3404
82960000,4149,48.492224844,-4.504185539,144.3404
82980000,4150,48.4922246246,-4.5041853021,144.3404
83000000,4151,48.4922244052,-4.5041850653,144.3404
83020000,4152,48.4922241857,-4.5041848284,144.3404
83040000,4153,48.4922239663,-4.5041845915,144.3404
83060000,4154,48.4922237469,-4.5041843547,144.3404
83080000,4155,48.4922235274,-4.5041841178,144.3404
83100000,4156,48.492223308,-4.5041838809,144.3404
83120000,4157,48.4922230886,-4.5041836441,144.3404
83140000,4158,48.4922228692,-4.5041834072,144.3404
83160000,4159,48.4922226497,-4.5041831703,144.3404
83180000,4160,48.4922224303,-4.5041829335,144.3404
83200000,4161,48.4922222109,-4.5041826966,144.3404
83220000,4162,48.4922219914,-4.5041824597,144.3404
83240000,4163,48.492221772,-4.5041822229,144.3404
83260000,4164,48.4922215526,-4.504181986,144.3404
83280000,4165,48.4922213331,-4.5041817491,144.3404
83300000,4166,48.4922211137,-4.5041815123,144.3404
83320000,4167,48.4922208943,-4.5041812754,144.3404
83340000,4168,48.4922206749,-4.5041810385,144.3404
83360000,4169,48.4922204554,-4.5041808017,144.3404
83380000,4170,48.492220236,-4.5041805648,144.3404
83400000,4171,48.4922200166,-4.5041803279,144.3404
83420000,4172,48.4922197971,-4.5041800911,144.3404
83440000,4173,48.4922195777,-4.5041798542,144.3404
83460000,4174,48.4922193583,-4.5041796173,144.3404
83480000,4175,48.4922191388,-4.5041793805,144.3404
83500000,4176,48.4922189194,-4.5041791436,144.3404
83520000,4177,48.4922187,-4.5041789067,144.3404
83540000,4178,48.4922184806,-4.5041786698,144.3404
83560000,4179,48.4922182611,-4.504178433,144.3404
83580000,4180,48.4922180417,-4.5041781961,144.3404
83600000,4181,48.4922178223,-4.5041779592,144.3404
83620000,4182,48.4922176028,-4.5041777224,144.3404
83640000,4183,48.4922173834,-4.5041774855,144.3404
83660000,4184,48.492217164,-4.5041772486,144.3404
83680000,4185,48.4922169446,-4.5041770118,144.3404
83700000,4186,48.4922167251,-4.5041767749,144.3404
83720000,4187,48.4922165057,-4.504176538,144.3404
83740000,4188,48.4922162863,-4.5041763012,144.3404
83760000,4189,48.4922160668,-4.5041760643,144.3404
83780000,4190,48.4922158474,-4.5041758274,144.3404
83800000,4191,48.492215628,-4.5041755906,144.3404
83820000,4192,48.4922154085,-4.5041753537,144.3404
83840000,4193,48.4922151891,-4.5041751168,144.3404
83860000,4194,48.4922149697,-4.50417488,144.3404
83880000,4195,48.4922147503,-4.5041746431,144.3404
83900000,4196,48.4922145308,-4.5041744062,144.3404
83920000,4197,48.4922143114,-4.5041741694,144.3404
83940000,4198,48.492214092,-4.5041739325,144.3404
83960000,4199,48.4922138725,-4.5041736956,144.3404
83980000,4200,48.4922136531,-4.5041734588,144.3404
84000000,4201,48.4922134337,-4.5041732219,144.3404
84020000,4202,48.4922132142,-4.504172985,144.3404
84040000,4203,48.4922129948,-4.5041727482,144.3404
84060000,4204,48.4922127754,-4.5041725113,144.3404
84080000,4205,48.492212556,-4.5041722744,144.3404
84100000,4206,48.4922123365,-4.5041720376,144.3404
84120000,4207,48.4922121171,-4.5041718007,144.3404
84140000,4208,48.4922118977,-4.5041715638,144.3404
84160000,4209,48.4922116782,-4.504171327,144.3404
84180000,4210,48.4922114588,-4.5041710901,144.3404
84200000,4211,48.4922112394,-4.5041708532,144.3404
84220000,4212,48.49221102,-4.5041706164,144.3404
84240000,4213,48.4922108005,-4.5041703795,144.3404
84260000,4214,48.4922105811,-4.5041701426,144.3404
84280000,4215,48.4922103617,-4.5041699058,144.3404
84300000,4216,48.4922101422,-4.5041696689,144.3404
84320000,4217,48.4922099228,-4.504169432,144.3404
84340000,4218,48.4922097034,-4.5041691952,144.3404
84360000,4219,48.4922094839,-4.5041689583,144.3404
84380000,4220,48.4922092645,-4.5041687214,144.3404
84400000,4221,48.4922090451,-4.5041684846,144.3404
84420000,4222,48.4922088257,-4.5041682477,144.3404
84440000,4223,48.4922086062,-4.5041680108,144.3404
84460000,4224,48.4922083868,-4.5041677739,144.3404
84480000,4225,48.4922081674,-4.5041675371,144.3404
84500000,4226,48.4922079479,-4.5041673002,144.3404
84520000,4227,48.4922077285,-4.5041670633,144.3404
84540000,4228,48.4922075091,-4.5041668265,144.3404
84560000,4229,48.4922072896,-4.5041665896,144.3404
84580000,4230,48.4922070702,-4.5041663527,144.3404
84600000,4231,48.4922068508,-4.5041661159,144.3404
84620000,4232,48.4922066314,-4.504165879,144.3404
84640000,4233,48.4922064119,-4.5041656421,144.3404
84660000,4234,48.4922061925,-4.5041654053,144.3404
84680000,4235,48.4922059731,-4.5041651684,144.3404
84700000,4236,48.4922057536,-4.5041649315,144.3404
84720000,4237,48.4922055342,-4.5041646947,144.3404
84740000,4238,48.4922053148,-4.5041644578,144.3404
84760000,4239,48.4922050954,-4.5041642209,144.3404
84780000,4240,48.4922048759,-4.5041639841,144.3404
84800000,4241,48.4922046565,-4.5041637472,144.3404
84820000,4242,48.4922044371,-4.5041635103,144.3404
84840000,4243,48.4922042176,-4.5041632735,144.3404
84860000,4244,48.4922039982,-4.5041630366,144.3404
84880000,4245,48.4922037788,-4.5041627997,144.3404
84900000,4246,48.4922035593,-4.5041625629,144.3404
84920000,4247,48.4922033399,-4.504162326,144.3404
84940000,4248,48.4922031205,-4.5041620891,144.3404
84960000,4249,48.4922029011,-4.5041618523,144.3404
84980000,4250,48.4922026816,-4.5041616154,144.3404
85000000,4251,48.4922024622,-4.5041613785,144.3404
85020000,4252,48.4922022428,-4.5041611417,144.3404
85040000,4253,48.4922020233,-4.5041609048,144.3404
85060000,4254,48.4922018039,-4.5041606679,144.3404
85080000,4255,48.4922015845,-4.5041604311,144.3404
85100000,4256,48.492201365,-4.5041601942,144.3404
85120000,4257,48.4922011456,-4.5041599573,144.3404
85140000,4258,48.4922009262,-4.5041597205,144.3404
85160000,4259,48.4922007068,-4.5041594836,144.3404
85180000,4260,48.4922004873,-4.5041592467,144.3404
85200000,4261,48.4922002679,-4.5041590099,144.3404
85220000,4262,48.4922000485,-4.504158773,144.3404
85240000,4263,48.492199829,-4.5041585361,144.3404
85260000,4264,48.4921996096,-4.5041582993,144.3404
85280000,4265,48.4921993902,-4.5041580624,144.3404
85300000,4266,48.4921991708,-4.5041578255,144.3404
85320000,4267,48.4921989513,-4.5041575887,144.3404
85340000,4268,48.4921987319,-4.5041573518,144.3404
85360000,4269,48.4921985125,-4.5041571149,144.3404
85380000,4270,48.492198293,-4.5041568781,144.3404
85400000,4271,48.4921980736,-4.5041566412,144.3404
85420000,4272,48.4921978542,-4.5041564043,144.3404
85440000,4273,48.4921976347,-4.5041561675,144.3404
85460000,4274,48.4921974153,-4.5041559306,144.3404
85480000,4275,48.4921971959,-4.5041556937,144.3404
85500000,4276,48.4921969765,-4.5041554569,144.3404
85520000,4277,48.492196757,-4.50415522,144.3404
85540000,4278,48.4921965376,-4.5041549831,144.3404
85560000,4279,48.4921963182,-4.5041547463,144.3404
85580000,4280,48.4921960987,-4.5041545094,144.3404
85600000,4281,48.4921958793,-4.5041542725,144.3404
85620000,4282,48.4921956599,-4.5041540356,144.3404
85640000,4283,48.4921954404,-4.5041537988,144.3404
85660000,4284,48.492195221,-4.5041535619,144.3404
85680000,4285,48.4921950016,-4.504153325,144.3404
85700000,4286,48.4921947822,-4.5041530882,144.3404
85720000,4287,48.4921945627,-4.5041528513,144.3404
85740000,4288,48.4921943433,-4.5041526144,144.3404
85760000,4289,48.4921941239,-4.5041523776,144.3404
85780000,4290,48.4921939044,-4.5041521407,144.3404
85800000,4291,48.492193685,-4.5041519038,144.3404
85820000,4292,48.4921934656,-4.504151667,144.3404
85840000,4293,48.4921932462,-4.5041514301,144.3404
85860000,4294,48.4921930267,-4.5041511932,144.3404
85880000,4295,48.4921928073,-4.5041509564,144.3404
85900000,4296,48.4921925879,-4.5041507195,144.3404
85920000,4297,48.4921923684,-4.5041504826,144.3404
85940000,4298,48.492192149,-4.5041502458,144.3404
85960000,4299,48.4921919296,-4.5041500089,144.3404
85980000,4300,48.4921917101,-4.504149772,144.3404
86000000,4301,48.4921914907,-4.5041495352,144.3404
86020000,4302,48.4921912713,-4.5041492983,144.3404
86040000,4303,48.4921910519,-4.5041490614,144.3404
86060000,4304,48.4921908324,-4.5041488246,144.3404
86080000,4305,48.492190613,-4.5041485877,144.3404
86100000,4306,48.4921903936,-4.5041483508,144.3404
86120000,4307,48.4921901741,-4.504148114,144.3404
86140000,4308,48.4921899547,-4.5041478771,144.3404
86160000,4309,48.4921897353,-4.5041476402,144.3404
86180000,4310,48.4921895158,-4.5041474034,144.3404
86200000,4311,48.4921892964,-4.5041471665,144.3404
86220000,4312,48.492189077,-4.5041469296,144.3404
86240000,4313,48.4921888576,-4.5041466928,144.3404
86260000,4314,48.4921886381,-4.5041464559,144.3404
86280000,4315,48.4921884187,-4.504146219,144.3404
86300000,4316,48.4921881993,-4.5041459822,144.3404
86320000,4317,48.4921879798,-4.5041457453,144.3404
86340000,4318,48.4921877604,-4.5041455084,144.3404
86360000,4319,48.492187541,-4.5041452716,144.3404
86380000,4320,48.4921873216,-4.5041450347,144.3404
86400000,4321,48.4921871021,-4.5041447978,144.3404
86420000,4322,48.4921868827,-4.504144561,144.3404
86440000,4323,48.4921866633,-4.5041443241,144.3404
86460000,4324,48.4921864438,-4.5041440872,144.3404
86480000,4325,48.4921862244,-4.5041438504,144.3404
86500000,4326,48.492186005,-4.5041436135,144.3404
86520000,4327,48.4921857855,-4.5041433766,144.3404
86540000,4328,48.4921855661,-4.5041431398,144.3404
86560000,4329,48.4921853467,-4.5041429029,144.3404
86580000,4330,48.4921851273,-4.504142666,144.3404
86600000,4331,48.4921849078,-4.5041424292,144.3404
86620000,4332,48.4921846884,-4.5041421923,144.3404
86640000,4333,48.492184469,-4.5041419554,144.3404
86660000,4334,48.4921842495,-4.5041417186,144.3404
86680000,4335,48.4921840301,-4.5041414817,144.3404
86700000,4336,48.4921838107,-4.5041412448,144.3404
86720000,4337,48.4921835912,-4.504141008,144.3404
86740000,4338,48.4921833718,-4.5041407711,144.3404
86760000,4339,48.4921831524,-4.5041405342,144.3404
86780000,4340,48.492182933,-4.5041402974,144.3404
86800000,4341,48.4921827135,-4.5041400605,144.3404
86820000,4342,48.4921824941,-4.5041398236,144.3404
86840000,4343,48.4921822747,-4.5041395868,144.3404
86860000,4344,48.4921820552,-4.5041393499,144.3404
86880000,4345,48.4921818358,-4.504139113,144.3404
86900000,4346,48.4921816164,-4.5041388762,144.3404
86920000,4347,48.492181397,-4.5041386393,144.3404
86940000,4348,48.4921811775,-4.5041384024,144.3404
86960000,4349,48.4921809581,-4.5041381656,144.3404
86980000,4350,48.4921807387,-4.5041379287,144.3404
87000000,4351,48.4921805192,-4.5041376918,144.3404
87020000,4352,48.4921802998,-4.5041374549,144.3404
87040000,4353,48.4921800804,-4.5041372181,144.3404
87060000,4354,48.4921798609,-4.5041369812,144.3404
87080000,4355,48.4921796415,-4.5041367443,144.3404
87100000,4356,48.4921794221,-4.5041365075,144.3404
87120000,4357,48.4921792027,-4.5041362706,144.3404
87140000,4358,48.4921789832,-4.5041360337,144.3404
87160000,4359,48.4921787638,-4.5041357969,144.3404
87180000,4360,48.4921785444,-4.50413556,144.3404
87200000,4361,48.4921783249,-4.5041353231,144.3404
87220000,4362,48.4921781055,-4.5041350863,144.3404
87240000,4363,48.4921778861,-4.5041348494,144.3404
87260000,4364,48.4921776666,-4.5041346125,144.3404
87280000,4365,48.4921774472,-4.5041343757,144.3404
87300000,4366,48.4921772278,-4.5041341388,144.3404
87320000,4367,48.4921770084,-4.5041339019,144.3404
87340000,4368,48.4921767889,-4.5041336651,144.3404
87360000,4369,48.4921765695,-4.5041334282,144.3404
87380000,4370,48.4921763501,-4.5041331913,144.3404
87400000,4371,48.4921761306,-4.5041329545,144.3404
87420000,4372,48.4921759112,-4.5041327176,144.3404
87440000,4373,48.4921756918,-4.5041324807,144.3404
87460000,4374,48.4921754724,-4.5041322439,144.3404
87480000,4375,48.4921752529,-4.504132007,144.3404
87500000,4376,48.4921750335,-4.5041317701,144.3404
87520000,4377,48.4921748141,-4.5041315333,144.3404
87540000,4378,48.4921745946,-4.5041312964,144.3404
87560000,4379,48.4921743752,-4.5041310595,144.3404
87580000,4380,48.4921741558,-4.5041308227,144.3404
87600000,4381,48.4921739363,-4.5041305858,144.3404
87620000,4382,48.4921737169,-4.5041303489,144.3404
87640000,4383,48.4921734975,-4.5041301121,144.3404
87660000,4384,48.4921732781,-4.5041298752,144.3404
87680000,4385,48.4921730586,-4.5041296383,144.3404
87700000,4386,48.4921728392,-4.5041294015,144.3404
87720000,4387,48.4921726198,-4.5041291646,144.3404
87740000,4388,48.4921724003,-4.5041289277,144.3404
87760000,4389,48.4921721809,-4.5041286909,144.3404
87780000,4390,48.4921719615,-4.504128454,144.3404
87800000,4391,48.492171742,-4.5041282171,144.3404
87820000,4392,48.4921715226,-4.5041279803,144.3404
87840000,4393,48.4921713032,-4.5041277434,144.3404
87860000,4394,48.4921710838,-4.5041275065,144.3404
87880000,4395,48.4921708643,-4.5041272697,144.3404
87900000,4396,48.4921706449,-4.5041270328,144.3404
87920000,4397,48.4921704255,-4.5041267959,144.3404
87940000,4398,48.492170206,-4.5041265591,144.3404
87960000,4399,48.4921699866,-4.5041263222,144.3404
87980000,4400,48.4921697672,-4.5041260853,144.3404
88000000,4401,48.4921695477,-4.5041258485,144.3404
88020000,4402,48.4921693283,-4.5041256116,144.3404
88040000,4403,48.4921691089,-4.5041253747,144.3404
88060000,4404,48.4921688895,-4.5041251379,144.3404
88080000,4405,48.49216867,-4.504124901,144.3404
88100000,4406,48.4921684506,-4.5041246641,144.3404
88120000,4407,48.4921682312,-4.5041244273,144.3404
88140000,4408,48.4921680117,-4.5041241904,144.3404
88160000,4409,48.4921677923,-4.5041239535,144.3404
88180000,4410,48.4921675729,-4.5041237167,144.3404
88200000,4411,48.4921673535,-4.5041234798,144.3404
88220000,4412,48.492167134,-4.5041232429,144.3404
88240000,4413,48.4921669146,-4.5041230061,144.3404
88260000,4414,48.4921666952,-4.5041227692,144.3404
88280000,4415,48.4921664757,-4.5041225323,144.3404
88300000,4416,48.4921662563,-4.5041222955,144.3404
88320000,4417,48.4921660369,-4.5041220586,144.3404
88340000,4418,48.4921658174,-4.5041218217,144.3404
88360000,4419,48.492165598,-4.5041215849,144.3404
88380000,4420,48.4921653786,-4.504121348,144.3404
88400000,4421,48.4921651592,-4.5041211111,144.3404
88420000,4422,48.4921649397,-4.5041208743,144.3404
88440000,4423,48.4921647203,-4.5041206374,144.3404
88460000,4424,48.4921645009,-4.5041204005,144.3404
88480000,4425,48.4921642814,-4.5041201637,144.3404
88500000,4426,48.492164062,-4.5041199268,144.3404
88520000,4427,48.4921638426,-4.5041196899,144.3404
88540000,4428,48.4921636231,-4.5041194531,144.3404
88560000,4429,48.4921634037,-4.5041192162,144.3404
88580000,4430,48.4921631843,-4.5041189793,144.3404
88600000,4431,48.4921629649,-4.5041187425,144.3404
88620000,4432,48.4921627454,-4.5041185056,144.3404
88640000,4433,48.492162526,-4.5041182687,144.3404
88660000,4434,48.4921623066,-4.5041180319,144.3404
88680000,4435,48.4921620871,-4.504117795,144.3404
88700000,4436,48.4921618677,-4.5041175581,144.3404
88720000,4437,48.4921616483,-4.5041173213,144.3404
88740000,4438,48.4921614289,-4.5041170844,144.3404
88760000,4439,48.4921612094,-4.5041168475,144.3404
88780000,4440,48.49216099,-4.5041166107,144.3404
88800000,4441,48.4921607706,-4.5041163738,144.3404
88820000,4442,48.4921605511,-4.5041161369,144.3404
88840000,4443,48.4921603317,-4.5041159001,144.3404
88860000,4444,48.4921601123,-4.5041156632,144.3404
88880000,4445,48.4921598928,-4.5041154263,144.3404
88900000,4446,48.4921596734,-4.5041151895,144.3404
88920000,4447,48.492159454,-4.5041149526,144.3404
88940000,4448,48.4921592346,-4.5041147157,144.3404
88960000,4449,48.4921590151,-4.5041144789,144.3404
88980000,4450,48.4921587957,-4.504114242,144.3404
89000000,4451,48.4921585763,-4.5041140051,144.3404
89020000,4452,48.4921583568,-4.5041137683,144.3404
89040000,4453,48.4921581374,-4.5041135314,144.3404
89060000,4454,48.492157918,-4.5041132945,144.3404
89080000,4455,48.4921576985,-4.5041130577,144.3404
89100000,4456,48.4921574791,-4.5041128208,144.3404
89120000,4457,48.4921572597,-4.5041125839,144.3404
89140000,4458,48.4921570403,-4.5041123471,144.3404
89160000,4459,48.4921568208,-4.5041121102,144.3404
89180000,4460,48.4921566014,-4.5041118733,144.3404
89200000,4461,48.492156382,-4.5041116365,144.3404
89220000,4462,48.4921561625,-4.5041113996,144.3404
89240000,4463,48.4921559431,-4.5041111627,144.3404
89260000,4464,48.4921557237,-4.5041109259,144.3404
89280000,4465,48.4921555042,-4.504110689,144.3404
89300000,4466,48.4921552848,-4.5041104521,144.3404
89320000,4467,48.4921550654,-4.5041102153,144.3404
89340000,4468,48.492154846,-4.5041099784,144.3404
89360000,4469,48.4921546265,-4.5041097415,144.3404
89380000,4470,48.4921544071,-4.5041095047,144.3404
89400000,4471,48.4921541877,-4.5041092678,144.3404
89420000,4472,48.4921539682,-4.5041090309,144.3404
89440000,4473,48.4921537488,-4.5041087941,144.3404
89460000,4474,48.4921535294,-4.5041085572,144.3404
89480000,4475,48.49215331,-4.5041083203,144.3404
89500000,4476,48.4921530905,-4.5041080835,144.3404
89520000,4477,48.4921528711,-4.5041078466,144.3404
89540000,4478,48.4921526517,-4.5041076097,144.3404
89560000,4479,48.4921524322,-4.5041073728,144.3404
89580000,4480,48.4921522128,-4.504107136,144.3404
89600000,4481,48.4921519934,-4.5041068991,144.3404
89620000,4482,48.4921517739,-4.5041066622,144.3404
89640000,4483,48.4921515545,-4.5041064254,144.3404
89660000,4484,48.4921513351,-4.5041061885,144.3404
89680000,4485,48.4921511157,-4.5041059516,144.3404
89700000,4486,48.4921508962,-4.5041057148,144.3404
89720000,4487,48.4921506768,-4.5041054779,144.3404
89740000,4488,48.4921504574,-4.504105241,144.3404
89760000,4489,48.4921502379,-4.5041050042,144.3404
89780000,4490,48.4921500185,-4.5041047673,144.3404
89800000,4491,48.4921497991,-4.5041045304,144.3404
89820000,4492,48.4921495796,-4.5041042936,144.3404
89840000,4493,48.4921493602,-4.5041040567,144.3404
89860000,4494,48.4921491408,-4.5041038198,144.3404
89880000,4495,48.4921489214,-4.504103583,144.3404
89900000,4496,48.4921487019,-4.5041033461,144.3404
89920000,4497,48.4921484825,-4.5041031092,144.3404
89940000,4498,48.4921482631,-4.5041028724,144.3404
89960000,4499,48.4921480436,-4.5041026355,144.3404
89980000,4500,48.4921478242,-4.5041023986,144.3404
90000000,4501,48.4921476048,-4.5041021618,144.3404
90020000,4502,48.4921473853,-4.5041019249,144.3404
90040000,4503,48.4921471659,-4.504101688,144.3404
90060000,4504,48.4921469465,-4.5041014512,144.3404
90080000,4505,48.4921467271,-4.5041012143,144.3404
90100000,4506,48.4921465076,-4.5041009774,144.3404
90120000,4507,48.4921462882,-4.5041007406,144.3404
90140000,4508,48.4921460688,-4.5041005037,144.3404
90160000,4509,48.4921458493,-4.5041002668,144.3404
90180000,4510,48.4921456299,-4.50410003,144.3404
90200000,4511,48.4921454105,-4.5040997931,144.3404
90220000,4512,48.4921451911,-4.5040995562,144.3404
90240000,4513,48.4921449716,-4.5040993194,144.3404
90260000,4514,48.4921447522,-4.5040990825,144.3404
90280000,4515,48.4921445328,-4.5040988456,144.3404
90300000,4516,48.4921443133,-4.5040986088,144.3404
90320000,4517,48.4921440939,-4.5040983719,144.3404
90340000,4518,48.4921438745,-4.504098135,144.3404
90360000,4519,48.492143655,-4.5040978982,144.3404
90380000,4520,48.4921434356,-4.5040976613,144.3404
90400000,4521,48.4921432162,-4.5040974244,144.3404
90420000,4522,48.4921429968,-4.5040971876,144.3404
90440000,4523,48.4921427773,-4.5040969507,144.3404
90460000,4524,48.4921425579,-4.5040967138,144.3404
90480000,4525,48.4921423385,-4.504096477,144.3404
90500000,4526,48.492142119,-4.5040962401,144.3404
90520000,4527,48.4921418996,-4.5040960032,144.3404
90540000,4528,48.4921416802,-4.5040957664,144.3404
90560000,4529,48.4921414607,-4.5040955295,144.3404
90580000,4530,48.4921412413,-4.5040952926,144.3404
90600000,4531,48.4921410219,-4.5040950558,144.3404
90620000,4532,48.4921408025,-4.5040948189,144.3404
90640000,4533,48.492140583,-4.504094582,144.3404
90660000,4534,48.4921403636,-4.5040943452,144.3404
90680000,4535,48.4921401442,-4.5040941083,144.3404
90700000,4536,48.4921399247,-4.5040938714,144.3404
90720000,4537,48.4921397053,-4.5040936346,144.3404
90740000,4538,48.4921394859,-4.5040933977,144.3404
90760000,4539,48.4921392664,-4.5040931608,144.3404
90780000,4540,48.492139047,-4.504092924,144.3404
90800000,4541,48.4921388276,-4.5040926871,144.3404
90820000,4542,48.4921386082,-4.5040924502,144.3404
90840000,4543,48.4921383887,-4.5040922134,144.3404
90860000,4544,48.4921381693,-4.5040919765,144.3404
90880000,4545,48.4921379499,-4.5040917396,144.3404
90900000,4546,48.4921377304,-4.5040915028,144.3404
90920000,4547,48.492137511,-4.5040912659,144.3404
90940000,4548,48.4921372916,-4.504091029,144.3404
90960000,4549,48.4921370721,-4.5040907922,144.3404
90980000,4550,48.4921368527,-4.5040905553,144.3404
91000000,4551,48.4921366333,-4.5040903184,144.3404
91020000,4552,48.4921364139,-4.5040900816,144.3404
91040000,4553,48.4921361944,-4.5040898447,144.3404
91060000,4554,48.492135975,-4.5040896078,144.3404
91080000,4555,48.4921357556,-4.504089371,144.3404
91100000,4556,48.4921355361,-4.5040891341,144.3404
91120000,4557,48.4921353167,-4.5040888972,144.3404
91140000,4558,48.4921350973,-4.5040886604,144.3404
91160000,4559,48.4921348779,-4.5040884235,144.3404
91180000,4560,48.4921346584,-4.5040881866,144.3404
91200000,4561,48.492134439,-4.5040879498,144.3404
91220000,4562,48.4921342196,-4.5040877129,144.3404
91240000,4563,48.4921340001,-4.504087476,144.3404
91260000,4564,48.4921337807,-4.5040872392,144.3404
91280000,4565,48.4921335613,-4.5040870023,144.3404
91300000,4566,48.4921333418,-4.5040867654,144.3404
91320000,4567,48.4921331224,-4.5040865286,144.3404
91340000,4568,48.492132903,-4.5040862917,144.3404
91360000,4569,48.4921326836,-4.5040860548,144.3404
91380000,4570,48.4921324641,-4.504085818,144.3404
91400000,4571,48.4921322447,-4.5040855811,144.3404
91420000,4572,48.4921320253,-4.5040853442,144.3404
91440000,4573,48.4921318058,-4.5040851074,144.3404
91460000,4574,48.4921315864,-4.5040848705,144.3404
91480000,4575,48.492131367,-4.5040846336,144.3404
91500000,4576,48.4921311475,-4.5040843968,144.3404
91520000,4577,48.4921309281,-4.5040841599,144.3404
91540000,4578,48.4921307087,-4.504083923,144.3404
91560000,4579,48.4921307087,-4.504083923,144.3404
91580000,4580,48.4921305622,-4.5040837598,142.6396
91600000,4581,48.4921304179,-4.5040835891,140.9798
91620000,4582,48.492130276,-4.5040834111,139.3618
91640000,4583,48.4921301365,-4.5040832257,137.7863
91660000,4584,48.4921299992,-4.5040830332,136.2536
91680000,4585,48.4921298642,-4.5040828336,134.7637
91700000,4586,48.4921297315,-4.5040826271,133.3164
91720000,4587,48.492129601,-4.5040824138,131.9114
91740000,4588,48.4921294729,-4.5040821938,130.5482
91760000,4589,48.492129347,-4.5040819671,129.2261
91780000,4590,48.4921292233,-4.5040817339,127.9443
91800000,4591,48.4921291019,-4.5040814944,126.7018
91820000,4592,48.4921289828,-4.5040812485,125.4978
91840000,4593,48.4921288659,-4.5040809965,124.3311
91860000,4594,48.4921287512,-4.5040807384,123.2007
91880000,4595,48.4921286388,-4.5040804743,122.1054
91900000,4596,48.4921285285,-4.5040802044,121.0442
91920000,4597,48.4921284205,-4.5040799288,120.0157
91940000,4598,48.4921283146,-4.5040796475,119.019
91960000,4599,48.492128211,-4.5040793607,118.0527
91980000,4600,48.4921281095,-4.5040790685,117.1158
92000000,4601,48.4921280102,-4.504078771,116.2072
92020000,4602,48.4921279131,-4.5040784683,115.3257
92040000,4603,48.4921278182,-4.5040781605,114.4702
92060000,4604,48.4921277254,-4.5040778477,113.6398
92080000,4605,48.4921276348,-4.50407753,112.8333
92100000,4606,48.4921275463,-4.5040772076,112.0498
92120000,4607,48.4921274599,-4.5040768806,111.2883
92140000,4608,48.4921273757,-4.504076549,110.548
92160000,4609,48.4921272936,-4.504076213,109.8278
92180000,4610,48.4921272136,-4.5040758726,109.1269
92200000,4611,48.4921271357,-4.5040755281,108.4446
92220000,4612,48.4921270599,-4.5040751794,107.7799
92240000,4613,48.4921269862,-4.5040748267,107.1322
92260000,4614,48.4921269145,-4.5040744702,106.5006
92280000,4615,48.492126845,-4.5040741099,105.8845
92300000,4616,48.4921267775,-4.5040737459,105.2832
92320000,4617,48.4921267121,-4.5040733783,104.696
92340000,4618,48.4921266488,-4.5040730074,104.1222
92360000,4619,48.4921265875,-4.504072633,103.5614
92380000,4620,48.4921265282,-4.5040722555,103.0128
92400000,4621,48.492126471,-4.5040718748,102.476
92420000,4622,48.4921264158,-4.5040714911,101.9503
92440000,4623,48.4921263626,-4.5040711045,101.4354
92460000,4624,48.4921263115,-4.5040707151,100.9306
92480000,4625,48.4921262623,-4.504070323,100.4355
92500000,4626,48.4921262151,-4.5040699283,99.9496
92520000,4627,48.49212617,-4.5040695312,99.4725
92540000,4628,48.4921261268,-4.5040691317,99.0038
92560000,4629,48.4921260856,-4.50406873,98.543
92580000,4630,48.4921260463,-4.5040683261,98.0898
92600000,4631,48.4921260091,-4.5040679202,97.6437
92620000,4632,48.4921259737,-4.5040675124,97.2044
92640000,4633,48.4921259404,-4.5040671027,96.7716
92660000,4634,48.4921259089,-4.5040666914,96.3448
92680000,4635,48.4921258795,-4.5040662785,95.9237
92700000,4636,48.4921258519,-4.5040658641,95.5081
92720000,4637,48.4921258262,-4.5040654483,95.0975
92740000,4638,48.4921258025,-4.5040650312,94.6917
92760000,4639,48.4921257807,-4.504064613,94.2904
92780000,4640,48.4921257607,-4.5040641937,93.8932
92800000,4641,48.4921257427,-4.5040637735,93.4999
92820000,4642,48.4921257265,-4.5040633525,93.1102
92840000,4643,48.4921257122,-4.5040629307,92.7238
92860000,4644,48.4921256998,-4.5040625083,92.3405
92880000,4645,48.4921256893,-4.5040620855,91.9599
92900000,4646,48.4921256806,-4.5040616622,91.5818
92920000,4647,48.4921256737,-4.5040612386,91.206
92940000,4648,48.4921256687,-4.5040608149,90.8321
92960000,4649,48.4921256655,-4.5040603911,90.46
92980000,4650,48.4921256642,-4.5040599674,90.0893
93000000,4651,48.4921256647,-4.5040595438,89.7199
93020000,4652,48.4921256669,-4.5040591204,89.3514
93040000,4653,48.492125671,-4.5040586975,88.9836
93060000,4654,48.4921256769,-4.504058275,88.6162
93080000,4655,48.4921256846,-4.5040578531,88.2491
93100000,4656,48.492125694,-4.5040574319,87.8819
93120000,4657,48.4921257053,-4.5040570115,87.5144
93140000,4658,48.4921257183,-4.504056592,87.1463
93160000,4659,48.492125733,-4.5040561735,86.7774
93180000,4660,48.4921257496,-4.5040557562,86.4074
93200000,4661,48.4921257678,-4.5040553401,86.036
93220000,4662,48.4921257878,-4.5040549254,85.663
93240000,4663,48.4921258096,-4.5040545121,85.2881
93260000,4664,48.492125833,-4.5040541004,84.9109
93280000,4665,48.4921258582,-4.5040536904,84.5313
93300000,4666,48.4921258851,-4.5040532822,84.1489
93320000,4667,48.4921259137,-4.5040528759,83.7633
93340000,4668,48.492125944,-4.5040524715,83.3744
93360000,4669,48.4921259759,-4.5040520693,82.9817
93380000,4670,48.4921260096,-4.5040516693,82.5849
93400000,4671,48.4921260449,-4.5040512717,82.1837
93420000,4672,48.492126082,-4.5040508765,81.7777
93440000,4673,48.4921261206,-4.5040504838,81.3665
93460000,4674,48.4921261609,-4.5040500938,80.9498
93480000,4675,48.4921262029,-4.5040497066,80.5272
93500000,4676,48.4921262465,-4.5040493223,80.0982
93520000,4677,48.4921262917,-4.5040489409,79.6623
93540000,4678,48.4921263386,-4.5040485627,79.2192
93560000,4679,48.4921263871,-4.5040481876,78.7684
93580000,4680,48.4921264372,-4.5040478159,78.3093
93600000,4681,48.4921264889,-4.5040474476,77.8414
93620000,4682,48.4921265422,-4.5040470828,77.3642
93640000,4683,48.492126597,-4.5040467217,76.8771
93660000,4684,48.4921266535,-4.5040463643,76.3795
93680000,4685,48.4921267115,-4.5040460108,75.8707
93700000,4686,48.4921267711,-4.5040456613,75.35
93720000,4687,48.4921268323,-4.5040453158,74.8167
93740000,4688,48.492126895,-4.5040449746,74.2702
93760000,4689,48.4921269593,-4.5040446376,73.7094
93780000,4690,48.4921270251,-4.504044305,73.1337
93800000,4691,48.4921270924,-4.504043977,72.5421
93820000,4692,48.4921271613,-4.5040436535,71.9337
93840000,4693,48.4921272316,-4.5040433349,71.3073
93860000,4694,48.4921273035,-4.504043021,70.6621
93880000,4695,48.4921273769,-4.5040427121,69.9967
93900000,4696,48.4921274518,-4.5040424083,69.31
93920000,4697,48.4921275282,-4.5040421096,68.6007
93940000,4698,48.492127606,-4.5040418163,67.8675
93960000,4699,48.4921276853,-4.5040415283,67.1088
93980000,4700,48.4921277661,-4.5040412458,66.3231
94000000,4701,48.4921278484,-4.5040409689,65.5087
94020000,4702,48.4921279321,-4.5040406977,64.664
94040000,4703,48.4921280172,-4.5040404324,63.7869
94060000,4704,48.4921281038,-4.504040173,62.8756
94080000,4705,48.4921281918,-4.5040399196,61.928
94100000,4706,48.4921282813,-4.5040396724,60.9417
94120000,4707,48.4921283721,-4.5040394315,59.9146
94140000,4708,48.4921284644,-4.5040391969,58.844
94160000,4709,48.492128558,-4.5040389688,57.7273
94180000,4710,48.4921286531,-4.5040387473,56.5619
94200000,4711,48.4921287496,-4.5040385325,55.3448
94220000,4712,48.4921288474,-4.5040383245,54.0731
94240000,4713,48.4921289466,-4.5040381235,52.7436
94260000,4714,48.4921290472,-4.5040379294,51.3533
94280000,4715,48.4921291491,-4.5040377425,49.8988
94300000,4716,48.4921292524,-4.5040375628,48.377
94320000,4717,48.492129357,-4.5040373905,46.7847
94340000,4718,48.492129463,-4.5040372257,45.1185
94360000,4719,48.4921295703,-4.5040370684,43.3757
94380000,4720,48.4921296789,-4.5040369188,41.5534
94400000,4721,48.4921297888,-4.504036777,39.6492
94420000,4722,48.4921299,-4.5040366431,37.6611
94440000,4723,48.4921300126,-4.5040365172,35.5877
94460000,4724,48.4921301264,-4.5040363994,33.4284
94480000,4725,48.4921302415,-4.5040362898,31.1833
94500000,4726,48.4921303579,-4.5040361886,28.8536
94520000,4727,48.4921304756,-4.5040360958,26.4416
94540000,4728,48.4921305945,-4.5040360116,23.9511
94560000,4729,48.4921307147,-4.504035936,21.3871
94580000,4730,48.4921308362,-4.5040358693,18.756
94600000,4731,48.4921309589,-4.5040358113,16.0658
94620000,4732,48.4921310828,-4.5040357624,13.3258
94640000,4733,48.492131208,-4.5040357226,10.5464
94660000,4734,48.4921313344,-4.504035692,7.7394
94680000,4735,48.492131462,-4.5040356707,4.9169
94700000,4736,48.4921315908,-4.5040356589,2.0918
94720000,4737,48.4921317208,-4.5040356565,359.277
94740000,4738,48.492131852,-4.5040356639,356.485
94760000,4739,48.4921319844,-4.5040356809,353.7278
94780000,4740,48.4921321179,-4.5040357079,351.0166
94800000,4741,48.4921322527,-4.5040357448,348.3612
94820000,4742,48.4921323886,-4.5040357918,345.7704
94840000,4743,48.4921325256,-4.504035849,343.2513
94860000,4744,48.4921326638,-4.5040359164,340.8097
94880000,4745,48.4921328032,-4.5040359943,338.45
94900000,4746,48.4921329437,-4.5040360827,336.1752
94920000,4747,48.4921330853,-4.5040361818,333.987
94940000,4748,48.492133228,-4.5040362916,331.8862
94960000,4749,48.4921333719,-4.5040364122,329.8725
94980000,4750,48.4921335168,-4.5040365438,327.9449
95000000,4751,48.4921336629,-4.5040366864,326.1016
95020000,4752,48.49213381,-4.5040368402,324.3404
95040000,4753,48.49213381,-4.5040368402,324.3404
95060000,4754,48.4921340295,-4.5040370771,324.3404
95080000,4755,48.4921342489,-4.5040373139,324.3404
95100000,4756,48.4921344683,-4.5040375508,324.3404
95120000,4757,48.4921346878,-4.5040377877,324.3404
95140000,4758,48.4921349072,-4.5040380245,324.3404
95160000,4759,48.4921351266,-4.5040382614,324.3404
95180000,4760,48.4921353461,-4.5040384983,324.3404
95200000,4761,48.4921355655,-4.5040387351,324.3404
95220000,4762,48.4921357849,-4.504038972,324.3404
95240000,4763,48.4921360043,-4.5040392089,324.3404
95260000,4764,48.4921362238,-4.5040394457,324.3404
95280000,4765,48.4921364432,-4.5040396826,324.3404
95300000,4766,48.4921366626,-4.5040399195,324.3404
95320000,4767,48.4921368821,-4.5040401563,324.3404
95340000,4768,48.4921371015,-4.5040403932,324.3404
95360000,4769,48.4921373209,-4.5040406301,324.3404
95380000,4770,48.4921375404,-4.5040408669,324.3404
95400000,4771,48.4921377598,-4.5040411038,324.3404
95420000,4772,48.4921379792,-4.5040413407,324.3404
95440000,4773,48.4921381986,-4.5040415775,324.3404
95460000,4774,48.4921384181,-4.5040418144,324.3404
95480000,4775,48.4921386375,-4.5040420513,324.3404
95500000,4776,48.4921388569,-4.5040422881,324.3404
95520000,4777,48.4921390764,-4.504042525,324.3404
95540000,4778,48.4921392958,-4.5040427619,324.3404
95560000,4779,48.4921395152,-4.5040429987,324.3404
95580000,4780,48.4921397347,-4.5040432356,324.3404
95600000,4781,48.4921399541,-4.5040434725,324.3404
95620000,4782,48.4921401735,-4.5040437093,324.3404
95640000,4783,48.4921403929,-4.5040439462,324.3404
95660000,4784,48.4921406124,-4.5040441831,324.3404
95680000,4785,48.4921408318,-4.5040444199,324.3404
95700000,4786,48.4921410512,-4.5040446568,324.3404
95720000,4787,48.4921412707,-4.5040448937,324.3404
95740000,4788,48.4921414901,-4.5040451305,324.3404
95760000,4789,48.4921417095,-4.5040453674,324.3404
95780000,4790,48.492141929,-4.5040456043,324.3404
95800000,4791,48.4921421484,-4.5040458411,324.3404
95820000,4792,48.4921423678,-4.504046078,324.3404
95840000,4793,48.4921425872,-4.5040463149,324.3404
95860000,4794,48.4921428067,-4.5040465517,324.3404
95880000,4795,48.4921430261,-4.5040467886,324.3404
95900000,4796,48.4921432455,-4.5040470255,324.3404
95920000,4797,48.492143465,-4.5040472623,324.3404
95940000,4798,48.4921436844,-4.5040474992,324.3404
95960000,4799,48.4921439038,-4.5040477361,324.3404
95980000,4800,48.4921441233,-4.5040479729,324.3404
96000000,4801,48.4921443427,-4.5040482098,324.3404
96020000,4802,48.4921445621,-4.5040484467,324.3404
96040000,4803,48.4921447815,-4.5040486835,324.3404
96060000,4804,48.492145001,-4.5040489204,324.3404
96080000,4805,48.4921452204,-4.5040491573,324.3404
96100000,4806,48.4921454398,-4.5040493941,324.3404
96120000,4807,48.4921456593,-4.504049631,324.3404
96140000,4808,48.4921458787,-4.5040498679,324.3404
96160000,4809,48.4921460981,-4.5040501047,324.3404
96180000,4810,48.4921463176,-4.5040503416,324.3404
96200000,4811,48.492146537,-4.5040505785,324.3404
96220000,4812,48.4921467564,-4.5040508153,324.3404
96240000,4813,48.4921469758,-4.5040510522,324.3404
96260000,4814,48.4921471953,-4.5040512891,324.3404
96280000,4815,48.4921474147,-4.5040515259,324.3404
96300000,4816,48.4921476341,-4.5040517628,324.3404
96320000,4817,48.4921478536,-4.5040519997,324.3404
96340000,4818,48.492148073,-4.5040522365,324.3404
96360000,4819,48.4921482924,-4.5040524734,324.3404
96380000,4820,48.4921485118,-4.5040527103,324.3404
96400000,4821,48.4921487313,-4.5040529471,324.3404
96420000,4822,48.4921489507,-4.504053184,324.3404
96440000,4823,48.4921491701,-4.5040534209,324.3404
96460000,4824,48.4921493896,-4.5040536577,324.3404
96480000,4825,48.492149609,-4.5040538946,324.3404
96500000,4826,48.4921498284,-4.5040541315,324.3404
96520000,4827,48.4921500479,-4.5040543683,324.3404
96540000,4828,48.4921502673,-4.5040546052,324.3404
96560000,4829,48.4921504867,-4.5040548421,324.3404
96580000,4830,48.4921507061,-4.5040550789,324.3404
96600000,4831,48.4921509256,-4.5040553158,324.3404
96620000,4832,48.492151145,-4.5040555527,324.3404
96640000,4833,48.4921513644,-4.5040557895,324.3404
96660000,4834,48.4921515839,-4.5040560264,324.3404
96680000,4835,48.4921518033,-4.5040562633,324.3404
96700000,4836,48.4921520227,-4.5040565001,324.3404
96720000,4837,48.4921522422,-4.504056737,324.3404
96740000,4838,48.4921524616,-4.5040569739,324.3404
96760000,4839,48.492152681,-4.5040572107,324.3404
96780000,4840,48.4921529004,-4.5040574476,324.3404
96800000,4841,48.4921531199,-4.5040576845,324.3404
96820000,4842,48.4921533393,-4.5040579213,324.3404
96840000,4843,48.4921535587,-4.5040581582,324.3404
96860000,4844,48.4921537782,-4.5040583951,324.3404
96880000,4845,48.4921539976,-4.5040586319,324.3404
96900000,4846,48.492154217,-4.5040588688,324.3404
96920000,4847,48.4921544365,-4.5040591057,324.3404
96940000,4848,48.4921546559,-4.5040593425,324.3404
96960000,4849,48.4921548753,-4.5040595794,324.3404
96980000,4850,48.4921550947,-4.5040598163,324.3404
97000000,4851,48.4921553142,-4.5040600531,324.3404
97020000,4852,48.4921555336,-4.50406029,324.3404
97040000,4853,48.492155753,-4.5040605269,324.3404
97060000,4854,48.4921559725,-4.5040607637,324.3404
97080000,4855,48.4921561919,-4.5040610006,324.3404
97100000,4856,48.4921564113,-4.5040612375,324.3404
97120000,4857,48.4921566308,-4.5040614743,324.3404
97140000,4858,48.4921568502,-4.5040617112,324.3404
97160000,4859,48.4921570696,-4.5040619481,324.3404
97180000,4860,48.492157289,-4.5040621849,324.3404
97200000,4861,48.4921575085,-4.5040624218,324.3404
97220000,4862,48.4921577279,-4.5040626587,324.3404
97240000,4863,48.4921579473,-4.5040628955,324.3404
97260000,4864,48.4921581668,-4.5040631324,324.3404
97280000,4865,48.4921583862,-4.5040633693,324.3404
97300000,4866,48.4921586056,-4.5040636061,324.3404
97320000,4867,48.4921588251,-4.504063843,324.3404
97340000,4868,48.4921590445,-4.5040640799,324.3404
97360000,4869,48.4921592639,-4.5040643167,324.3404
97380000,4870,48.4921594833,-4.5040645536,324.3404
97400000,4871,48.4921597028,-4.5040647905,324.3404
97420000,4872,48.4921599222,-4.5040650273,324.3404
97440000,4873,48.4921601416,-4.5040652642,324.3404
97460000,4874,48.4921603611,-4.5040655011,324.3404
97480000,4875,48.4921605805,-4.5040657379,324.3404
97500000,4876,48.4921607999,-4.5040659748,324.3404
97520000,4877,48.4921610194,-4.5040662117,324.3404
97540000,4878,48.4921612388,-4.5040664485,324.3404
97560000,4879,48.4921614582,-4.5040666854,324.3404
97580000,4880,48.4921616776,-4.5040669223,324.3404
97600000,4881,48.4921618971,-4.5040671591,324.3404
97620000,4882,48.4921621165,-4.504067396,324.3404
97640000,4883,48.4921623359,-4.5040676329,324.3404
97660000,4884,48.4921625554,-4.5040678697,324.3404
97680000,4885,48.4921627748,-4.5040681066,324.3404
97700000,4886,48.4921629942,-4.5040683435,324.3404
97720000,4887,48.4921632136,-4.5040685803,324.3404
97740000,4888,48.4921634331,-4.5040688172,324.3404
97760000,4889,48.4921636525,-4.5040690541,324.3404
97780000,4890,48.4921638719,-4.5040692909,324.3404
97800000,4891,48.4921640914,-4.5040695278,324.3404
97820000,4892,48.4921643108,-4.5040697647,324.3404
97840000,4893,48.4921645302,-4.5040700015,324.3404
97860000,4894,48.4921647497,-4.5040702384,324.3404
97880000,4895,48.4921649691,-4.5040704753,324.3404
97900000,4896,48.4921651885,-4.5040707121,324.3404
97920000,4897,48.4921654079,-4.504070949,324.3404
97940000,4898,48.4921656274,-4.5040711859,324.3404
97960000,4899,48.4921658468,-4.5040714227,324.3404
97980000,4900,48.4921660662,-4.5040716596,324.3404
98000000,4901,48.4921662857,-4.5040718965,324.3404
98020000,4902,48.4921665051,-4.5040721333,324.3404
98040000,4903,48.4921667245,-4.5040723702,324.3404
98060000,4904,48.492166944,-4.5040726071,324.3404
98080000,4905,48.4921671634,-4.5040728439,324.3404
98100000,4906,48.4921673828,-4.5040730808,324.3404
98120000,4907,48.4921676022,-4.5040733177,324.3404
98140000,4908,48.4921678217,-4.5040735545,324.3404
98160000,4909,48.4921680411,-4.5040737914,324.3404
98180000,4910,48.4921682605,-4.5040740283,324.3404
98200000,4911,48.49216848,-4.5040742651,324.3404
98220000,4912,48.4921686994,-4.504074502,324.3404
98240000,4913,48.4921689188,-4.5040747389,324.3404
98260000,4914,48.4921691383,-4.5040749757,324.3404
98280000,4915,48.4921693577,-4.5040752126,324.3404
98300000,4916,48.4921695771,-4.5040754495,324.3404
98320000,4917,48.4921697965,-4.5040756863,324.3404
98340000,4918,48.492170016,-4.5040759232,324.3404
98360000,4919,48.4921702354,-4.5040761601,324.3404
98380000,4920,48.4921704548,-4.5040763969,324.3404
98400000,4921,48.4921706743,-4.5040766338,324.3404
98420000,4922,48.4921708937,-4.5040768707,324.3404
98440000,4923,48.4921711131,-4.5040771075,324.3404
98460000,4924,48.4921713326,-4.5040773444,324.3404
98480000,4925,48.492171552,-4.5040775813,324.3404
98500000,4926,48.4921717714,-4.5040778181,324.3404
98520000,4927,48.4921719908,-4.504078055,324.3404
98540000,4928,48.4921722103,-4.5040782919,324.3404
98560000,4929,48.4921724297,-4.5040785287,324.3404
98580000,4930,48.4921726491,-4.5040787656,324.3404
98600000,4931,48.4921728686,-4.5040790025,324.3404
98620000,4932,48.492173088,-4.5040792393,324.3404
98640000,4933,48.4921733074,-4.5040794762,324.3404
98660000,4934,48.4921735268,-4.5040797131,324.3404
98680000,4935,48.4921737463,-4.5040799499,324.3404
98700000,4936,48.4921739657,-4.5040801868,324.3404
98720000,4937,48.4921741851,-4.5040804237,324.3404
98740000,4938,48.4921744046,-4.5040806605,324.3404
98760000,4939,48.492174624,-4.5040808974,324.3404
98780000,4940,48.4921748434,-4.5040811343,324.3404
98800000,4941,48.4921750629,-4.5040813711,324.3404
98820000,4942,48.4921752823,-4.504081608,324.3404
98840000,4943,48.4921755017,-4.5040818449,324.3404
98860000,4944,48.4921757211,-4.5040820817,324.3404
98880000,4945,48.4921759406,-4.5040823186,324.3404
98900000,4946,48.49217616,-4.5040825555,324.3404
98920000,4947,48.4921763794,-4.5040827923,324.3404
98940000,4948,48.4921765989,-4.5040830292,324.3404
98960000,4949,48.4921768183,-4.5040832661,324.3404
98980000,4950,48.4921770377,-4.5040835029,324.3404
99000000,4951,48.4921772572,-4.5040837398,324.3404
99020000,4952,48.4921774766,-4.5040839767,324.3404
99040000,4953,48.492177696,-4.5040842135,324.3404
99060000,4954,48.4921779154,-4.5040844504,324.3404
99080000,4955,48.4921781349,-4.5040846873,324.3404
99100000,4956,48.4921783543,-4.5040849241,324.3404
99120000,4957,48.4921785737,-4.504085161,324.3404
99140000,4958,48.4921787932,-4.5040853979,324.3404
99160000,4959,48.4921790126,-4.5040856347,324.3404
99180000,4960,48.492179232,-4.5040858716,324.3404
99200000,4961,48.4921794515,-4.5040861085,324.3404
99220000,4962,48.4921796709,-4.5040863453,324.3404
99240000,4963,48.4921798903,-4.5040865822,324.3404
99260000,4964,48.4921801097,-4.5040868191,324.3404
99280000,4965,48.4921803292,-4.5040870559,324.3404
99300000,4966,48.4921805486,-4.5040872928,324.3404
99320000,4967,48.492180768,-4.5040875297,324.3404
99340000,4968,48.4921809875,-4.5040877665,324.3404
99360000,4969,48.4921812069,-4.5040880034,324.3404
99380000,4970,48.4921814263,-4.5040882403,324.3404
99400000,4971,48.4921816458,-4.5040884771,324.3404
99420000,4972,48.4921818652,-4.504088714,324.3404
99440000,4973,48.4921820846,-4.5040889509,324.3404
99460000,4974,48.492182304,-4.5040891877,324.3404
99480000,4975,48.4921825235,-4.5040894246,324.3404
99500000,4976,48.4921827429,-4.5040896615,324.3404
99520000,4977,48.4921829623,-4.5040898983,324.3404
99540000,4978,48.4921831818,-4.5040901352,324.3404
99560000,4979,48.4921834012,-4.5040903721,324.3404
99580000,4980,48.4921836206,-4.5040906089,324.3404
99600000,4981,48.49218384,-4.5040908458,324.3404
99620000,4982,48.4921840595,-4.5040910827,324.3404
99640000,4983,48.4921842789,-4.5040913195,324.3404
99660000,4984,48.4921844983,-4.5040915564,324.3404
99680000,4985,48.4921847178,-4.5040917933,324.3404
99700000,4986,48.4921849372,-4.5040920301,324.3404
99720000,4987,48.4921851566,-4.504092267,324.3404
99740000,4988,48.4921853761,-4.5040925039,324.3404
99760000,4989,48.4921855955,-4.5040927407,324.3404
99780000,4990,48.4921858149,-4.5040929776,324.3404
99800000,4991,48.4921860343,-4.5040932145,324.3404
99820000,4992,48.4921862538,-4.5040934513,324.3404
99840000,4993,48.4921864732,-4.5040936882,324.3404
99860000,4994,48.4921866926,-4.5040939251,324.3404
99880000,4995,48.4921869121,-4.5040941619,324.3404
99900000,4996,48.4921871315,-4.5040943988,324.3404
99920000,4997,48.4921873509,-4.5040946357,324.3404
99940000,4998,48.4921875704,-4.5040948725,324.3404
99960000,4999,48.4921877898,-4.5040951094,324.3404
99980000,5000,48.4921880092,-4.5040953463,324.3404
100000000,5001,48.4921882286,-4.5040955831,324.3404
100020000,5002,48.4921884481,-4.50409582,324.3404
100040000,5003,48.4921886675,-4.5040960569,324.3404
100060000,5004,48.4921888869,-4.5040962937,324.3404
100080000,5005,48.4921891064,-4.5040965306,324.3404
100100000,5006,48.4921893258,-4.5040967675,324.3404
100120000,5007,48.4921895452,-4.5040970043,324.3404
100140000,5008,48.4921897647,-4.5040972412,324.3404
100160000,5009,48.4921899841,-4.5040974781,324.3404
100180000,5010,48.4921902035,-4.5040977149,324.3404
100200000,5011,48.4921904229,-4.5040979518,324.3404
100220000,5012,48.4921906424,-4.5040981887,324.3404
100240000,5013,48.4921908618,-4.5040984255,324.3404
100260000,5014,48.4921910812,-4.5040986624,324.3404
100280000,5015,48.4921913007,-4.5040988993,324.3404
100300000,5016,48.4921915201,-4.5040991361,324.3404
100320000,5017,48.4921917395,-4.504099373,324.3404
100340000,5018,48.4921919589,-4.5040996099,324.3404
100360000,5019,48.4921921784,-4.5040998467,324.3404
100380000,5020,48.4921923978,-4.5041000836,324.3404
100400000,5021,48.4921926172,-4.5041003205,324.3404
100420000,5022,48.4921928367,-4.5041005573,324.3404
100440000,5023,48.4921930561,-4.5041007942,324.3404
100460000,5024,48.4921932755,-4.5041010311,324.3404
100480000,5025,48.492193495,-4.5041012679,324.3404
100500000,5026,48.4921937144,-4.5041015048,324.3404
100520000,5027,48.4921939338,-4.5041017417,324.3404
100540000,5028,48.4921941532,-4.5041019785,324.3404
100560000,5029,48.4921943727,-4.5041022154,324.3404
100580000,5030,48.4921945921,-4.5041024523,324.3404
100600000,5031,48.4921948115,-4.5041026891,324.3404
100620000,5032,48.492195031,-4.504102926,324.3404
100640000,5033,48.4921952504,-4.5041031629,324.3404
100660000,5034,48.4921954698,-4.5041033997,324.3404
100680000,5035,48.4921956893,-4.5041036366,324.3404
100700000,5036,48.4921959087,-4.5041038735,324.3404
100720000,5037,48.4921961281,-4.5041041103,324.3404
100740000,5038,48.4921963475,-4.5041043472,324.3404
100760000,5039,48.492196567,-4.5041045841,324.3404
100780000,5040,48.4921967864,-4.504104821,324.3404
100800000,5041,48.4921970058,-4.5041050578,324.3404
100820000,5042,48.4921972253,-4.5041052947,324.3404
100840000,5043,48.4921974447,-4.5041055316,324.3404
100860000,5044,48.4921976641,-4.5041057684,324.3404
100880000,5045,48.4921978836,-4.5041060053,324.3404
100900000,5046,48.492198103,-4.5041062422,324.3404
100920000,5047,48.4921983224,-4.504106479,324.3404
100940000,5048,48.4921985418,-4.5041067159,324.3404
100960000,5049,48.4921987613,-4.5041069528,324.3404
100980000,5050,48.4921989807,-4.5041071896,324.3404
101000000,5051,48.4921992001,-4.5041074265,324.3404
101020000,5052,48.4921994196,-4.5041076634,324.3404
101040000,5053,48.492199639,-4.5041079002,324.3404
101060000,5054,48.4921998584,-4.5041081371,324.3404
101080000,5055,48.4922000778,-4.504108374,324.3404
101100000,5056,48.4922002973,-4.5041086108,324.3404
101120000,5057,48.4922005167,-4.5041088477,324.3404
101140000,5058,48.4922007361,-4.5041090846,324.3404
101160000,5059,48.4922009556,-4.5041093214,324.3404
101180000,5060,48.492201175,-4.5041095583,324.3404
101200000,5061,48.4922013944,-4.5041097952,324.3404
101220000,5062,48.4922016139,-4.504110032,324.3404
101240000,5063,48.4922018333,-4.5041102689,324.3404
101260000,5064,48.4922020527,-4.5041105058,324.3404
101280000,5065,48.4922022721,-4.5041107426,324.3404
101300000,5066,48.4922024916,-4.5041109795,324.3404
101320000,5067,48.492202711,-4.5041112164,324.3404
101340000,5068,48.4922029304,-4.5041114532,324.3404
101360000,5069,48.4922031499,-4.5041116901,324.3404
101380000,5070,48.4922033693,-4.504111927,324.3404
101400000,5071,48.4922035887,-4.5041121638,324.3404
101420000,5072,48.4922038082,-4.5041124007,324.3404
101440000,5073,48.4922040276,-4.5041126376,324.3404
101460000,5074,48.492204247,-4.5041128744,324.3404
101480000,5075,48.4922044664,-4.5041131113,324.3404
101500000,5076,48.4922046859,-4.5041133482,324.3404
101520000,5077,48.4922049053,-4.504113585,324.3404
101540000,5078,48.4922051247,-4.5041138219,324.3404
101560000,5079,48.4922053442,-4.5041140588,324.3404
101580000,5080,48.4922055636,-4.5041142956,324.3404
101600000,5081,48.492205783,-4.5041145325,324.3404
101620000,5082,48.4922060025,-4.5041147694,324.3404
101640000,5083,48.4922062219,-4.5041150062,324.3404
101660000,5084,48.4922064413,-4.5041152431,324.3404
101680000,5085,48.4922066607,-4.50411548,324.3404
101700000,5086,48.4922068802,-4.5041157168,324.3404
101720000,5087,48.4922070996,-4.5041159537,324.3404
101740000,5088,48.492207319,-4.5041161906,324.3404
101760000,5089,48.4922075385,-4.5041164274,324.3404
101780000,5090,48.4922077579,-4.5041166643,324.3404
101800000,5091,48.4922079773,-4.5041169012,324.3404
101820000,5092,48.4922081967,-4.504117138,324.3404
101840000,5093,48.4922084162,-4.5041173749,324.3404
101860000,5094,48.4922086356,-4.5041176118,324.3404
101880000,5095,48.492208855,-4.5041178486,324.3404
101900000,5096,48.4922090745,-4.5041180855,324.3404
101920000,5097,48.4922092939,-4.5041183224,324.3404
101940000,5098,48.4922095133,-4.5041185592,324.3404
101960000,5099,48.4922097328,-4.5041187961,324.3404
101980000,5100,48.4922099522,-4.504119033,324.3404
102000000,5101,48.4922101716,-4.5041192698,324.3404
102020000,5102,48.492210391,-4.5041195067,324.3404
102040000,5103,48.4922106105,-4.5041197436,324.3404
102060000,5104,48.4922108299,-4.5041199804,324.3404
102080000,5105,48.4922110493,-4.5041202173,324.3404
102100000,5106,48.4922112688,-4.5041204542,324.3404
102120000,5107,48.4922114882,-4.504120691,324.3404
102140000,5108,48.4922117076,-4.5041209279,324.3404
102160000,5109,48.4922119271,-4.5041211648,324.3404
102180000,5110,48.4922121465,-4.5041214016,324.3404
102200000,5111,48.4922123659,-4.5041216385,324.3404
102220000,5112,48.4922125853,-4.5041218754,324.3404
102240000,5113,48.4922128048,-4.5041221122,324.3404
102260000,5114,48.4922130242,-4.5041223491,324.3404
102280000,5115,48.4922132436,-4.504122586,324.3404
102300000,5116,48.4922134631,-4.5041228228,324.3404
102320000,5117,48.4922136825,-4.5041230597,324.3404
102340000,5118,48.4922139019,-4.5041232966,324.3404
102360000,5119,48.4922141214,-4.5041235334,324.3404
102380000,5120,48.4922143408,-4.5041237703,324.3404
102400000,5121,48.4922145602,-4.5041240072,324.3404
102420000,5122,48.4922147796,-4.5041242441,324.3404
102440000,5123,48.4922149991,-4.5041244809,324.3404
102460000,5124,48.4922152185,-4.5041247178,324.3404
102480000,5125,48.4922154379,-4.5041249547,324.3404
102500000,5126,48.4922156574,-4.5041251915,324.3404
102520000,5127,48.4922158768,-4.5041254284,324.3404
102540000,5128,48.4922160962,-4.5041256653,324.3404
102560000,5129,48.4922163156,-4.5041259021,324.3404
102580000,5130,48.4922165351,-4.504126139,324.3404
102600000,5131,48.4922167545,-4.5041263759,324.3404
102620000,5132,48.4922169739,-4.5041266127,324.3404
102640000,5133,48.4922171934,-4.5041268496,324.3404
102660000,5134,48.4922174128,-4.5041270865,324.3404
102680000,5135,48.4922176322,-4.5041273233,324.3404
102700000,5136,48.4922178517,-4.5041275602,324.3404
102720000,5137,48.4922180711,-4.5041277971,324.3404
102740000,5138,48.4922182905,-4.5041280339,324.3404
102760000,5139,48.4922185099,-4.5041282708,324.3404
102780000,5140,48.4922187294,-4.5041285077,324.3404
102800000,5141,48.4922189488,-4.5041287445,324.3404
102820000,5142,48.4922191682,-4.5041289814,324.3404
102840000,5143,48.4922193877,-4.5041292183,324.3404
102860000,5144,48.4922196071,-4.5041294551,324.3404
102880000,5145,48.4922198265,-4.504129692,324.3404
102900000,5146,48.492220046,-4.5041299289,324.3404
102920000,5147,48.4922202654,-4.5041301657,324.3404
102940000,5148,48.4922204848,-4.5041304026,324.3404
102960000,5149,48.4922207042,-4.5041306395,324.3404
102980000,5150,48.4922209237,-4.5041308763,324.3404
103000000,5151,48.4922211431,-4.5041311132,324.3404
103020000,5152,48.4922213625,-4.5041313501,324.3404
103040000,5153,48.492221582,-4.5041315869,324.3404
103060000,5154,48.4922218014,-4.5041318238,324.3404
103080000,5155,48.4922220208,-4.5041320607,324.3404
103100000,5156,48.4922222402,-4.5041322975,324.3404
103120000,5157,48.4922224597,-4.5041325344,324.3404
103140000,5158,48.4922226791,-4.5041327713,324.3404
103160000,5159,48.4922228985,-4.5041330081,324.3404
103180000,5160,48.492223118,-4.504133245,324.3404
103200000,5161,48.4922233374,-4.5041334819,324.3404
103220000,5162,48.4922235568,-4.5041337187,324.3404
103240000,5163,48.4922237763,-4.5041339556,324.3404
103260000,5164,48.4922239957,-4.5041341925,324.3404
103280000,5165,48.4922242151,-4.5041344293,324.3404
103300000,5166,48.4922244345,-4.5041346662,324.3404
103320000,5167,48.492224654,-4.5041349031,324.3404
103340000,5168,48.4922248734,-4.5041351399,324.3404
103360000,5169,48.4922250928,-4.5041353768,324.3404
103380000,5170,48.4922253123,-4.5041356137,324.3404
103400000,5171,48.4922255317,-4.5041358505,324.3404
103420000,5172,48.4922257511,-4.5041360874,324.3404
103440000,5173,48.4922259706,-4.5041363243,324.3404
103460000,5174,48.49222619,-4.5041365611,324.3404
103480000,5175,48.4922264094,-4.504136798,324.3404
103500000,5176,48.4922266288,-4.5041370349,324.3404
103520000,5177,48.4922268483,-4.5041372717,324.3404
103540000,5178,48.4922270677,-4.5041375086,324.3404
103560000,5179,48.4922272871,-4.5041377455,324.3404
103580000,5180,48.4922275066,-4.5041379823,324.3404
103600000,5181,48.492227726,-4.5041382192,324.3404
103620000,5182,48.4922279454,-4.5041384561,324.3404
103640000,5183,48.4922281649,-4.504138693,324.3404
103660000,5184,48.4922283843,-4.5041389298,324.3404
103680000,5185,48.4922286037,-4.5041391667,324.3404
103700000,5186,48.4922288231,-4.5041394036,324.3404
103720000,5187,48.4922290426,-4.5041396404,324.3404
103740000,5188,48.492229262,-4.5041398773,324.3404
103760000,5189,48.4922294814,-4.5041401142,324.3404
103780000,5190,48.4922297009,-4.504140351,324.3404
103800000,5191,48.4922299203,-4.5041405879,324.3404
103820000,5192,48.4922301397,-4.5041408248,324.3404
103840000,5193,48.4922303591,-4.5041410616,324.3404
103860000,5194,48.4922305786,-4.5041412985,324.3404
103880000,5195,48.492230798,-4.5041415354,324.3404
103900000,5196,48.4922310174,-4.5041417722,324.3404
103920000,5197,48.4922312369,-4.5041420091,324.3404
103940000,5198,48.4922314563,-4.504142246,324.3404
103960000,5199,48.4922316757,-4.5041424828,324.3404
103980000,5200,48.4922318952,-4.5041427197,324.3404
104000000,5201,48.4922321146,-4.5041429566,324.3404
104020000,5202,48.492232334,-4.5041431934,324.3404
104040000,5203,48.4922325534,-4.5041434303,324.3404
104060000,5204,48.4922327729,-4.5041436672,324.3404
104080000,5205,48.4922329923,-4.504143904,324.3404
104100000,5206,48.4922332117,-4.5041441409,324.3404
104120000,5207,48.4922334312,-4.5041443778,324.3404
104140000,5208,48.4922336506,-4.5041446146,324.3404
104160000,5209,48.49223387,-4.5041448515,324.3404
104180000,5210,48.4922340895,-4.5041450884,324.3404
104200000,5211,48.4922343089,-4.5041453252,324.3404
104220000,5212,48.4922345283,-4.5041455621,324.3404
104240000,5213,48.4922347477,-4.504145799,324.3404
104260000,5214,48.4922349672,-4.5041460358,324.3404
104280000,5215,48.4922351866,-4.5041462727,324.3404
104300000,5216,48.492235406,-4.5041465096,324.3404
104320000,5217,48.4922356255,-4.5041467464,324.3404
104340000,5218,48.4922358449,-4.5041469833,324.3404
104360000,5219,48.4922360643,-4.5041472202,324.3404
104380000,5220,48.4922362837,-4.504147457,324.3404
104400000,5221,48.4922365032,-4.5041476939,324.3404
104420000,5222,48.4922367226,-4.5041479308,324.3404
104440000,5223,48.492236942,-4.5041481676,324.3404
104460000,5224,48.4922371615,-4.5041484045,324.3404
104480000,5225,48.4922373809,-4.5041486414,324.3404
104500000,5226,48.4922376003,-4.5041488782,324.3404
104520000,5227,48.4922378198,-4.5041491151,324.3404
104540000,5228,48.4922380392,-4.504149352,324.3404
104560000,5229,48.4922382586,-4.5041495888,324.3404
104580000,5230,48.492238478,-4.5041498257,324.3404
104600000,5231,48.4922386975,-4.5041500626,324.3404
104620000,5232,48.4922389169,-4.5041502995,324.3404
104640000,5233,48.4922391363,-4.5041505363,324.3404
104660000,5234,48.4922393558,-4.5041507732,324.3404
104680000,5235,48.4922395752,-4.5041510101,324.3404
104700000,5236,48.4922397946,-4.5041512469,324.3404
104720000,5237,48.4922400141,-4.5041514838,324.3404
104740000,5238,48.4922402335,-4.5041517207,324.3404
104760000,5239,48.4922404529,-4.5041519575,324.3404
104780000,5240,48.4922406723,-4.5041521944,324.3404
104800000,5241,48.4922408918,-4.5041524313,324.3404
104820000,5242,48.4922411112,-4.5041526681,324.3404
104840000,5243,48.4922413306,-4.504152905,324.3404
104860000,5244,48.4922415501,-4.5041531419,324.3404
104880000,5245,48.4922417695,-4.5041533787,324.3404
104900000,5246,48.4922419889,-4.5041536156,324.3404
104920000,5247,48.4922422083,-4.5041538525,324.3404
104940000,5248,48.4922424278,-4.5041540893,324.3404
104960000,5249,48.4922426472,-4.5041543262,324.3404
104980000,5250,48.4922428666,-4.5041545631,324.3404
105000000,5251,48.4922430861,-4.5041547999,324.3404
105020000,5252,48.4922433055,-4.5041550368,324.3404
105040000,5253,48.4922435249,-4.5041552737,324.3404
105060000,5254,48.4922437444,-4.5041555105,324.3404
105080000,5255,48.4922439638,-4.5041557474,324.3404
105100000,5256,48.4922441832,-4.5041559843,324.3404
105120000,5257,48.4922444026,-4.5041562211,324.3404
105140000,5258,48.4922446221,-4.504156458,324.3404
105160000,5259,48.4922448415,-4.5041566949,324.3404
105180000,5260,48.4922450609,-4.5041569317,324.3404
105200000,5261,48.4922452804,-4.5041571686,324.3404
105220000,5262,48.4922454998,-4.5041574055,324.3404
105240000,5263,48.4922457192,-4.5041576423,324.3404
105260000,5264,48.4922459387,-4.5041578792,324.3404
105280000,5265,48.4922461581,-4.5041581161,324.3404
105300000,5266,48.4922463775,-4.5041583529,324.3404
105320000,5267,48.4922465969,-4.5041585898,324.3404
105340000,5268,48.4922468164,-4.5041588267,324.3404
105360000,5269,48.4922470358,-4.5041590635,324.3404
105380000,5270,48.4922472552,-4.5041593004,324.3404
105400000,5271,48.4922474747,-4.5041595373,324.3404
105420000,5272,48.4922476941,-4.5041597741,324.3404
105440000,5273,48.4922479135,-4.504160011,324.3404
105460000,5274,48.4922481329,-4.5041602479,324.3404
105480000,5275,48.4922483524,-4.5041604847,324.3404
105500000,5276,48.4922485718,-4.5041607216,324.3404
105520000,5277,48.4922487912,-4.5041609585,324.3404
105540000,5278,48.4922490107,-4.5041611954,324.3404
105560000,5279,48.4922492301,-4.5041614322,324.3404
105580000,5280,48.4922494495,-4.5041616691,324.3404
105600000,5281,48.492249669,-4.504161906,324.3404
105620000,5282,48.4922498884,-4.5041621428,324.3404
105640000,5283,48.4922501078,-4.5041623797,324.3404
105660000,5284,48.4922503272,-4.5041626166,324.3404
105680000,5285,48.4922505467,-4.5041628534,324.3404
105700000,5286,48.4922507661,-4.5041630903,324.3404
105720000,5287,48.4922509855,-4.5041633272,324.3404
105740000,5288,48.492251205,-4.504163564,324.3404
105760000,5289,48.4922514244,-4.5041638009,324.3404
105780000,5290,48.4922516438,-4.5041640378,324.3404
105800000,5291,48.4922518633,-4.5041642746,324.3404
105820000,5292,48.4922520827,-4.5041645115,324.3404
105840000,5293,48.4922523021,-4.5041647484,324.3404
105860000,5294,48.4922525215,-4.5041649852,324.3404
105880000,5295,48.492252741,-4.5041652221,324.3404
105900000,5296,48.4922529604,-4.504165459,324.3404
105920000,5297,48.4922531798,-4.5041656958,324.3404
105940000,5298,48.4922533993,-4.5041659327,324.3404
105960000,5299,48.4922536187,-4.5041661696,324.3404
105980000,5300,48.4922538381,-4.5041664064,324.3404
106000000,5301,48.4922540575,-4.5041666433,324.3404
106020000,5302,48.492254277,-4.5041668802,324.3404
106040000,5303,48.4922544964,-4.504167117,324.3404
106060000,5304,48.4922547158,-4.5041673539,324.3404
106080000,5305,48.4922549353,-4.5041675908,324.3404
106100000,5306,48.4922551547,-4.5041678276,324.3404
106120000,5307,48.4922553741,-4.5041680645,324.3404
106140000,5308,48.4922555936,-4.5041683014,324.3404
106160000,5309,48.492255813,-4.5041685382,324.3404
106180000,5310,48.4922560324,-4.5041687751,324.3404
106200000,5311,48.4922562518,-4.504169012,324.3404
106220000,5312,48.4922564713,-4.5041692488,324.3404
106240000,5313,48.4922566907,-4.5041694857,324.3404
106260000,5314,48.4922569101,-4.5041697226,324.3404
106280000,5315,48.4922571296,-4.5041699595,324.3404
106300000,5316,48.492257349,-4.5041701963,324.3404
106320000,5317,48.4922575684,-4.5041704332,324.3404
106340000,5318,48.4922577879,-4.5041706701,324.3404
106360000,5319,48.4922580073,-4.5041709069,324.3404
106380000,5320,48.4922582267,-4.5041711438,324.3404
106400000,5321,48.4922584461,-4.5041713807,324.3404
106420000,5322,48.4922586656,-4.5041716175,324.3404
106440000,5323,48.492258885,-4.5041718544,324.3404
106460000,5324,48.4922591044,-4.5041720913,324.3404
106480000,5325,48.4922593239,-4.5041723281,324.3404
106500000,5326,48.4922595433,-4.504172565,324.3404
106520000,5327,48.4922597627,-4.5041728019,324.3404
106540000,5328,48.4922599821,-4.5041730387,324.3404
106560000,5329,48.4922602016,-4.5041732756,324.3404
106580000,5330,48.492260421,-4.5041735125,324.3404
106600000,5331,48.4922606404,-4.5041737493,324.3404
106620000,5332,48.4922608599,-4.5041739862,324.3404
106640000,5333,48.4922610793,-4.5041742231,324.3404
106660000,5334,48.4922612987,-4.5041744599,324.3404
106680000,5335,48.4922615182,-4.5041746968,324.3404
106700000,5336,48.4922617376,-4.5041749337,324.3404
106720000,5337,48.492261957,-4.5041751705,324.3404
106740000,5338,48.4922621764,-4.5041754074,324.3404
106760000,5339,48.4922623959,-4.5041756443,324.3404
106780000,5340,48.4922626153,-4.5041758811,324.3404
106800000,5341,48.4922628347,-4.504176118,324.3404
106820000,5342,48.4922630542,-4.5041763549,324.3404
106840000,5343,48.4922632736,-4.5041765917,324.3404
106860000,5344,48.492263493,-4.5041768286,324.3404
106880000,5345,48.4922637124,-4.5041770655,324.3404
106900000,5346,48.4922639319,-4.5041773023,324.3404
106920000,5347,48.4922641513,-4.5041775392,324.3404
106940000,5348,48.4922643707,-4.5041777761,324.3404
106960000,5349,48.4922645902,-4.5041780129,324.3404
106980000,5350,48.4922648096,-4.5041782498,324.3404
107000000,5351,48.492265029,-4.5041784867,324.3404
107020000,5352,48.4922652485,-4.5041787236,324.3404
107040000,5353,48.4922654679,-4.5041789604,324.3404
107060000,5354,48.4922656873,-4.5041791973,324.3404
107080000,5355,48.4922659067,-4.5041794342,324.3404
107100000,5356,48.4922661262,-4.504179671,324.3404
107120000,5357,48.4922663456,-4.5041799079,324.3404
107140000,5358,48.492266565,-4.5041801448,324.3404
107160000,5359,48.4922667845,-4.5041803816,324.3404
107180000,5360,48.4922670039,-4.5041806185,324.3404
107200000,5361,48.4922672233,-4.5041808554,324.3404
107220000,5362,48.4922674428,-4.5041810922,324.3404
107240000,5363,48.4922676622,-4.5041813291,324.3404
107260000,5364,48.4922678816,-4.504181566,324.3404
107280000,5365,48.492268101,-4.5041818028,324.3404
107300000,5366,48.4922683205,-4.5041820397,324.3404
107320000,5367,48.4922685399,-4.5041822766,324.3404
107340000,5368,48.4922687593,-4.5041825134,324.3404
107360000,5369,48.4922689788,-4.5041827503,324.3404
107380000,5370,48.4922691982,-4.5041829872,324.3404
107400000,5371,48.4922694176,-4.504183224,324.3404
107420000,5372,48.492269637,-4.5041834609,324.3404
107440000,5373,48.4922698565,-4.5041836978,324.3404
107460000,5374,48.4922700759,-4.5041839346,324.3404
107480000,5375,48.4922702953,-4.5041841715,324.3404
107500000,5376,48.4922705148,-4.5041844084,324.3404
107520000,5377,48.4922707342,-4.5041846452,324.3404
107540000,5378,48.4922709536,-4.5041848821,324.3404
107560000,5379,48.4922711731,-4.504185119,324.3404
107580000,5380,48.4922713925,-4.5041853558,324.3404
107600000,5381,48.4922716119,-4.5041855927,324.3404
107620000,5382,48.4922718313,-4.5041858296,324.3404
107640000,5383,48.4922720508,-4.5041860664,324.3404
107660000,5384,48.4922722702,-4.5041863033,324.3404
107680000,5385,48.4922724896,-4.5041865402,324.3404
107700000,5386,48.4922727091,-4.5041867771,324.3404
107720000,5387,48.4922729285,-4.5041870139,324.3404
107740000,5388,48.4922731479,-4.5041872508,324.3404
107760000,5389,48.4922733674,-4.5041874877,324.3404
107780000,5390,48.4922735868,-4.5041877245,324.3404
107800000,5391,48.4922738062,-4.5041879614,324.3404
107820000,5392,48.4922740256,-4.5041881983,324.3404
107840000,5393,48.4922742451,-4.5041884351,324.3404
107860000,5394,48.4922744645,-4.504188672,324.3404
107880000,5395,48.4922746839,-4.5041889089,324.3404
107900000,5396,48.4922749034,-4.5041891457,324.3404
107920000,5397,48.4922751228,-4.5041893826,324.3404
107940000,5398,48.4922753422,-4.5041896195,324.3404
107960000,5399,48.4922755616,-4.5041898563,324.3404
107980000,5400,48.4922757811,-4.5041900932,324.3404
108000000,5401,48.4922760005,-4.5041903301,324.3404
108020000,5402,48.4922762199,-4.5041905669,324.3404
108040000,5403,48.4922764394,-4.5041908038,324.3404
108060000,5404,48.4922766588,-4.5041910407,324.3404
108080000,5405,48.4922768782,-4.5041912775,324.3404
108100000,5406,48.4922770977,-4.5041915144,324.3404
108120000,5407,48.4922773171,-4.5041917513,324.3404
108140000,5408,48.4922775365,-4.5041919881,324.3404
108160000,5409,48.4922777559,-4.504192225,324.3404
108180000,5410,48.4922779754,-4.5041924619,324.3404
108200000,5411,48.4922781948,-4.5041926987,324.3404
108220000,5412,48.4922784142,-4.5041929356,324.3404
108240000,5413,48.4922786337,-4.5041931725,324.3404
108260000,5414,48.4922788531,-4.5041934093,324.3404
108280000,5415,48.4922790725,-4.5041936462,324.3404
108300000,5416,48.4922792919,-4.5041938831,324.3404
108320000,5417,48.4922795114,-4.50419412,324.3404
108340000,5418,48.4922797308,-4.5041943568,324.3404
108360000,5419,48.4922799502,-4.5041945937,324.3404
108380000,5420,48.4922801697,-4.5041948306,324.3404
108400000,5421,48.4922803891,-4.5041950674,324.3404
108420000,5422,48.4922806085,-4.5041953043,324.3404
108440000,5423,48.492280828,-4.5041955412,324.3404
108460000,5424,48.4922810474,-4.504195778,324.3404
108480000,5425,48.4922812668,-4.5041960149,324.3404
108500000,5426,48.4922814862,-4.5041962518,324.3404
108520000,5427,48.4922817057,-4.5041964886,324.3404
108540000,5428,48.4922819251,-4.5041967255,324.3404
108560000,5429,48.4922821445,-4.5041969624,324.3404
108580000,5430,48.492282364,-4.5041971992,324.3404
108600000,5431,48.4922825834,-4.5041974361,324.3404
108620000,5432,48.4922828028,-4.504197673,324.3404
108640000,5433,48.4922830223,-4.5041979098,324.3404
108660000,5434,48.4922832417,-4.5041981467,324.3404
108680000,5435,48.4922834611,-4.5041983836,324.3404
108700000,5436,48.4922836805,-4.5041986204,324.3404
108720000,5437,48.4922839,-4.5041988573,324.3404
108740000,5438,48.4922841194,-4.5041990942,324.3404
108760000,5439,48.4922843388,-4.504199331,324.3404
108780000,5440,48.4922845583,-4.5041995679,324.3404
108800000,5441,48.4922847777,-4.5041998048,324.3404
108820000,5442,48.4922849971,-4.5042000416,324.3404
108840000,5443,48.4922852165,-4.5042002785,324.3404
108860000,5444,48.492285436,-4.5042005154,324.3404
108880000,5445,48.4922856554,-4.5042007522,324.3404
108900000,5446,48.4922858748,-4.5042009891,324.3404
108920000,5447,48.4922860943,-4.504201226,324.3404
108940000,5448,48.4922863137,-4.5042014629,324.3404
108960000,5449,48.4922865331,-4.5042016997,324.3404
108980000,5450,48.4922867526,-4.5042019366,324.3404
109000000,5451,48.492286972,-4.5042021735,324.3404
109020000,5452,48.4922871914,-4.5042024103,324.3404
109040000,5453,48.4922874108,-4.5042026472,324.3404
109060000,5454,48.4922876303,-4.5042028841,324.3404
109080000,5455,48.4922878497,-4.5042031209,324.3404
109100000,5456,48.4922880691,-4.5042033578,324.3404
109120000,5457,48.4922882886,-4.5042035947,324.3404
109140000,5458,48.492288508,-4.5042038315,324.3404
109160000,5459,48.4922887274,-4.5042040684,324.3404
109180000,5460,48.4922889468,-4.5042043053,324.3404
109200000,5461,48.4922891663,-4.5042045421,324.3404
109220000,5462,48.4922893857,-4.504204779,324.3404
109240000,5463,48.4922896051,-4.5042050159,324.3404
109260000,5464,48.4922898246,-4.5042052527,324.3404
109280000,5465,48.492290044,-4.5042054896,324.3404
109300000,5466,48.4922902634,-4.5042057265,324.3404
109320000,5467,48.4922904829,-4.5042059633,324.3404
109340000,5468,48.4922907023,-4.5042062002,324.3404
109360000,5469,48.4922909217,-4.5042064371,324.3404
109380000,5470,48.4922911411,-4.5042066739,324.3404
109400000,5471,48.4922913606,-4.5042069108,324.3404
109420000,5472,48.49229158,-4.5042071477,324.3404
109440000,5473,48.4922917994,-4.5042073845,324.3404
109460000,5474,48.4922920189,-4.5042076214,324.3404
109480000,5475,48.4922922383,-4.5042078583,324.3404
109500000,5476,48.4922924577,-4.5042080952,324.3404
109520000,5477,48.4922926772,-4.504208332,324.3404
109540000,5478,48.4922928966,-4.5042085689,324.3404
109560000,5479,48.492293116,-4.5042088058,324.3404
109580000,5480,48.4922933354,-4.5042090426,324.3404
109600000,5481,48.4922935549,-4.5042092795,324.3404
109620000,5482,48.4922937743,-4.5042095164,324.3404
109640000,5483,48.4922939937,-4.5042097532,324.3404
109660000,5484,48.4922942132,-4.5042099901,324.3404
109680000,5485,48.4922944326,-4.504210227,324.3404
109700000,5486,48.492294652,-4.5042104638,324.3404
109720000,5487,48.4922948714,-4.5042107007,324.3404
109740000,5488,48.4922950909,-4.5042109376,324.3404
109760000,5489,48.4922953103,-4.5042111744,324.3404
109780000,5490,48.4922955297,-4.5042114113,324.3404
109800000,5491,48.4922957492,-4.5042116482,324.3404
109820000,5492,48.4922959686,-4.504211885,324.3404
109840000,5493,48.492296188,-4.5042121219,324.3404
109860000,5494,48.4922964075,-4.5042123588,324.3404
109880000,5495,48.4922966269,-4.5042125956,324.3404
109900000,5496,48.4922968463,-4.5042128325,324.3404
109920000,5497,48.4922970657,-4.5042130694,324.3404
109940000,5498,48.4922972852,-4.5042133062,324.3404
109960000,5499,48.4922975046,-4.5042135431,324.3404
109980000,5500,48.492297724,-4.50421378,324.3404
110000000,5501,48.4922979435,-4.5042140169,324.3404
110020000,5502,48.4922981629,-4.5042142537,324.3404
110040000,5503,48.4922983823,-4.5042144906,324.3404
110060000,5504,48.4922986017,-4.5042147275,324.3404
110080000,5505,48.4922988212,-4.5042149643,324.3404
110100000,5506,48.4922990406,-4.5042152012,324.3404
110120000,5507,48.49229926,-4.5042154381,324.3404
110140000,5508,48.4922994795,-4.5042156749,324.3404
110160000,5509,48.4922996989,-4.5042159118,324.3404
110180000,5510,48.4922999183,-4.5042161487,324.3404
110200000,5511,48.4923001378,-4.5042163855,324.3404
110220000,5512,48.4923003572,-4.5042166224,324.3404
110240000,5513,48.4923005766,-4.5042168593,324.3404
110260000,5514,48.492300796,-4.5042170961,324.3404
110280000,5515,48.4923010155,-4.504217333,324.3404
110300000,5516,48.4923012349,-4.5042175699,324.3404
110320000,5517,48.4923014543,-4.5042178067,324.3404
110340000,5518,48.4923016738,-4.5042180436,324.3404
110360000,5519,48.4923018932,-4.5042182805,324.3404
110380000,5520,48.4923021126,-4.5042185173,324.3404
110400000,5521,48.492302332,-4.5042187542,324.3404
110420000,5522,48.4923025515,-4.5042189911,324.3404
110440000,5523,48.4923027709,-4.5042192279,324.3404
110460000,5524,48.4923029903,-4.5042194648,324.3404
110480000,5525,48.4923032098,-4.5042197017,324.3404
110500000,5526,48.4923034292,-4.5042199385,324.3404
110520000,5527,48.4923036486,-4.5042201754,324.3404
110540000,5528,48.4923038681,-4.5042204123,324.3404
110560000,5529,48.4923040875,-4.5042206492,324.3404
110580000,5530,48.4923043069,-4.504220886,324.3404
110600000,5531,48.4923045263,-4.5042211229,324.3404
110620000,5532,48.4923047458,-4.5042213598,324.3404
110640000,5533,48.4923049652,-4.5042215966,324.3404
110660000,5534,48.4923051846,-4.5042218335,324.3404
110680000,5535,48.4923054041,-4.5042220704,324.3404
110700000,5536,48.4923056235,-4.5042223072,324.3404
110720000,5537,48.4923058429,-4.5042225441,324.3404
110740000,5538,48.4923060624,-4.504222781,324.3404
110760000,5539,48.4923062818,-4.5042230178,324.3404
110780000,5540,48.4923065012,-4.5042232547,324.3404
110800000,5541,48.4923067206,-4.5042234916,324.3404
110820000,5542,48.4923069401,-4.5042237284,324.3404
110840000,5543,48.4923071595,-4.5042239653,324.3404
110860000,5544,48.4923073789,-4.5042242022,324.3404
110880000,5545,48.4923075984,-4.504224439,324.3404
110900000,5546,48.4923078178,-4.5042246759,324.3404
110920000,5547,48.4923080372,-4.5042249128,324.3404
110940000,5548,48.4923082566,-4.5042251496,324.3404
110960000,5549,48.4923084761,-4.5042253865,324.3404
110980000,5550,48.4923086955,-4.5042256234,324.3404
111000000,5551,48.4923089149,-4.5042258603,324.3404
111020000,5552,48.4923091344,-4.5042260971,324.3404
111040000,5553,48.4923093538,-4.504226334,324.3404
111060000,5554,48.4923095732,-4.5042265709,324.3404
111080000,5555,48.4923097927,-4.5042268077,324.3404
111100000,5556,48.4923100121,-4.5042270446,324.3404
111120000,5557,48.4923102315,-4.5042272815,324.3404
111140000,5558,48.4923104509,-4.5042275183,324.3404
111160000,5559,48.4923106704,-4.5042277552,324.3404
111180000,5560,48.4923108898,-4.5042279921,324.3404
111200000,5561,48.4923111092,-4.5042282289,324.3404
111220000,5562,48.4923113287,-4.5042284658,324.3404
111240000,5563,48.4923115481,-4.5042287027,324.3404
111260000,5564,48.4923117675,-4.5042289395,324.3404
111280000,5565,48.4923119869,-4.5042291764,324.3404
111300000,5566,48.4923122064,-4.5042294133,324.3404
111320000,5567,48.4923124258,-4.5042296501,324.3404
111340000,5568,48.4923126452,-4.504229887,324.3404
111360000,5569,48.4923128647,-4.5042301239,324.3404
111380000,5570,48.4923130841,-4.5042303607,324.3404
111400000,5571,48.4923133035,-4.5042305976,324.3404
111420000,5572,48.492313523,-4.5042308345,324.3404
111440000,5573,48.4923137424,-4.5042310713,324.3404
111460000,5574,48.4923139618,-4.5042313082,324.3404
111480000,5575,48.4923141812,-4.5042315451,324.3404
111500000,5576,48.4923144007,-4.504231782,324.3404
111520000,5577,48.4923146201,-4.5042320188,324.3404
111540000,5578,48.4923148395,-4.5042322557,324.3404
111560000,5579,48.492315059,-4.5042324926,324.3404
111580000,5580,48.4923152784,-4.5042327294,324.3404
111600000,5581,48.4923154978,-4.5042329663,324.3404
111620000,5582,48.4923157172,-4.5042332032,324.3404
111640000,5583,48.4923159367,-4.50423344,324.3404
111660000,5584,48.4923161561,-4.5042336769,324.3404
111680000,5585,48.4923163755,-4.5042339138,324.3404
111700000,5586,48.492316595,-4.5042341506,324.3404
111720000,5587,48.4923168144,-4.5042343875,324.3404
111740000,5588,48.4923170338,-4.5042346244,324.3404
111760000,5589,48.4923172533,-4.5042348612,324.3404
111780000,5590,48.4923174727,-4.5042350981,324.3404
111800000,5591,48.4923176921,-4.504235335,324.3404
111820000,5592,48.4923179115,-4.5042355718,324.3404
111840000,5593,48.492318131,-4.5042358087,324.3404
111860000,5594,48.4923183504,-4.5042360456,324.3404
111880000,5595,48.4923185698,-4.5042362824,324.3404
111900000,5596,48.4923187893,-4.5042365193,324.3404
111920000,5597,48.4923190087,-4.5042367562,324.3404
111940000,5598,48.4923192281,-4.5042369931,324.3404
111960000,5599,48.4923194475,-4.5042372299,324.3404
111980000,5600,48.492319667,-4.5042374668,324.3404
112000000,5601,48.4923198864,-4.5042377037,324.3404
112020000,5602,48.4923201058,-4.5042379405,324.3404
112040000,5603,48.4923203253,-4.5042381774,324.3404
112060000,5604,48.4923205447,-4.5042384143,324.3404
112080000,5605,48.4923207641,-4.5042386511,324.3404
112100000,5606,48.4923209836,-4.504238888,324.3404
112120000,5607,48.492321203,-4.5042391249,324.3404
112140000,5608,48.4923214224,-4.5042393617,324.3404
112160000,5609,48.4923216418,-4.5042395986,324.3404
112180000,5610,48.4923218613,-4.5042398355,324.3404
112200000,5611,48.4923220807,-4.5042400723,324.3404
112220000,5612,48.4923223001,-4.5042403092,324.3404
112240000,5613,48.4923225196,-4.5042405461,324.3404
112260000,5614,48.492322739,-4.5042407829,324.3404
112280000,5615,48.4923229584,-4.5042410198,324.3404
112300000,5616,48.4923231778,-4.5042412567,324.3404
112320000,5617,48.4923233973,-4.5042414935,324.3404
112340000,5618,48.4923236167,-4.5042417304,324.3404
112360000,5619,48.4923238361,-4.5042419673,324.3404
112380000,5620,48.4923240556,-4.5042422041,324.3404
112400000,5621,48.492324275,-4.504242441,324.3404
112420000,5622,48.4923244944,-4.5042426779,324.3404
112440000,5623,48.4923247139,-4.5042429148,324.3404
112460000,5624,48.4923249333,-4.5042431516,324.3404
112480000,5625,48.4923251527,-4.5042433885,324.3404
112500000,5626,48.4923253721,-4.5042436254,324.3404
112520000,5627,48.4923255916,-4.5042438622,324.3404
112540000,5628,48.492325811,-4.5042440991,324.3404
112560000,5629,48.4923260304,-4.504244336,324.3404
112580000,5630,48.4923262499,-4.5042445728,324.3404
112600000,5631,48.4923264693,-4.5042448097,324.3404
112620000,5632,48.4923266887,-4.5042450466,324.3404
112640000,5633,48.4923269081,-4.5042452834,324.3404
112660000,5634,48.4923271276,-4.5042455203,324.3404
112680000,5635,48.492327347,-4.5042457572,324.3404
112700000,5636,48.4923275664,-4.504245994,324.3404
112720000,5637,48.4923277859,-4.5042462309,324.3404
112740000,5638,48.4923280053,-4.5042464678,324.3404
112760000,5639,48.4923282247,-4.5042467046,324.3404
112780000,5640,48.4923284442,-4.5042469415,324.3404
112800000,5641,48.4923286636,-4.5042471784,324.3404
112820000,5642,48.492328883,-4.5042474153,324.3404
112840000,5643,48.4923291024,-4.5042476521,324.3404
112860000,5644,48.4923293219,-4.504247889,324.3404
112880000,5645,48.4923295413,-4.5042481259,324.3404
112900000,5646,48.4923297607,-4.5042483627,324.3404
112920000,5647,48.4923299802,-4.5042485996,324.3404
112940000,5648,48.4923301996,-4.5042488365,324.3404
112960000,5649,48.492330419,-4.5042490733,324.3404
112980000,5650,48.4923306385,-4.5042493102,324.3404
113000000,5651,48.4923308579,-4.5042495471,324.3404
113020000,5652,48.4923310773,-4.5042497839,324.3404
113040000,5653,48.4923312967,-4.5042500208,324.3404
113060000,5654,48.4923315162,-4.5042502577,324.3404
113080000,5655,48.4923317356,-4.5042504945,324.3404
113100000,5656,48.492331955,-4.5042507314,324.3404
113120000,5657,48.4923321745,-4.5042509683,324.3404
113140000,5658,48.4923323939,-4.5042512051,324.3404
113160000,5659,48.4923326133,-4.504251442,324.3404
113180000,5660,48.4923328327,-4.5042516789,324.3404
113200000,5661,48.4923330522,-4.5042519157,324.3404
113220000,5662,48.4923332716,-4.5042521526,324.3404
113240000,5663,48.492333491,-4.5042523895,324.3404
113260000,5664,48.4923337105,-4.5042526264,324.3404
113280000,5665,48.4923339299,-4.5042528632,324.3404
113300000,5666,48.4923341493,-4.5042531001,324.3404
113320000,5667,48.4923343688,-4.504253337,324.3404
113340000,5668,48.4923345882,-4.5042535738,324.3404
113360000,5669,48.4923348076,-4.5042538107,324.3404
113380000,5670,48.492335027,-4.5042540476,324.3404
113400000,5671,48.4923352465,-4.5042542844,324.3404
113420000,5672,48.4923354659,-4.5042545213,324.3404
113440000,5673,48.4923356853,-4.5042547582,324.3404
113460000,5674,48.4923359048,-4.504254995,324.3404
113480000,5675,48.4923361242,-4.5042552319,324.3404
113500000,5676,48.4923363436,-4.5042554688,324.3404
113520000,5677,48.492336563,-4.5042557056,324.3404
113540000,5678,48.4923367825,-4.5042559425,324.3404
113560000,5679,48.4923370019,-4.5042561794,324.3404
113580000,5680,48.4923372213,-4.5042564162,324.3404
113600000,5681,48.4923374408,-4.5042566531,324.3404
113620000,5682,48.4923376602,-4.50425689,324.3404
113640000,5683,48.4923378796,-4.5042571268,324.3404
113660000,5684,48.4923380991,-4.5042573637,324.3404
113680000,5685,48.4923383185,-4.5042576006,324.3404
113700000,5686,48.4923385379,-4.5042578375,324.3404
113720000,5687,48.4923387573,-4.5042580743,324.3404
113740000,5688,48.4923389768,-4.5042583112,324.3404
113760000,5689,48.4923391962,-4.5042585481,324.3404
113780000,5690,48.4923394156,-4.5042587849,324.3404
113800000,5691,48.4923396351,-4.5042590218,324.3404
113820000,5692,48.4923398545,-4.5042592587,324.3404
113840000,5693,48.4923400739,-4.5042594955,324.3404
113860000,5694,48.4923402933,-4.5042597324,324.3404
113880000,5695,48.4923405128,-4.5042599693,324.3404
113900000,5696,48.4923407322,-4.5042602061,324.3404
113920000,5697,48.4923409516,-4.504260443,324.3404
113940000,5698,48.4923411711,-4.5042606799,324.3404
113960000,5699,48.4923413905,-4.5042609167,324.3404
113980000,5700,48.4923416099,-4.5042611536,324.3404
114000000,5701,48.4923418294,-4.5042613905,324.3404
114020000,5702,48.4923420488,-4.5042616273,324.3404
114040000,5703,48.4923422682,-4.5042618642,324.3404
114060000,5704,48.4923424876,-4.5042621011,324.3404
114080000,5705,48.4923427071,-4.504262338,324.3404
114100000,5706,48.4923429265,-4.5042625748,324.3404
114120000,5707,48.4923431459,-4.5042628117,324.3404
114140000,5708,48.4923433654,-4.5042630486,324.3404
114160000,5709,48.4923435848,-4.5042632854,324.3404
114180000,5710,48.4923438042,-4.5042635223,324.3404
114200000,5711,48.4923440236,-4.5042637592,324.3404
114220000,5712,48.4923442431,-4.504263996,324.3404
114240000,5713,48.4923444625,-4.5042642329,324.3404
114260000,5714,48.4923446819,-4.5042644698,324.3404
114280000,5715,48.4923449014,-4.5042647066,324.3404
114300000,5716,48.4923451208,-4.5042649435,324.3404
114320000,5717,48.4923453402,-4.5042651804,324.3404
114340000,5718,48.4923455597,-4.5042654172,324.3404
114360000,5719,48.4923457791,-4.5042656541,324.3404
114380000,5720,48.4923459985,-4.504265891,324.3404
114400000,5721,48.4923462179,-4.5042661278,324.3404
114420000,5722,48.4923464374,-4.5042663647,324.3404
114440000,5723,48.4923466568,-4.5042666016,324.3404
114460000,5724,48.4923468762,-4.5042668385,324.3404
114480000,5725,48.4923470957,-4.5042670753,324.3404
114500000,5726,48.4923473151,-4.5042673122,324.3404
114520000,5727,48.4923475345,-4.5042675491,324.3404
114540000,5728,48.4923477539,-4.5042677859,324.3404
114560000,5729,48.4923479734,-4.5042680228,324.3404
114580000,5730,48.4923481928,-4.5042682597,324.3404
114600000,5731,48.4923484122,-4.5042684965,324.3404
114620000,5732,48.4923486317,-4.5042687334,324.3404
114640000,5733,48.4923488511,-4.5042689703,324.3404
114660000,5734,48.4923490705,-4.5042692071,324.3404
114680000,5735,48.49234929,-4.504269444,324.3404
114700000,5736,48.4923495094,-4.5042696809,324.3404
114720000,5737,48.4923497288,-4.5042699177,324.3404
114740000,5738,48.4923499482,-4.5042701546,324.3404
114760000,5739,48.4923501677,-4.5042703915,324.3404
114780000,5740,48.4923503871,-4.5042706283,324.3404
114800000,5741,48.4923506065,-4.5042708652,324.3404
114820000,5742,48.492350826,-4.5042711021,324.3404
114840000,5743,48.4923510454,-4.504271339,324.3404
114860000,5744,48.4923512648,-4.5042715758,324.3404
114880000,5745,48.4923514842,-4.5042718127,324.3404
114900000,5746,48.4923517037,-4.5042720496,324.3404
114920000,5747,48.4923519231,-4.5042722864,324.3404
114940000,5748,48.4923521425,-4.5042725233,324.3404
114960000,5749,48.492352362,-4.5042727602,324.3404
114980000,5750,48.4923525814,-4.504272997,324.3404
115000000,5751,48.4923528008,-4.5042732339,324.3404
115020000,5752,48.4923530202,-4.5042734708,324.3404
115040000,5753,48.4923532397,-4.5042737076,324.3404
115060000,5754,48.4923534591,-4.5042739445,324.3404
115080000,5755,48.4923536785,-4.5042741814,324.3404
115100000,5756,48.492353898,-4.5042744182,324.3404
115120000,5757,48.4923541174,-4.5042746551,324.3404
115140000,5758,48.4923543368,-4.504274892,324.3404
115160000,5759,48.4923545563,-4.5042751288,324.3404
115180000,5760,48.4923547757,-4.5042753657,324.3404
115200000,5761,48.4923549951,-4.5042756026,324.3404
115220000,5762,48.4923552145,-4.5042758395,324.3404
115240000,5763,48.492355434,-4.5042760763,324.3404
115260000,5764,48.4923556534,-4.5042763132,324.3404
115280000,5765,48.4923558728,-4.5042765501,324.3404
115300000,5766,48.4923560923,-4.5042767869,324.3404
115320000,5767,48.4923563117,-4.5042770238,324.3404
115340000,5768,48.4923565311,-4.5042772607,324.3404
115360000,5769,48.4923567505,-4.5042774975,324.3404
115380000,5770,48.49235697,-4.5042777344,324.3404
115400000,5771,48.4923571894,-4.5042779713,324.3404
115420000,5772,48.4923574088,-4.5042782081,324.3404
115440000,5773,48.4923576283,-4.504278445,324.3404
115460000,5774,48.4923578477,-4.5042786819,324.3404
115480000,5775,48.4923580671,-4.5042789187,324.3404
115500000,5776,48.4923582866,-4.5042791556,324.3404
115520000,5777,48.492358506,-4.5042793925,324.3404
115540000,5778,48.4923587254,-4.5042796293,324.3404
115560000,5779,48.4923589448,-4.5042798662,324.3404
115580000,5780,48.4923591643,-4.5042801031,324.3404
115600000,5781,48.4923593837,-4.50428034,324.3404
115620000,5782,48.4923596031,-4.5042805768,324.3404
115640000,5783,48.4923598226,-4.5042808137,324.3404
115660000,5784,48.492360042,-4.5042810506,324.3404
115680000,5785,48.4923602614,-4.5042812874,324.3404
115700000,5786,48.4923604808,-4.5042815243,324.3404
115720000,5787,48.4923607003,-4.5042817612,324.3404
115740000,5788,48.4923609197,-4.504281998,324.3404
115760000,5789,48.4923611391,-4.5042822349,324.3404
115780000,5790,48.4923613586,-4.5042824718,324.3404
115800000,5791,48.492361578,-4.5042827086,324.3404
115820000,5792,48.4923617974,-4.5042829455,324.3404
115840000,5793,48.4923620169,-4.5042831824,324.3404
115860000,5794,48.4923622363,-4.5042834192,324.3404
115880000,5795,48.4923624557,-4.5042836561,324.3404
115900000,5796,48.4923626751,-4.504283893,324.3404
115920000,5797,48.4923628946,-4.5042841298,324.3404
115940000,5798,48.492363114,-4.5042843667,324.3404
115960000,5799,48.4923633334,-4.5042846036,324.3404
115980000,5800,48.4923635529,-4.5042848405,324.3404
116000000,5801,48.4923637723,-4.5042850773,324.3404
116020000,5802,48.4923639917,-4.5042853142,324.3404
116040000,5803,48.4923642111,-4.5042855511,324.3404
116060000,5804,48.4923644306,-4.5042857879,324.3404
116080000,5805,48.49236465,-4.5042860248,324.3404
116100000,5806,48.4923648694,-4.5042862617,324.3404
116120000,5807,48.4923650889,-4.5042864985,324.3404
116140000,5808,48.4923653083,-4.5042867354,324.3404
116160000,5809,48.4923655277,-4.5042869723,324.3404
116180000,5810,48.4923657472,-4.5042872091,324.3404
116200000,5811,48.4923659666,-4.504287446,324.3404
116220000,5812,48.492366186,-4.5042876829,324.3404
116240000,5813,48.4923664054,-4.5042879197,324.3404
116260000,5814,48.4923666249,-4.5042881566,324.3404
116280000,5815,48.4923668443,-4.5042883935,324.3404
116300000,5816,48.4923670637,-4.5042886304,324.3404
116320000,5817,48.4923672832,-4.5042888672,324.3404
116340000,5818,48.4923675026,-4.5042891041,324.3404
116360000,5819,48.492367722,-4.504289341,324.3404
116380000,5820,48.4923679414,-4.5042895778,324.3404
116400000,5821,48.4923681609,-4.5042898147,324.3404
116420000,5822,48.4923683803,-4.5042900516,324.3404
116440000,5823,48.4923685997,-4.5042902884,324.3404
116460000,5824,48.4923688192,-4.5042905253,324.3404
116480000,5825,48.4923690386,-4.5042907622,324.3404
116500000,5826,48.492369258,-4.504290999,324.3404
116520000,5827,48.4923694775,-4.5042912359,324.3404
116540000,5828,48.4923696969,-4.5042914728,324.3404
116560000,5829,48.4923699163,-4.5042917096,324.3404
116580000,5830,48.4923701357,-4.5042919465,324.3404
116600000,5831,48.4923703552,-4.5042921834,324.3404
116620000,5832,48.4923705746,-4.5042924202,324.3404
116640000,5833,48.492370794,-4.5042926571,324.3404
116660000,5834,48.4923710135,-4.504292894,324.3404
116680000,5835,48.4923712329,-4.5042931309,324.3404
116700000,5836,48.4923714523,-4.5042933677,324.3404
116720000,5837,48.4923716717,-4.5042936046,324.3404
116740000,5838,48.4923718912,-4.5042938415,324.3404
116760000,5839,48.4923721106,-4.5042940783,324.3404
116780000,5840,48.49237233,-4.5042943152,324.3404
116800000,5841,48.4923725495,-4.5042945521,324.3404
116820000,5842,48.4923727689,-4.5042947889,324.3404
116840000,5843,48.4923729883,-4.5042950258,324.3404
116860000,5844,48.4923732078,-4.5042952627,324.3404
116880000,5845,48.4923734272,-4.5042954995,324.3404
116900000,5846,48.4923736466,-4.5042957364,324.3404
116920000,5847,48.492373866,-4.5042959733,324.3404
116940000,5848,48.4923740855,-4.5042962101,324.3404
116960000,5849,48.4923743049,-4.504296447,324.3404
116980000,5850,48.4923745243,-4.5042966839,324.3404
117000000,5851,48.4923747438,-4.5042969208,324.3404
117020000,5852,48.4923749632,-4.5042971576,324.3404
117040000,5853,48.4923751826,-4.5042973945,324.3404
117060000,5854,48.492375402,-4.5042976314,324.3404
117080000,5855,48.4923756215,-4.5042978682,324.3404
117100000,5856,48.4923758409,-4.5042981051,324.3404
117120000,5857,48.4923760603,-4.504298342,324.3404
117140000,5858,48.4923762798,-4.5042985788,324.3404
117160000,5859,48.4923764992,-4.5042988157,324.3404
117180000,5860,48.4923767186,-4.5042990526,324.3404
117200000,5861,48.492376938,-4.5042992894,324.3404
117220000,5862,48.4923771575,-4.5042995263,324.3404
117240000,5863,48.4923773769,-4.5042997632,324.3404
117260000,5864,48.4923775963,-4.5043,324.3404
117280000,5865,48.4923778158,-4.5043002369,324.3404
117300000,5866,48.4923780352,-4.5043004738,324.3404
117320000,5867,48.4923782546,-4.5043007107,324.3404
117340000,5868,48.4923784741,-4.5043009475,324.3404
117360000,5869,48.4923786935,-4.5043011844,324.3404
117380000,5870,48.4923789129,-4.5043014213,324.3404
117400000,5871,48.4923791323,-4.5043016581,324.3404
117420000,5872,48.4923793518,-4.504301895,324.3404
117440000,5873,48.4923795712,-4.5043021319,324.3404
117460000,5874,48.4923797906,-4.5043023687,324.3404
117480000,5875,48.4923800101,-4.5043026056,324.3404
117500000,5876,48.4923802295,-4.5043028425,324.3404
117520000,5877,48.4923804489,-4.5043030793,324.3404
117540000,5878,48.4923806683,-4.5043033162,324.3404
117560000,5879,48.4923808878,-4.5043035531,324.3404
117580000,5880,48.4923811072,-4.5043037899,324.3404
117600000,5881,48.4923813266,-4.5043040268,324.3404
117620000,5882,48.4923815461,-4.5043042637,324.3404
117640000,5883,48.4923817655,-4.5043045006,324.3404
117660000,5884,48.4923819849,-4.5043047374,324.3404
117680000,5885,48.4923822044,-4.5043049743,324.3404
117700000,5886,48.4923824238,-4.5043052112,324.3404
117720000,5887,48.4923826432,-4.504305448,324.3404
117740000,5888,48.4923828626,-4.5043056849,324.3404
117760000,5889,48.4923830821,-4.5043059218,324.3404
117780000,5890,48.4923833015,-4.5043061586,324.3404
117800000,5891,48.4923835209,-4.5043063955,324.3404
117820000,5892,48.4923837404,-4.5043066324,324.3404
117840000,5893,48.4923839598,-4.5043068692,324.3404
117860000,5894,48.4923841792,-4.5043071061,324.3404
117880000,5895,48.4923843986,-4.504307343,324.3404
117900000,5896,48.4923846181,-4.5043075798,324.3404
117920000,5897,48.4923848375,-4.5043078167,324.3404
117940000,5898,48.4923850569,-4.5043080536,324.3404
117960000,5899,48.4923852764,-4.5043082905,324.3404
117980000,5900,48.4923854958,-4.5043085273,324.3404
118000000,5901,48.4923857152,-4.5043087642,324.3404
118020000,5902,48.4923859347,-4.5043090011,324.3404
118040000,5903,48.4923861541,-4.5043092379,324.3404
118060000,5904,48.4923863735,-4.5043094748,324.3404
118080000,5905,48.4923865929,-4.5043097117,324.3404
118100000,5906,48.4923868124,-4.5043099485,324.3404
118120000,5907,48.4923870318,-4.5043101854,324.3404
118140000,5908,48.4923872512,-4.5043104223,324.3404
118160000,5909,48.4923874707,-4.5043106591,324.3404
118180000,5910,48.4923876901,-4.504310896,324.3404
118200000,5911,48.4923879095,-4.5043111329,324.3404
118220000,5912,48.4923881289,-4.5043113697,324.3404
118240000,5913,48.4923883484,-4.5043116066,324.3404
118260000,5914,48.4923885678,-4.5043118435,324.3404
118280000,5915,48.4923887872,-4.5043120804,324.3404
118300000,5916,48.4923890067,-4.5043123172,324.3404
118320000,5917,48.4923892261,-4.5043125541,324.3404
118340000,5918,48.4923894455,-4.504312791,324.3404
118360000,5919,48.4923896649,-4.5043130278,324.3404
118380000,5920,48.4923898844,-4.5043132647,324.3404
118400000,5921,48.4923901038,-4.5043135016,324.3404
118420000,5922,48.4923903232,-4.5043137384,324.3404
118440000,5923,48.4923905427,-4.5043139753,324.3404
118460000,5924,48.4923907621,-4.5043142122,324.3404
118480000,5925,48.4923909815,-4.504314449,324.3404
118500000,5926,48.492391201,-4.5043146859,324.3404
118520000,5927,48.4923914204,-4.5043149228,324.3404
118540000,5928,48.4923916398,-4.5043151596,324.3404
118560000,5929,48.4923918592,-4.5043153965,324.3404
118580000,5930,48.4923920787,-4.5043156334,324.3404
118600000,5931,48.4923922981,-4.5043158703,324.3404
118620000,5932,48.4923925175,-4.5043161071,324.3404
118640000,5933,48.492392737,-4.504316344,324.3404
118660000,5934,48.4923929564,-4.5043165809,324.3404
118680000,5935,48.4923931758,-4.5043168177,324.3404
118700000,5936,48.4923933952,-4.5043170546,324.3404
118720000,5937,48.4923936147,-4.5043172915,324.3404
118740000,5938,48.4923938341,-4.5043175283,324.3404
118760000,5939,48.4923940535,-4.5043177652,324.3404
118780000,5940,48.492394273,-4.5043180021,324.3404
118800000,5941,48.4923944924,-4.5043182389,324.3404
118820000,5942,48.4923947118,-4.5043184758,324.3404
118840000,5943,48.4923949313,-4.5043187127,324.3404
118860000,5944,48.4923951507,-4.5043189495,324.3404
118880000,5945,48.4923953701,-4.5043191864,324.3404
118900000,5946,48.4923955895,-4.5043194233,324.3404
118920000,5947,48.492395809,-4.5043196602,324.3404
118940000,5948,48.4923960284,-4.504319897,324.3404
118960000,5949,48.4923962478,-4.5043201339,324.3404
118980000,5950,48.4923964673,-4.5043203708,324.3404
119000000,5951,48.4923966867,-4.5043206076,324.3404
119020000,5952,48.4923969061,-4.5043208445,324.3404
119040000,5953,48.4923971255,-4.5043210814,324.3404
119060000,5954,48.492397345,-4.5043213182,324.3404
119080000,5955,48.4923975644,-4.5043215551,324.3404
119100000,5956,48.4923977838,-4.504321792,324.3404
119120000,5957,48.4923980033,-4.5043220288,324.3404
119140000,5958,48.4923982227,-4.5043222657,324.3404
119160000,5959,48.4923984421,-4.5043225026,324.3404
119180000,5960,48.4923986616,-4.5043227394,324.3404
119200000,5961,48.492398881,-4.5043229763,324.3404
119220000,5962,48.4923991004,-4.5043232132,324.3404
119240000,5963,48.4923993198,-4.5043234501,324.3404
119260000,5964,48.4923995393,-4.5043236869,324.3404
119280000,5965,48.4923997587,-4.5043239238,324.3404
119300000,5966,48.4923999781,-4.5043241607,324.3404
119320000,5967,48.4924001976,-4.5043243975,324.3404
119340000,5968,48.492400417,-4.5043246344,324.3404
119360000,5969,48.4924006364,-4.5043248713,324.3404
119380000,5970,48.4924008558,-4.5043251081,324.3404
119400000,5971,48.4924010753,-4.504325345,324.3404
119420000,5972,48.4924012947,-4.5043255819,324.3404
119440000,5973,48.4924015141,-4.5043258187,324.3404
119460000,5974,48.4924017336,-4.5043260556,324.3404
119480000,5975,48.492401953,-4.5043262925,324.3404
119500000,5976,48.4924021724,-4.5043265294,324.3404
119520000,5977,48.4924023918,-4.5043267662,324.3404
119540000,5978,48.4924026113,-4.5043270031,324.3404
119560000,5979,48.4924028307,-4.50432724,324.3404
119580000,5980,48.4924030501,-4.5043274768,324.3404
119600000,5981,48.4924032696,-4.5043277137,324.3404
119620000,5982,48.492403489,-4.5043279506,324.3404
119640000,5983,48.4924037084,-4.5043281874,324.3404
119660000,5984,48.4924039279,-4.5043284243,324.3404
119680000,5985,48.4924041473,-4.5043286612,324.3404
119700000,5986,48.4924043667,-4.504328898,324.3404
119720000,5987,48.4924045861,-4.5043291349,324.3404
119740000,5988,48.4924048056,-4.5043293718,324.3404
119760000,5989,48.492405025,-4.5043296086,324.3404
119780000,5990,48.4924052444,-4.5043298455,324.3404
119800000,5991,48.4924054639,-4.5043300824,324.3404
119820000,5992,48.4924056833,-4.5043303193,324.3404
119840000,5993,48.4924059027,-4.5043305561,324.3404
119860000,5994,48.4924061221,-4.504330793,324.3404
119880000,5995,48.4924063416,-4.5043310299,324.3404
119900000,5996,48.492406561,-4.5043312667,324.3404
119920000,5997,48.4924067804,-4.5043315036,324.3404
119940000,5998,48.4924069999,-4.5043317405,324.3404
119960000,5999,48.4924072193,-4.5043319773,324.3404
119980000,6000,48.4924074387,-4.5043322142,324.3404
120000000,6001,48.4924076582,-4.5043324511,324.3404
120020000,6002,48.4924078776,-4.5043326879,324.3404
120040000,6003,48.492408097,-4.5043329248,324.3404
120060000,6004,48.4924083164,-4.5043331617,324.3404
120080000,6005,48.4924085359,-4.5043333985,324.3404
120100000,6006,48.4924087553,-4.5043336354,324.3404
120120000,6007,48.4924089747,-4.5043338723,324.3404
120140000,6008,48.4924091942,-4.5043341092,324.3404
120160000,6009,48.4924094136,-4.504334346,324.3404
120180000,6010,48.492409633,-4.5043345829,324.3404
120200000,6011,48.4924098524,-4.5043348198,324.3404
120220000,6012,48.4924100719,-4.5043350566,324.3404
120240000,6013,48.4924102913,-4.5043352935,324.3404
120260000,6014,48.4924105107,-4.5043355304,324.3404
120280000,6015,48.4924107302,-4.5043357672,324.3404
120300000,6016,48.4924109496,-4.5043360041,324.3404
120320000,6017,48.492411169,-4.504336241,324.3404
120340000,6018,48.4924113884,-4.5043364778,324.3404
120360000,6019,48.4924116079,-4.5043367147,324.3404
120380000,6020,48.4924118273,-4.5043369516,324.3404
120400000,6021,48.4924120467,-4.5043371885,324.3404
120420000,6022,48.4924122662,-4.5043374253,324.3404
120440000,6023,48.4924124856,-4.5043376622,324.3404
120460000,6024,48.492412705,-4.5043378991,324.3404
120480000,6025,48.4924129245,-4.5043381359,324.3404
120500000,6026,48.4924131439,-4.5043383728,324.3404
120520000,6027,48.4924133633,-4.5043386097,324.3404
120540000,6028,48.4924135827,-4.5043388465,324.3404
120560000,6029,48.4924138022,-4.5043390834,324.3404
120580000,6030,48.4924140216,-4.5043393203,324.3404
120600000,6031,48.492414241,-4.5043395571,324.3404
120620000,6032,48.4924144605,-4.504339794,324.3404
120640000,6033,48.4924146799,-4.5043400309,324.3404
120660000,6034,48.4924148993,-4.5043402678,324.3404
120680000,6035,48.4924151187,-4.5043405046,324.3404
120700000,6036,48.4924153382,-4.5043407415,324.3404
120720000,6037,48.4924155576,-4.5043409784,324.3404
120740000,6038,48.492415777,-4.5043412152,324.3404
120760000,6039,48.4924159965,-4.5043414521,324.3404
120780000,6040,48.4924162159,-4.504341689,324.3404
120800000,6041,48.4924164353,-4.5043419258,324.3404
120820000,6042,48.4924166547,-4.5043421627,324.3404
120840000,6043,48.4924168742,-4.5043423996,324.3404
120860000,6044,48.4924170936,-4.5043426364,324.3404
120880000,6045,48.492417313,-4.5043428733,324.3404
120900000,6046,48.4924175325,-4.5043431102,324.3404
120920000,6047,48.4924177519,-4.504343347,324.3404
120940000,6048,48.4924179713,-4.5043435839,324.3404
120960000,6049,48.4924181908,-4.5043438208,324.3404
120980000,6050,48.4924184102,-4.5043440577,324.3404
121000000,6051,48.4924186296,-4.5043442945,324.3404
121020000,6052,48.492418849,-4.5043445314,324.3404
121040000,6053,48.4924190685,-4.5043447683,324.3404
121060000,6054,48.4924192879,-4.5043450051,324.3404
121080000,6055,48.4924195073,-4.504345242,324.3404
121100000,6056,48.4924197268,-4.5043454789,324.3404
121120000,6057,48.4924199462,-4.5043457157,324.3404
121140000,6058,48.4924201656,-4.5043459526,324.3404
121160000,6059,48.492420385,-4.5043461895,324.3404
121180000,6060,48.4924206045,-4.5043464263,324.3404
121200000,6061,48.4924208239,-4.5043466632,324.3404
121220000,6062,48.4924210433,-4.5043469001,324.3404
121240000,6063,48.4924212628,-4.504347137,324.3404
121260000,6064,48.4924214822,-4.5043473738,324.3404
121280000,6065,48.4924217016,-4.5043476107,324.3404
121300000,6066,48.4924219211,-4.5043478476,324.3404
121320000,6067,48.4924221405,-4.5043480844,324.3404
121340000,6068,48.4924223599,-4.5043483213,324.3404
121360000,6069,48.4924225793,-4.5043485582,324.3404
121380000,6070,48.4924227988,-4.504348795,324.3404
121400000,6071,48.4924230182,-4.5043490319,324.3404
121420000,6072,48.4924232376,-4.5043492688,324.3404
121440000,6073,48.4924234571,-4.5043495056,324.3404
121460000,6074,48.4924236765,-4.5043497425,324.3404
121480000,6075,48.4924238959,-4.5043499794,324.3404
121500000,6076,48.4924241153,-4.5043502163,324.3404
121520000,6077,48.4924243348,-4.5043504531,324.3404
121540000,6078,48.4924245542,-4.50435069,324.3404
121560000,6079,48.4924247736,-4.5043509269,324.3404
121580000,6080,48.4924249931,-4.5043511637,324.3404
121600000,6081,48.4924252125,-4.5043514006,324.3404
121620000,6082,48.4924254319,-4.5043516375,324.3404
121640000,6083,48.4924256513,-4.5043518743,324.3404
121660000,6084,48.4924258708,-4.5043521112,324.3404
121680000,6085,48.4924260902,-4.5043523481,324.3404
121700000,6086,48.4924263096,-4.5043525849,324.3404
121720000,6087,48.4924265291,-4.5043528218,324.3404
121740000,6088,48.4924267485,-4.5043530587,324.3404
121760000,6089,48.4924269679,-4.5043532955,324.3404
121780000,6090,48.4924271874,-4.5043535324,324.3404
121800000,6091,48.4924274068,-4.5043537693,324.3404
121820000,6092,48.4924276262,-4.5043540062,324.3404
121840000,6093,48.4924278456,-4.504354243,324.3404
121860000,6094,48.4924280651,-4.5043544799,324.3404
121880000,6095,48.4924282845,-4.5043547168,324.3404
121900000,6096,48.4924285039,-4.5043549536,324.3404
121920000,6097,48.4924287234,-4.5043551905,324.3404
121940000,6098,48.4924289428,-4.5043554274,324.3404
121960000,6099,48.4924291622,-4.5043556642,324.3404
121980000,6100,48.4924293816,-4.5043559011,324.3404
122000000,6101,48.4924296011,-4.504356138,324.3404
122020000,6102,48.4924298205,-4.5043563748,324.3404
122040000,6103,48.4924300399,-4.5043566117,324.3404
122060000,6104,48.4924302594,-4.5043568486,324.3404
122080000,6105,48.4924304788,-4.5043570855,324.3404
122100000,6106,48.4924306982,-4.5043573223,324.3404
122120000,6107,48.4924309176,-4.5043575592,324.3404
122140000,6108,48.4924311371,-4.5043577961,324.3404
122160000,6109,48.4924313565,-4.5043580329,324.3404
122180000,6110,48.4924315759,-4.5043582698,324.3404
122200000,6111,48.4924317954,-4.5043585067,324.3404
122220000,6112,48.4924320148,-4.5043587435,324.3404
122240000,6113,48.4924322342,-4.5043589804,324.3404
122260000,6114,48.4924324537,-4.5043592173,324.3404
122280000,6115,48.4924326731,-4.5043594541,324.3404
122300000,6116,48.4924328925,-4.504359691,324.3404
122320000,6117,48.4924331119,-4.5043599279,324.3404
122340000,6118,48.4924333314,-4.5043601648,324.3404
122360000,6119,48.4924335508,-4.5043604016,324.3404
122380000,6120,48.4924337702,-4.5043606385,324.3404
122400000,6121,48.4924339897,-4.5043608754,324.3404
122420000,6122,48.4924342091,-4.5043611122,324.3404
122440000,6123,48.4924344285,-4.5043613491,324.3404
122460000,6124,48.4924346479,-4.504361586,324.3404
122480000,6125,48.4924348674,-4.5043618228,324.3404
122500000,6126,48.4924350868,-4.5043620597,324.3404
122520000,6127,48.4924353062,-4.5043622966,324.3404
122540000,6128,48.4924355257,-4.5043625334,324.3404
122560000,6129,48.4924357451,-4.5043627703,324.3404
122580000,6130,48.4924359645,-4.5043630072,324.3404
122600000,6131,48.4924361839,-4.5043632441,324.3404
122620000,6132,48.4924364034,-4.5043634809,324.3404
122640000,6133,48.4924366228,-4.5043637178,324.3404
122660000,6134,48.4924368422,-4.5043639547,324.3404
122680000,6135,48.4924370617,-4.5043641915,324.3404
122700000,6136,48.4924372811,-4.5043644284,324.3404
122720000,6137,48.4924375005,-4.5043646653,324.3404
122740000,6138,48.49243772,-4.5043649021,324.3404
122760000,6139,48.4924379394,-4.504365139,324.3404
122780000,6140,48.4924381588,-4.5043653759,324.3404
122800000,6141,48.4924383782,-4.5043656127,324.3404
122820000,6142,48.4924385977,-4.5043658496,324.3404
122840000,6143,48.4924388171,-4.5043660865,324.3404
122860000,6144,48.4924390365,-4.5043663234,324.3404
122880000,6145,48.492439256,-4.5043665602,324.3404
122900000,6146,48.4924394754,-4.5043667971,324.3404
122920000,6147,48.4924396948,-4.504367034,324.3404
122940000,6148,48.4924399142,-4.5043672708,324.3404
122960000,6149,48.4924401337,-4.5043675077,324.3404
122980000,6150,48.4924403531,-4.5043677446,324.3404
123000000,6151,48.4924405725,-4.5043679814,324.3404
123020000,6152,48.492440792,-4.5043682183,324.3404
123040000,6153,48.4924410114,-4.5043684552,324.3404
123060000,6154,48.4924412308,-4.504368692,324.3404
123080000,6155,48.4924414503,-4.5043689289,324.3404
123100000,6156,48.4924416697,-4.5043691658,324.3404
123120000,6157,48.4924418891,-4.5043694027,324.3404
123140000,6158,48.4924421085,-4.5043696395,324.3404
123160000,6159,48.492442328,-4.5043698764,324.3404
123180000,6160,48.4924425474,-4.5043701133,324.3404
123200000,6161,48.4924427668,-4.5043703501,324.3404
123220000,6162,48.4924429863,-4.504370587,324.3404
123240000,6163,48.4924429863,-4.504370587,324.3404
123260000,6164,48.4924431334,-4.5043707408,326.1016
123280000,6165,48.4924432795,-4.5043708835,327.9449
123300000,6166,48.4924434244,-4.504371015,329.8725
123320000,6167,48.4924435683,-4.5043711357,331.8862
123340000,6168,48.492443711,-4.5043712454,333.987
123360000,6169,48.4924438526,-4.5043713445,336.1752
123380000,6170,48.4924439931,-4.5043714329,338.45
123400000,6171,48.4924441325,-4.5043715108,340.8097
123420000,6172,48.4924442707,-4.5043715783,343.2513
123440000,6173,48.4924444077,-4.5043716354,345.7704
123460000,6174,48.4924445436,-4.5043716824,348.3612
123480000,6175,48.4924446784,-4.5043717194,351.0166
123500000,6176,48.492444812,-4.5043717463,353.7278
123520000,6177,48.4924449443,-4.5043717634,356.485
123540000,6178,48.4924450755,-4.5043717707,359.277
123560000,6179,48.4924452055,-4.5043717684,2.0918
123580000,6180,48.4924453343,-4.5043717565,4.9169
123600000,6181,48.4924454619,-4.5043717352,7.7394
123620000,6182,48.4924455883,-4.5043717046,10.5464
123640000,6183,48.4924457135,-4.5043716648,13.3258
123660000,6184,48.4924458374,-4.5043716159,16.0658
123680000,6185,48.4924459601,-4.504371558,18.756
123700000,6186,48.4924460816,-4.5043714912,21.3871
123720000,6187,48.4924462018,-4.5043714156,23.9511
123740000,6188,48.4924463207,-4.5043713314,26.4416
123760000,6189,48.4924464384,-4.5043712386,28.8536
123780000,6190,48.4924465548,-4.5043711374,31.1833
123800000,6191,48.4924466699,-4.5043710279,33.4284
123820000,6192,48.4924467837,-4.5043709101,35.5877
123840000,6193,48.4924468963,-4.5043707842,37.6611
123860000,6194,48.4924470075,-4.5043706503,39.6492
123880000,6195,48.4924471174,-4.5043705085,41.5534
123900000,6196,48.4924472261,-4.5043703589,43.3757
123920000,6197,48.4924473333,-4.5043702016,45.1185
123940000,6198,48.4924474393,-4.5043700367,46.7847
123960000,6199,48.4924475439,-4.5043698644,48.377
123980000,6200,48.4924476472,-4.5043696847,49.8988
124000000,6201,48.4924477491,-4.5043694978,51.3533
124020000,6202,48.4924478497,-4.5043693038,52.7436
124040000,6203,48.4924479489,-4.5043691027,54.0731
124060000,6204,48.4924480467,-4.5043688947,55.3448
124080000,6205,48.4924481432,-4.5043686799,56.5619
124100000,6206,48.4924482383,-4.5043684584,57.7273
124120000,6207,48.4924483319,-4.5043682303,58.844
124140000,6208,48.4924484242,-4.5043679957,59.9146
124160000,6209,48.4924485151,-4.5043677548,60.9417
124180000,6210,48.4924486045,-4.5043675076,61.928
124200000,6211,48.4924486925,-4.5043672542,62.8756
124220000,6212,48.4924487791,-4.5043669948,63.7869
124240000,6213,48.4924488642,-4.5043667295,64.664
124260000,6214,48.4924489479,-4.5043664583,65.5087
124280000,6215,48.4924490302,-4.5043661814,66.3231
124300000,6216,48.492449111,-4.504365899,67.1088
124320000,6217,48.4924491903,-4.504365611,67.8675
124340000,6218,48.4924492682,-4.5043653176,68.6007
124360000,6219,48.4924493445,-4.5043650189,69.31
124380000,6220,48.4924494194,-4.5043647151,69.9967
124400000,6221,48.4924494928,-4.5043644062,70.6621
124420000,6222,48.4924495647,-4.5043640924,71.3073
124440000,6223,48.4924496351,-4.5043637737,71.9337
124460000,6224,48.4924497039,-4.5043634502,72.5421
124480000,6225,48.4924497712,-4.5043631222,73.1337
124500000,6226,48.492449837,-4.5043627896,73.7094
124520000,6227,48.4924499013,-4.5043624527,74.2702
124540000,6228,48.492449964,-4.5043621114,74.8167
124560000,6229,48.4924500252,-4.5043617659,75.35
124580000,6230,48.4924500848,-4.5043614164,75.8707
124600000,6231,48.4924501428,-4.5043610629,76.3795
124620000,6232,48.4924501993,-4.5043607055,76.8771
124640000,6233,48.4924502542,-4.5043603444,77.3642
124660000,6234,48.4924503075,-4.5043599796,77.8414
124680000,6235,48.4924503592,-4.5043596113,78.3093
124700000,6236,48.4924504092,-4.5043592395,78.7684
124720000,6237,48.4924504577,-4.5043588645,79.2192
124740000,6238,48.4924505046,-4.5043584862,79.6623
124760000,6239,48.4924505498,-4.5043581049,80.0982
124780000,6240,48.4924505934,-4.5043577205,80.5272
124800000,6241,48.4924506354,-4.5043573333,80.9498
124820000,6242,48.4924506757,-4.5043569433,81.3665
124840000,6243,48.4924507144,-4.5043565507,81.7777
124860000,6244,48.4924507514,-4.5043561555,82.1837
124880000,6245,48.4924507867,-4.5043557578,82.5849
124900000,6246,48.4924508204,-4.5043553578,82.9817
124920000,6247,48.4924508524,-4.5043549556,83.3744
124940000,6248,48.4924508827,-4.5043545513,83.7633
124960000,6249,48.4924509113,-4.504354145,84.1489
124980000,6250,48.4924509382,-4.5043537367,84.5313
125000000,6251,48.4924509633,-4.5043533267,84.9109
125020000,6252,48.4924509868,-4.504352915,85.2881
125040000,6253,48.4924510085,-4.5043525017,85.663
125060000,6254,48.4924510285,-4.504352087,86.036
125080000,6255,48.4924510468,-4.5043516709,86.4074
125100000,6256,48.4924510633,-4.5043512536,86.7774
125120000,6257,48.4924510781,-4.5043508352,87.1463
125140000,6258,48.4924510911,-4.5043504157,87.5144
125160000,6259,48.4924511023,-4.5043499953,87.8819
125180000,6260,48.4924511118,-4.5043495741,88.2491
125200000,6261,48.4924511194,-4.5043491522,88.6162
125220000,6262,48.4924511253,-4.5043487297,88.9836
125240000,6263,48.4924511294,-4.5043483067,89.3514
125260000,6264,48.4924511317,-4.5043478834,89.7199
125280000,6265,48.4924511322,-4.5043474597,90.0893
125300000,6266,48.4924511308,-4.504347036,90.46
125320000,6267,48.4924511276,-4.5043466122,90.8321
125340000,6268,48.4924511226,-4.5043461885,91.206
125360000,6269,48.4924511158,-4.5043457649,91.5818
125380000,6270,48.4924511071,-4.5043453416,91.9599
125400000,6271,48.4924510965,-4.5043449188,92.3405
125420000,6272,48.4924510841,-4.5043444964,92.7238
125440000,6273,48.4924510698,-4.5043440746,93.1102
125460000,6274,48.4924510537,-4.5043436536,93.4999
125480000,6275,48.4924510356,-4.5043432334,93.8932
125500000,6276,48.4924510157,-4.5043428141,94.2904
125520000,6277,48.4924509939,-4.5043423959,94.6917
125540000,6278,48.4924509701,-4.5043419788,95.0975
125560000,6279,48.4924509445,-4.504341563,95.5081
125580000,6280,48.4924509169,-4.5043411486,95.9237
125600000,6281,48.4924508874,-4.5043407357,96.3448
125620000,6282,48.492450856,-4.5043403243,96.7716
125640000,6283,48.4924508226,-4.5043399147,97.2044
125660000,6284,48.4924507873,-4.5043395069,97.6437
125680000,6285,48.49245075,-4.5043391009,98.0898
125700000,6286,48.4924507108,-4.5043386971,98.543
125720000,6287,48.4924506696,-4.5043382953,99.0038
125740000,6288,48.4924506264,-4.5043378959,99.4725
125760000,6289,48.4924505813,-4.5043374987,99.9496
125780000,6290,48.4924505341,-4.5043371041,100.4355
125800000,6291,48.4924504849,-4.504336712,100.9306
125820000,6292,48.4924504338,-4.5043363226,101.4354
125840000,6293,48.4924503806,-4.504335936,101.9503
125860000,6294,48.4924503254,-4.5043355523,102.476
125880000,6295,48.4924502682,-4.5043351716,103.0128
125900000,6296,48.4924502089,-4.504334794,103.5614
125920000,6297,48.4924501476,-4.5043344197,104.1222
125940000,6298,48.4924500843,-4.5043340487,104.696
125960000,6299,48.4924500189,-4.5043336811,105.2832
125980000,6300,48.4924499514,-4.5043333171,105.8845
126000000,6301,48.4924498819,-4.5043329568,106.5006
126020000,6302,48.4924498102,-4.5043326003,107.1322
126040000,6303,48.4924497365,-4.5043322476,107.7799
126060000,6304,48.4924496607,-4.5043318989,108.4446
126080000,6305,48.4924495829,-4.5043315544,109.1269
126100000,6306,48.4924495029,-4.504331214,109.8278
126120000,6307,48.4924494207,-4.504330878,110.548
126140000,6308,48.4924493365,-4.5043305464,111.2883
126160000,6309,48.4924492501,-4.5043302194,112.0498
126180000,6310,48.4924491616,-4.504329897,112.8333
126200000,6311,48.492449071,-4.5043295793,113.6398
126220000,6312,48.4924489782,-4.5043292665,114.4702
126240000,6313,48.4924488833,-4.5043289587,115.3257
126260000,6314,48.4924487862,-4.504328656,116.2072
126280000,6315,48.4924486869,-4.5043283585,117.1158
126300000,6316,48.4924485854,-4.5043280663,118.0527
126320000,6317,48.4924484818,-4.5043277795,119.019
126340000,6318,48.4924483759,-4.5043274982,120.0157
126360000,6319,48.4924482679,-4.5043272225,121.0442
126380000,6320,48.4924481577,-4.5043269526,122.1054
126400000,6321,48.4924480452,-4.5043266886,123.2007
126420000,6322,48.4924479305,-4.5043264305,124.3311
126440000,6323,48.4924478136,-4.5043261785,125.4978
126460000,6324,48.4924476945,-4.5043259326,126.7018
126480000,6325,48.4924475731,-4.504325693,127.9443
126500000,6326,48.4924474494,-4.5043254599,129.2261
126520000,6327,48.4924473236,-4.5043252332,130.5482
126540000,6328,48.4924471954,-4.5043250131,131.9114
126560000,6329,48.492447065,-4.5043247998,133.3164
126580000,6330,48.4924469323,-4.5043245933,134.7637
126600000,6331,48.4924467973,-4.5043243937,136.2536
126620000,6332,48.49244666,-4.5043242012,137.7863
126640000,6333,48.4924465204,-4.5043240159,139.3618
126660000,6334,48.4924463785,-4.5043238378,140.9798
126680000,6335,48.4924462343,-4.5043236671,142.6396
126700000,6336,48.4924460877,-4.5043235039,144.3404
126720000,6337,48.4924460877,-4.5043235039,144.3404
126740000,6338,48.4924458683,-4.504323267,144.3404
126760000,6339,48.4924456489,-4.5043230302,144.3404
126780000,6340,48.4924454294,-4.5043227933,144.3404
126800000,6341,48.49244521,-4.5043225564,144.3404
126820000,6342,48.4924449906,-4.5043223195,144.3404
126840000,6343,48.4924447712,-4.5043220827,144.3404
126860000,6344,48.4924445517,-4.5043218458,144.3404
126880000,6345,48.4924443323,-4.5043216089,144.3404
126900000,6346,48.4924441129,-4.5043213721,144.3404
126920000,6347,48.4924438934,-4.5043211352,144.3404
126940000,6348,48.492443674,-4.5043208983,144.3404
126960000,6349,48.4924434546,-4.5043206615,144.3404
126980000,6350,48.4924432352,-4.5043204246,144.3404
127000000,6351,48.4924430157,-4.5043201877,144.3404
127020000,6352,48.4924427963,-4.5043199509,144.3404
127040000,6353,48.4924425769,-4.504319714,144.3404
127060000,6354,48.4924423574,-4.5043194771,144.3404
127080000,6355,48.492442138,-4.5043192402,144.3404
127100000,6356,48.4924419186,-4.5043190034,144.3404
127120000,6357,48.4924416991,-4.5043187665,144.3404
127140000,6358,48.4924414797,-4.5043185296,144.3404
127160000,6359,48.4924412603,-4.5043182928,144.3404
127180000,6360,48.4924410409,-4.5043180559,144.3404
127200000,6361,48.4924408214,-4.504317819,144.3404
127220000,6362,48.492440602,-4.5043175822,144.3404
127240000,6363,48.4924403826,-4.5043173453,144.3404
127260000,6364,48.4924401631,-4.5043171084,144.3404
127280000,6365,48.4924399437,-4.5043168716,144.3404
127300000,6366,48.4924397243,-4.5043166347,144.3404
127320000,6367,48.4924395049,-4.5043163978,144.3404
127340000,6368,48.4924392854,-4.504316161,144.3404
127360000,6369,48.492439066,-4.5043159241,144.3404
127380000,6370,48.4924388466,-4.5043156872,144.3404
127400000,6371,48.4924386271,-4.5043154503,144.3404
127420000,6372,48.4924384077,-4.5043152135,144.3404
127440000,6373,48.4924381883,-4.5043149766,144.3404
127460000,6374,48.4924379689,-4.5043147397,144.3404
127480000,6375,48.4924377494,-4.5043145029,144.3404
127500000,6376,48.49243753,-4.504314266,144.3404
127520000,6377,48.4924373106,-4.5043140291,144.3404
127540000,6378,48.4924370911,-4.5043137923,144.3404
127560000,6379,48.4924368717,-4.5043135554,144.3404
127580000,6380,48.4924366523,-4.5043133185,144.3404
127600000,6381,48.4924364328,-4.5043130817,144.3404
127620000,6382,48.4924362134,-4.5043128448,144.3404
127640000,6383,48.492435994,-4.5043126079,144.3404
127660000,6384,48.4924357746,-4.504312371,144.3404
127680000,6385,48.4924355551,-4.5043121342,144.3404
127700000,6386,48.4924353357,-4.5043118973,144.3404
127720000,6387,48.4924351163,-4.5043116604,144.3404
127740000,6388,48.4924348968,-4.5043114236,144.3404
127760000,6389,48.4924346774,-4.5043111867,144.3404
127780000,6390,48.492434458,-4.5043109498,144.3404
127800000,6391,48.4924342386,-4.504310713,144.3404
127820000,6392,48.4924340191,-4.5043104761,144.3404
127840000,6393,48.4924337997,-4.5043102392,144.3404
127860000,6394,48.4924335803,-4.5043100024,144.3404
127880000,6395,48.4924333608,-4.5043097655,144.3404
127900000,6396,48.4924331414,-4.5043095286,144.3404
127920000,6397,48.492432922,-4.5043092917,144.3404
127940000,6398,48.4924327025,-4.5043090549,144.3404
127960000,6399,48.4924324831,-4.504308818,144.3404
127980000,6400,48.4924322637,-4.5043085811,144.3404
128000000,6401,48.4924320443,-4.5043083443,144.3404
128020000,6402,48.4924318248,-4.5043081074,144.3404
128040000,6403,48.4924316054,-4.5043078705,144.3404
128060000,6404,48.492431386,-4.5043076337,144.3404
128080000,6405,48.4924311665,-4.5043073968,144.3404
128100000,6406,48.4924309471,-4.5043071599,144.3404
128120000,6407,48.4924307277,-4.5043069231,144.3404
128140000,6408,48.4924305083,-4.5043066862,144.3404
128160000,6409,48.4924302888,-4.5043064493,144.3404
128180000,6410,48.4924300694,-4.5043062125,144.3404
128200000,6411,48.49242985,-4.5043059756,144.3404
128220000,6412,48.4924296305,-4.5043057387,144.3404
128240000,6413,48.4924294111,-4.5043055018,144.3404
128260000,6414,48.4924291917,-4.504305265,144.3404
128280000,6415,48.4924289723,-4.5043050281,144.3404
128300000,6416,48.4924287528,-4.5043047912,144.3404
128320000,6417,48.4924285334,-4.5043045544,144.3404
128340000,6418,48.492428314,-4.5043043175,144.3404
128360000,6419,48.4924280945,-4.5043040806,144.3404
128380000,6420,48.4924278751,-4.5043038438,144.3404
128400000,6421,48.4924276557,-4.5043036069,144.3404
128420000,6422,48.4924274362,-4.50430337,144.3404
128440000,6423,48.4924272168,-4.5043031332,144.3404
128460000,6424,48.4924269974,-4.5043028963,144.3404
128480000,6425,48.492426778,-4.5043026594,144.3404
128500000,6426,48.4924265585,-4.5043024225,144.3404
128520000,6427,48.4924263391,-4.5043021857,144.3404
128540000,6428,48.4924261197,-4.5043019488,144.3404
128560000,6429,48.4924259002,-4.5043017119,144.3404
128580000,6430,48.4924256808,-4.5043014751,144.3404
128600000,6431,48.4924254614,-4.5043012382,144.3404
128620000,6432,48.492425242,-4.5043010013,144.3404
128640000,6433,48.4924250225,-4.5043007645,144.3404
128660000,6434,48.4924248031,-4.5043005276,144.3404
128680000,6435,48.4924245837,-4.5043002907,144.3404
128700000,6436,48.4924243642,-4.5043000539,144.3404
128720000,6437,48.4924241448,-4.504299817,144.3404
128740000,6438,48.4924239254,-4.5042995801,144.3404
128760000,6439,48.4924237059,-4.5042993433,144.3404
128780000,6440,48.4924234865,-4.5042991064,144.3404
128800000,6441,48.4924232671,-4.5042988695,144.3404
128820000,6442,48.4924230477,-4.5042986326,144.3404
128840000,6443,48.4924228282,-4.5042983958,144.3404
128860000,6444,48.4924226088,-4.5042981589,144.3404
128880000,6445,48.4924223894,-4.504297922,144.3404
128900000,6446,48.4924221699,-4.5042976852,144.3404
128920000,6447,48.4924219505,-4.5042974483,144.3404
128940000,6448,48.4924217311,-4.5042972114,144.3404
128960000,6449,48.4924215117,-4.5042969746,144.3404
128980000,6450,48.4924212922,-4.5042967377,144.3404
129000000,6451,48.4924210728,-4.5042965008,144.3404
129020000,6452,48.4924208534,-4.504296264,144.3404
129040000,6453,48.4924206339,-4.5042960271,144.3404
129060000,6454,48.4924204145,-4.5042957902,144.3404
129080000,6455,48.4924201951,-4.5042955534,144.3404
129100000,6456,48.4924199756,-4.5042953165,144.3404
129120000,6457,48.4924197562,-4.5042950796,144.3404
129140000,6458,48.4924195368,-4.5042948427,144.3404
129160000,6459,48.4924193174,-4.5042946059,144.3404
129180000,6460,48.4924190979,-4.504294369,144.3404
129200000,6461,48.4924188785,-4.5042941321,144.3404
129220000,6462,48.4924186591,-4.5042938953,144.3404
129240000,6463,48.4924184396,-4.5042936584,144.3404
129260000,6464,48.4924182202,-4.5042934215,144.3404
129280000,6465,48.4924180008,-4.5042931847,144.3404
129300000,6466,48.4924177814,-4.5042929478,144.3404
129320000,6467,48.4924175619,-4.5042927109,144.3404
129340000,6468,48.4924173425,-4.5042924741,144.3404
129360000,6469,48.4924171231,-4.5042922372,144.3404
129380000,6470,48.4924169036,-4.5042920003,144.3404
129400000,6471,48.4924166842,-4.5042917635,144.3404
129420000,6472,48.4924164648,-4.5042915266,144.3404
129440000,6473,48.4924162453,-4.5042912897,144.3404
129460000,6474,48.4924160259,-4.5042910528,144.3404
129480000,6475,48.4924158065,-4.504290816,144.3404
129500000,6476,48.4924155871,-4.5042905791,144.3404
129520000,6477,48.4924153676,-4.5042903422,144.3404
129540000,6478,48.4924151482,-4.5042901054,144.3404
129560000,6479,48.4924149288,-4.5042898685,144.3404
129580000,6480,48.4924147093,-4.5042896316,144.3404
129600000,6481,48.4924144899,-4.5042893948,144.3404
129620000,6482,48.4924142705,-4.5042891579,144.3404
129640000,6483,48.4924140511,-4.504288921,144.3404
129660000,6484,48.4924138316,-4.5042886842,144.3404
129680000,6485,48.4924136122,-4.5042884473,144.3404
129700000,6486,48.4924133928,-4.5042882104,144.3404
129720000,6487,48.4924131733,-4.5042879735,144.3404
129740000,6488,48.4924129539,-4.5042877367,144.3404
129760000,6489,48.4924127345,-4.5042874998,144.3404
129780000,6490,48.4924125151,-4.5042872629,144.3404
129800000,6491,48.4924122956,-4.5042870261,144.3404
129820000,6492,48.4924120762,-4.5042867892,144.3404
129840000,6493,48.4924118568,-4.5042865523,144.3404
129860000,6494,48.4924116373,-4.5042863155,144.3404
129880000,6495,48.4924114179,-4.5042860786,144.3404
129900000,6496,48.4924111985,-4.5042858417,144.3404
129920000,6497,48.492410979,-4.5042856049,144.3404
129940000,6498,48.4924107596,-4.504285368,144.3404
129960000,6499,48.4924105402,-4.5042851311,144.3404
129980000,6500,48.4924103208,-4.5042848943,144.3404
130000000,6501,48.4924101013,-4.5042846574,144.3404
130020000,6502,48.4924098819,-4.5042844205,144.3404
130040000,6503,48.4924096625,-4.5042841836,144.3404
130060000,6504,48.492409443,-4.5042839468,144.3404
130080000,6505,48.4924092236,-4.5042837099,144.3404
130100000,6506,48.4924090042,-4.504283473,144.3404
130120000,6507,48.4924087848,-4.5042832362,144.3404
130140000,6508,48.4924085653,-4.5042829993,144.3404
130160000,6509,48.4924083459,-4.5042827624,144.3404
130180000,6510,48.4924081265,-4.5042825256,144.3404
130200000,6511,48.492407907,-4.5042822887,144.3404
130220000,6512,48.4924076876,-4.5042820518,144.3404
130240000,6513,48.4924074682,-4.504281815,144.3404
130260000,6514,48.4924072487,-4.5042815781,144.3404
130280000,6515,48.4924070293,-4.5042813412,144.3404
130300000,6516,48.4924068099,-4.5042811044,144.3404
130320000,6517,48.4924065905,-4.5042808675,144.3404
130340000,6518,48.492406371,-4.5042806306,144.3404
130360000,6519,48.4924061516,-4.5042803937,144.3404
130380000,6520,48.4924059322,-4.5042801569,144.3404
130400000,6521,48.4924057127,-4.50427992,144.3404
130420000,6522,48.4924054933,-4.5042796831,144.3404
130440000,6523,48.4924052739,-4.5042794463,144.3404
130460000,6524,48.4924050545,-4.5042792094,144.3404
130480000,6525,48.492404835,-4.5042789725,144.3404
130500000,6526,48.4924046156,-4.5042787357,144.3404
130520000,6527,48.4924043962,-4.5042784988,144.3404
130540000,6528,48.4924041767,-4.5042782619,144.3404
130560000,6529,48.4924039573,-4.5042780251,144.3404
130580000,6530,48.4924037379,-4.5042777882,144.3404
130600000,6531,48.4924035184,-4.5042775513,144.3404
130620000,6532,48.492403299,-4.5042773145,144.3404
130640000,6533,48.4924030796,-4.5042770776,144.3404
130660000,6534,48.4924028602,-4.5042768407,144.3404
130680000,6535,48.4924026407,-4.5042766038,144.3404
130700000,6536,48.4924024213,-4.504276367,144.3404
130720000,6537,48.4924022019,-4.5042761301,144.3404
130740000,6538,48.4924019824,-4.5042758932,144.3404
130760000,6539,48.492401763,-4.5042756564,144.3404
130780000,6540,48.4924015436,-4.5042754195,144.3404
130800000,6541,48.4924013242,-4.5042751826,144.3404
130820000,6542,48.4924011047,-4.5042749458,144.3404
130840000,6543,48.4924008853,-4.5042747089,144.3404
130860000,6544,48.4924006659,-4.504274472,144.3404
130880000,6545,48.4924004464,-4.5042742352,144.3404
130900000,6546,48.492400227,-4.5042739983,144.3404
130920000,6547,48.4924000076,-4.5042737614,144.3404
130940000,6548,48.4923997881,-4.5042735246,144.3404
130960000,6549,48.4923995687,-4.5042732877,144.3404
130980000,6550,48.4923993493,-4.5042730508,144.3404
131000000,6551,48.4923991299,-4.504272814,144.3404
131020000,6552,48.4923989104,-4.5042725771,144.3404
131040000,6553,48.492398691,-4.5042723402,144.3404
131060000,6554,48.4923984716,-4.5042721033,144.3404
131080000,6555,48.4923982521,-4.5042718665,144.3404
131100000,6556,48.4923980327,-4.5042716296,144.3404
131120000,6557,48.4923978133,-4.5042713927,144.3404
131140000,6558,48.4923975939,-4.5042711559,144.3404
131160000,6559,48.4923973744,-4.504270919,144.3404
131180000,6560,48.492397155,-4.5042706821,144.3404
131200000,6561,48.4923969356,-4.5042704453,144.3404
131220000,6562,48.4923967161,-4.5042702084,144.3404
131240000,6563,48.4923964967,-4.5042699715,144.3404
131260000,6564,48.4923962773,-4.5042697347,144.3404
131280000,6565,48.4923960578,-4.5042694978,144.3404
131300000,6566,48.4923958384,-4.5042692609,144.3404
131320000,6567,48.492395619,-4.5042690241,144.3404
131340000,6568,48.4923953996,-4.5042687872,144.3404
131360000,6569,48.4923951801,-4.5042685503,144.3404
131380000,6570,48.4923949607,-4.5042683134,144.3404
131400000,6571,48.4923947413,-4.5042680766,144.3404
131420000,6572,48.4923945218,-4.5042678397,144.3404
131440000,6573,48.4923943024,-4.5042676028,144.3404
131460000,6574,48.492394083,-4.504267366,144.3404
131480000,6575,48.4923938636,-4.5042671291,144.3404
131500000,6576,48.4923936441,-4.5042668922,144.3404
131520000,6577,48.4923934247,-4.5042666554,144.3404
131540000,6578,48.4923932053,-4.5042664185,144.3404
131560000,6579,48.4923929858,-4.5042661816,144.3404
131580000,6580,48.4923927664,-4.5042659448,144.3404
131600000,6581,48.492392547,-4.5042657079,144.3404
131620000,6582,48.4923923275,-4.504265471,144.3404
131640000,6583,48.4923921081,-4.5042652342,144.3404
131660000,6584,48.4923918887,-4.5042649973,144.3404
131680000,6585,48.4923916693,-4.5042647604,144.3404
131700000,6586,48.4923914498,-4.5042645235,144.3404
131720000,6587,48.4923912304,-4.5042642867,144.3404
131740000,6588,48.492391011,-4.5042640498,144.3404
131760000,6589,48.4923907915,-4.5042638129,144.3404
131780000,6590,48.4923905721,-4.5042635761,144.3404
131800000,6591,48.4923903527,-4.5042633392,144.3404
131820000,6592,48.4923901333,-4.5042631023,144.3404
131840000,6593,48.4923899138,-4.5042628655,144.3404
131860000,6594,48.4923896944,-4.5042626286,144.3404
131880000,6595,48.492389475,-4.5042623917,144.3404
131900000,6596,48.4923892555,-4.5042621549,144.3404
131920000,6597,48.4923890361,-4.504261918,144.3404
131940000,6598,48.4923888167,-4.5042616811,144.3404
131960000,6599,48.4923885972,-4.5042614443,144.3404
131980000,6600,48.4923883778,-4.5042612074,144.3404
132000000,6601,48.4923881584,-4.5042609705,144.3404
132020000,6602,48.492387939,-4.5042607337,144.3404
132040000,6603,48.4923877195,-4.5042604968,144.3404
132060000,6604,48.4923875001,-4.5042602599,144.3404
132080000,6605,48.4923872807,-4.504260023,144.3404
132100000,6606,48.4923870612,-4.5042597862,144.3404
132120000,6607,48.4923868418,-4.5042595493,144.3404
132140000,6608,48.4923866224,-4.5042593124,144.3404
132160000,6609,48.492386403,-4.5042590756,144.3404
132180000,6610,48.4923861835,-4.5042588387,144.3404
132200000,6611,48.4923859641,-4.5042586018,144.3404
132220000,6612,48.4923857447,-4.504258365,144.3404
132240000,6613,48.4923855252,-4.5042581281,144.3404
132260000,6614,48.4923853058,-4.5042578912,144.3404
132280000,6615,48.4923850864,-4.5042576544,144.3404
132300000,6616,48.4923848669,-4.5042574175,144.3404
132320000,6617,48.4923846475,-4.5042571806,144.3404
132340000,6618,48.4923844281,-4.5042569438,144.3404
132360000,6619,48.4923842087,-4.5042567069,144.3404
132380000,6620,48.4923839892,-4.50425647,144.3404
132400000,6621,48.4923837698,-4.5042562331,144.3404
132420000,6622,48.4923835504,-4.5042559963,144.3404
132440000,6623,48.4923833309,-4.5042557594,144.3404
132460000,6624,48.4923831115,-4.5042555225,144.3404
132480000,6625,48.4923828921,-4.5042552857,144.3404
132500000,6626,48.4923826727,-4.5042550488,144.3404
132520000,6627,48.4923824532,-4.5042548119,144.3404
132540000,6628,48.4923822338,-4.5042545751,144.3404
132560000,6629,48.4923820144,-4.5042543382,144.3404
132580000,6630,48.4923817949,-4.5042541013,144.3404
132600000,6631,48.4923815755,-4.5042538645,144.3404
132620000,6632,48.4923813561,-4.5042536276,144.3404
132640000,6633,48.4923811366,-4.5042533907,144.3404
132660000,6634,48.4923809172,-4.5042531539,144.3404
132680000,6635,48.4923806978,-4.504252917,144.3404
132700000,6636,48.4923804784,-4.5042526801,144.3404
132720000,6637,48.4923802589,-4.5042524433,144.3404
132740000,6638,48.4923800395,-4.5042522064,144.3404
132760000,6639,48.4923798201,-4.5042519695,144.3404
132780000,6640,48.4923796006,-4.5042517326,144.3404
132800000,6641,48.4923793812,-4.5042514958,144.3404
132820000,6642,48.4923791618,-4.5042512589,144.3404
132840000,6643,48.4923789424,-4.504251022,144.3404
132860000,6644,48.4923787229,-4.5042507852,144.3404
132880000,6645,48.4923785035,-4.5042505483,144.3404
132900000,6646,48.4923782841,-4.5042503114,144.3404
132920000,6647,48.4923780646,-4.5042500746,144.3404
132940000,6648,48.4923778452,-4.5042498377,144.3404
132960000,6649,48.4923776258,-4.5042496008,144.3404
132980000,6650,48.4923774063,-4.504249364,144.3404
133000000,6651,48.4923771869,-4.5042491271,144.3404
133020000,6652,48.4923769675,-4.5042488902,144.3404
133040000,6653,48.4923767481,-4.5042486534,144.3404
133060000,6654,48.4923765286,-4.5042484165,144.3404
133080000,6655,48.4923763092,-4.5042481796,144.3404
133100000,6656,48.4923760898,-4.5042479428,144.3404
133120000,6657,48.4923758703,-4.5042477059,144.3404
133140000,6658,48.4923756509,-4.504247469,144.3404
133160000,6659,48.4923754315,-4.5042472321,144.3404
133180000,6660,48.4923752121,-4.5042469953,144.3404
133200000,6661,48.4923749926,-4.5042467584,144.3404
133220000,6662,48.4923747732,-4.5042465215,144.3404
133240000,6663,48.4923745538,-4.5042462847,144.3404
133260000,6664,48.4923743343,-4.5042460478,144.3404
133280000,6665,48.4923741149,-4.5042458109,144.3404
133300000,6666,48.4923738955,-4.5042455741,144.3404
133320000,6667,48.492373676,-4.5042453372,144.3404
133340000,6668,48.4923734566,-4.5042451003,144.3404
133360000,6669,48.4923732372,-4.5042448635,144.3404
133380000,6670,48.4923730178,-4.5042446266,144.3404
133400000,6671,48.4923727983,-4.5042443897,144.3404
133420000,6672,48.4923725789,-4.5042441529,144.3404
133440000,6673,48.4923723595,-4.504243916,144.3404
133460000,6674,48.49237214,-4.5042436791,144.3404
133480000,6675,48.4923719206,-4.5042434423,144.3404
133500000,6676,48.4923717012,-4.5042432054,144.3404
133520000,6677,48.4923714818,-4.5042429685,144.3404
133540000,6678,48.4923712623,-4.5042427316,144.3404
133560000,6679,48.4923710429,-4.5042424948,144.3404
133580000,6680,48.4923708235,-4.5042422579,144.3404
133600000,6681,48.492370604,-4.504242021,144.3404
133620000,6682,48.4923703846,-4.5042417842,144.3404
133640000,6683,48.4923701652,-4.5042415473,144.3404
133660000,6684,48.4923699457,-4.5042413104,144.3404
133680000,6685,48.4923697263,-4.5042410736,144.3404
133700000,6686,48.4923695069,-4.5042408367,144.3404
133720000,6687,48.4923692875,-4.5042405998,144.3404
133740000,6688,48.492369068,-4.504240363,144.3404
133760000,6689,48.4923688486,-4.5042401261,144.3404
133780000,6690,48.4923686292,-4.5042398892,144.3404
133800000,6691,48.4923684097,-4.5042396524,144.3404
133820000,6692,48.4923681903,-4.5042394155,144.3404
133840000,6693,48.4923679709,-4.5042391786,144.3404
133860000,6694,48.4923677515,-4.5042389418,144.3404
133880000,6695,48.492367532,-4.5042387049,144.3404
133900000,6696,48.4923673126,-4.504238468,144.3404
133920000,6697,48.4923670932,-4.5042382311,144.3404
133940000,6698,48.4923668737,-4.5042379943,144.3404
133960000,6699,48.4923666543,-4.5042377574,144.3404
133980000,6700,48.4923664349,-4.5042375205,144.3404
134000000,6701,48.4923662154,-4.5042372837,144.3404
134020000,6702,48.492365996,-4.5042370468,144.3404
134040000,6703,48.4923657766,-4.5042368099,144.3404
134060000,6704,48.4923655572,-4.5042365731,144.3404
134080000,6705,48.4923653377,-4.5042363362,144.3404
134100000,6706,48.4923651183,-4.5042360993,144.3404
134120000,6707,48.4923648989,-4.5042358625,144.3404
134140000,6708,48.4923646794,-4.5042356256,144.3404
134160000,6709,48.49236446,-4.5042353887,144.3404
134180000,6710,48.4923642406,-4.5042351519,144.3404
134200000,6711,48.4923640212,-4.504234915,144.3404
134220000,6712,48.4923638017,-4.5042346781,144.3404
134240000,6713,48.4923635823,-4.5042344413,144.3404
134260000,6714,48.4923633629,-4.5042342044,144.3404
134280000,6715,48.4923631434,-4.5042339675,144.3404
134300000,6716,48.492362924,-4.5042337307,144.3404
134320000,6717,48.4923627046,-4.5042334938,144.3404
134340000,6718,48.4923624851,-4.5042332569,144.3404
134360000,6719,48.4923622657,-4.50423302,144.3404
134380000,6720,48.4923620463,-4.5042327832,144.3404
134400000,6721,48.4923618269,-4.5042325463,144.3404
134420000,6722,48.4923616074,-4.5042323094,144.3404
134440000,6723,48.492361388,-4.5042320726,144.3404
134460000,6724,48.4923611686,-4.5042318357,144.3404
134480000,6725,48.4923609491,-4.5042315988,144.3404
134500000,6726,48.4923607297,-4.504231362,144.3404
134520000,6727,48.4923605103,-4.5042311251,144.3404
134540000,6728,48.4923602909,-4.5042308882,144.3404
134560000,6729,48.4923600714,-4.5042306514,144.3404
134580000,6730,48.492359852,-4.5042304145,144.3404
134600000,6731,48.4923596326,-4.5042301776,144.3404
134620000,6732,48.4923594131,-4.5042299408,144.3404
134640000,6733,48.4923591937,-4.5042297039,144.3404
134660000,6734,48.4923589743,-4.504229467,144.3404
134680000,6735,48.4923587548,-4.5042292302,144.3404
134700000,6736,48.4923585354,-4.5042289933,144.3404
134720000,6737,48.492358316,-4.5042287564,144.3404
134740000,6738,48.4923580966,-4.5042285195,144.3404
134760000,6739,48.4923578771,-4.5042282827,144.3404
134780000,6740,48.4923576577,-4.5042280458,144.3404
134800000,6741,48.4923574383,-4.5042278089,144.3404
134820000,6742,48.4923572188,-4.5042275721,144.3404
134840000,6743,48.4923569994,-4.5042273352,144.3404
134860000,6744,48.49235678,-4.5042270983,144.3404
134880000,6745,48.4923565605,-4.5042268615,144.3404
134900000,6746,48.4923563411,-4.5042266246,144.3404
134920000,6747,48.4923561217,-4.5042263877,144.3404
134940000,6748,48.4923559023,-4.5042261509,144.3404
134960000,6749,48.4923556828,-4.504225914,144.3404
134980000,6750,48.4923554634,-4.5042256771,144.3404
135000000,6751,48.492355244,-4.5042254403,144.3404
135020000,6752,48.4923550245,-4.5042252034,144.3404
135040000,6753,48.4923548051,-4.5042249665,144.3404
135060000,6754,48.4923545857,-4.5042247297,144.3404
135080000,6755,48.4923543663,-4.5042244928,144.3404
135100000,6756,48.4923541468,-4.5042242559,144.3404
135120000,6757,48.4923539274,-4.5042240191,144.3404
135140000,6758,48.492353708,-4.5042237822,144.3404
135160000,6759,48.4923534885,-4.5042235453,144.3404
135180000,6760,48.4923532691,-4.5042233084,144.3404
135200000,6761,48.4923530497,-4.5042230716,144.3404
135220000,6762,48.4923528302,-4.5042228347,144.3404
135240000,6763,48.4923526108,-4.5042225978,144.3404
135260000,6764,48.4923523914,-4.504222361,144.3404
135280000,6765,48.492352172,-4.5042221241,144.3404
135300000,6766,48.4923519525,-4.5042218872,144.3404
135320000,6767,48.4923517331,-4.5042216504,144.3404
135340000,6768,48.4923515137,-4.5042214135,144.3404
135360000,6769,48.4923512942,-4.5042211766,144.3404
135380000,6770,48.4923510748,-4.5042209398,144.3404
135400000,6771,48.4923508554,-4.5042207029,144.3404
135420000,6772,48.492350636,-4.504220466,144.3404
135440000,6773,48.4923504165,-4.5042202292,144.3404
135460000,6774,48.4923501971,-4.5042199923,144.3404
135480000,6775,48.4923499777,-4.5042197554,144.3404
135500000,6776,48.4923497582,-4.5042195186,144.3404
135520000,6777,48.4923495388,-4.5042192817,144.3404
135540000,6778,48.4923493194,-4.5042190448,144.3404
135560000,6779,48.4923490999,-4.5042188079,144.3404
135580000,6780,48.4923488805,-4.5042185711,144.3404
135600000,6781,48.4923486611,-4.5042183342,144.3404
135620000,6782,48.4923484417,-4.5042180973,144.3404
135640000,6783,48.4923482222,-4.5042178605,144.3404
135660000,6784,48.4923480028,-4.5042176236,144.3404
135680000,6785,48.4923477834,-4.5042173867,144.3404
135700000,6786,48.4923475639,-4.5042171499,144.3404
135720000,6787,48.4923473445,-4.504216913,144.3404
135740000,6788,48.4923471251,-4.5042166761,144.3404
135760000,6789,48.4923469057,-4.5042164393,144.3404
135780000,6790,48.4923466862,-4.5042162024,144.3404
135800000,6791,48.4923464668,-4.5042159655,144.3404
135820000,6792,48.4923462474,-4.5042157287,144.3404
135840000,6793,48.4923460279,-4.5042154918,144.3404
135860000,6794,48.4923458085,-4.5042152549,144.3404
135880000,6795,48.4923455891,-4.5042150181,144.3404
135900000,6796,48.4923453696,-4.5042147812,144.3404
135920000,6797,48.4923451502,-4.5042145443,144.3404
135940000,6798,48.4923449308,-4.5042143075,144.3404
135960000,6799,48.4923447114,-4.5042140706,144.3404
135980000,6800,48.4923444919,-4.5042138337,144.3404
136000000,6801,48.4923442725,-4.5042135969,144.3404
136020000,6802,48.4923440531,-4.50421336,144.3404
136040000,6803,48.4923438336,-4.5042131231,144.3404
136060000,6804,48.4923436142,-4.5042128862,144.3404
136080000,6805,48.4923433948,-4.5042126494,144.3404
136100000,6806,48.4923431754,-4.5042124125,144.3404
136120000,6807,48.4923429559,-4.5042121756,144.3404
136140000,6808,48.4923427365,-4.5042119388,144.3404
136160000,6809,48.4923425171,-4.5042117019,144.3404
136180000,6810,48.4923422976,-4.504211465,144.3404
136200000,6811,48.4923420782,-4.5042112282,144.3404
136220000,6812,48.4923418588,-4.5042109913,144.3404
136240000,6813,48.4923416393,-4.5042107544,144.3404
136260000,6814,48.4923414199,-4.5042105176,144.3404
136280000,6815,48.4923412005,-4.5042102807,144.3404
136300000,6816,48.4923409811,-4.5042100438,144.3404
136320000,6817,48.4923407616,-4.504209807,144.3404
136340000,6818,48.4923405422,-4.5042095701,144.3404
136360000,6819,48.4923403228,-4.5042093332,144.3404
136380000,6820,48.4923401033,-4.5042090964,144.3404
136400000,6821,48.4923398839,-4.5042088595,144.3404
136420000,6822,48.4923396645,-4.5042086226,144.3404
136440000,6823,48.492339445,-4.5042083858,144.3404
136460000,6824,48.4923392256,-4.5042081489,144.3404
136480000,6825,48.4923390062,-4.504207912,144.3404
136500000,6826,48.4923387868,-4.5042076751,144.3404
136520000,6827,48.4923385673,-4.5042074383,144.3404
136540000,6828,48.4923383479,-4.5042072014,144.3404
136560000,6829,48.4923381285,-4.5042069645,144.3404
136580000,6830,48.492337909,-4.5042067277,144.3404
136600000,6831,48.4923376896,-4.5042064908,144.3404
136620000,6832,48.4923374702,-4.5042062539,144.3404
136640000,6833,48.4923372508,-4.5042060171,144.3404
136660000,6834,48.4923370313,-4.5042057802,144.3404
136680000,6835,48.4923368119,-4.5042055433,144.3404
136700000,6836,48.4923365925,-4.5042053065,144.3404
136720000,6837,48.492336373,-4.5042050696,144.3404
136740000,6838,48.4923361536,-4.5042048327,144.3404
136760000,6839,48.4923359342,-4.5042045959,144.3404
136780000,6840,48.4923357147,-4.504204359,144.3404
136800000,6841,48.4923354953,-4.5042041221,144.3404
136820000,6842,48.4923352759,-4.5042038853,144.3404
136840000,6843,48.4923350565,-4.5042036484,144.3404
136860000,6844,48.492334837,-4.5042034115,144.3404
136880000,6845,48.4923346176,-4.5042031747,144.3404
136900000,6846,48.4923343982,-4.5042029378,144.3404
136920000,6847,48.4923341787,-4.5042027009,144.3404
136940000,6848,48.4923339593,-4.504202464,144.3404
136960000,6849,48.4923337399,-4.5042022272,144.3404
136980000,6850,48.4923335205,-4.5042019903,144.3404
137000000,6851,48.492333301,-4.5042017534,144.3404
137020000,6852,48.4923330816,-4.5042015166,144.3404
137040000,6853,48.4923328622,-4.5042012797,144.3404
137060000,6854,48.4923326427,-4.5042010428,144.3404
137080000,6855,48.4923324233,-4.504200806,144.3404
137100000,6856,48.4923322039,-4.5042005691,144.3404
137120000,6857,48.4923319844,-4.5042003322,144.3404
137140000,6858,48.492331765,-4.5042000954,144.3404
137160000,6859,48.4923315456,-4.5041998585,144.3404
137180000,6860,48.4923313262,-4.5041996216,144.3404
137200000,6861,48.4923311067,-4.5041993848,144.3404
137220000,6862,48.4923308873,-4.5041991479,144.3404
137240000,6863,48.4923306679,-4.504198911,144.3404
137260000,6864,48.4923304484,-4.5041986742,144.3404
137280000,6865,48.492330229,-4.5041984373,144.3404
137300000,6866,48.4923300096,-4.5041982004,144.3404
137320000,6867,48.4923297901,-4.5041979636,144.3404
137340000,6868,48.4923295707,-4.5041977267,144.3404
137360000,6869,48.4923293513,-4.5041974898,144.3404
137380000,6870,48.4923291319,-4.504197253,144.3404
137400000,6871,48.4923289124,-4.5041970161,144.3404
137420000,6872,48.492328693,-4.5041967792,144.3404
137440000,6873,48.4923284736,-4.5041965423,144.3404
137460000,6874,48.4923282541,-4.5041963055,144.3404
137480000,6875,48.4923280347,-4.5041960686,144.3404
137500000,6876,48.4923278153,-4.5041958317,144.3404
137520000,6877,48.4923275959,-4.5041955949,144.3404
137540000,6878,48.4923273764,-4.504195358,144.3404
137560000,6879,48.492327157,-4.5041951211,144.3404
137580000,6880,48.4923269376,-4.5041948843,144.3404
137600000,6881,48.4923267181,-4.5041946474,144.3404
137620000,6882,48.4923264987,-4.5041944105,144.3404
137640000,6883,48.4923262793,-4.5041941737,144.3404
137660000,6884,48.4923260598,-4.5041939368,144.3404
137680000,6885,48.4923258404,-4.5041936999,144.3404
137700000,6886,48.492325621,-4.5041934631,144.3404
137720000,6887,48.4923254016,-4.5041932262,144.3404
137740000,6888,48.4923251821,-4.5041929893,144.3404
137760000,6889,48.4923249627,-4.5041927525,144.3404
137780000,6890,48.4923247433,-4.5041925156,144.3404
137800000,6891,48.4923245238,-4.5041922787,144.3404
137820000,6892,48.4923243044,-4.5041920419,144.3404
137840000,6893,48.492324085,-4.504191805,144.3404
137860000,6894,48.4923238656,-4.5041915681,144.3404
137880000,6895,48.4923236461,-4.5041913313,144.3404
137900000,6896,48.4923234267,-4.5041910944,144.3404
137920000,6897,48.4923232073,-4.5041908575,144.3404
137940000,6898,48.4923229878,-4.5041906206,144.3404
137960000,6899,48.4923227684,-4.5041903838,144.3404
137980000,6900,48.492322549,-4.5041901469,144.3404
138000000,6901,48.4923223295,-4.50418991,144.3404
138020000,6902,48.4923221101,-4.5041896732,144.3404
138040000,6903,48.4923218907,-4.5041894363,144.3404
138060000,6904,48.4923216713,-4.5041891994,144.3404
138080000,6905,48.4923214518,-4.5041889626,144.3404
138100000,6906,48.4923212324,-4.5041887257,144.3404
138120000,6907,48.492321013,-4.5041884888,144.3404
138140000,6908,48.4923207935,-4.504188252,144.3404
138160000,6909,48.4923205741,-4.5041880151,144.3404
138180000,6910,48.4923203547,-4.5041877782,144.3404
138200000,6911,48.4923201352,-4.5041875414,144.3404
138220000,6912,48.4923199158,-4.5041873045,144.3404
138240000,6913,48.4923196964,-4.5041870676,144.3404
138260000,6914,48.492319477,-4.5041868308,144.3404
138280000,6915,48.4923192575,-4.5041865939,144.3404
138300000,6916,48.4923190381,-4.504186357,144.3404
138320000,6917,48.4923188187,-4.5041861202,144.3404
138340000,6918,48.4923185992,-4.5041858833,144.3404
138360000,6919,48.4923183798,-4.5041856464,144.3404
138380000,6920,48.4923181604,-4.5041854096,144.3404
138400000,6921,48.492317941,-4.5041851727,144.3404
138420000,6922,48.4923177215,-4.5041849358,144.3404
138440000,6923,48.4923175021,-4.504184699,144.3404
138460000,6924,48.4923172827,-4.5041844621,144.3404
138480000,6925,48.4923170632,-4.5041842252,144.3404
138500000,6926,48.4923168438,-4.5041839883,144.3404
138520000,6927,48.4923166244,-4.5041837515,144.3404
138540000,6928,48.4923164049,-4.5041835146,144.3404
138560000,6929,48.4923161855,-4.5041832777,144.3404
138580000,6930,48.4923159661,-4.5041830409,144.3404
138600000,6931,48.4923157467,-4.504182804,144.3404
138620000,6932,48.4923155272,-4.5041825671,144.3404
138640000,6933,48.4923153078,-4.5041823303,144.3404
138660000,6934,48.4923150884,-4.5041820934,144.3404
138680000,6935,48.4923148689,-4.5041818565,144.3404
138700000,6936,48.4923146495,-4.5041816197,144.3404
138720000,6937,48.4923144301,-4.5041813828,144.3404
138740000,6938,48.4923142107,-4.5041811459,144.3404
138760000,6939,48.4923139912,-4.5041809091,144.3404
138780000,6940,48.4923137718,-4.5041806722,144.3404
138800000,6941,48.4923135524,-4.5041804353,144.3404
138820000,6942,48.4923133329,-4.5041801985,144.3404
138840000,6943,48.4923131135,-4.5041799616,144.3404
138860000,6944,48.4923128941,-4.5041797247,144.3404
138880000,6945,48.4923126746,-4.5041794879,144.3404
138900000,6946,48.4923124552,-4.504179251,144.3404
138920000,6947,48.4923122358,-4.5041790141,144.3404
138940000,6948,48.4923120164,-4.5041787773,144.3404
138960000,6949,48.4923117969,-4.5041785404,144.3404
138980000,6950,48.4923115775,-4.5041783035,144.3404
139000000,6951,48.4923113581,-4.5041780667,144.3404
139020000,6952,48.4923111386,-4.5041778298,144.3404
139040000,6953,48.4923109192,-4.5041775929,144.3404
139060000,6954,48.4923106998,-4.504177356,144.3404
139080000,6955,48.4923104803,-4.5041771192,144.3404
139100000,6956,48.4923102609,-4.5041768823,144.3404
139120000,6957,48.4923100415,-4.5041766454,144.3404
139140000,6958,48.4923098221,-4.5041764086,144.3404
139160000,6959,48.4923096026,-4.5041761717,144.3404
139180000,6960,48.4923093832,-4.5041759348,144.3404
139200000,6961,48.4923091638,-4.504175698,144.3404
139220000,6962,48.4923089443,-4.5041754611,144.3404
139240000,6963,48.4923087249,-4.5041752242,144.3404
139260000,6964,48.4923085055,-4.5041749874,144.3404
139280000,6965,48.4923082861,-4.5041747505,144.3404
139300000,6966,48.4923080666,-4.5041745136,144.3404
139320000,6967,48.4923078472,-4.5041742768,144.3404
139340000,6968,48.4923076278,-4.5041740399,144.3404
139360000,6969,48.4923074083,-4.504173803,144.3404
139380000,6970,48.4923071889,-4.5041735662,144.3404
139400000,6971,48.4923069695,-4.5041733293,144.3404
139420000,6972,48.49230675,-4.5041730924,144.3404
139440000,6973,48.4923065306,-4.5041728556,144.3404
139460000,6974,48.4923063112,-4.5041726187,144.3404
139480000,6975,48.4923060918,-4.5041723818,144.3404
139500000,6976,48.4923058723,-4.504172145,144.3404
139520000,6977,48.4923056529,-4.5041719081,144.3404
139540000,6978,48.4923054335,-4.5041716712,144.3404
139560000,6979,48.492305214,-4.5041714344,144.3404
139580000,6980,48.4923049946,-4.5041711975,144.3404
139600000,6981,48.4923047752,-4.5041709606,144.3404
139620000,6982,48.4923045557,-4.5041707237,144.3404
139640000,6983,48.4923043363,-4.5041704869,144.3404
139660000,6984,48.4923041169,-4.50417025,144.3404
139680000,6985,48.4923038975,-4.5041700131,144.3404
139700000,6986,48.492303678,-4.5041697763,144.3404
139720000,6987,48.4923034586,-4.5041695394,144.3404
139740000,6988,48.4923032392,-4.5041693025,144.3404
139760000,6989,48.4923030197,-4.5041690657,144.3404
139780000,6990,48.4923028003,-4.5041688288,144.3404
139800000,6991,48.4923025809,-4.5041685919,144.3404
139820000,6992,48.4923023615,-4.5041683551,144.3404
139840000,6993,48.492302142,-4.5041681182,144.3404
139860000,6994,48.4923019226,-4.5041678813,144.3404
139880000,6995,48.4923017032,-4.5041676445,144.3404
139900000,6996,48.4923014837,-4.5041674076,144.3404
139920000,6997,48.4923012643,-4.5041671707,144.3404
139940000,6998,48.4923010449,-4.5041669339,144.3404
139960000,6999,48.4923008254,-4.504166697,144.3404
139980000,7000,48.492300606,-4.5041664601,144.3404
140000000,7001,48.4923003866,-4.5041662233,144.3404
140020000,7002,48.4923001672,-4.5041659864,144.3404
140040000,7003,48.4922999477,-4.5041657495,144.3404
140060000,7004,48.4922997283,-4.5041655127,144.3404
140080000,7005,48.4922995089,-4.5041652758,144.3404
140100000,7006,48.4922992894,-4.5041650389,144.3404
140120000,7007,48.49229907,-4.5041648021,144.3404
140140000,7008,48.4922988506,-4.5041645652,144.3404
140160000,7009,48.4922986311,-4.5041643283,144.3404
140180000,7010,48.4922984117,-4.5041640915,144.3404
140200000,7011,48.4922981923,-4.5041638546,144.3404
140220000,7012,48.4922979729,-4.5041636177,144.3404
140240000,7013,48.4922977534,-4.5041633808,144.3404
140260000,7014,48.492297534,-4.504163144,144.3404
140280000,7015,48.4922973146,-4.5041629071,144.3404
140300000,7016,48.4922970951,-4.5041626702,144.3404
140320000,7017,48.4922968757,-4.5041624334,144.3404
140340000,7018,48.4922966563,-4.5041621965,144.3404
140360000,7019,48.4922964369,-4.5041619596,144.3404
140380000,7020,48.4922962174,-4.5041617228,144.3404
140400000,7021,48.492295998,-4.5041614859,144.3404
140420000,7022,48.4922957786,-4.504161249,144.3404
140440000,7023,48.4922955591,-4.5041610122,144.3404
140460000,7024,48.4922953397,-4.5041607753,144.3404
140480000,7025,48.4922951203,-4.5041605384,144.3404
140500000,7026,48.4922949008,-4.5041603016,144.3404
140520000,7027,48.4922946814,-4.5041600647,144.3404
140540000,7028,48.492294462,-4.5041598278,144.3404
140560000,7029,48.4922942426,-4.504159591,144.3404
140580000,7030,48.4922940231,-4.5041593541,144.3404
140600000,7031,48.4922938037,-4.5041591172,144.3404
140620000,7032,48.4922935843,-4.5041588804,144.3404
140640000,7033,48.4922933648,-4.5041586435,144.3404
140660000,7034,48.4922931454,-4.5041584066,144.3404
140680000,7035,48.492292926,-4.5041581698,144.3404
140700000,7036,48.4922927066,-4.5041579329,144.3404
140720000,7037,48.4922924871,-4.504157696,144.3404
140740000,7038,48.4922922677,-4.5041574592,144.3404
140760000,7039,48.4922920483,-4.5041572223,144.3404
140780000,7040,48.4922918288,-4.5041569854,144.3404
140800000,7041,48.4922916094,-4.5041567486,144.3404
140820000,7042,48.49229139,-4.5041565117,144.3404
140840000,7043,48.4922911705,-4.5041562748,144.3404
140860000,7044,48.4922909511,-4.504156038,144.3404
140880000,7045,48.4922907317,-4.5041558011,144.3404
140900000,7046,48.4922905123,-4.5041555642,144.3404
140920000,7047,48.4922902928,-4.5041553273,144.3404
140940000,7048,48.4922900734,-4.5041550905,144.3404
140960000,7049,48.492289854,-4.5041548536,144.3404
140980000,7050,48.4922896345,-4.5041546167,144.3404
141000000,7051,48.4922894151,-4.5041543799,144.3404
141020000,7052,48.4922891957,-4.504154143,144.3404
141040000,7053,48.4922889762,-4.5041539061,144.3404
141060000,7054,48.4922887568,-4.5041536693,144.3404
141080000,7055,48.4922885374,-4.5041534324,144.3404
141100000,7056,48.492288318,-4.5041531955,144.3404
141120000,7057,48.4922880985,-4.5041529587,144.3404
141140000,7058,48.4922878791,-4.5041527218,144.3404
141160000,7059,48.4922876597,-4.5041524849,144.3404
141180000,7060,48.4922874402,-4.5041522481,144.3404
141200000,7061,48.4922872208,-4.5041520112,144.3404
141220000,7062,48.4922870014,-4.5041517743,144.3404
141240000,7063,48.492286782,-4.5041515375,144.3404
141260000,7064,48.4922865625,-4.5041513006,144.3404
141280000,7065,48.4922863431,-4.5041510637,144.3404
141300000,7066,48.4922861237,-4.5041508269,144.3404
141320000,7067,48.4922859042,-4.50415059,144.3404
141340000,7068,48.4922856848,-4.5041503531,144.3404
141360000,7069,48.4922854654,-4.5041501163,144.3404
141380000,7070,48.4922852459,-4.5041498794,144.3404
141400000,7071,48.4922850265,-4.5041496425,144.3404
141420000,7072,48.4922848071,-4.5041494057,144.3404
141440000,7073,48.4922845877,-4.5041491688,144.3404
141460000,7074,48.4922843682,-4.5041489319,144.3404
141480000,7075,48.4922841488,-4.5041486951,144.3404
141500000,7076,48.4922839294,-4.5041484582,144.3404
141520000,7077,48.4922837099,-4.5041482213,144.3404
141540000,7078,48.4922834905,-4.5041479845,144.3404
141560000,7079,48.4922832711,-4.5041477476,144.3404
141580000,7080,48.4922830516,-4.5041475107,144.3404
141600000,7081,48.4922828322,-4.5041472738,144.3404
141620000,7082,48.4922826128,-4.504147037,144.3404
141640000,7083,48.4922823934,-4.5041468001,144.3404
141660000,7084,48.4922821739,-4.5041465632,144.3404
141680000,7085,48.4922819545,-4.5041463264,144.3404
141700000,7086,48.4922817351,-4.5041460895,144.3404
141720000,7087,48.4922815156,-4.5041458526,144.3404
141740000,7088,48.4922812962,-4.5041456158,144.3404
141760000,7089,48.4922810768,-4.5041453789,144.3404
141780000,7090,48.4922808573,-4.504145142,144.3404
141800000,7091,48.4922806379,-4.5041449052,144.3404
141820000,7092,48.4922804185,-4.5041446683,144.3404
141840000,7093,48.4922801991,-4.5041444314,144.3404
141860000,7094,48.4922799796,-4.5041441946,144.3404
141880000,7095,48.4922797602,-4.5041439577,144.3404
141900000,7096,48.4922795408,-4.5041437208,144.3404
141920000,7097,48.4922793213,-4.504143484,144.3404
141940000,7098,48.4922791019,-4.5041432471,144.3404
141960000,7099,48.4922788825,-4.5041430102,144.3404
141980000,7100,48.4922786631,-4.5041427734,144.3404
142000000,7101,48.4922784436,-4.5041425365,144.3404
142020000,7102,48.4922782242,-4.5041422996,144.3404
142040000,7103,48.4922780048,-4.5041420628,144.3404
142060000,7104,48.4922777853,-4.5041418259,144.3404
142080000,7105,48.4922775659,-4.504141589,144.3404
142100000,7106,48.4922773465,-4.5041413522,144.3404
142120000,7107,48.492277127,-4.5041411153,144.3404
142140000,7108,48.4922769076,-4.5041408784,144.3404
142160000,7109,48.4922766882,-4.5041406416,144.3404
142180000,7110,48.4922764688,-4.5041404047,144.3404
142200000,7111,48.4922762493,-4.5041401678,144.3404
142220000,7112,48.4922760299,-4.504139931,144.3404
142240000,7113,48.4922758105,-4.5041396941,144.3404
142260000,7114,48.492275591,-4.5041394572,144.3404
142280000,7115,48.4922753716,-4.5041392204,144.3404
142300000,7116,48.4922751522,-4.5041389835,144.3404
142320000,7117,48.4922749327,-4.5041387466,144.3404
142340000,7118,48.4922747133,-4.5041385097,144.3404
142360000,7119,48.4922744939,-4.5041382729,144.3404
142380000,7120,48.4922742745,-4.504138036,144.3404
142400000,7121,48.492274055,-4.5041377991,144.3404
142420000,7122,48.4922738356,-4.5041375623,144.3404
142440000,7123,48.4922736162,-4.5041373254,144.3404
142460000,7124,48.4922733967,-4.5041370885,144.3404
142480000,7125,48.4922731773,-4.5041368517,144.3404
142500000,7126,48.4922729579,-4.5041366148,144.3404
142520000,7127,48.4922727385,-4.5041363779,144.3404
142540000,7128,48.492272519,-4.5041361411,144.3404
142560000,7129,48.4922722996,-4.5041359042,144.3404
142580000,7130,48.4922720802,-4.5041356673,144.3404
142600000,7131,48.4922718607,-4.5041354305,144.3404
142620000,7132,48.4922716413,-4.5041351936,144.3404
142640000,7133,48.4922714219,-4.5041349567,144.3404
142660000,7134,48.4922712024,-4.5041347199,144.3404
142680000,7135,48.492270983,-4.504134483,144.3404
142700000,7136,48.4922707636,-4.5041342461,144.3404
142720000,7137,48.4922705442,-4.5041340093,144.3404
142740000,7138,48.4922703247,-4.5041337724,144.3404
142760000,7139,48.4922701053,-4.5041335355,144.3404
142780000,7140,48.4922698859,-4.5041332987,144.3404
142800000,7141,48.4922696664,-4.5041330618,144.3404
142820000,7142,48.492269447,-4.5041328249,144.3404
142840000,7143,48.4922692276,-4.5041325881,144.3404
142860000,7144,48.4922690081,-4.5041323512,144.3404
142880000,7145,48.4922687887,-4.5041321143,144.3404
142900000,7146,48.4922685693,-4.5041318775,144.3404
142920000,7147,48.4922683499,-4.5041316406,144.3404
142940000,7148,48.4922681304,-4.5041314037,144.3404
142960000,7149,48.492267911,-4.5041311669,144.3404
142980000,7150,48.4922676916,-4.50413093,144.3404
143000000,7151,48.4922674721,-4.5041306931,144.3404
143020000,7152,48.4922672527,-4.5041304563,144.3404
143040000,7153,48.4922670333,-4.5041302194,144.3404
143060000,7154,48.4922668139,-4.5041299825,144.3404
143080000,7155,48.4922665944,-4.5041297457,144.3404
143100000,7156,48.492266375,-4.5041295088,144.3404
143120000,7157,48.4922661556,-4.5041292719,144.3404
143140000,7158,48.4922659361,-4.5041290351,144.3404
143160000,7159,48.4922657167,-4.5041287982,144.3404
143180000,7160,48.4922654973,-4.5041285613,144.3404
143200000,7161,48.4922652778,-4.5041283244,144.3404
143220000,7162,48.4922650584,-4.5041280876,144.3404
143240000,7163,48.492264839,-4.5041278507,144.3404
143260000,7164,48.4922646196,-4.5041276138,144.3404
143280000,7165,48.4922644001,-4.504127377,144.3404
143300000,7166,48.4922641807,-4.5041271401,144.3404
143320000,7167,48.4922639613,-4.5041269032,144.3404
143340000,7168,48.4922637418,-4.5041266664,144.3404
143360000,7169,48.4922635224,-4.5041264295,144.3404
143380000,7170,48.492263303,-4.5041261926,144.3404
143400000,7171,48.4922630835,-4.5041259558,144.3404
143420000,7172,48.4922628641,-4.5041257189,144.3404
143440000,7173,48.4922626447,-4.504125482,144.3404
143460000,7174,48.4922624253,-4.5041252452,144.3404
143480000,7175,48.4922622058,-4.5041250083,144.3404
143500000,7176,48.4922619864,-4.5041247714,144.3404
143520000,7177,48.492261767,-4.5041245346,144.3404
143540000,7178,48.4922615475,-4.5041242977,144.3404
143560000,7179,48.4922613281,-4.5041240608,144.3404
143580000,7180,48.4922611087,-4.504123824,144.3404
143600000,7181,48.4922608892,-4.5041235871,144.3404
143620000,7182,48.4922606698,-4.5041233502,144.3404
143640000,7183,48.4922604504,-4.5041231134,144.3404
143660000,7184,48.492260231,-4.5041228765,144.3404
143680000,7185,48.4922600115,-4.5041226396,144.3404
143700000,7186,48.4922597921,-4.5041224028,144.3404
143720000,7187,48.4922595727,-4.5041221659,144.3404
143740000,7188,48.4922593532,-4.504121929,144.3404
143760000,7189,48.4922591338,-4.5041216922,144.3404
143780000,7190,48.4922589144,-4.5041214553,144.3404
143800000,7191,48.492258695,-4.5041212184,144.3404
143820000,7192,48.4922584755,-4.5041209816,144.3404
143840000,7193,48.4922582561,-4.5041207447,144.3404
143860000,7194,48.4922580367,-4.5041205078,144.3404
143880000,7195,48.4922578172,-4.504120271,144.3404
143900000,7196,48.4922575978,-4.5041200341,144.3404
143920000,7197,48.4922573784,-4.5041197972,144.3404
143940000,7198,48.4922571589,-4.5041195604,144.3404
143960000,7199,48.4922569395,-4.5041193235,144.3404
143980000,7200,48.4922567201,-4.5041190866,144.3404
144000000,7201,48.4922565007,-4.5041188498,144.3404
144020000,7202,48.4922562812,-4.5041186129,144.3404
144040000,7203,48.4922560618,-4.504118376,144.3404
144060000,7204,48.4922558424,-4.5041181392,144.3404
144080000,7205,48.4922556229,-4.5041179023,144.3404
144100000,7206,48.4922554035,-4.5041176654,144.3404
144120000,7207,48.4922551841,-4.5041174286,144.3404
144140000,7208,48.4922549646,-4.5041171917,144.3404
144160000,7209,48.4922547452,-4.5041169548,144.3404
144180000,7210,48.4922545258,-4.5041167179,144.3404
144200000,7211,48.4922543064,-4.5041164811,144.3404
144220000,7212,48.4922540869,-4.5041162442,144.3404
144240000,7213,48.4922538675,-4.5041160073,144.3404
144260000,7214,48.4922536481,-4.5041157705,144.3404
144280000,7215,48.4922534286,-4.5041155336,144.3404
144300000,7216,48.4922532092,-4.5041152967,144.3404
144320000,7217,48.4922529898,-4.5041150599,144.3404
144340000,7218,48.4922527704,-4.504114823,144.3404
144360000,7219,48.4922525509,-4.5041145861,144.3404
144380000,7220,48.4922523315,-4.5041143493,144.3404
144400000,7221,48.4922521121,-4.5041141124,144.3404
144420000,7222,48.4922518926,-4.5041138755,144.3404
144440000,7223,48.4922516732,-4.5041136387,144.3404
144460000,7224,48.4922514538,-4.5041134018,144.3404
144480000,7225,48.4922512343,-4.5041131649,144.3404
144500000,7226,48.4922510149,-4.5041129281,144.3404
144520000,7227,48.4922507955,-4.5041126912,144.3404
144540000,7228,48.4922505761,-4.5041124543,144.3404
144560000,7229,48.4922503566,-4.5041122175,144.3404
144580000,7230,48.4922501372,-4.5041119806,144.3404
144600000,7231,48.4922499178,-4.5041117437,144.3404
144620000,7232,48.4922496983,-4.5041115069,144.3404
144640000,7233,48.4922494789,-4.50411127,144.3404
144660000,7234,48.4922492595,-4.5041110331,144.3404
144680000,7235,48.49224904,-4.5041107963,144.3404
144700000,7236,48.4922488206,-4.5041105594,144.3404
144720000,7237,48.4922486012,-4.5041103225,144.3404
144740000,7238,48.4922483818,-4.5041100857,144.3404
144760000,7239,48.4922481623,-4.5041098488,144.3404
144780000,7240,48.4922479429,-4.5041096119,144.3404
144800000,7241,48.4922477235,-4.5041093751,144.3404
144820000,7242,48.492247504,-4.5041091382,144.3404
144840000,7243,48.4922472846,-4.5041089013,144.3404
144860000,7244,48.4922470652,-4.5041086645,144.3404
144880000,7245,48.4922468457,-4.5041084276,144.3404
144900000,7246,48.4922466263,-4.5041081907,144.3404
144920000,7247,48.4922464069,-4.5041079539,144.3404
144940000,7248,48.4922461875,-4.504107717,144.3404
144960000,7249,48.492245968,-4.5041074801,144.3404
144980000,7250,48.4922457486,-4.5041072433,144.3404
145000000,7251,48.4922455292,-4.5041070064,144.3404
145020000,7252,48.4922453097,-4.5041067695,144.3404
145040000,7253,48.4922450903,-4.5041065327,144.3404
145060000,7254,48.4922448709,-4.5041062958,144.3404
145080000,7255,48.4922446515,-4.5041060589,144.3404
145100000,7256,48.492244432,-4.5041058221,144.3404
145120000,7257,48.4922442126,-4.5041055852,144.3404
145140000,7258,48.4922439932,-4.5041053483,144.3404
145160000,7259,48.4922437737,-4.5041051115,144.3404
145180000,7260,48.4922435543,-4.5041048746,144.3404
145200000,7261,48.4922433349,-4.5041046377,144.3404
145220000,7262,48.4922431154,-4.5041044009,144.3404
145240000,7263,48.492242896,-4.504104164,144.3404
145260000,7264,48.4922426766,-4.5041039271,144.3404
145280000,7265,48.4922424572,-4.5041036902,144.3404
145300000,7266,48.4922422377,-4.5041034534,144.3404
145320000,7267,48.4922420183,-4.5041032165,144.3404
145340000,7268,48.4922417989,-4.5041029796,144.3404
145360000,7269,48.4922415794,-4.5041027428,144.3404
145380000,7270,48.49224136,-4.5041025059,144.3404
145400000,7271,48.4922411406,-4.504102269,144.3404
145420000,7272,48.4922409211,-4.5041020322,144.3404
145440000,7273,48.4922407017,-4.5041017953,144.3404
145460000,7274,48.4922404823,-4.5041015584,144.3404
145480000,7275,48.4922402629,-4.5041013216,144.3404
145500000,7276,48.4922400434,-4.5041010847,144.3404
145520000,7277,48.492239824,-4.5041008478,144.3404
145540000,7278,48.4922396046,-4.504100611,144.3404
145560000,7279,48.4922393851,-4.5041003741,144.3404
145580000,7280,48.4922391657,-4.5041001372,144.3404
145600000,7281,48.4922389463,-4.5040999004,144.3404
145620000,7282,48.4922387268,-4.5040996635,144.3404
145640000,7283,48.4922385074,-4.5040994266,144.3404
145660000,7284,48.492238288,-4.5040991898,144.3404
145680000,7285,48.4922380686,-4.5040989529,144.3404
145700000,7286,48.4922378491,-4.504098716,144.3404
145720000,7287,48.4922376297,-4.5040984792,144.3404
145740000,7288,48.4922374103,-4.5040982423,144.3404
145760000,7289,48.4922371908,-4.5040980054,144.3404
145780000,7290,48.4922369714,-4.5040977686,144.3404
145800000,7291,48.492236752,-4.5040975317,144.3404
145820000,7292,48.4922365326,-4.5040972948,144.3404
145840000,7293,48.4922363131,-4.504097058,144.3404
145860000,7294,48.4922360937,-4.5040968211,144.3404
145880000,7295,48.4922358743,-4.5040965842,144.3404
145900000,7296,48.4922356548,-4.5040963474,144.3404
145920000,7297,48.4922354354,-4.5040961105,144.3404
145940000,7298,48.492235216,-4.5040958736,144.3404
145960000,7299,48.4922349965,-4.5040956368,144.3404
145980000,7300,48.4922347771,-4.5040953999,144.3404
146000000,7301,48.4922345577,-4.504095163,144.3404
146020000,7302,48.4922343383,-4.5040949262,144.3404
146040000,7303,48.4922341188,-4.5040946893,144.3404
146060000,7304,48.4922338994,-4.5040944524,144.3404
146080000,7305,48.49223368,-4.5040942156,144.3404
146100000,7306,48.4922334605,-4.5040939787,144.3404
146120000,7307,48.4922332411,-4.5040937418,144.3404
146140000,7308,48.4922330217,-4.504093505,144.3404
146160000,7309,48.4922328022,-4.5040932681,144.3404
146180000,7310,48.4922325828,-4.5040930312,144.3404
146200000,7311,48.4922323634,-4.5040927944,144.3404
146220000,7312,48.492232144,-4.5040925575,144.3404
146240000,7313,48.4922319245,-4.5040923206,144.3404
146260000,7314,48.4922317051,-4.5040920838,144.3404
146280000,7315,48.4922314857,-4.5040918469,144.3404
146300000,7316,48.4922312662,-4.50409161,144.3404
146320000,7317,48.4922310468,-4.5040913732,144.3404
146340000,7318,48.4922308274,-4.5040911363,144.3404
146360000,7319,48.4922306079,-4.5040908994,144.3404
146380000,7320,48.4922303885,-4.5040906626,144.3404
146400000,7321,48.4922301691,-4.5040904257,144.3404
146420000,7322,48.4922299497,-4.5040901888,144.3404
146440000,7323,48.4922297302,-4.504089952,144.3404
146460000,7324,48.4922295108,-4.5040897151,144.3404
146480000,7325,48.4922292914,-4.5040894782,144.3404
146500000,7326,48.4922290719,-4.5040892414,144.3404
146520000,7327,48.4922288525,-4.5040890045,144.3404
146540000,7328,48.4922286331,-4.5040887676,144.3404
146560000,7329,48.4922284136,-4.5040885308,144.3404
146580000,7330,48.4922281942,-4.5040882939,144.3404
146600000,7331,48.4922279748,-4.504088057,144.3404
146620000,7332,48.4922277554,-4.5040878202,144.3404
146640000,7333,48.4922275359,-4.5040875833,144.3404
146660000,7334,48.4922273165,-4.5040873464,144.3404
146680000,7335,48.4922270971,-4.5040871096,144.3404
146700000,7336,48.4922268776,-4.5040868727,144.3404
146720000,7337,48.4922266582,-4.5040866358,144.3404
146740000,7338,48.4922264388,-4.5040863989,144.3404
146760000,7339,48.4922262194,-4.5040861621,144.3404
146780000,7340,48.4922259999,-4.5040859252,144.3404
146800000,7341,48.4922257805,-4.5040856883,144.3404
146820000,7342,48.4922255611,-4.5040854515,144.3404
146840000,7343,48.4922253416,-4.5040852146,144.3404
146860000,7344,48.4922251222,-4.5040849777,144.3404
146880000,7345,48.4922249028,-4.5040847409,144.3404
146900000,7346,48.4922246833,-4.504084504,144.3404
146920000,7347,48.4922244639,-4.5040842671,144.3404
146940000,7348,48.4922242445,-4.5040840303,144.3404
146960000,7349,48.4922240251,-4.5040837934,144.3404
146980000,7350,48.4922238056,-4.5040835565,144.3404
147000000,7351,48.4922235862,-4.5040833197,144.3404
147020000,7352,48.4922233668,-4.5040830828,144.3404
147040000,7353,48.4922231473,-4.5040828459,144.3404
147060000,7354,48.4922229279,-4.5040826091,144.3404
147080000,7355,48.4922227085,-4.5040823722,144.3404
147100000,7356,48.492222489,-4.5040821353,144.3404
147120000,7357,48.4922222696,-4.5040818985,144.3404
147140000,7358,48.4922220502,-4.5040816616,144.3404
147160000,7359,48.4922218308,-4.5040814247,144.3404
147180000,7360,48.4922216113,-4.5040811879,144.3404
147200000,7361,48.4922213919,-4.504080951,144.3404
147220000,7362,48.4922211725,-4.5040807141,144.3404
147240000,7363,48.492220953,-4.5040804773,144.3404
147260000,7364,48.4922207336,-4.5040802404,144.3404
147280000,7365,48.4922205142,-4.5040800035,144.3404
147300000,7366,48.4922202947,-4.5040797667,144.3404
147320000,7367,48.4922200753,-4.5040795298,144.3404
147340000,7368,48.4922198559,-4.5040792929,144.3404
147360000,7369,48.4922196365,-4.5040790561,144.3404
147380000,7370,48.492219417,-4.5040788192,144.3404
147400000,7371,48.4922191976,-4.5040785823,144.3404
147420000,7372,48.4922189782,-4.5040783455,144.3404
147440000,7373,48.4922187587,-4.5040781086,144.3404
147460000,7374,48.4922185393,-4.5040778717,144.3404
147480000,7375,48.4922183199,-4.5040776349,144.3404
147500000,7376,48.4922181004,-4.504077398,144.3404
147520000,7377,48.492217881,-4.5040771611,144.3404
147540000,7378,48.4922176616,-4.5040769243,144.3404
147560000,7379,48.4922174422,-4.5040766874,144.3404
147580000,7380,48.4922172227,-4.5040764505,144.3404
147600000,7381,48.4922170033,-4.5040762137,144.3404
147620000,7382,48.4922167839,-4.5040759768,144.3404
147640000,7383,48.4922165644,-4.5040757399,144.3404
147660000,7384,48.492216345,-4.5040755031,144.3404
147680000,7385,48.4922161256,-4.5040752662,144.3404
147700000,7386,48.4922159062,-4.5040750293,144.3404
147720000,7387,48.4922156867,-4.5040747925,144.3404
147740000,7388,48.4922154673,-4.5040745556,144.3404
147760000,7389,48.4922152479,-4.5040743187,144.3404
147780000,7390,48.4922150284,-4.5040740819,144.3404
147800000,7391,48.492214809,-4.504073845,144.3404
147820000,7392,48.4922145896,-4.5040736081,144.3404
147840000,7393,48.4922143701,-4.5040733713,144.3404
147860000,7394,48.4922141507,-4.5040731344,144.3404
147880000,7395,48.4922139313,-4.5040728975,144.3404
147900000,7396,48.4922137119,-4.5040726607,144.3404
147920000,7397,48.4922134924,-4.5040724238,144.3404
147940000,7398,48.492213273,-4.5040721869,144.3404
147960000,7399,48.4922130536,-4.5040719501,144.3404
147980000,7400,48.4922128341,-4.5040717132,144.3404
148000000,7401,48.4922126147,-4.5040714763,144.3404
148020000,7402,48.4922123953,-4.5040712395,144.3404
148040000,7403,48.4922121758,-4.5040710026,144.3404
148060000,7404,48.4922119564,-4.5040707657,144.3404
148080000,7405,48.492211737,-4.5040705289,144.3404
148100000,7406,48.4922115176,-4.504070292,144.3404
148120000,7407,48.4922112981,-4.5040700551,144.3404
148140000,7408,48.4922110787,-4.5040698183,144.3404
148160000,7409,48.4922108593,-4.5040695814,144.3404
148180000,7410,48.4922106398,-4.5040693445,144.3404
148200000,7411,48.4922104204,-4.5040691077,144.3404
148220000,7412,48.492210201,-4.5040688708,144.3404
148240000,7413,48.4922099815,-4.5040686339,144.3404
148260000,7414,48.4922097621,-4.5040683971,144.3404
148280000,7415,48.4922095427,-4.5040681602,144.3404
148300000,7416,48.4922093233,-4.5040679233,144.3404
148320000,7417,48.4922091038,-4.5040676865,144.3404
148340000,7418,48.4922088844,-4.5040674496,144.3404
148360000,7419,48.492208665,-4.5040672127,144.3404
148380000,7420,48.4922084455,-4.5040669759,144.3404
148400000,7421,48.4922082261,-4.504066739,144.3404
148420000,7422,48.4922080067,-4.5040665021,144.3404
148440000,7423,48.4922077872,-4.5040662653,144.3404
148460000,7424,48.4922075678,-4.5040660284,144.3404
148480000,7425,48.4922073484,-4.5040657915,144.3404
148500000,7426,48.492207129,-4.5040655547,144.3404
148520000,7427,48.4922069095,-4.5040653178,144.3404
148540000,7428,48.4922066901,-4.5040650809,144.3404
148560000,7429,48.4922064707,-4.5040648441,144.3404
148580000,7430,48.4922062512,-4.5040646072,144.3404
148600000,7431,48.4922060318,-4.5040643703,144.3404
148620000,7432,48.4922058124,-4.5040641335,144.3404
148640000,7433,48.492205593,-4.5040638966,144.3404
148660000,7434,48.4922053735,-4.5040636597,144.3404
148680000,7435,48.4922051541,-4.5040634229,144.3404
148700000,7436,48.4922049347,-4.504063186,144.3404
148720000,7437,48.4922047152,-4.5040629491,144.3404
148740000,7438,48.4922044958,-4.5040627123,144.3404
148760000,7439,48.4922042764,-4.5040624754,144.3404
148780000,7440,48.4922040569,-4.5040622385,144.3404
148800000,7441,48.4922038375,-4.5040620017,144.3404
148820000,7442,48.4922036181,-4.5040617648,144.3404
148840000,7443,48.4922033987,-4.5040615279,144.3404
148860000,7444,48.4922031792,-4.5040612911,144.3404
148880000,7445,48.4922029598,-4.5040610542,144.3404
148900000,7446,48.4922027404,-4.5040608173,144.3404
148920000,7447,48.4922025209,-4.5040605805,144.3404
148940000,7448,48.4922023015,-4.5040603436,144.3404
148960000,7449,48.4922020821,-4.5040601067,144.3404
148980000,7450,48.4922018626,-4.5040598699,144.3404
149000000,7451,48.4922016432,-4.504059633,144.3404
149020000,7452,48.4922014238,-4.5040593961,144.3404
149040000,7453,48.4922012044,-4.5040591593,144.3404
149060000,7454,48.4922009849,-4.5040589224,144.3404
149080000,7455,48.4922007655,-4.5040586855,144.3404
149100000,7456,48.4922005461,-4.5040584487,144.3404
149120000,7457,48.4922003266,-4.5040582118,144.3404
149140000,7458,48.4922001072,-4.5040579749,144.3404
149160000,7459,48.4921998878,-4.5040577381,144.3404
149180000,7460,48.4921996683,-4.5040575012,144.3404
149200000,7461,48.4921994489,-4.5040572643,144.3404
149220000,7462,48.4921992295,-4.5040570275,144.3404
149240000,7463,48.4921990101,-4.5040567906,144.3404
149260000,7464,48.4921987906,-4.5040565537,144.3404
149280000,7465,48.4921985712,-4.5040563168,144.3404
149300000,7466,48.4921983518,-4.50405608,144.3404
149320000,7467,48.4921981323,-4.5040558431,144.3404
149340000,7468,48.4921979129,-4.5040556062,144.3404
149360000,7469,48.4921976935,-4.5040553694,144.3404
149380000,7470,48.492197474,-4.5040551325,144.3404
149400000,7471,48.4921972546,-4.5040548956,144.3404
149420000,7472,48.4921970352,-4.5040546588,144.3404
149440000,7473,48.4921968158,-4.5040544219,144.3404
149460000,7474,48.4921965963,-4.504054185,144.3404
149480000,7475,48.4921963769,-4.5040539482,144.3404
149500000,7476,48.4921961575,-4.5040537113,144.3404
149520000,7477,48.492195938,-4.5040534744,144.3404
149540000,7478,48.4921957186,-4.5040532376,144.3404
149560000,7479,48.4921954992,-4.5040530007,144.3404
149580000,7480,48.4921952797,-4.5040527638,144.3404
149600000,7481,48.4921950603,-4.504052527,144.3404
149620000,7482,48.4921948409,-4.5040522901,144.3404
149640000,7483,48.4921946215,-4.5040520532,144.3404
149660000,7484,48.492194402,-4.5040518164,144.3404
149680000,7485,48.4921941826,-4.5040515795,144.3404
149700000,7486,48.4921939632,-4.5040513426,144.3404
149720000,7487,48.4921937437,-4.5040511058,144.3404
149740000,7488,48.4921935243,-4.5040508689,144.3404
149760000,7489,48.4921933049,-4.504050632,144.3404
149780000,7490,48.4921930855,-4.5040503952,144.3404
149800000,7491,48.492192866,-4.5040501583,144.3404
149820000,7492,48.4921926466,-4.5040499214,144.3404
149840000,7493,48.4921924272,-4.5040496846,144.3404
149860000,7494,48.4921922077,-4.5040494477,144.3404
149880000,7495,48.4921919883,-4.5040492108,144.3404
149900000,7496,48.4921917689,-4.504048974,144.3404
149920000,7497,48.4921915494,-4.5040487371,144.3404
149940000,7498,48.49219133,-4.5040485002,144.3404
149960000,7499,48.4921911106,-4.5040482634,144.3404
149980000,7500,48.4921908912,-4.5040480265,144.3404
150000000,7501,48.4921906717,-4.5040477896,144.3404
150020000,7502,48.4921904523,-4.5040475528,144.3404
150040000,7503,48.4921902329,-4.5040473159,144.3404
150060000,7504,48.4921900134,-4.504047079,144.3404
150080000,7505,48.492189794,-4.5040468422,144.3404
150100000,7506,48.4921895746,-4.5040466053,144.3404
150120000,7507,48.4921893551,-4.5040463684,144.3404
150140000,7508,48.4921891357,-4.5040461316,144.3404
150160000,7509,48.4921889163,-4.5040458947,144.3404
150180000,7510,48.4921886969,-4.5040456578,144.3404
150200000,7511,48.4921884774,-4.504045421,144.3404
150220000,7512,48.492188258,-4.5040451841,144.3404
150240000,7513,48.4921880386,-4.5040449472,144.3404
150260000,7514,48.4921878191,-4.5040447104,144.3404
150280000,7515,48.4921875997,-4.5040444735,144.3404
150300000,7516,48.4921873803,-4.5040442366,144.3404
150320000,7517,48.4921871608,-4.5040439998,144.3404
150340000,7518,48.4921869414,-4.5040437629,144.3404
150360000,7519,48.492186722,-4.504043526,144.3404
150380000,7520,48.4921865026,-4.5040432892,144.3404
150400000,7521,48.4921862831,-4.5040430523,144.3404
150420000,7522,48.4921860637,-4.5040428154,144.3404
150440000,7523,48.4921858443,-4.5040425786,144.3404
150460000,7524,48.4921856248,-4.5040423417,144.3404
150480000,7525,48.4921854054,-4.5040421048,144.3404
150500000,7526,48.492185186,-4.504041868,144.3404
150520000,7527,48.4921849665,-4.5040416311,144.3404
150540000,7528,48.4921847471,-4.5040413942,144.3404
150560000,7529,48.4921845277,-4.5040411574,144.3404
150580000,7530,48.4921843083,-4.5040409205,144.3404
150600000,7531,48.4921840888,-4.5040406836,144.3404
150620000,7532,48.4921838694,-4.5040404468,144.3404
150640000,7533,48.49218365,-4.5040402099,144.3404
150660000,7534,48.4921834305,-4.504039973,144.3404
150680000,7535,48.4921832111,-4.5040397362,144.3404
150700000,7536,48.4921829917,-4.5040394993,144.3404
150720000,7537,48.4921827722,-4.5040392624,144.3404
150740000,7538,48.4921825528,-4.5040390256,144.3404
150760000,7539,48.4921823334,-4.5040387887,144.3404
150780000,7540,48.492182114,-4.5040385518,144.3404
150800000,7541,48.4921818945,-4.504038315,144.3404
150820000,7542,48.4921816751,-4.5040380781,144.3404
150840000,7543,48.4921814557,-4.5040378412,144.3404
150860000,7544,48.4921812362,-4.5040376044,144.3404
150880000,7545,48.4921810168,-4.5040373675,144.3404
150900000,7546,48.4921807974,-4.5040371306,144.3404
150920000,7547,48.4921805779,-4.5040368938,144.3404
150940000,7548,48.4921803585,-4.5040366569,144.3404
150960000,7549,48.4921801391,-4.50403642,144.3404
150980000,7550,48.4921799197,-4.5040361832,144.3404
151000000,7551,48.4921797002,-4.5040359463,144.3404
151020000,7552,48.4921794808,-4.5040357094,144.3404
151040000,7553,48.4921792614,-4.5040354726,144.3404
151060000,7554,48.4921790419,-4.5040352357,144.3404
151080000,7555,48.4921788225,-4.5040349988,144.3404
151100000,7556,48.4921786031,-4.504034762,144.3404
151120000,7557,48.4921783836,-4.5040345251,144.3404
151140000,7558,48.4921781642,-4.5040342882,144.3404
151160000,7559,48.4921779448,-4.5040340514,144.3404
151180000,7560,48.4921777254,-4.5040338145,144.3404
151200000,7561,48.4921775059,-4.5040335776,144.3404
151220000,7562,48.4921772865,-4.5040333408,144.3404
151240000,7563,48.4921770671,-4.5040331039,144.3404
151260000,7564,48.4921768476,-4.504032867,144.3404
151280000,7565,48.4921766282,-4.5040326302,144.3404
151300000,7566,48.4921764088,-4.5040323933,144.3404
151320000,7567,48.4921761894,-4.5040321564,144.3404
151340000,7568,48.4921759699,-4.5040319196,144.3404
151360000,7569,48.4921757505,-4.5040316827,144.3404
151380000,7570,48.4921755311,-4.5040314458,144.3404
151400000,7571,48.4921753116,-4.504031209,144.3404
151420000,7572,48.4921750922,-4.5040309721,144.3404
151440000,7573,48.4921748728,-4.5040307352,144.3404
151460000,7574,48.4921746533,-4.5040304984,144.3404
151480000,7575,48.4921744339,-4.5040302615,144.3404
151500000,7576,48.4921742145,-4.5040300246,144.3404
151520000,7577,48.4921739951,-4.5040297878,144.3404
151540000,7578,48.4921737756,-4.5040295509,144.3404
151560000,7579,48.4921735562,-4.504029314,144.3404
151580000,7580,48.4921733368,-4.5040290772,144.3404
151600000,7581,48.4921731173,-4.5040288403,144.3404
151620000,7582,48.4921728979,-4.5040286034,144.3404
151640000,7583,48.4921726785,-4.5040283666,144.3404
151660000,7584,48.492172459,-4.5040281297,144.3404
151680000,7585,48.4921722396,-4.5040278928,144.3404
151700000,7586,48.4921720202,-4.504027656,144.3404
151720000,7587,48.4921718008,-4.5040274191,144.3404
151740000,7588,48.4921715813,-4.5040271822,144.3404
151760000,7589,48.4921713619,-4.5040269454,144.3404
151780000,7590,48.4921711425,-4.5040267085,144.3404
151800000,7591,48.492170923,-4.5040264717,144.3404
151820000,7592,48.4921707036,-4.5040262348,144.3404
151840000,7593,48.4921704842,-4.5040259979,144.3404
151860000,7594,48.4921702647,-4.5040257611,144.3404
151880000,7595,48.4921700453,-4.5040255242,144.3404
151900000,7596,48.4921698259,-4.5040252873,144.3404
151920000,7597,48.4921696065,-4.5040250505,144.3404
151940000,7598,48.492169387,-4.5040248136,144.3404
151960000,7599,48.4921691676,-4.5040245767,144.3404
151980000,7600,48.4921689482,-4.5040243399,144.3404
152000000,7601,48.4921687287,-4.504024103,144.3404
152020000,7602,48.4921685093,-4.5040238661,144.3404
152040000,7603,48.4921682899,-4.5040236293,144.3404
152060000,7604,48.4921680704,-4.5040233924,144.3404
152080000,7605,48.492167851,-4.5040231555,144.3404
152100000,7606,48.4921676316,-4.5040229187,144.3404
152120000,7607,48.4921674122,-4.5040226818,144.3404
152140000,7608,48.4921671927,-4.5040224449,144.3404
152160000,7609,48.4921669733,-4.5040222081,144.3404
152180000,7610,48.4921667539,-4.5040219712,144.3404
152200000,7611,48.4921665344,-4.5040217343,144.3404
152220000,7612,48.492166315,-4.5040214975,144.3404
152240000,7613,48.4921660956,-4.5040212606,144.3404
152260000,7614,48.4921658761,-4.5040210237,144.3404
152280000,7615,48.4921656567,-4.5040207869,144.3404
152300000,7616,48.4921654373,-4.50402055,144.3404
152320000,7617,48.4921652179,-4.5040203131,144.3404
152340000,7618,48.4921649984,-4.5040200763,144.3404
152360000,7619,48.492164779,-4.5040198394,144.3404
152380000,7620,48.4921645596,-4.5040196025,144.3404
152400000,7621,48.4921643401,-4.5040193657,144.3404
152420000,7622,48.4921641207,-4.5040191288,144.3404
152440000,7623,48.4921639013,-4.5040188919,144.3404
152460000,7624,48.4921636818,-4.5040186551,144.3404
152480000,7625,48.4921634624,-4.5040184182,144.3404
152500000,7626,48.492163243,-4.5040181813,144.3404
152520000,7627,48.4921630236,-4.5040179445,144.3404
152540000,7628,48.4921628041,-4.5040177076,144.3404
152560000,7629,48.4921625847,-4.5040174707,144.3404
152580000,7630,48.4921623653,-4.5040172339,144.3404
152600000,7631,48.4921621458,-4.504016997,144.3404
152620000,7632,48.4921619264,-4.5040167601,144.3404
152640000,7633,48.492161707,-4.5040165233,144.3404
152660000,7634,48.4921614875,-4.5040162864,144.3404
152680000,7635,48.4921612681,-4.5040160495,144.3404
152700000,7636,48.4921610487,-4.5040158127,144.3404
152720000,7637,48.4921608293,-4.5040155758,144.3404
152740000,7638,48.4921606098,-4.5040153389,144.3404
152760000,7639,48.4921603904,-4.5040151021,144.3404
152780000,7640,48.492160171,-4.5040148652,144.3404
152800000,7641,48.4921599515,-4.5040146283,144.3404
152820000,7642,48.4921597321,-4.5040143915,144.3404
152840000,7643,48.4921595127,-4.5040141546,144.3404
152860000,7644,48.4921592932,-4.5040139177,144.3404
152880000,7645,48.4921590738,-4.5040136809,144.3404
152900000,7646,48.4921588544,-4.504013444,144.3404
152920000,7647,48.492158635,-4.5040132071,144.3404
152940000,7648,48.4921584155,-4.5040129703,144.3404
152960000,7649,48.4921581961,-4.5040127334,144.3404
152980000,7650,48.4921579767,-4.5040124965,144.3404
153000000,7651,48.4921577572,-4.5040122597,144.3404
153020000,7652,48.4921575378,-4.5040120228,144.3404
153040000,7653,48.4921573184,-4.5040117859,144.3404
153060000,7654,48.4921570989,-4.5040115491,144.3404
153080000,7655,48.4921568795,-4.5040113122,144.3404
153100000,7656,48.4921566601,-4.5040110753,144.3404
153120000,7657,48.4921564407,-4.5040108385,144.3404
153140000,7658,48.4921562212,-4.5040106016,144.3404
153160000,7659,48.4921560018,-4.5040103647,144.3404
153180000,7660,48.4921557824,-4.5040101279,144.3404
153200000,7661,48.4921555629,-4.504009891,144.3404
153220000,7662,48.4921553435,-4.5040096541,144.3404
153240000,7663,48.4921551241,-4.5040094173,144.3404
153260000,7664,48.4921549046,-4.5040091804,144.3404
153280000,7665,48.4921546852,-4.5040089435,144.3404
153300000,7666,48.4921544658,-4.5040087067,144.3404
153320000,7667,48.4921542464,-4.5040084698,144.3404
153340000,7668,48.4921540269,-4.5040082329,144.3404
153360000,7669,48.4921538075,-4.5040079961,144.3404
153380000,7670,48.4921535881,-4.5040077592,144.3404
153400000,7671,48.4921533686,-4.5040075223,144.3404
153420000,7672,48.4921531492,-4.5040072855,144.3404
153440000,7673,48.4921529298,-4.5040070486,144.3404
153460000,7674,48.4921527104,-4.5040068117,144.3404
153480000,7675,48.4921524909,-4.5040065749,144.3404
153500000,7676,48.4921522715,-4.504006338,144.3404
153520000,7677,48.4921520521,-4.5040061011,144.3404
153540000,7678,48.4921518326,-4.5040058643,144.3404
153560000,7679,48.4921516132,-4.5040056274,144.3404
153580000,7680,48.4921513938,-4.5040053905,144.3404
153600000,7681,48.4921511743,-4.5040051537,144.3404
153620000,7682,48.4921509549,-4.5040049168,144.3404
153640000,7683,48.4921507355,-4.5040046799,144.3404
153660000,7684,48.4921505161,-4.5040044431,144.3404
153680000,7685,48.4921502966,-4.5040042062,144.3404
153700000,7686,48.4921500772,-4.5040039693,144.3404
153720000,7687,48.4921498578,-4.5040037325,144.3404
153740000,7688,48.4921496383,-4.5040034956,144.3404
153760000,7689,48.4921494189,-4.5040032587,144.3404
153780000,7690,48.4921491995,-4.5040030219,144.3404
153800000,7691,48.49214898,-4.504002785,144.3404
153820000,7692,48.4921487606,-4.5040025481,144.3404
153840000,7693,48.4921485412,-4.5040023113,144.3404
153860000,7694,48.4921483218,-4.5040020744,144.3404
153880000,7695,48.4921481023,-4.5040018375,144.3404
153900000,7696,48.4921478829,-4.5040016007,144.3404
153920000,7697,48.4921476635,-4.5040013638,144.3404
153940000,7698,48.492147444,-4.5040011269,144.3404
153960000,7699,48.4921472246,-4.5040008901,144.3404
153980000,7700,48.4921470052,-4.5040006532,144.3404
154000000,7701,48.4921467857,-4.5040004163,144.3404
154020000,7702,48.4921465663,-4.5040001795,144.3404
154040000,7703,48.4921463469,-4.5039999426,144.3404
154060000,7704,48.4921461275,-4.5039997057,144.3404
154080000,7705,48.492145908,-4.5039994689,144.3404
154100000,7706,48.4921456886,-4.503999232,144.3404
154120000,7707,48.4921454692,-4.5039989951,144.3404
154140000,7708,48.4921452497,-4.5039987583,144.3404
154160000,7709,48.4921450303,-4.5039985214,144.3404
154180000,7710,48.4921448109,-4.5039982845,144.3404
154200000,7711,48.4921445914,-4.5039980477,144.3404
154220000,7712,48.492144372,-4.5039978108,144.3404
154240000,7713,48.4921441526,-4.5039975739,144.3404
154260000,7714,48.4921439332,-4.5039973371,144.3404
154280000,7715,48.4921437137,-4.5039971002,144.3404
154300000,7716,48.4921434943,-4.5039968633,144.3404
154320000,7717,48.4921432749,-4.5039966265,144.3404
154340000,7718,48.4921430554,-4.5039963896,144.3404
154360000,7719,48.492142836,-4.5039961528,144.3404
154380000,7720,48.4921426166,-4.5039959159,144.3404
154400000,7721,48.4921423971,-4.503995679,144.3404
154420000,7722,48.4921421777,-4.5039954422,144.3404
154440000,7723,48.4921419583,-4.5039952053,144.3404
154460000,7724,48.4921417389,-4.5039949684,144.3404
154480000,7725,48.4921415194,-4.5039947316,144.3404
154500000,7726,48.4921413,-4.5039944947,144.3404
154520000,7727,48.4921410806,-4.5039942578,144.3404
154540000,7728,48.4921408611,-4.503994021,144.3404
154560000,7729,48.4921406417,-4.5039937841,144.3404
154580000,7730,48.4921404223,-4.5039935472,144.3404
154600000,7731,48.4921402028,-4.5039933104,144.3404
154620000,7732,48.4921399834,-4.5039930735,144.3404
154640000,7733,48.492139764,-4.5039928366,144.3404
154660000,7734,48.4921395446,-4.5039925998,144.3404
154680000,7735,48.4921393251,-4.5039923629,144.3404
154700000,7736,48.4921391057,-4.503992126,144.3404
154720000,7737,48.4921388863,-4.5039918892,144.3404
154740000,7738,48.4921386668,-4.5039916523,144.3404
154760000,7739,48.4921384474,-4.5039914154,144.3404
154780000,7740,48.492138228,-4.5039911786,144.3404
154800000,7741,48.4921380085,-4.5039909417,144.3404
154820000,7742,48.4921377891,-4.5039907048,144.3404
154840000,7743,48.4921375697,-4.503990468,144.3404
154860000,7744,48.4921373503,-4.5039902311,144.3404
154880000,7745,48.4921371308,-4.5039899942,144.3404
154900000,7746,48.4921369114,-4.5039897574,144.3404
154920000,7747,48.4921369114,-4.5039897574,144.3404
154940000,7748,48.4921367649,-4.5039895941,142.6396
154960000,7749,48.4921366206,-4.5039894234,140.9798
154980000,7750,48.4921364787,-4.5039892454,139.3618
155000000,7751,48.4921363392,-4.50398906,137.7863
155020000,7752,48.4921362019,-4.5039888675,136.2536
155040000,7753,48.4921360669,-4.503988668,134.7637
155060000,7754,48.4921359342,-4.5039884615,133.3164
155080000,7755,48.4921358037,-4.5039882481,131.9114
155100000,7756,48.4921356756,-4.5039880281,130.5482
155120000,7757,48.4921355497,-4.5039878014,129.2261
155140000,7758,48.492135426,-4.5039875682,127.9443
155160000,7759,48.4921353046,-4.5039873287,126.7018
155180000,7760,48.4921351855,-4.5039870828,125.4978
155200000,7761,48.4921350686,-4.5039868308,124.3311
155220000,7762,48.4921349539,-4.5039865727,123.2007
155240000,7763,48.4921348415,-4.5039863086,122.1054
155260000,7764,48.4921347312,-4.5039860387,121.0442
155280000,7765,48.4921346232,-4.5039857631,120.0157
155300000,7766,48.4921345173,-4.5039854818,119.019
155320000,7767,48.4921344137,-4.503985195,118.0527
155340000,7768,48.4921343122,-4.5039849028,117.1158
155360000,7769,48.4921342129,-4.5039846053,116.2072
155380000,7770,48.4921341158,-4.5039843026,115.3257
155400000,7771,48.4921340209,-4.5039839948,114.4702
155420000,7772,48.4921339281,-4.503983682,113.6398
155440000,7773,48.4921338375,-4.5039833644,112.8333
155460000,7774,48.492133749,-4.503983042,112.0498
155480000,7775,48.4921336626,-4.5039827149,111.2883
155500000,7776,48.4921335784,-4.5039823833,110.548
155520000,7777,48.4921334963,-4.5039820473,109.8278
155540000,7778,48.4921334163,-4.5039817069,109.1269
155560000,7779,48.4921333384,-4.5039813624,108.4446
155580000,7780,48.4921332626,-4.5039810137,107.7799
155600000,7781,48.4921331889,-4.5039806611,107.1322
155620000,7782,48.4921331172,-4.5039803045,106.5006
155640000,7783,48.4921330477,-4.5039799442,105.8845
155660000,7784,48.4921329802,-4.5039795802,105.2832
155680000,7785,48.4921329148,-4.5039792127,104.696
155700000,7786,48.4921328515,-4.5039788417,104.1222
155720000,7787,48.4921327902,-4.5039784673,103.5614
155740000,7788,48.4921327309,-4.5039780898,103.0128
155760000,7789,48.4921326737,-4.5039777091,102.476
155780000,7790,48.4921326185,-4.5039773254,101.9503
155800000,7791,48.4921325653,-4.5039769388,101.4354
155820000,7792,48.4921325142,-4.5039765494,100.9306
155840000,7793,48.492132465,-4.5039761573,100.4355
155860000,7794,48.4921324178,-4.5039757626,99.9496
155880000,7795,48.4921323727,-4.5039753655,99.4725
155900000,7796,48.4921323295,-4.503974966,99.0038
155920000,7797,48.4921322883,-4.5039745643,98.543
155940000,7798,48.492132249,-4.5039741604,98.0898
155960000,7799,48.4921322118,-4.5039737545,97.6437
155980000,7800,48.4921321764,-4.5039733467,97.2044
156000000,7801,48.4921321431,-4.5039729371,96.7716
156020000,7802,48.4921321116,-4.5039725257,96.3448
156040000,7803,48.4921320821,-4.5039721128,95.9237
156060000,7804,48.4921320546,-4.5039716984,95.5081
156080000,7805,48.4921320289,-4.5039712826,95.0975
156100000,7806,48.4921320052,-4.5039708655,94.6917
156120000,7807,48.4921319834,-4.5039704473,94.2904
156140000,7808,48.4921319634,-4.503970028,93.8932
156160000,7809,48.4921319454,-4.5039696078,93.4999
156180000,7810,48.4921319292,-4.5039691868,93.1102
156200000,7811,48.4921319149,-4.503968765,92.7238
156220000,7812,48.4921319025,-4.5039683427,92.3405
156240000,7813,48.492131892,-4.5039679198,91.9599
156260000,7814,48.4921318833,-4.5039674965,91.5818
156280000,7815,48.4921318764,-4.503967073,91.206
156300000,7816,48.4921318714,-4.5039666492,90.8321
156320000,7817,48.4921318682,-4.5039662254,90.46
156340000,7818,48.4921318669,-4.5039658017,90.0893
156360000,7819,48.4921318674,-4.5039653781,89.7199
156380000,7820,48.4921318696,-4.5039649547,89.3514
156400000,7821,48.4921318737,-4.5039645318,88.9836
156420000,7822,48.4921318796,-4.5039641093,88.6162
156440000,7823,48.4921318873,-4.5039636874,88.2491
156460000,7824,48.4921318967,-4.5039632662,87.8819
156480000,7825,48.492131908,-4.5039628458,87.5144
156500000,7826,48.492131921,-4.5039624263,87.1463
156520000,7827,48.4921319357,-4.5039620078,86.7774
156540000,7828,48.4921319522,-4.5039615905,86.4074
156560000,7829,48.4921319705,-4.5039611744,86.036
156580000,7830,48.4921319905,-4.5039607597,85.663
156600000,7831,48.4921320122,-4.5039603465,85.2881
156620000,7832,48.4921320357,-4.5039599348,84.9109
156640000,7833,48.4921320609,-4.5039595247,84.5313
156660000,7834,48.4921320878,-4.5039591165,84.1489
156680000,7835,48.4921321164,-4.5039587102,83.7633
156700000,7836,48.4921321466,-4.5039583059,83.3744
156720000,7837,48.4921321786,-4.5039579036,82.9817
156740000,7838,48.4921322123,-4.5039575037,82.5849
156760000,7839,48.4921322476,-4.503957106,82.1837
156780000,7840,48.4921322846,-4.5039567108,81.7777
156800000,7841,48.4921323233,-4.5039563182,81.3665
156820000,7842,48.4921323636,-4.5039559282,80.9498
156840000,7843,48.4921324056,-4.5039555409,80.5272
156860000,7844,48.4921324492,-4.5039551566,80.0982
156880000,7845,48.4921324944,-4.5039547753,79.6623
156900000,7846,48.4921325413,-4.503954397,79.2192
156920000,7847,48.4921325898,-4.503954022,78.7684
156940000,7848,48.4921326399,-4.5039536502,78.3093
156960000,7849,48.4921326916,-4.5039532819,77.8414
156980000,7850,48.4921327448,-4.5039529172,77.3642
157000000,7851,48.4921327997,-4.503952556,76.8771
157020000,7852,48.4921328562,-4.5039521987,76.3795
157040000,7853,48.4921329142,-4.5039518451,75.8707
157060000,7854,48.4921329738,-4.5039514956,75.35
157080000,7855,48.492133035,-4.5039511501,74.8167
157100000,7856,48.4921330977,-4.5039508089,74.2702
157120000,7857,48.492133162,-4.5039504719,73.7094
157140000,7858,48.4921332278,-4.5039501393,73.1337
157160000,7859,48.4921332951,-4.5039498113,72.5421
157180000,7860,48.4921333639,-4.5039494879,71.9337
157200000,7861,48.4921334343,-4.5039491692,71.3073
157220000,7862,48.4921335062,-4.5039488553,70.6621
157240000,7863,48.4921335796,-4.5039485464,69.9967
157260000,7864,48.4921336545,-4.5039482426,69.31
157280000,7865,48.4921337308,-4.5039479439,68.6007
157300000,7866,48.4921338087,-4.5039476506,67.8675
157320000,7867,48.492133888,-4.5039473626,67.1088
157340000,7868,48.4921339688,-4.5039470801,66.3231
157360000,7869,48.492134051,-4.5039468032,65.5087
157380000,7870,48.4921341347,-4.503946532,64.664
157400000,7871,48.4921342199,-4.5039462667,63.7869
157420000,7872,48.4921343065,-4.5039460073,62.8756
157440000,7873,48.4921343945,-4.5039457539,61.928
157460000,7874,48.4921344839,-4.5039455067,60.9417
157480000,7875,48.4921345748,-4.5039452658,59.9146
157500000,7876,48.4921346671,-4.5039450312,58.844
157520000,7877,48.4921347607,-4.5039448031,57.7273
157540000,7878,48.4921348558,-4.5039445816,56.5619
157560000,7879,48.4921349522,-4.5039443668,55.3448
157580000,7880,48.4921350501,-4.5039441588,54.0731
157600000,7881,48.4921351493,-4.5039439578,52.7436
157620000,7882,48.4921352498,-4.5039437637,51.3533
157640000,7883,48.4921353518,-4.5039435768,49.8988
157660000,7884,48.492135455,-4.5039433971,48.377
157680000,7885,48.4921355597,-4.5039432248,46.7847
157700000,7886,48.4921356656,-4.50394306,45.1185
157720000,7887,48.4921357729,-4.5039429027,43.3757
157740000,7888,48.4921358815,-4.5039427531,41.5534
157760000,7889,48.4921359915,-4.5039426113,39.6492
157780000,7890,48.4921361027,-4.5039424774,37.6611
157800000,7891,48.4921362152,-4.5039423515,35.5877
157820000,7892,48.4921363291,-4.5039422337,33.4284
157840000,7893,48.4921364442,-4.5039421241,31.1833
157860000,7894,48.4921365606,-4.5039420229,28.8536
157880000,7895,48.4921366783,-4.5039419301,26.4416
157900000,7896,48.4921367972,-4.5039418459,23.9511
157920000,7897,48.4921369174,-4.5039417704,21.3871
157940000,7898,48.4921370389,-4.5039417036,18.756
157960000,7899,48.4921371616,-4.5039416457,16.0658
157980000,7900,48.4921372855,-4.5039415967,13.3258
158000000,7901,48.4921374106,-4.5039415569,10.5464
158020000,7902,48.492137537,-4.5039415263,7.7394
158040000,7903,48.4921376646,-4.503941505,4.9169
158060000,7904,48.4921377934,-4.5039414932,2.0918
158080000,7905,48.4921379234,-4.5039414908,359.277
158100000,7906,48.4921380546,-4.5039414982,356.485
158120000,7907,48.492138187,-4.5039415152,353.7278
158140000,7908,48.4921383206,-4.5039415422,351.0166
158160000,7909,48.4921384553,-4.5039415791,348.3612
158180000,7910,48.4921385912,-4.5039416261,345.7704
158200000,7911,48.4921387283,-4.5039416833,343.2513
158220000,7912,48.4921388665,-4.5039417508,340.8097
158240000,7913,48.4921390058,-4.5039418286,338.45
158260000,7914,48.4921391463,-4.5039419171,336.1752
158280000,7915,48.4921392879,-4.5039420161,333.987
158300000,7916,48.4921394307,-4.5039421259,331.8862
158320000,7917,48.4921395745,-4.5039422465,329.8725
158340000,7918,48.4921397195,-4.5039423781,327.9449
158360000,7919,48.4921398656,-4.5039425207,326.1016
158380000,7920,48.4921400127,-4.5039426745,324.3404
158400000,7921,48.4921400127,-4.5039426745,324.3404
158420000,7922,48.4921402321,-4.5039429114,324.3404
158440000,7923,48.4921404516,-4.5039431482,324.3404
158460000,7924,48.492140671,-4.5039433851,324.3404
158480000,7925,48.4921408904,-4.503943622,324.3404
158500000,7926,48.4921411099,-4.5039438588,324.3404
158520000,7927,48.4921413293,-4.5039440957,324.3404
158540000,7928,48.4921415487,-4.5039443326,324.3404
158560000,7929,48.4921417682,-4.5039445694,324.3404
158580000,7930,48.4921419876,-4.5039448063,324.3404
158600000,7931,48.492142207,-4.5039450432,324.3404
158620000,7932,48.4921424264,-4.50394528,324.3404
158640000,7933,48.4921426459,-4.5039455169,324.3404
158660000,7934,48.4921428653,-4.5039457538,324.3404
158680000,7935,48.4921430847,-4.5039459906,324.3404
158700000,7936,48.4921433042,-4.5039462275,324.3404
158720000,7937,48.4921435236,-4.5039464644,324.3404
158740000,7938,48.492143743,-4.5039467012,324.3404
158760000,7939,48.4921439625,-4.5039469381,324.3404
158780000,7940,48.4921441819,-4.503947175,324.3404
158800000,7941,48.4921444013,-4.5039474118,324.3404
158820000,7942,48.4921446207,-4.5039476487,324.3404
158840000,7943,48.4921448402,-4.5039478856,324.3404
158860000,7944,48.4921450596,-4.5039481224,324.3404
158880000,7945,48.492145279,-4.5039483593,324.3404
158900000,7946,48.4921454985,-4.5039485962,324.3404
158920000,7947,48.4921457179,-4.503948833,324.3404
158940000,7948,48.4921459373,-4.5039490699,324.3404
158960000,7949,48.4921461568,-4.5039493068,324.3404
158980000,7950,48.4921463762,-4.5039495436,324.3404
159000000,7951,48.4921465956,-4.5039497805,324.3404
159020000,7952,48.4921468151,-4.5039500174,324.3404
159040000,7953,48.4921470345,-4.5039502542,324.3404
159060000,7954,48.4921472539,-4.5039504911,324.3404
159080000,7955,48.4921474733,-4.503950728,324.3404
159100000,7956,48.4921476928,-4.5039509648,324.3404
159120000,7957,48.4921479122,-4.5039512017,324.3404
159140000,7958,48.4921481316,-4.5039514386,324.3404
159160000,7959,48.4921483511,-4.5039516754,324.3404
159180000,7960,48.4921485705,-4.5039519123,324.3404
159200000,7961,48.4921487899,-4.5039521492,324.3404
159220000,7962,48.4921490094,-4.503952386,324.3404
159240000,7963,48.4921492288,-4.5039526229,324.3404
159260000,7964,48.4921494482,-4.5039528598,324.3404
159280000,7965,48.4921496676,-4.5039530966,324.3404
159300000,7966,48.4921498871,-4.5039533335,324.3404
159320000,7967,48.4921501065,-4.5039535704,324.3404
159340000,7968,48.4921503259,-4.5039538072,324.3404
159360000,7969,48.4921505454,-4.5039540441,324.3404
159380000,7970,48.4921507648,-4.5039542809,324.3404
159400000,7971,48.4921509842,-4.5039545178,324.3404
159420000,7972,48.4921512037,-4.5039547547,324.3404
159440000,7973,48.4921514231,-4.5039549915,324.3404
159460000,7974,48.4921516425,-4.5039552284,324.3404
159480000,7975,48.4921518619,-4.5039554653,324.3404
159500000,7976,48.4921520814,-4.5039557021,324.3404
159520000,7977,48.4921523008,-4.503955939,324.3404
159540000,7978,48.4921525202,-4.5039561759,324.3404
159560000,7979,48.4921527397,-4.5039564127,324.3404
159580000,7980,48.4921529591,-4.5039566496,324.3404
159600000,7981,48.4921531785,-4.5039568865,324.3404
159620000,7982,48.492153398,-4.5039571233,324.3404
159640000,7983,48.4921536174,-4.5039573602,324.3404
159660000,7984,48.4921538368,-4.5039575971,324.3404
159680000,7985,48.4921540562,-4.5039578339,324.3404
159700000,7986,48.4921542757,-4.5039580708,324.3404
159720000,7987,48.4921544951,-4.5039583077,324.3404
159740000,7988,48.4921547145,-4.5039585445,324.3404
159760000,7989,48.492154934,-4.5039587814,324.3404
159780000,7990,48.4921551534,-4.5039590183,324.3404
159800000,7991,48.4921553728,-4.5039592551,324.3404
159820000,7992,48.4921555923,-4.503959492,324.3404
159840000,7993,48.4921558117,-4.5039597289,324.3404
159860000,7994,48.4921560311,-4.5039599657,324.3404
159880000,7995,48.4921562505,-4.5039602026,324.3404
159900000,7996,48.49215647,-4.5039604395,324.3404
159920000,7997,48.4921566894,-4.5039606763,324.3404
159940000,7998,48.4921569088,-4.5039609132,324.3404
159960000,7999,48.4921571283,-4.5039611501,324.3404
159980000,8000,48.4921573477,-4.5039613869,324.3404
160000000,8001,48.4921575671,-4.5039616238,324.3404
160020000,8002,48.4921577866,-4.5039618607,324.3404
160040000,8003,48.492158006,-4.5039620975,324.3404
160060000,8004,48.4921582254,-4.5039623344,324.3404
160080000,8005,48.4921584448,-4.5039625713,324.3404
160100000,8006,48.4921586643,-4.5039628081,324.3404
160120000,8007,48.4921588837,-4.503963045,324.3404
160140000,8008,48.4921591031,-4.5039632819,324.3404
160160000,8009,48.4921593226,-4.5039635187,324.3404
160180000,8010,48.492159542,-4.5039637556,324.3404
160200000,8011,48.4921597614,-4.5039639925,324.3404
160220000,8012,48.4921599809,-4.5039642293,324.3404
160240000,8013,48.4921602003,-4.5039644662,324.3404
160260000,8014,48.4921604197,-4.5039647031,324.3404
160280000,8015,48.4921606391,-4.5039649399,324.3404
160300000,8016,48.4921608586,-4.5039651768,324.3404
160320000,8017,48.492161078,-4.5039654137,324.3404
160340000,8018,48.4921612974,-4.5039656505,324.3404
160360000,8019,48.4921615169,-4.5039658874,324.3404
160380000,8020,48.4921617363,-4.5039661243,324.3404
160400000,8021,48.4921619557,-4.5039663611,324.3404
160420000,8022,48.4921621752,-4.503966598,324.3404
160440000,8023,48.4921623946,-4.5039668349,324.3404
160460000,8024,48.492162614,-4.5039670717,324.3404
160480000,8025,48.4921628334,-4.5039673086,324.3404
160500000,8026,48.4921630529,-4.5039675455,324.3404
160520000,8027,48.4921632723,-4.5039677823,324.3404
160540000,8028,48.4921634917,-4.5039680192,324.3404
160560000,8029,48.4921637112,-4.5039682561,324.3404
160580000,8030,48.4921639306,-4.5039684929,324.3404
160600000,8031,48.49216415,-4.5039687298,324.3404
160620000,8032,48.4921643695,-4.5039689667,324.3404
160640000,8033,48.4921645889,-4.5039692035,324.3404
160660000,8034,48.4921648083,-4.5039694404,324.3404
160680000,8035,48.4921650277,-4.5039696773,324.3404
160700000,8036,48.4921652472,-4.5039699141,324.3404
160720000,8037,48.4921654666,-4.503970151,324.3404
160740000,8038,48.492165686,-4.5039703879,324.3404
160760000,8039,48.4921659055,-4.5039706247,324.3404
160780000,8040,48.4921661249,-4.5039708616,324.3404
160800000,8041,48.4921663443,-4.5039710984,324.3404
160820000,8042,48.4921665638,-4.5039713353,324.3404
160840000,8043,48.4921667832,-4.5039715722,324.3404
160860000,8044,48.4921670026,-4.503971809,324.3404
160880000,8045,48.492167222,-4.5039720459,324.3404
160900000,8046,48.4921674415,-4.5039722828,324.3404
160920000,8047,48.4921676609,-4.5039725196,324.3404
160940000,8048,48.4921678803,-4.5039727565,324.3404
160960000,8049,48.4921680998,-4.5039729934,324.3404
160980000,8050,48.4921683192,-4.5039732302,324.3404
161000000,8051,48.4921685386,-4.5039734671,324.3404
161020000,8052,48.4921687581,-4.503973704,324.3404
161040000,8053,48.4921689775,-4.5039739408,324.3404
161060000,8054,48.4921691969,-4.5039741777,324.3404
161080000,8055,48.4921694163,-4.5039744146,324.3404
161100000,8056,48.4921696358,-4.5039746514,324.3404
161120000,8057,48.4921698552,-4.5039748883,324.3404
161140000,8058,48.4921700746,-4.5039751252,324.3404
161160000,8059,48.4921702941,-4.503975362,324.3404
161180000,8060,48.4921705135,-4.5039755989,324.3404
161200000,8061,48.4921707329,-4.5039758358,324.3404
161220000,8062,48.4921709524,-4.5039760726,324.3404
161240000,8063,48.4921711718,-4.5039763095,324.3404
161260000,8064,48.4921713912,-4.5039765464,324.3404
161280000,8065,48.4921716106,-4.5039767832,324.3404
161300000,8066,48.4921718301,-4.5039770201,324.3404
161320000,8067,48.4921720495,-4.503977257,324.3404
161340000,8068,48.4921722689,-4.5039774938,324.3404
161360000,8069,48.4921724884,-4.5039777307,324.3404
161380000,8070,48.4921727078,-4.5039779676,324.3404
161400000,8071,48.4921729272,-4.5039782044,324.3404
161420000,8072,48.4921731467,-4.5039784413,324.3404
161440000,8073,48.4921733661,-4.5039786782,324.3404
161460000,8074,48.4921735855,-4.503978915,324.3404
161480000,8075,48.4921738049,-4.5039791519,324.3404
161500000,8076,48.4921740244,-4.5039793888,324.3404
161520000,8077,48.4921742438,-4.5039796256,324.3404
161540000,8078,48.4921744632,-4.5039798625,324.3404
161560000,8079,48.4921746827,-4.5039800994,324.3404
161580000,8080,48.4921749021,-4.5039803362,324.3404
161600000,8081,48.4921751215,-4.5039805731,324.3404
161620000,8082,48.492175341,-4.50398081,324.3404
161640000,8083,48.4921755604,-4.5039810468,324.3404
161660000,8084,48.4921757798,-4.5039812837,324.3404
161680000,8085,48.4921759992,-4.5039815206,324.3404
161700000,8086,48.4921762187,-4.5039817574,324.3404
161720000,8087,48.4921764381,-4.5039819943,324.3404
161740000,8088,48.4921766575,-4.5039822312,324.3404
161760000,8089,48.492176877,-4.503982468,324.3404
161780000,8090,48.4921770964,-4.5039827049,324.3404
161800000,8091,48.4921773158,-4.5039829418,324.3404
161820000,8092,48.4921775353,-4.5039831786,324.3404
161840000,8093,48.4921777547,-4.5039834155,324.3404
161860000,8094,48.4921779741,-4.5039836524,324.3404
161880000,8095,48.4921781935,-4.5039838892,324.3404
161900000,8096,48.492178413,-4.5039841261,324.3404
161920000,8097,48.4921786324,-4.503984363,324.3404
161940000,8098,48.4921788518,-4.5039845998,324.3404
161960000,8099,48.4921790713,-4.5039848367,324.3404
161980000,8100,48.4921792907,-4.5039850736,324.3404
162000000,8101,48.4921795101,-4.5039853104,324.3404
162020000,8102,48.4921797296,-4.5039855473,324.3404
162040000,8103,48.492179949,-4.5039857842,324.3404
162060000,8104,48.4921801684,-4.503986021,324.3404
162080000,8105,48.4921803878,-4.5039862579,324.3404
162100000,8106,48.4921806073,-4.5039864948,324.3404
162120000,8107,48.4921808267,-4.5039867316,324.3404
162140000,8108,48.4921810461,-4.5039869685,324.3404
162160000,8109,48.4921812656,-4.5039872054,324.3404
162180000,8110,48.492181485,-4.5039874422,324.3404
162200000,8111,48.4921817044,-4.5039876791,324.3404
162220000,8112,48.4921819239,-4.503987916,324.3404
162240000,8113,48.4921821433,-4.5039881528,324.3404
162260000,8114,48.4921823627,-4.5039883897,324.3404
162280000,8115,48.4921825821,-4.5039886266,324.3404
162300000,8116,48.4921828016,-4.5039888634,324.3404
162320000,8117,48.492183021,-4.5039891003,324.3404
162340000,8118,48.4921832404,-4.5039893372,324.3404
162360000,8119,48.4921834599,-4.503989574,324.3404
162380000,8120,48.4921836793,-4.5039898109,324.3404
162400000,8121,48.4921838987,-4.5039900478,324.3404
162420000,8122,48.4921841182,-4.5039902846,324.3404
162440000,8123,48.4921843376,-4.5039905215,324.3404
162460000,8124,48.492184557,-4.5039907584,324.3404
162480000,8125,48.4921847764,-4.5039909952,324.3404
162500000,8126,48.4921849959,-4.5039912321,324.3404
162520000,8127,48.4921852153,-4.503991469,324.3404
162540000,8128,48.4921854347,-4.5039917058,324.3404
162560000,8129,48.4921856542,-4.5039919427,324.3404
162580000,8130,48.4921858736,-4.5039921796,324.3404
162600000,8131,48.492186093,-4.5039924164,324.3404
162620000,8132,48.4921863125,-4.5039926533,324.3404
162640000,8133,48.4921865319,-4.5039928902,324.3404
162660000,8134,48.4921867513,-4.503993127,324.3404
162680000,8135,48.4921869707,-4.5039933639,324.3404
162700000,8136,48.4921871902,-4.5039936008,324.3404
162720000,8137,48.4921874096,-4.5039938376,324.3404
162740000,8138,48.492187629,-4.5039940745,324.3404
162760000,8139,48.4921878485,-4.5039943114,324.3404
162780000,8140,48.4921880679,-4.5039945482,324.3404
162800000,8141,48.4921882873,-4.5039947851,324.3404
162820000,8142,48.4921885068,-4.503995022,324.3404
162840000,8143,48.4921887262,-4.5039952588,324.3404
162860000,8144,48.4921889456,-4.5039954957,324.3404
162880000,8145,48.492189165,-4.5039957326,324.3404
162900000,8146,48.4921893845,-4.5039959694,324.3404
162920000,8147,48.4921896039,-4.5039962063,324.3404
162940000,8148,48.4921898233,-4.5039964432,324.3404
162960000,8149,48.4921900428,-4.50399668,324.3404
162980000,8150,48.4921902622,-4.5039969169,324.3404
163000000,8151,48.4921904816,-4.5039971538,324.3404
163020000,8152,48.4921907011,-4.5039973906,324.3404
163040000,8153,48.4921909205,-4.5039976275,324.3404
163060000,8154,48.4921911399,-4.5039978644,324.3404
163080000,8155,48.4921913593,-4.5039981012,324.3404
163100000,8156,48.4921915788,-4.5039983381,324.3404
163120000,8157,48.4921917982,-4.503998575,324.3404
163140000,8158,48.4921920176,-4.5039988118,324.3404
163160000,8159,48.4921922371,-4.5039990487,324.3404
163180000,8160,48.4921924565,-4.5039992856,324.3404
163200000,8161,48.4921926759,-4.5039995224,324.3404
163220000,8162,48.4921928954,-4.5039997593,324.3404
163240000,8163,48.4921931148,-4.5039999961,324.3404
163260000,8164,48.4921933342,-4.504000233,324.3404
163280000,8165,48.4921935536,-4.5040004699,324.3404
163300000,8166,48.4921937731,-4.5040007067,324.3404
163320000,8167,48.4921939925,-4.5040009436,324.3404
163340000,8168,48.4921942119,-4.5040011805,324.3404
163360000,8169,48.4921944314,-4.5040014173,324.3404
163380000,8170,48.4921946508,-4.5040016542,324.3404
163400000,8171,48.4921948702,-4.5040018911,324.3404
163420000,8172,48.4921950897,-4.5040021279,324.3404
163440000,8173,48.4921953091,-4.5040023648,324.3404
163460000,8174,48.4921955285,-4.5040026017,324.3404
163480000,8175,48.4921957479,-4.5040028385,324.3404
163500000,8176,48.4921959674,-4.5040030754,324.3404
163520000,8177,48.4921961868,-4.5040033123,324.3404
163540000,8178,48.4921964062,-4.5040035491,324.3404
163560000,8179,48.4921966257,-4.504003786,324.3404
163580000,8180,48.4921968451,-4.5040040229,324.3404
163600000,8181,48.4921970645,-4.5040042597,324.3404
163620000,8182,48.4921972839,-4.5040044966,324.3404
163640000,8183,48.4921975034,-4.5040047335,324.3404
163660000,8184,48.4921977228,-4.5040049703,324.3404
163680000,8185,48.4921979422,-4.5040052072,324.3404
163700000,8186,48.4921981617,-4.5040054441,324.3404
163720000,8187,48.4921983811,-4.5040056809,324.3404
163740000,8188,48.4921986005,-4.5040059178,324.3404
163760000,8189,48.49219882,-4.5040061547,324.3404
163780000,8190,48.4921990394,-4.5040063915,324.3404
163800000,8191,48.4921992588,-4.5040066284,324.3404
163820000,8192,48.4921994782,-4.5040068653,324.3404
163840000,8193,48.4921996977,-4.5040071021,324.3404
163860000,8194,48.4921999171,-4.504007339,324.3404
163880000,8195,48.4922001365,-4.5040075759,324.3404
163900000,8196,48.492200356,-4.5040078127,324.3404
163920000,8197,48.4922005754,-4.5040080496,324.3404
163940000,8198,48.4922007948,-4.5040082865,324.3404
163960000,8199,48.4922010143,-4.5040085233,324.3404
163980000,8200,48.4922012337,-4.5040087602,324.3404
164000000,8201,48.4922014531,-4.5040089971,324.3404
164020000,8202,48.4922016725,-4.5040092339,324.3404
164040000,8203,48.492201892,-4.5040094708,324.3404
164060000,8204,48.4922021114,-4.5040097077,324.3404
164080000,8205,48.4922023308,-4.5040099445,324.3404
164100000,8206,48.4922025503,-4.5040101814,324.3404
164120000,8207,48.4922027697,-4.5040104183,324.3404
164140000,8208,48.4922029891,-4.5040106551,324.3404
164160000,8209,48.4922032086,-4.504010892,324.3404
164180000,8210,48.492203428,-4.5040111289,324.3404
164200000,8211,48.4922036474,-4.5040113657,324.3404
164220000,8212,48.4922038668,-4.5040116026,324.3404
164240000,8213,48.4922040863,-4.5040118395,324.3404
164260000,8214,48.4922043057,-4.5040120763,324.3404
164280000,8215,48.4922045251,-4.5040123132,324.3404
164300000,8216,48.4922047446,-4.5040125501,324.3404
164320000,8217,48.492204964,-4.5040127869,324.3404
164340000,8218,48.4922051834,-4.5040130238,324.3404
164360000,8219,48.4922054029,-4.5040132607,324.3404
164380000,8220,48.4922056223,-4.5040134975,324.3404
164400000,8221,48.4922058417,-4.5040137344,324.3404
164420000,8222,48.4922060611,-4.5040139713,324.3404
164440000,8223,48.4922062806,-4.5040142081,324.3404
164460000,8224,48.4922065,-4.504014445,324.3404
164480000,8225,48.4922067194,-4.5040146819,324.3404
164500000,8226,48.4922069389,-4.5040149187,324.3404
164520000,8227,48.4922071583,-4.5040151556,324.3404
164540000,8228,48.4922073777,-4.5040153925,324.3404
164560000,8229,48.4922075972,-4.5040156293,324.3404
164580000,8230,48.4922078166,-4.5040158662,324.3404
164600000,8231,48.492208036,-4.5040161031,324.3404
164620000,8232,48.4922082554,-4.5040163399,324.3404
164640000,8233,48.4922084749,-4.5040165768,324.3404
164660000,8234,48.4922086943,-4.5040168137,324.3404
164680000,8235,48.4922089137,-4.5040170505,324.3404
164700000,8236,48.4922091332,-4.5040172874,324.3404
164720000,8237,48.4922093526,-4.5040175243,324.3404
164740000,8238,48.492209572,-4.5040177611,324.3404
164760000,8239,48.4922097915,-4.504017998,324.3404
164780000,8240,48.4922100109,-4.5040182349,324.3404
164800000,8241,48.4922102303,-4.5040184717,324.3404
164820000,8242,48.4922104497,-4.5040187086,324.3404
164840000,8243,48.4922106692,-4.5040189455,324.3404
164860000,8244,48.4922108886,-4.5040191823,324.3404
164880000,8245,48.492211108,-4.5040194192,324.3404
164900000,8246,48.4922113275,-4.5040196561,324.3404
164920000,8247,48.4922115469,-4.5040198929,324.3404
164940000,8248,48.4922117663,-4.5040201298,324.3404
164960000,8249,48.4922119858,-4.5040203667,324.3404
164980000,8250,48.4922122052,-4.5040206035,324.3404
165000000,8251,48.4922124246,-4.5040208404,324.3404
165020000,8252,48.492212644,-4.5040210773,324.3404
165040000,8253,48.4922128635,-4.5040213141,324.3404
165060000,8254,48.4922130829,-4.504021551,324.3404
165080000,8255,48.4922133023,-4.5040217879,324.3404
165100000,8256,48.4922135218,-4.5040220247,324.3404
165120000,8257,48.4922137412,-4.5040222616,324.3404
165140000,8258,48.4922139606,-4.5040224985,324.3404
165160000,8259,48.4922141801,-4.5040227353,324.3404
165180000,8260,48.4922143995,-4.5040229722,324.3404
165200000,8261,48.4922146189,-4.5040232091,324.3404
165220000,8262,48.4922148383,-4.5040234459,324.3404
165240000,8263,48.4922150578,-4.5040236828,324.3404
165260000,8264,48.4922152772,-4.5040239197,324.3404
165280000,8265,48.4922154966,-4.5040241565,324.3404
165300000,8266,48.4922157161,-4.5040243934,324.3404
165320000,8267,48.4922159355,-4.5040246303,324.3404
165340000,8268,48.4922161549,-4.5040248671,324.3404
165360000,8269,48.4922163744,-4.504025104,324.3404
165380000,8270,48.4922165938,-4.5040253409,324.3404
165400000,8271,48.4922168132,-4.5040255777,324.3404
165420000,8272,48.4922170326,-4.5040258146,324.3404
165440000,8273,48.4922172521,-4.5040260515,324.3404
165460000,8274,48.4922174715,-4.5040262883,324.3404
165480000,8275,48.4922176909,-4.5040265252,324.3404
165500000,8276,48.4922179104,-4.5040267621,324.3404
165520000,8277,48.4922181298,-4.5040269989,324.3404
165540000,8278,48.4922183492,-4.5040272358,324.3404
165560000,8279,48.4922185687,-4.5040274727,324.3404
165580000,8280,48.4922187881,-4.5040277095,324.3404
165600000,8281,48.4922190075,-4.5040279464,324.3404
165620000,8282,48.4922192269,-4.5040281833,324.3404
165640000,8283,48.4922194464,-4.5040284201,324.3404
165660000,8284,48.4922196658,-4.504028657,324.3404
165680000,8285,48.4922198852,-4.5040288939,324.3404
165700000,8286,48.4922201047,-4.5040291307,324.3404
165720000,8287,48.4922203241,-4.5040293676,324.3404
165740000,8288,48.4922205435,-4.5040296045,324.3404
165760000,8289,48.492220763,-4.5040298413,324.3404
165780000,8290,48.4922209824,-4.5040300782,324.3404
165800000,8291,48.4922212018,-4.5040303151,324.3404
165820000,8292,48.4922214212,-4.5040305519,324.3404
165840000,8293,48.4922216407,-4.5040307888,324.3404
165860000,8294,48.4922218601,-4.5040310257,324.3404
165880000,8295,48.4922220795,-4.5040312625,324.3404
165900000,8296,48.492222299,-4.5040314994,324.3404
165920000,8297,48.4922225184,-4.5040317363,324.3404
165940000,8298,48.4922227378,-4.5040319731,324.3404
165960000,8299,48.4922229572,-4.50403221,324.3404
165980000,8300,48.4922231767,-4.5040324469,324.3404
166000000,8301,48.4922233961,-4.5040326837,324.3404
166020000,8302,48.4922236155,-4.5040329206,324.3404
166040000,8303,48.492223835,-4.5040331575,324.3404
166060000,8304,48.4922240544,-4.5040333943,324.3404
166080000,8305,48.4922242738,-4.5040336312,324.3404
166100000,8306,48.4922244933,-4.5040338681,324.3404
166120000,8307,48.4922247127,-4.504034105,324.3404
166140000,8308,48.4922249321,-4.5040343418,324.3404
166160000,8309,48.4922251515,-4.5040345787,324.3404
166180000,8310,48.492225371,-4.5040348156,324.3404
166200000,8311,48.4922255904,-4.5040350524,324.3404
166220000,8312,48.4922258098,-4.5040352893,324.3404
166240000,8313,48.4922260293,-4.5040355262,324.3404
166260000,8314,48.4922262487,-4.504035763,324.3404
166280000,8315,48.4922264681,-4.5040359999,324.3404
166300000,8316,48.4922266876,-4.5040362368,324.3404
166320000,8317,48.492226907,-4.5040364736,324.3404
166340000,8318,48.4922271264,-4.5040367105,324.3404
166360000,8319,48.4922273458,-4.5040369474,324.3404
166380000,8320,48.4922275653,-4.5040371842,324.3404
166400000,8321,48.4922277847,-4.5040374211,324.3404
166420000,8322,48.4922280041,-4.504037658,324.3404
166440000,8323,48.4922282236,-4.5040378948,324.3404
166460000,8324,48.492228443,-4.5040381317,324.3404
166480000,8325,48.4922286624,-4.5040383686,324.3404
166500000,8326,48.4922288819,-4.5040386054,324.3404
166520000,8327,48.4922291013,-4.5040388423,324.3404
166540000,8328,48.4922293207,-4.5040390792,324.3404
166560000,8329,48.4922295401,-4.504039316,324.3404
166580000,8330,48.4922297596,-4.5040395529,324.3404
166600000,8331,48.492229979,-4.5040397898,324.3404
166620000,8332,48.4922301984,-4.5040400266,324.3404
166640000,8333,48.4922304179,-4.5040402635,324.3404
166660000,8334,48.4922306373,-4.5040405004,324.3404
166680000,8335,48.4922308567,-4.5040407372,324.3404
166700000,8336,48.4922310762,-4.5040409741,324.3404
166720000,8337,48.4922312956,-4.504041211,324.3404
166740000,8338,48.492231515,-4.5040414478,324.3404
166760000,8339,48.4922317344,-4.5040416847,324.3404
166780000,8340,48.4922319539,-4.5040419216,324.3404
166800000,8341,48.4922321733,-4.5040421584,324.3404
166820000,8342,48.4922323927,-4.5040423953,324.3404
166840000,8343,48.4922326122,-4.5040426322,324.3404
166860000,8344,48.4922328316,-4.504042869,324.3404
166880000,8345,48.492233051,-4.5040431059,324.3404
166900000,8346,48.4922332705,-4.5040433428,324.3404
166920000,8347,48.4922334899,-4.5040435796,324.3404
166940000,8348,48.4922337093,-4.5040438165,324.3404
166960000,8349,48.4922339287,-4.5040440534,324.3404
166980000,8350,48.4922341482,-4.5040442902,324.3404
167000000,8351,48.4922343676,-4.5040445271,324.3404
167020000,8352,48.492234587,-4.504044764,324.3404
167040000,8353,48.4922348065,-4.5040450008,324.3404
167060000,8354,48.4922350259,-4.5040452377,324.3404
167080000,8355,48.4922352453,-4.5040454746,324.3404
167100000,8356,48.4922354648,-4.5040457114,324.3404
167120000,8357,48.4922356842,-4.5040459483,324.3404
167140000,8358,48.4922359036,-4.5040461852,324.3404
167160000,8359,48.492236123,-4.504046422,324.3404
167180000,8360,48.4922363425,-4.5040466589,324.3404
167200000,8361,48.4922365619,-4.5040468958,324.3404
167220000,8362,48.4922367813,-4.5040471326,324.3404
167240000,8363,48.4922370008,-4.5040473695,324.3404
167260000,8364,48.4922372202,-4.5040476064,324.3404
167280000,8365,48.4922374396,-4.5040478432,324.3404
167300000,8366,48.4922376591,-4.5040480801,324.3404
167320000,8367,48.4922378785,-4.504048317,324.3404
167340000,8368,48.4922380979,-4.5040485538,324.3404
167360000,8369,48.4922383173,-4.5040487907,324.3404
167380000,8370,48.4922385368,-4.5040490276,324.3404
167400000,8371,48.4922387562,-4.5040492644,324.3404
167420000,8372,48.4922389756,-4.5040495013,324.3404
167440000,8373,48.4922391951,-4.5040497382,324.3404
167460000,8374,48.4922394145,-4.504049975,324.3404
167480000,8375,48.4922396339,-4.5040502119,324.3404
167500000,8376,48.4922398533,-4.5040504488,324.3404
167520000,8377,48.4922400728,-4.5040506856,324.3404
167540000,8378,48.4922402922,-4.5040509225,324.3404
167560000,8379,48.4922405116,-4.5040511594,324.3404
167580000,8380,48.4922407311,-4.5040513962,324.3404
167600000,8381,48.4922409505,-4.5040516331,324.3404
167620000,8382,48.4922411699,-4.50405187,324.3404
167640000,8383,48.4922413894,-4.5040521068,324.3404
167660000,8384,48.4922416088,-4.5040523437,324.3404
167680000,8385,48.4922418282,-4.5040525806,324.3404
167700000,8386,48.4922420476,-4.5040528174,324.3404
167720000,8387,48.4922422671,-4.5040530543,324.3404
167740000,8388,48.4922424865,-4.5040532912,324.3404
167760000,8389,48.4922427059,-4.504053528,324.3404
167780000,8390,48.4922429254,-4.5040537649,324.3404
167800000,8391,48.4922431448,-4.5040540018,324.3404
167820000,8392,48.4922433642,-4.5040542386,324.3404
167840000,8393,48.4922435837,-4.5040544755,324.3404
167860000,8394,48.4922438031,-4.5040547124,324.3404
167880000,8395,48.4922440225,-4.5040549492,324.3404
167900000,8396,48.4922442419,-4.5040551861,324.3404
167920000,8397,48.4922444614,-4.504055423,324.3404
167940000,8398,48.4922446808,-4.5040556598,324.3404
167960000,8399,48.4922449002,-4.5040558967,324.3404
167980000,8400,48.4922451197,-4.5040561336,324.3404
168000000,8401,48.4922453391,-4.5040563704,324.3404
168020000,8402,48.4922455585,-4.5040566073,324.3404
168040000,8403,48.492245778,-4.5040568442,324.3404
168060000,8404,48.4922459974,-4.504057081,324.3404
168080000,8405,48.4922462168,-4.5040573179,324.3404
168100000,8406,48.4922464362,-4.5040575548,324.3404
168120000,8407,48.4922466557,-4.5040577916,324.3404
168140000,8408,48.4922468751,-4.5040580285,324.3404
168160000,8409,48.4922470945,-4.5040582654,324.3404
168180000,8410,48.492247314,-4.5040585022,324.3404
168200000,8411,48.4922475334,-4.5040587391,324.3404
168220000,8412,48.4922477528,-4.504058976,324.3404
168240000,8413,48.4922479723,-4.5040592128,324.3404
168260000,8414,48.4922481917,-4.5040594497,324.3404
168280000,8415,48.4922484111,-4.5040596866,324.3404
168300000,8416,48.4922486305,-4.5040599234,324.3404
168320000,8417,48.49224885,-4.5040601603,324.3404
168340000,8418,48.4922490694,-4.5040603972,324.3404
168360000,8419,48.4922492888,-4.504060634,324.3404
168380000,8420,48.4922495083,-4.5040608709,324.3404
168400000,8421,48.4922497277,-4.5040611078,324.3404
168420000,8422,48.4922499471,-4.5040613446,324.3404
168440000,8423,48.4922501666,-4.5040615815,324.3404
168460000,8424,48.492250386,-4.5040618184,324.3404
168480000,8425,48.4922506054,-4.5040620552,324.3404
168500000,8426,48.4922508248,-4.5040622921,324.3404
168520000,8427,48.4922510443,-4.504062529,324.3404
168540000,8428,48.4922512637,-4.5040627659,324.3404
168560000,8429,48.4922514831,-4.5040630027,324.3404
168580000,8430,48.4922517026,-4.5040632396,324.3404
168600000,8431,48.492251922,-4.5040634765,324.3404
168620000,8432,48.4922521414,-4.5040637133,324.3404
168640000,8433,48.4922523608,-4.5040639502,324.3404
168660000,8434,48.4922525803,-4.5040641871,324.3404
168680000,8435,48.4922527997,-4.5040644239,324.3404
168700000,8436,48.4922530191,-4.5040646608,324.3404
168720000,8437,48.4922532386,-4.5040648977,324.3404
168740000,8438,48.492253458,-4.5040651345,324.3404
168760000,8439,48.4922536774,-4.5040653714,324.3404
168780000,8440,48.4922538969,-4.5040656083,324.3404
168800000,8441,48.4922541163,-4.5040658451,324.3404
168820000,8442,48.4922543357,-4.504066082,324.3404
168840000,8443,48.4922545551,-4.5040663189,324.3404
168860000,8444,48.4922547746,-4.5040665557,324.3404
168880000,8445,48.492254994,-4.5040667926,324.3404
168900000,8446,48.4922552134,-4.5040670295,324.3404
168920000,8447,48.4922554329,-4.5040672663,324.3404
168940000,8448,48.4922556523,-4.5040675032,324.3404
168960000,8449,48.4922558717,-4.5040677401,324.3404
168980000,8450,48.4922560912,-4.5040679769,324.3404
169000000,8451,48.4922563106,-4.5040682138,324.3404
169020000,8452,48.49225653,-4.5040684507,324.3404
169040000,8453,48.4922567494,-4.5040686875,324.3404
169060000,8454,48.4922569689,-4.5040689244,324.3404
169080000,8455,48.4922571883,-4.5040691613,324.3404
169100000,8456,48.4922574077,-4.5040693981,324.3404
169120000,8457,48.4922576272,-4.504069635,324.3404
169140000,8458,48.4922578466,-4.5040698719,324.3404
169160000,8459,48.492258066,-4.5040701087,324.3404
169180000,8460,48.4922582855,-4.5040703456,324.3404
169200000,8461,48.4922585049,-4.5040705825,324.3404
169220000,8462,48.4922587243,-4.5040708193,324.3404
169240000,8463,48.4922589437,-4.5040710562,324.3404
169260000,8464,48.4922591632,-4.5040712931,324.3404
169280000,8465,48.4922593826,-4.5040715299,324.3404
169300000,8466,48.492259602,-4.5040717668,324.3404
169320000,8467,48.4922598215,-4.5040720037,324.3404
169340000,8468,48.4922600409,-4.5040722405,324.3404
169360000,8469,48.4922602603,-4.5040724774,324.3404
169380000,8470,48.4922604798,-4.5040727143,324.3404
169400000,8471,48.4922606992,-4.5040729511,324.3404
169420000,8472,48.4922609186,-4.504073188,324.3404
169440000,8473,48.492261138,-4.5040734249,324.3404
169460000,8474,48.4922613575,-4.5040736617,324.3404
169480000,8475,48.4922615769,-4.5040738986,324.3404
169500000,8476,48.4922617963,-4.5040741355,324.3404
169520000,8477,48.4922620158,-4.5040743723,324.3404
169540000,8478,48.4922622352,-4.5040746092,324.3404
169560000,8479,48.4922624546,-4.5040748461,324.3404
169580000,8480,48.4922626741,-4.5040750829,324.3404
169600000,8481,48.4922628935,-4.5040753198,324.3404
169620000,8482,48.4922631129,-4.5040755567,324.3404
169640000,8483,48.4922633323,-4.5040757935,324.3404
169660000,8484,48.4922635518,-4.5040760304,324.3404
169680000,8485,48.4922637712,-4.5040762673,324.3404
169700000,8486,48.4922639906,-4.5040765041,324.3404
169720000,8487,48.4922642101,-4.504076741,324.3404
169740000,8488,48.4922644295,-4.5040769779,324.3404
169760000,8489,48.4922646489,-4.5040772147,324.3404
169780000,8490,48.4922648683,-4.5040774516,324.3404
169800000,8491,48.4922650878,-4.5040776885,324.3404
169820000,8492,48.4922653072,-4.5040779253,324.3404
169840000,8493,48.4922655266,-4.5040781622,324.3404
169860000,8494,48.4922657461,-4.5040783991,324.3404
169880000,8495,48.4922659655,-4.5040786359,324.3404
169900000,8496,48.4922661849,-4.5040788728,324.3404
169920000,8497,48.4922664044,-4.5040791097,324.3404
169940000,8498,48.4922666238,-4.5040793465,324.3404
169960000,8499,48.4922668432,-4.5040795834,324.3404
169980000,8500,48.4922670626,-4.5040798203,324.3404
170000000,8501,48.4922672821,-4.5040800572,324.3404
170020000,8502,48.4922675015,-4.504080294,324.3404
170040000,8503,48.4922677209,-4.5040805309,324.3404
170060000,8504,48.4922679404,-4.5040807678,324.3404
170080000,8505,48.4922681598,-4.5040810046,324.3404
170100000,8506,48.4922683792,-4.5040812415,324.3404
170120000,8507,48.4922685987,-4.5040814784,324.3404
170140000,8508,48.4922688181,-4.5040817152,324.3404
170160000,8509,48.4922690375,-4.5040819521,324.3404
170180000,8510,48.4922692569,-4.504082189,324.3404
170200000,8511,48.4922694764,-4.5040824258,324.3404
170220000,8512,48.4922696958,-4.5040826627,324.3404
170240000,8513,48.4922699152,-4.5040828996,324.3404
170260000,8514,48.4922701347,-4.5040831364,324.3404
170280000,8515,48.4922703541,-4.5040833733,324.3404
170300000,8516,48.4922705735,-4.5040836102,324.3404
170320000,8517,48.492270793,-4.504083847,324.3404
170340000,8518,48.4922710124,-4.5040840839,324.3404
170360000,8519,48.4922712318,-4.5040843208,324.3404
170380000,8520,48.4922714512,-4.5040845576,324.3404
170400000,8521,48.4922716707,-4.5040847945,324.3404
170420000,8522,48.4922718901,-4.5040850314,324.3404
170440000,8523,48.4922721095,-4.5040852682,324.3404
170460000,8524,48.492272329,-4.5040855051,324.3404
170480000,8525,48.4922725484,-4.504085742,324.3404
170500000,8526,48.4922727678,-4.5040859788,324.3404
170520000,8527,48.4922729873,-4.5040862157,324.3404
170540000,8528,48.4922732067,-4.5040864526,324.3404
170560000,8529,48.4922734261,-4.5040866894,324.3404
170580000,8530,48.4922736455,-4.5040869263,324.3404
170600000,8531,48.492273865,-4.5040871632,324.3404
170620000,8532,48.4922740844,-4.5040874,324.3404
170640000,8533,48.4922743038,-4.5040876369,324.3404
170660000,8534,48.4922745233,-4.5040878738,324.3404
170680000,8535,48.4922747427,-4.5040881106,324.3404
170700000,8536,48.4922749621,-4.5040883475,324.3404
170720000,8537,48.4922751815,-4.5040885844,324.3404
170740000,8538,48.492275401,-4.5040888212,324.3404
170760000,8539,48.4922756204,-4.5040890581,324.3404
170780000,8540,48.4922758398,-4.504089295,324.3404
170800000,8541,48.4922760593,-4.5040895318,324.3404
170820000,8542,48.4922762787,-4.5040897687,324.3404
170840000,8543,48.4922764981,-4.5040900056,324.3404
170860000,8544,48.4922767176,-4.5040902424,324.3404
170880000,8545,48.492276937,-4.5040904793,324.3404
170900000,8546,48.4922771564,-4.5040907162,324.3404
170920000,8547,48.4922773758,-4.504090953,324.3404
170940000,8548,48.4922775953,-4.5040911899,324.3404
170960000,8549,48.4922778147,-4.5040914268,324.3404
170980000,8550,48.4922780341,-4.5040916636,324.3404
171000000,8551,48.4922782536,-4.5040919005,324.3404
171020000,8552,48.492278473,-4.5040921374,324.3404
171040000,8553,48.4922786924,-4.5040923742,324.3404
171060000,8554,48.4922789119,-4.5040926111,324.3404
171080000,8555,48.4922791313,-4.504092848,324.3404
171100000,8556,48.4922793507,-4.5040930849,324.3404
171120000,8557,48.4922795701,-4.5040933217,324.3404
171140000,8558,48.4922797896,-4.5040935586,324.3404
171160000,8559,48.492280009,-4.5040937955,324.3404
171180000,8560,48.4922802284,-4.5040940323,324.3404
171200000,8561,48.4922804479,-4.5040942692,324.3404
171220000,8562,48.4922806673,-4.5040945061,324.3404
171240000,8563,48.4922808867,-4.5040947429,324.3404
171260000,8564,48.4922811062,-4.5040949798,324.3404
171280000,8565,48.4922813256,-4.5040952167,324.3404
171300000,8566,48.492281545,-4.5040954535,324.3404
171320000,8567,48.4922817644,-4.5040956904,324.3404
171340000,8568,48.4922819839,-4.5040959273,324.3404
171360000,8569,48.4922822033,-4.5040961641,324.3404
171380000,8570,48.4922824227,-4.504096401,324.3404
171400000,8571,48.4922826422,-4.5040966379,324.3404
171420000,8572,48.4922828616,-4.5040968747,324.3404
171440000,8573,48.492283081,-4.5040971116,324.3404
171460000,8574,48.4922833004,-4.5040973485,324.3404
171480000,8575,48.4922835199,-4.5040975853,324.3404
171500000,8576,48.4922837393,-4.5040978222,324.3404
171520000,8577,48.4922839587,-4.5040980591,324.3404
171540000,8578,48.4922841782,-4.5040982959,324.3404
171560000,8579,48.4922843976,-4.5040985328,324.3404
171580000,8580,48.492284617,-4.5040987697,324.3404
171600000,8581,48.4922848365,-4.5040990065,324.3404
171620000,8582,48.4922850559,-4.5040992434,324.3404
171640000,8583,48.4922852753,-4.5040994803,324.3404
171660000,8584,48.4922854947,-4.5040997171,324.3404
171680000,8585,48.4922857142,-4.504099954,324.3404
171700000,8586,48.4922859336,-4.5041001909,324.3404
171720000,8587,48.492286153,-4.5041004277,324.3404
171740000,8588,48.4922863725,-4.5041006646,324.3404
171760000,8589,48.4922865919,-4.5041009015,324.3404
171780000,8590,48.4922868113,-4.5041011383,324.3404
171800000,8591,48.4922870308,-4.5041013752,324.3404
171820000,8592,48.4922872502,-4.5041016121,324.3404
171840000,8593,48.4922874696,-4.5041018489,324.3404
171860000,8594,48.492287689,-4.5041020858,324.3404
171880000,8595,48.4922879085,-4.5041023227,324.3404
171900000,8596,48.4922881279,-4.5041025595,324.3404
171920000,8597,48.4922883473,-4.5041027964,324.3404
171940000,8598,48.4922885668,-4.5041030333,324.3404
171960000,8599,48.4922887862,-4.5041032701,324.3404
171980000,8600,48.4922890056,-4.504103507,324.3404
172000000,8601,48.4922892251,-4.5041037439,324.3404
172020000,8602,48.4922894445,-4.5041039808,324.3404
172040000,8603,48.4922896639,-4.5041042176,324.3404
172060000,8604,48.4922898833,-4.5041044545,324.3404
172080000,8605,48.4922901028,-4.5041046914,324.3404
172100000,8606,48.4922903222,-4.5041049282,324.3404
172120000,8607,48.4922905416,-4.5041051651,324.3404
172140000,8608,48.4922907611,-4.504105402,324.3404
172160000,8609,48.4922909805,-4.5041056388,324.3404
172180000,8610,48.4922911999,-4.5041058757,324.3404
172200000,8611,48.4922914193,-4.5041061126,324.3404
172220000,8612,48.4922916388,-4.5041063494,324.3404
172240000,8613,48.4922918582,-4.5041065863,324.3404
172260000,8614,48.4922920776,-4.5041068232,324.3404
172280000,8615,48.4922922971,-4.50410706,324.3404
172300000,8616,48.4922925165,-4.5041072969,324.3404
172320000,8617,48.4922927359,-4.5041075338,324.3404
172340000,8618,48.4922929554,-4.5041077706,324.3404
172360000,8619,48.4922931748,-4.5041080075,324.3404
172380000,8620,48.4922933942,-4.5041082444,324.3404
172400000,8621,48.4922936136,-4.5041084812,324.3404
172420000,8622,48.4922938331,-4.5041087181,324.3404
172440000,8623,48.4922940525,-4.504108955,324.3404
172460000,8624,48.4922942719,-4.5041091918,324.3404
172480000,8625,48.4922944914,-4.5041094287,324.3404
172500000,8626,48.4922947108,-4.5041096656,324.3404
172520000,8627,48.4922949302,-4.5041099024,324.3404
172540000,8628,48.4922951497,-4.5041101393,324.3404
172560000,8629,48.4922953691,-4.5041103762,324.3404
172580000,8630,48.4922955885,-4.504110613,324.3404
172600000,8631,48.4922958079,-4.5041108499,324.3404
172620000,8632,48.4922960274,-4.5041110868,324.3404
172640000,8633,48.4922962468,-4.5041113236,324.3404
172660000,8634,48.4922964662,-4.5041115605,324.3404
172680000,8635,48.4922966857,-4.5041117974,324.3404
172700000,8636,48.4922969051,-4.5041120342,324.3404
172720000,8637,48.4922971245,-4.5041122711,324.3404
172740000,8638,48.492297344,-4.504112508,324.3404
172760000,8639,48.4922975634,-4.5041127448,324.3404
172780000,8640,48.4922977828,-4.5041129817,324.3404
172800000,8641,48.4922980022,-4.5041132186,324.3404
172820000,8642,48.4922982217,-4.5041134554,324.3404
172840000,8643,48.4922984411,-4.5041136923,324.3404
172860000,8644,48.4922986605,-4.5041139292,324.3404
172880000,8645,48.49229888,-4.5041141661,324.3404
172900000,8646,48.4922990994,-4.5041144029,324.3404
172920000,8647,48.4922993188,-4.5041146398,324.3404
172940000,8648,48.4922995382,-4.5041148767,324.3404
172960000,8649,48.4922997577,-4.5041151135,324.3404
172980000,8650,48.4922999771,-4.5041153504,324.3404
173000000,8651,48.4923001965,-4.5041155873,324.3404
173020000,8652,48.492300416,-4.5041158241,324.3404
173040000,8653,48.4923006354,-4.504116061,324.3404
173060000,8654,48.4923008548,-4.5041162979,324.3404
173080000,8655,48.4923010743,-4.5041165347,324.3404
173100000,8656,48.4923012937,-4.5041167716,324.3404
173120000,8657,48.4923015131,-4.5041170085,324.3404
173140000,8658,48.4923017325,-4.5041172453,324.3404
173160000,8659,48.492301952,-4.5041174822,324.3404
173180000,8660,48.4923021714,-4.5041177191,324.3404
173200000,8661,48.4923023908,-4.5041179559,324.3404
173220000,8662,48.4923026103,-4.5041181928,324.3404
173240000,8663,48.4923028297,-4.5041184297,324.3404
173260000,8664,48.4923030491,-4.5041186665,324.3404
173280000,8665,48.4923032686,-4.5041189034,324.3404
173300000,8666,48.492303488,-4.5041191403,324.3404
173320000,8667,48.4923037074,-4.5041193771,324.3404
173340000,8668,48.4923039268,-4.504119614,324.3404
173360000,8669,48.4923041463,-4.5041198509,324.3404
173380000,8670,48.4923043657,-4.5041200877,324.3404
173400000,8671,48.4923045851,-4.5041203246,324.3404
173420000,8672,48.4923048046,-4.5041205615,324.3404
173440000,8673,48.492305024,-4.5041207983,324.3404
173460000,8674,48.4923052434,-4.5041210352,324.3404
173480000,8675,48.4923054629,-4.5041212721,324.3404
173500000,8676,48.4923056823,-4.5041215089,324.3404
173520000,8677,48.4923059017,-4.5041217458,324.3404
173540000,8678,48.4923061211,-4.5041219827,324.3404
173560000,8679,48.4923063406,-4.5041222195,324.3404
173580000,8680,48.49230656,-4.5041224564,324.3404
173600000,8681,48.4923067794,-4.5041226933,324.3404
173620000,8682,48.4923069989,-4.5041229302,324.3404
173640000,8683,48.4923072183,-4.504123167,324.3404
173660000,8684,48.4923074377,-4.5041234039,324.3404
173680000,8685,48.4923076571,-4.5041236408,324.3404
173700000,8686,48.4923078766,-4.5041238776,324.3404
173720000,8687,48.492308096,-4.5041241145,324.3404
173740000,8688,48.4923083154,-4.5041243514,324.3404
173760000,8689,48.4923085349,-4.5041245882,324.3404
173780000,8690,48.4923087543,-4.5041248251,324.3404
173800000,8691,48.4923089737,-4.504125062,324.3404
173820000,8692,48.4923091932,-4.5041252988,324.3404
173840000,8693,48.4923094126,-4.5041255357,324.3404
173860000,8694,48.492309632,-4.5041257726,324.3404
173880000,8695,48.4923098514,-4.5041260094,324.3404
173900000,8696,48.4923100709,-4.5041262463,324.3404
173920000,8697,48.4923102903,-4.5041264832,324.3404
173940000,8698,48.4923105097,-4.50412672,324.3404
173960000,8699,48.4923107292,-4.5041269569,324.3404
173980000,8700,48.4923109486,-4.5041271938,324.3404
174000000,8701,48.492311168,-4.5041274306,324.3404
174020000,8702,48.4923113875,-4.5041276675,324.3404
174040000,8703,48.4923116069,-4.5041279044,324.3404
174060000,8704,48.4923118263,-4.5041281412,324.3404
174080000,8705,48.4923120457,-4.5041283781,324.3404
174100000,8706,48.4923122652,-4.504128615,324.3404
174120000,8707,48.4923124846,-4.5041288518,324.3404
174140000,8708,48.492312704,-4.5041290887,324.3404
174160000,8709,48.4923129235,-4.5041293256,324.3404
174180000,8710,48.4923131429,-4.5041295624,324.3404
174200000,8711,48.4923133623,-4.5041297993,324.3404
174220000,8712,48.4923135817,-4.5041300362,324.3404
174240000,8713,48.4923138012,-4.504130273,324.3404
174260000,8714,48.4923140206,-4.5041305099,324.3404
174280000,8715,48.49231424,-4.5041307468,324.3404
174300000,8716,48.4923144595,-4.5041309836,324.3404
174320000,8717,48.4923146789,-4.5041312205,324.3404
174340000,8718,48.4923148983,-4.5041314574,324.3404
174360000,8719,48.4923151178,-4.5041316943,324.3404
174380000,8720,48.4923153372,-4.5041319311,324.3404
174400000,8721,48.4923155566,-4.504132168,324.3404
174420000,8722,48.492315776,-4.5041324049,324.3404
174440000,8723,48.4923159955,-4.5041326417,324.3404
174460000,8724,48.4923162149,-4.5041328786,324.3404
174480000,8725,48.4923164343,-4.5041331155,324.3404
174500000,8726,48.4923166538,-4.5041333523,324.3404
174520000,8727,48.4923168732,-4.5041335892,324.3404
174540000,8728,48.4923170926,-4.5041338261,324.3404
174560000,8729,48.4923173121,-4.5041340629,324.3404
174580000,8730,48.4923175315,-4.5041342998,324.3404
174600000,8731,48.4923177509,-4.5041345367,324.3404
174620000,8732,48.4923179703,-4.5041347735,324.3404
174640000,8733,48.4923181898,-4.5041350104,324.3404
174660000,8734,48.4923184092,-4.5041352473,324.3404
174680000,8735,48.4923186286,-4.5041354841,324.3404
174700000,8736,48.4923188481,-4.504135721,324.3404
174720000,8737,48.4923190675,-4.5041359579,324.3404
174740000,8738,48.4923192869,-4.5041361947,324.3404
174760000,8739,48.4923195064,-4.5041364316,324.3404
174780000,8740,48.4923197258,-4.5041366685,324.3404
174800000,8741,48.4923199452,-4.5041369053,324.3404
174820000,8742,48.4923201646,-4.5041371422,324.3404
174840000,8743,48.4923203841,-4.5041373791,324.3404
174860000,8744,48.4923206035,-4.5041376159,324.3404
174880000,8745,48.4923208229,-4.5041378528,324.3404
174900000,8746,48.4923210424,-4.5041380897,324.3404
174920000,8747,48.4923212618,-4.5041383265,324.3404
174940000,8748,48.4923214812,-4.5041385634,324.3404
174960000,8749,48.4923217006,-4.5041388003,324.3404
174980000,8750,48.4923219201,-4.5041390372,324.3404
175000000,8751,48.4923221395,-4.504139274,324.3404
175020000,8752,48.4923223589,-4.5041395109,324.3404
175040000,8753,48.4923225784,-4.5041397478,324.3404
175060000,8754,48.4923227978,-4.5041399846,324.3404
175080000,8755,48.4923230172,-4.5041402215,324.3404
175100000,8756,48.4923232367,-4.5041404584,324.3404
175120000,8757,48.4923234561,-4.5041406952,324.3404
175140000,8758,48.4923236755,-4.5041409321,324.3404
175160000,8759,48.4923238949,-4.504141169,324.3404
175180000,8760,48.4923241144,-4.5041414058,324.3404
175200000,8761,48.4923243338,-4.5041416427,324.3404
175220000,8762,48.4923245532,-4.5041418796,324.3404
175240000,8763,48.4923247727,-4.5041421164,324.3404
175260000,8764,48.4923249921,-4.5041423533,324.3404
175280000,8765,48.4923252115,-4.5041425902,324.3404
175300000,8766,48.492325431,-4.504142827,324.3404
175320000,8767,48.4923256504,-4.5041430639,324.3404
175340000,8768,48.4923258698,-4.5041433008,324.3404
175360000,8769,48.4923260892,-4.5041435376,324.3404
175380000,8770,48.4923263087,-4.5041437745,324.3404
175400000,8771,48.4923265281,-4.5041440114,324.3404
175420000,8772,48.4923267475,-4.5041442482,324.3404
175440000,8773,48.492326967,-4.5041444851,324.3404
175460000,8774,48.4923271864,-4.504144722,324.3404
175480000,8775,48.4923274058,-4.5041449588,324.3404
175500000,8776,48.4923276252,-4.5041451957,324.3404
175520000,8777,48.4923278447,-4.5041454326,324.3404
175540000,8778,48.4923280641,-4.5041456694,324.3404
175560000,8779,48.4923282835,-4.5041459063,324.3404
175580000,8780,48.492328503,-4.5041461432,324.3404
175600000,8781,48.4923287224,-4.5041463801,324.3404
175620000,8782,48.4923289418,-4.5041466169,324.3404
175640000,8783,48.4923291613,-4.5041468538,324.3404
175660000,8784,48.4923293807,-4.5041470907,324.3404
175680000,8785,48.4923296001,-4.5041473275,324.3404
175700000,8786,48.4923298195,-4.5041475644,324.3404
175720000,8787,48.492330039,-4.5041478013,324.3404
175740000,8788,48.4923302584,-4.5041480381,324.3404
175760000,8789,48.4923304778,-4.504148275,324.3404
175780000,8790,48.4923306973,-4.5041485119,324.3404
175800000,8791,48.4923309167,-4.5041487487,324.3404
175820000,8792,48.4923311361,-4.5041489856,324.3404
175840000,8793,48.4923313556,-4.5041492225,324.3404
175860000,8794,48.492331575,-4.5041494593,324.3404
175880000,8795,48.4923317944,-4.5041496962,324.3404
175900000,8796,48.4923320138,-4.5041499331,324.3404
175920000,8797,48.4923322333,-4.5041501699,324.3404
175940000,8798,48.4923324527,-4.5041504068,324.3404
175960000,8799,48.4923326721,-4.5041506437,324.3404
175980000,8800,48.4923328916,-4.5041508805,324.3404
176000000,8801,48.492333111,-4.5041511174,324.3404
176020000,8802,48.4923333304,-4.5041513543,324.3404
176040000,8803,48.4923335498,-4.5041515911,324.3404
176060000,8804,48.4923337693,-4.504151828,324.3404
176080000,8805,48.4923339887,-4.5041520649,324.3404
176100000,8806,48.4923342081,-4.5041523017,324.3404
176120000,8807,48.4923344276,-4.5041525386,324.3404
176140000,8808,48.492334647,-4.5041527755,324.3404
176160000,8809,48.4923348664,-4.5041530124,324.3404
176180000,8810,48.4923350859,-4.5041532492,324.3404
176200000,8811,48.4923353053,-4.5041534861,324.3404
176220000,8812,48.4923355247,-4.504153723,324.3404
176240000,8813,48.4923357441,-4.5041539598,324.3404
176260000,8814,48.4923359636,-4.5041541967,324.3404
176280000,8815,48.492336183,-4.5041544336,324.3404
176300000,8816,48.4923364024,-4.5041546704,324.3404
176320000,8817,48.4923366219,-4.5041549073,324.3404
176340000,8818,48.4923368413,-4.5041551442,324.3404
176360000,8819,48.4923370607,-4.504155381,324.3404
176380000,8820,48.4923372802,-4.5041556179,324.3404
176400000,8821,48.4923374996,-4.5041558548,324.3404
176420000,8822,48.492337719,-4.5041560916,324.3404
176440000,8823,48.4923379384,-4.5041563285,324.3404
176460000,8824,48.4923381579,-4.5041565654,324.3404
176480000,8825,48.4923383773,-4.5041568022,324.3404
176500000,8826,48.4923385967,-4.5041570391,324.3404
176520000,8827,48.4923388162,-4.504157276,324.3404
176540000,8828,48.4923390356,-4.5041575128,324.3404
176560000,8829,48.492339255,-4.5041577497,324.3404
176580000,8830,48.4923394744,-4.5041579866,324.3404
176600000,8831,48.4923396939,-4.5041582234,324.3404
176620000,8832,48.4923399133,-4.5041584603,324.3404
176640000,8833,48.4923401327,-4.5041586972,324.3404
176660000,8834,48.4923403522,-4.504158934,324.3404
176680000,8835,48.4923405716,-4.5041591709,324.3404
176700000,8836,48.492340791,-4.5041594078,324.3404
176720000,8837,48.4923410105,-4.5041596447,324.3404
176740000,8838,48.4923412299,-4.5041598815,324.3404
176760000,8839,48.4923414493,-4.5041601184,324.3404
176780000,8840,48.4923416687,-4.5041603553,324.3404
176800000,8841,48.4923418882,-4.5041605921,324.3404
176820000,8842,48.4923421076,-4.504160829,324.3404
176840000,8843,48.492342327,-4.5041610659,324.3404
176860000,8844,48.4923425465,-4.5041613027,324.3404
176880000,8845,48.4923427659,-4.5041615396,324.3404
176900000,8846,48.4923429853,-4.5041617765,324.3404
176920000,8847,48.4923432048,-4.5041620133,324.3404
176940000,8848,48.4923434242,-4.5041622502,324.3404
176960000,8849,48.4923436436,-4.5041624871,324.3404
176980000,8850,48.492343863,-4.5041627239,324.3404
177000000,8851,48.4923440825,-4.5041629608,324.3404
177020000,8852,48.4923443019,-4.5041631977,324.3404
177040000,8853,48.4923445213,-4.5041634345,324.3404
177060000,8854,48.4923447408,-4.5041636714,324.3404
177080000,8855,48.4923449602,-4.5041639083,324.3404
177100000,8856,48.4923451796,-4.5041641451,324.3404
177120000,8857,48.492345399,-4.504164382,324.3404
177140000,8858,48.4923456185,-4.5041646189,324.3404
177160000,8859,48.4923458379,-4.5041648557,324.3404
177180000,8860,48.4923460573,-4.5041650926,324.3404
177200000,8861,48.4923462768,-4.5041653295,324.3404
177220000,8862,48.4923464962,-4.5041655663,324.3404
177240000,8863,48.4923467156,-4.5041658032,324.3404
177260000,8864,48.4923469351,-4.5041660401,324.3404
177280000,8865,48.4923471545,-4.504166277,324.3404
177300000,8866,48.4923473739,-4.5041665138,324.3404
177320000,8867,48.4923475933,-4.5041667507,324.3404
177340000,8868,48.4923478128,-4.5041669876,324.3404
177360000,8869,48.4923480322,-4.5041672244,324.3404
177380000,8870,48.4923482516,-4.5041674613,324.3404
177400000,8871,48.4923484711,-4.5041676982,324.3404
177420000,8872,48.4923486905,-4.504167935,324.3404
177440000,8873,48.4923489099,-4.5041681719,324.3404
177460000,8874,48.4923491294,-4.5041684088,324.3404
177480000,8875,48.4923493488,-4.5041686456,324.3404
177500000,8876,48.4923495682,-4.5041688825,324.3404
177520000,8877,48.4923497876,-4.5041691194,324.3404
177540000,8878,48.4923500071,-4.5041693562,324.3404
177560000,8879,48.4923502265,-4.5041695931,324.3404
177580000,8880,48.4923504459,-4.50416983,324.3404
177600000,8881,48.4923506654,-4.5041700668,324.3404
177620000,8882,48.4923508848,-4.5041703037,324.3404
177640000,8883,48.4923511042,-4.5041705406,324.3404
177660000,8884,48.4923513236,-4.5041707774,324.3404
177680000,8885,48.4923515431,-4.5041710143,324.3404
177700000,8886,48.4923517625,-4.5041712512,324.3404
177720000,8887,48.4923519819,-4.504171488,324.3404
177740000,8888,48.4923522014,-4.5041717249,324.3404
177760000,8889,48.4923524208,-4.5041719618,324.3404
177780000,8890,48.4923526402,-4.5041721987,324.3404
177800000,8891,48.4923528597,-4.5041724355,324.3404
177820000,8892,48.4923530791,-4.5041726724,324.3404
177840000,8893,48.4923532985,-4.5041729093,324.3404
177860000,8894,48.4923535179,-4.5041731461,324.3404
177880000,8895,48.4923537374,-4.504173383,324.3404
177900000,8896,48.4923539568,-4.5041736199,324.3404
177920000,8897,48.4923541762,-4.5041738567,324.3404
177940000,8898,48.4923543957,-4.5041740936,324.3404
177960000,8899,48.4923546151,-4.5041743305,324.3404
177980000,8900,48.4923548345,-4.5041745673,324.3404
178000000,8901,48.4923550539,-4.5041748042,324.3404
178020000,8902,48.4923552734,-4.5041750411,324.3404
178040000,8903,48.4923554928,-4.5041752779,324.3404
178060000,8904,48.4923557122,-4.5041755148,324.3404
178080000,8905,48.4923559317,-4.5041757517,324.3404
178100000,8906,48.4923561511,-4.5041759885,324.3404
178120000,8907,48.4923563705,-4.5041762254,324.3404
178140000,8908,48.49235659,-4.5041764623,324.3404
178160000,8909,48.4923568094,-4.5041766991,324.3404
178180000,8910,48.4923570288,-4.504176936,324.3404
178200000,8911,48.4923572482,-4.5041771729,324.3404
178220000,8912,48.4923574677,-4.5041774097,324.3404
178240000,8913,48.4923576871,-4.5041776466,324.3404
178260000,8914,48.4923579065,-4.5041778835,324.3404
178280000,8915,48.492358126,-4.5041781204,324.3404
178300000,8916,48.4923583454,-4.5041783572,324.3404
178320000,8917,48.4923585648,-4.5041785941,324.3404
178340000,8918,48.4923587843,-4.504178831,324.3404
178360000,8919,48.4923590037,-4.5041790678,324.3404
178380000,8920,48.4923592231,-4.5041793047,324.3404
178400000,8921,48.4923594425,-4.5041795416,324.3404
178420000,8922,48.492359662,-4.5041797784,324.3404
178440000,8923,48.4923598814,-4.5041800153,324.3404
178460000,8924,48.4923601008,-4.5041802522,324.3404
178480000,8925,48.4923603203,-4.504180489,324.3404
178500000,8926,48.4923605397,-4.5041807259,324.3404
178520000,8927,48.4923607591,-4.5041809628,324.3404
178540000,8928,48.4923609785,-4.5041811996,324.3404
178560000,8929,48.492361198,-4.5041814365,324.3404
178580000,8930,48.4923614174,-4.5041816734,324.3404
178600000,8931,48.4923616368,-4.5041819102,324.3404
178620000,8932,48.4923618563,-4.5041821471,324.3404
178640000,8933,48.4923620757,-4.504182384,324.3404
178660000,8934,48.4923622951,-4.5041826208,324.3404
178680000,8935,48.4923625146,-4.5041828577,324.3404
178700000,8936,48.492362734,-4.5041830946,324.3404
178720000,8937,48.4923629534,-4.5041833315,324.3404
178740000,8938,48.4923631728,-4.5041835683,324.3404
178760000,8939,48.4923633923,-4.5041838052,324.3404
178780000,8940,48.4923636117,-4.5041840421,324.3404
178800000,8941,48.4923638311,-4.5041842789,324.3404
178820000,8942,48.4923640506,-4.5041845158,324.3404
178840000,8943,48.49236427,-4.5041847527,324.3404
178860000,8944,48.4923644894,-4.5041849895,324.3404
178880000,8945,48.4923647089,-4.5041852264,324.3404
178900000,8946,48.4923649283,-4.5041854633,324.3404
178920000,8947,48.4923651477,-4.5041857001,324.3404
178940000,8948,48.4923653671,-4.504185937,324.3404
178960000,8949,48.4923655866,-4.5041861739,324.3404
178980000,8950,48.492365806,-4.5041864107,324.3404
179000000,8951,48.4923660254,-4.5041866476,324.3404
179020000,8952,48.4923662449,-4.5041868845,324.3404
179040000,8953,48.4923664643,-4.5041871213,324.3404
179060000,8954,48.4923666837,-4.5041873582,324.3404
179080000,8955,48.4923669031,-4.5041875951,324.3404
179100000,8956,48.4923671226,-4.5041878319,324.3404
179120000,8957,48.492367342,-4.5041880688,324.3404
179140000,8958,48.4923675614,-4.5041883057,324.3404
179160000,8959,48.4923677809,-4.5041885425,324.3404
179180000,8960,48.4923680003,-4.5041887794,324.3404
179200000,8961,48.4923682197,-4.5041890163,324.3404
179220000,8962,48.4923684392,-4.5041892532,324.3404
179240000,8963,48.4923686586,-4.50418949,324.3404
179260000,8964,48.492368878,-4.5041897269,324.3404
179280000,8965,48.4923690974,-4.5041899638,324.3404
179300000,8966,48.4923693169,-4.5041902006,324.3404
179320000,8967,48.4923695363,-4.5041904375,324.3404
179340000,8968,48.4923697557,-4.5041906744,324.3404
179360000,8969,48.4923699752,-4.5041909112,324.3404
179380000,8970,48.4923701946,-4.5041911481,324.3404
179400000,8971,48.492370414,-4.504191385,324.3404
179420000,8972,48.4923706334,-4.5041916218,324.3404
179440000,8973,48.4923708529,-4.5041918587,324.3404
179460000,8974,48.4923710723,-4.5041920956,324.3404
179480000,8975,48.4923712917,-4.5041923324,324.3404
179500000,8976,48.4923715112,-4.5041925693,324.3404
179520000,8977,48.4923717306,-4.5041928062,324.3404
179540000,8978,48.49237195,-4.504193043,324.3404
179560000,8979,48.4923721695,-4.5041932799,324.3404
179580000,8980,48.4923723889,-4.5041935168,324.3404
179600000,8981,48.4923726083,-4.5041937536,324.3404
179620000,8982,48.4923728277,-4.5041939905,324.3404
179640000,8983,48.4923730472,-4.5041942274,324.3404
179660000,8984,48.4923732666,-4.5041944643,324.3404
179680000,8985,48.492373486,-4.5041947011,324.3404
179700000,8986,48.4923737055,-4.504194938,324.3404
179720000,8987,48.4923739249,-4.5041951749,324.3404
179740000,8988,48.4923741443,-4.5041954117,324.3404
179760000,8989,48.4923743638,-4.5041956486,324.3404
179780000,8990,48.4923745832,-4.5041958855,324.3404
179800000,8991,48.4923748026,-4.5041961223,324.3404
179820000,8992,48.492375022,-4.5041963592,324.3404
179840000,8993,48.4923752415,-4.5041965961,324.3404
179860000,8994,48.4923754609,-4.5041968329,324.3404
179880000,8995,48.4923756803,-4.5041970698,324.3404
179900000,8996,48.4923758998,-4.5041973067,324.3404
179920000,8997,48.4923761192,-4.5041975435,324.3404
179940000,8998,48.4923763386,-4.5041977804,324.3404
179960000,8999,48.492376558,-4.5041980173,324.3404
179980000,9000,48.4923767775,-4.5041982541,324.3404
180000000,9001,48.4923769969,-4.504198491,324.3404
180020000,9002,48.4923772163,-4.5041987279,324.3404
180040000,9003,48.4923774358,-4.5041989648,324.3404
180060000,9004,48.4923776552,-4.5041992016,324.3404
180080000,9005,48.4923778746,-4.5041994385,324.3404
180100000,9006,48.4923780941,-4.5041996754,324.3404
180120000,9007,48.4923783135,-4.5041999122,324.3404
180140000,9008,48.4923785329,-4.5042001491,324.3404
180160000,9009,48.4923787523,-4.504200386,324.3404
180180000,9010,48.4923789718,-4.5042006228,324.3404
180200000,9011,48.4923791912,-4.5042008597,324.3404
180220000,9012,48.4923794106,-4.5042010966,324.3404
180240000,9013,48.4923796301,-4.5042013334,324.3404
180260000,9014,48.4923798495,-4.5042015703,324.3404
180280000,9015,48.4923800689,-4.5042018072,324.3404
180300000,9016,48.4923802883,-4.504202044,324.3404
180320000,9017,48.4923805078,-4.5042022809,324.3404
180340000,9018,48.4923807272,-4.5042025178,324.3404
180360000,9019,48.4923809466,-4.5042027546,324.3404
180380000,9020,48.4923811661,-4.5042029915,324.3404
180400000,9021,48.4923813855,-4.5042032284,324.3404
180420000,9022,48.4923816049,-4.5042034652,324.3404
180440000,9023,48.4923818244,-4.5042037021,324.3404
180460000,9024,48.4923820438,-4.504203939,324.3404
180480000,9025,48.4923822632,-4.5042041759,324.3404
180500000,9026,48.4923824826,-4.5042044127,324.3404
180520000,9027,48.4923827021,-4.5042046496,324.3404
180540000,9028,48.4923829215,-4.5042048865,324.3404
180560000,9029,48.4923831409,-4.5042051233,324.3404
180580000,9030,48.4923833604,-4.5042053602,324.3404
180600000,9031,48.4923835798,-4.5042055971,324.3404
180620000,9032,48.4923837992,-4.5042058339,324.3404
180640000,9033,48.4923840187,-4.5042060708,324.3404
180660000,9034,48.4923842381,-4.5042063077,324.3404
180680000,9035,48.4923844575,-4.5042065445,324.3404
180700000,9036,48.4923846769,-4.5042067814,324.3404
180720000,9037,48.4923848964,-4.5042070183,324.3404
180740000,9038,48.4923851158,-4.5042072551,324.3404
180760000,9039,48.4923853352,-4.504207492,324.3404
180780000,9040,48.4923855547,-4.5042077289,324.3404
180800000,9041,48.4923857741,-4.5042079657,324.3404
180820000,9042,48.4923859935,-4.5042082026,324.3404
180840000,9043,48.4923862129,-4.5042084395,324.3404
180860000,9044,48.4923864324,-4.5042086763,324.3404
180880000,9045,48.4923866518,-4.5042089132,324.3404
180900000,9046,48.4923868712,-4.5042091501,324.3404
180920000,9047,48.4923870907,-4.504209387,324.3404
180940000,9048,48.4923873101,-4.5042096238,324.3404
180960000,9049,48.4923875295,-4.5042098607,324.3404
180980000,9050,48.492387749,-4.5042100976,324.3404
181000000,9051,48.4923879684,-4.5042103344,324.3404
181020000,9052,48.4923881878,-4.5042105713,324.3404
181040000,9053,48.4923884072,-4.5042108082,324.3404
181060000,9054,48.4923886267,-4.504211045,324.3404
181080000,9055,48.4923888461,-4.5042112819,324.3404
181100000,9056,48.4923890655,-4.5042115188,324.3404
181120000,9057,48.492389285,-4.5042117556,324.3404
181140000,9058,48.4923895044,-4.5042119925,324.3404
181160000,9059,48.4923897238,-4.5042122294,324.3404
181180000,9060,48.4923899432,-4.5042124662,324.3404
181200000,9061,48.4923901627,-4.5042127031,324.3404
181220000,9062,48.4923903821,-4.50421294,324.3404
181240000,9063,48.4923906015,-4.5042131768,324.3404
181260000,9064,48.492390821,-4.5042134137,324.3404
181280000,9065,48.4923910404,-4.5042136506,324.3404
181300000,9066,48.4923912598,-4.5042138875,324.3404
181320000,9067,48.4923914793,-4.5042141243,324.3404
181340000,9068,48.4923916987,-4.5042143612,324.3404
181360000,9069,48.4923919181,-4.5042145981,324.3404
181380000,9070,48.4923921375,-4.5042148349,324.3404
181400000,9071,48.492392357,-4.5042150718,324.3404
181420000,9072,48.4923925764,-4.5042153087,324.3404
181440000,9073,48.4923927958,-4.5042155455,324.3404
181460000,9074,48.4923930153,-4.5042157824,324.3404
181480000,9075,48.4923932347,-4.5042160193,324.3404
181500000,9076,48.4923934541,-4.5042162561,324.3404
181520000,9077,48.4923936735,-4.504216493,324.3404
181540000,9078,48.492393893,-4.5042167299,324.3404
181560000,9079,48.4923941124,-4.5042169667,324.3404
181580000,9080,48.4923943318,-4.5042172036,324.3404
181600000,9081,48.4923945513,-4.5042174405,324.3404
181620000,9082,48.4923947707,-4.5042176773,324.3404
181640000,9083,48.4923949901,-4.5042179142,324.3404
181660000,9084,48.4923952096,-4.5042181511,324.3404
181680000,9085,48.492395429,-4.504218388,324.3404
181700000,9086,48.4923956484,-4.5042186248,324.3404
181720000,9087,48.4923958678,-4.5042188617,324.3404
181740000,9088,48.4923960873,-4.5042190986,324.3404
181760000,9089,48.4923963067,-4.5042193354,324.3404
181780000,9090,48.4923965261,-4.5042195723,324.3404
181800000,9091,48.4923967456,-4.5042198092,324.3404
181820000,9092,48.492396965,-4.504220046,324.3404
181840000,9093,48.4923971844,-4.5042202829,324.3404
181860000,9094,48.4923974039,-4.5042205198,324.3404
181880000,9095,48.4923976233,-4.5042207566,324.3404
181900000,9096,48.4923978427,-4.5042209935,324.3404
181920000,9097,48.4923980621,-4.5042212304,324.3404
181940000,9098,48.4923982816,-4.5042214672,324.3404
181960000,9099,48.492398501,-4.5042217041,324.3404
181980000,9100,48.4923987204,-4.504221941,324.3404
182000000,9101,48.4923989399,-4.5042221778,324.3404
182020000,9102,48.4923991593,-4.5042224147,324.3404
182040000,9103,48.4923993787,-4.5042226516,324.3404
182060000,9104,48.4923995981,-4.5042228885,324.3404
182080000,9105,48.4923998176,-4.5042231253,324.3404
182100000,9106,48.492400037,-4.5042233622,324.3404
182120000,9107,48.4924002564,-4.5042235991,324.3404
182140000,9108,48.4924004759,-4.5042238359,324.3404
182160000,9109,48.4924006953,-4.5042240728,324.3404
182180000,9110,48.4924009147,-4.5042243097,324.3404
182200000,9111,48.4924011342,-4.5042245465,324.3404
182220000,9112,48.4924013536,-4.5042247834,324.3404
182240000,9113,48.492401573,-4.5042250203,324.3404
182260000,9114,48.4924017924,-4.5042252571,324.3404
182280000,9115,48.4924020119,-4.504225494,324.3404
182300000,9116,48.4924022313,-4.5042257309,324.3404
182320000,9117,48.4924024507,-4.5042259677,324.3404
182340000,9118,48.4924026702,-4.5042262046,324.3404
182360000,9119,48.4924028896,-4.5042264415,324.3404
182380000,9120,48.492403109,-4.5042266783,324.3404
182400000,9121,48.4924033284,-4.5042269152,324.3404
182420000,9122,48.4924035479,-4.5042271521,324.3404
182440000,9123,48.4924037673,-4.504227389,324.3404
182460000,9124,48.4924039867,-4.5042276258,324.3404
182480000,9125,48.4924042062,-4.5042278627,324.3404
182500000,9126,48.4924044256,-4.5042280996,324.3404
182520000,9127,48.492404645,-4.5042283364,324.3404
182540000,9128,48.4924048645,-4.5042285733,324.3404
182560000,9129,48.4924050839,-4.5042288102,324.3404
182580000,9130,48.4924053033,-4.504229047,324.3404
182600000,9131,48.4924055227,-4.5042292839,324.3404
182620000,9132,48.4924057422,-4.5042295208,324.3404
182640000,9133,48.4924059616,-4.5042297576,324.3404
182660000,9134,48.492406181,-4.5042299945,324.3404
182680000,9135,48.4924064005,-4.5042302314,324.3404
182700000,9136,48.4924066199,-4.5042304682,324.3404
182720000,9137,48.4924068393,-4.5042307051,324.3404
182740000,9138,48.4924070587,-4.504230942,324.3404
182760000,9139,48.4924072782,-4.5042311788,324.3404
182780000,9140,48.4924074976,-4.5042314157,324.3404
182800000,9141,48.492407717,-4.5042316526,324.3404
182820000,9142,48.4924079365,-4.5042318895,324.3404
182840000,9143,48.4924081559,-4.5042321263,324.3404
182860000,9144,48.4924083753,-4.5042323632,324.3404
182880000,9145,48.4924085948,-4.5042326001,324.3404
182900000,9146,48.4924088142,-4.5042328369,324.3404
182920000,9147,48.4924090336,-4.5042330738,324.3404
182940000,9148,48.492409253,-4.5042333107,324.3404
182960000,9149,48.4924094725,-4.5042335475,324.3404
182980000,9150,48.4924096919,-4.5042337844,324.3404
183000000,9151,48.4924099113,-4.5042340213,324.3404
183020000,9152,48.4924101308,-4.5042342581,324.3404
183040000,9153,48.4924103502,-4.504234495,324.3404
183060000,9154,48.4924105696,-4.5042347319,324.3404
183080000,9155,48.492410789,-4.5042349687,324.3404
183100000,9156,48.4924110085,-4.5042352056,324.3404
183120000,9157,48.4924112279,-4.5042354425,324.3404
183140000,9158,48.4924114473,-4.5042356794,324.3404
183160000,9159,48.4924116668,-4.5042359162,324.3404
183180000,9160,48.4924118862,-4.5042361531,324.3404
183200000,9161,48.4924121056,-4.50423639,324.3404
183220000,9162,48.4924123251,-4.5042366268,324.3404
183240000,9163,48.4924125445,-4.5042368637,324.3404
183260000,9164,48.4924127639,-4.5042371006,324.3404
183280000,9165,48.4924129833,-4.5042373374,324.3404
183300000,9166,48.4924132028,-4.5042375743,324.3404
183320000,9167,48.4924134222,-4.5042378112,324.3404
183340000,9168,48.4924136416,-4.504238048,324.3404
183360000,9169,48.4924138611,-4.5042382849,324.3404
183380000,9170,48.4924140805,-4.5042385218,324.3404
183400000,9171,48.4924142999,-4.5042387586,324.3404
183420000,9172,48.4924145193,-4.5042389955,324.3404
183440000,9173,48.4924147388,-4.5042392324,324.3404
183460000,9174,48.4924149582,-4.5042394692,324.3404
183480000,9175,48.4924151776,-4.5042397061,324.3404
183500000,9176,48.4924153971,-4.504239943,324.3404
183520000,9177,48.4924156165,-4.5042401799,324.3404
183540000,9178,48.4924158359,-4.5042404167,324.3404
183560000,9179,48.4924160554,-4.5042406536,324.3404
183580000,9180,48.4924162748,-4.5042408905,324.3404
183600000,9181,48.4924164942,-4.5042411273,324.3404
183620000,9182,48.4924167136,-4.5042413642,324.3404
183640000,9183,48.4924169331,-4.5042416011,324.3404
183660000,9184,48.4924171525,-4.5042418379,324.3404
183680000,9185,48.4924173719,-4.5042420748,324.3404
183700000,9186,48.4924175914,-4.5042423117,324.3404
183720000,9187,48.4924178108,-4.5042425485,324.3404
183740000,9188,48.4924180302,-4.5042427854,324.3404
183760000,9189,48.4924182496,-4.5042430223,324.3404
183780000,9190,48.4924184691,-4.5042432591,324.3404
183800000,9191,48.4924186885,-4.504243496,324.3404
183820000,9192,48.4924189079,-4.5042437329,324.3404
183840000,9193,48.4924191274,-4.5042439698,324.3404
183860000,9194,48.4924193468,-4.5042442066,324.3404
183880000,9195,48.4924195662,-4.5042444435,324.3404
183900000,9196,48.4924197857,-4.5042446804,324.3404
183920000,9197,48.4924200051,-4.5042449172,324.3404
183940000,9198,48.4924202245,-4.5042451541,324.3404
183960000,9199,48.4924204439,-4.504245391,324.3404
183980000,9200,48.4924206634,-4.5042456278,324.3404
184000000,9201,48.4924208828,-4.5042458647,324.3404
184020000,9202,48.4924211022,-4.5042461016,324.3404
184040000,9203,48.4924213217,-4.5042463384,324.3404
184060000,9204,48.4924215411,-4.5042465753,324.3404
184080000,9205,48.4924217605,-4.5042468122,324.3404
184100000,9206,48.49242198,-4.504247049,324.3404
184120000,9207,48.4924221994,-4.5042472859,324.3404
184140000,9208,48.4924224188,-4.5042475228,324.3404
184160000,9209,48.4924226382,-4.5042477597,324.3404
184180000,9210,48.4924228577,-4.5042479965,324.3404
184200000,9211,48.4924230771,-4.5042482334,324.3404
184220000,9212,48.4924232965,-4.5042484703,324.3404
184240000,9213,48.492423516,-4.5042487071,324.3404
184260000,9214,48.4924237354,-4.504248944,324.3404
184280000,9215,48.4924239548,-4.5042491809,324.3404
184300000,9216,48.4924241742,-4.5042494177,324.3404
184320000,9217,48.4924243937,-4.5042496546,324.3404
184340000,9218,48.4924246131,-4.5042498915,324.3404
184360000,9219,48.4924248325,-4.5042501283,324.3404
184380000,9220,48.492425052,-4.5042503652,324.3404
184400000,9221,48.4924252714,-4.5042506021,324.3404
184420000,9222,48.4924254908,-4.5042508389,324.3404
184440000,9223,48.4924257103,-4.5042510758,324.3404
184460000,9224,48.4924259297,-4.5042513127,324.3404
184480000,9225,48.4924261491,-4.5042515496,324.3404
184500000,9226,48.4924263685,-4.5042517864,324.3404
184520000,9227,48.492426588,-4.5042520233,324.3404
184540000,9228,48.4924268074,-4.5042522602,324.3404
184560000,9229,48.4924270268,-4.504252497,324.3404
184580000,9230,48.4924272463,-4.5042527339,324.3404
184600000,9231,48.4924274657,-4.5042529708,324.3404
184620000,9232,48.4924276851,-4.5042532076,324.3404
184640000,9233,48.4924279045,-4.5042534445,324.3404
184660000,9234,48.492428124,-4.5042536814,324.3404
184680000,9235,48.4924283434,-4.5042539182,324.3404
184700000,9236,48.4924285628,-4.5042541551,324.3404
184720000,9237,48.4924287823,-4.504254392,324.3404
184740000,9238,48.4924290017,-4.5042546288,324.3404
184760000,9239,48.4924292211,-4.5042548657,324.3404
184780000,9240,48.4924294406,-4.5042551026,324.3404
184800000,9241,48.49242966,-4.5042553394,324.3404
184820000,9242,48.4924298794,-4.5042555763,324.3404
184840000,9243,48.4924300988,-4.5042558132,324.3404
184860000,9244,48.4924303183,-4.5042560501,324.3404
184880000,9245,48.4924305377,-4.5042562869,324.3404
184900000,9246,48.4924307571,-4.5042565238,324.3404
184920000,9247,48.4924309766,-4.5042567607,324.3404
184940000,9248,48.492431196,-4.5042569975,324.3404
184960000,9249,48.4924314154,-4.5042572344,324.3404
184980000,9250,48.4924316348,-4.5042574713,324.3404
185000000,9251,48.4924318543,-4.5042577081,324.3404
185020000,9252,48.4924320737,-4.504257945,324.3404
185040000,9253,48.4924322931,-4.5042581819,324.3404
185060000,9254,48.4924325126,-4.5042584187,324.3404
185080000,9255,48.492432732,-4.5042586556,324.3404
185100000,9256,48.4924329514,-4.5042588925,324.3404
185120000,9257,48.4924331709,-4.5042591293,324.3404
185140000,9258,48.4924333903,-4.5042593662,324.3404
185160000,9259,48.4924336097,-4.5042596031,324.3404
185180000,9260,48.4924338291,-4.50425984,324.3404
185200000,9261,48.4924340486,-4.5042600768,324.3404
185220000,9262,48.492434268,-4.5042603137,324.3404
185240000,9263,48.4924344874,-4.5042605506,324.3404
185260000,9264,48.4924347069,-4.5042607874,324.3404
185280000,9265,48.4924349263,-4.5042610243,324.3404
185300000,9266,48.4924351457,-4.5042612612,324.3404
185320000,9267,48.4924353651,-4.504261498,324.3404
185340000,9268,48.4924355846,-4.5042617349,324.3404
185360000,9269,48.492435804,-4.5042619718,324.3404
185380000,9270,48.4924360234,-4.5042622086,324.3404
185400000,9271,48.4924362429,-4.5042624455,324.3404
185420000,9272,48.4924364623,-4.5042626824,324.3404
185440000,9273,48.4924366817,-4.5042629192,324.3404
185460000,9274,48.4924369012,-4.5042631561,324.3404
185480000,9275,48.4924371206,-4.504263393,324.3404
185500000,9276,48.49243734,-4.5042636299,324.3404
185520000,9277,48.4924375594,-4.5042638667,324.3404
185540000,9278,48.4924377789,-4.5042641036,324.3404
185560000,9279,48.4924379983,-4.5042643405,324.3404
185580000,9280,48.4924382177,-4.5042645773,324.3404
185600000,9281,48.4924384372,-4.5042648142,324.3404
185620000,9282,48.4924386566,-4.5042650511,324.3404
185640000,9283,48.492438876,-4.5042652879,324.3404
185660000,9284,48.4924390954,-4.5042655248,324.3404
185680000,9285,48.4924393149,-4.5042657617,324.3404
185700000,9286,48.4924395343,-4.5042659985,324.3404
185720000,9287,48.4924397537,-4.5042662354,324.3404
185740000,9288,48.4924399732,-4.5042664723,324.3404
185760000,9289,48.4924401926,-4.5042667092,324.3404
185780000,9290,48.492440412,-4.504266946,324.3404
185800000,9291,48.4924406315,-4.5042671829,324.3404
185820000,9292,48.4924408509,-4.5042674198,324.3404
185840000,9293,48.4924410703,-4.5042676566,324.3404
185860000,9294,48.4924412897,-4.5042678935,324.3404
185880000,9295,48.4924415092,-4.5042681304,324.3404
185900000,9296,48.4924417286,-4.5042683672,324.3404
185920000,9297,48.492441948,-4.5042686041,324.3404
185940000,9298,48.4924421675,-4.504268841,324.3404
185960000,9299,48.4924423869,-4.5042690778,324.3404
185980000,9300,48.4924426063,-4.5042693147,324.3404
186000000,9301,48.4924428257,-4.5042695516,324.3404
186020000,9302,48.4924430452,-4.5042697884,324.3404
186040000,9303,48.4924432646,-4.5042700253,324.3404
186060000,9304,48.492443484,-4.5042702622,324.3404
186080000,9305,48.4924437035,-4.5042704991,324.3404
186100000,9306,48.4924439229,-4.5042707359,324.3404
186120000,9307,48.4924441423,-4.5042709728,324.3404
186140000,9308,48.4924443618,-4.5042712097,324.3404
186160000,9309,48.4924445812,-4.5042714465,324.3404
186180000,9310,48.4924448006,-4.5042716834,324.3404
186200000,9311,48.49244502,-4.5042719203,324.3404
186220000,9312,48.4924452395,-4.5042721571,324.3404
186240000,9313,48.4924454589,-4.504272394,324.3404
186260000,9314,48.4924456783,-4.5042726309,324.3404
186280000,9315,48.4924458978,-4.5042728677,324.3404
186300000,9316,48.4924461172,-4.5042731046,324.3404
186320000,9317,48.4924463366,-4.5042733415,324.3404
186340000,9318,48.492446556,-4.5042735783,324.3404
186360000,9319,48.4924467755,-4.5042738152,324.3404
186380000,9320,48.4924469949,-4.5042740521,324.3404
186400000,9321,48.4924472143,-4.504274289,324.3404
186420000,9322,48.4924474338,-4.5042745258,324.3404
186440000,9323,48.4924476532,-4.5042747627,324.3404
186460000,9324,48.4924478726,-4.5042749996,324.3404
186480000,9325,48.492448092,-4.5042752364,324.3404
186500000,9326,48.4924483115,-4.5042754733,324.3404
186520000,9327,48.4924485309,-4.5042757102,324.3404
186540000,9328,48.4924487503,-4.504275947,324.3404
186560000,9329,48.4924489698,-4.5042761839,324.3404
186580000,9330,48.4924491892,-4.5042764208,324.3404
186600000,9331,48.4924491892,-4.5042764208,324.3404
186620000,9332,48.4924493364,-4.5042765746,326.1016
186640000,9333,48.4924494824,-4.5042767172,327.9449
186660000,9334,48.4924496274,-4.5042768488,329.8725
186680000,9335,48.4924497712,-4.5042769694,331.8862
186700000,9336,48.492449914,-4.5042770792,333.987
186720000,9337,48.4924500556,-4.5042771782,336.1752
186740000,9338,48.4924501961,-4.5042772667,338.45
186760000,9339,48.4924503354,-4.5042773445,340.8097
186780000,9340,48.4924504736,-4.504277412,343.2513
186800000,9341,48.4924506107,-4.5042774692,345.7704
186820000,9342,48.4924507466,-4.5042775162,348.3612
186840000,9343,48.4924508813,-4.5042775531,351.0166
186860000,9344,48.4924510149,-4.5042775801,353.7278
186880000,9345,48.4924511473,-4.5042775971,356.485
186900000,9346,48.4924512785,-4.5042776045,359.277
186920000,9347,48.4924514085,-4.5042776021,2.0918
186940000,9348,48.4924515373,-4.5042775903,4.9169
186960000,9349,48.4924516649,-4.504277569,7.7394
186980000,9350,48.4924517913,-4.5042775384,10.5464
187000000,9351,48.4924519164,-4.5042774986,13.3258
187020000,9352,48.4924520404,-4.5042774497,16.0658
187040000,9353,48.492452163,-4.5042773917,18.756
187060000,9354,48.4924522845,-4.504277325,21.3871
187080000,9355,48.4924524047,-4.5042772494,23.9511
187100000,9356,48.4924525236,-4.5042771652,26.4416
187120000,9357,48.4924526413,-4.5042770724,28.8536
187140000,9358,48.4924527577,-4.5042769712,31.1833
187160000,9359,48.4924528728,-4.5042768616,33.4284
187180000,9360,48.4924529867,-4.5042767438,35.5877
187200000,9361,48.4924530992,-4.5042766179,37.6611
187220000,9362,48.4924532104,-4.504276484,39.6492
187240000,9363,48.4924533204,-4.5042763422,41.5534
187260000,9364,48.492453429,-4.5042761926,43.3757
187280000,9365,48.4924535363,-4.5042760353,45.1185
187300000,9366,48.4924536422,-4.5042758705,46.7847
187320000,9367,48.4924537469,-4.5042756982,48.377
187340000,9368,48.4924538502,-4.5042755185,49.8988
187360000,9369,48.4924539521,-4.5042753316,51.3533
187380000,9370,48.4924540527,-4.5042751375,52.7436
187400000,9371,48.4924541519,-4.5042749365,54.0731
187420000,9372,48.4924542497,-4.5042747285,55.3448
187440000,9373,48.4924543461,-4.5042745137,56.5619
187460000,9374,48.4924544412,-4.5042742922,57.7273
187480000,9375,48.4924545349,-4.5042740641,58.844
187500000,9376,48.4924546271,-4.5042738295,59.9146
187520000,9377,48.492454718,-4.5042735886,60.9417
187540000,9378,48.4924548074,-4.5042733414,61.928
187560000,9379,48.4924548954,-4.504273088,62.8756
187580000,9380,48.492454982,-4.5042728286,63.7869
187600000,9381,48.4924550672,-4.5042725633,64.664
187620000,9382,48.4924551509,-4.5042722921,65.5087
187640000,9383,48.4924552331,-4.5042720152,66.3231
187660000,9384,48.4924553139,-4.5042717327,67.1088
187680000,9385,48.4924553932,-4.5042714447,67.8675
187700000,9386,48.4924554711,-4.5042711513,68.6007
187720000,9387,48.4924555475,-4.5042708527,69.31
187740000,9388,48.4924556223,-4.5042705489,69.9967
187760000,9389,48.4924556957,-4.50427024,70.6621
187780000,9390,48.4924557676,-4.5042699261,71.3073
187800000,9391,48.492455838,-4.5042696074,71.9337
187820000,9392,48.4924559068,-4.504269284,72.5421
187840000,9393,48.4924559742,-4.504268956,73.1337
187860000,9394,48.49245604,-4.5042686234,73.7094
187880000,9395,48.4924561042,-4.5042682864,74.2702
187900000,9396,48.492456167,-4.5042679451,74.8167
187920000,9397,48.4924562281,-4.5042675997,75.35
187940000,9398,48.4924562877,-4.5042672501,75.8707
187960000,9399,48.4924563458,-4.5042668966,76.3795
187980000,9400,48.4924564022,-4.5042665392,76.8771
188000000,9401,48.4924564571,-4.5042661781,77.3642
188020000,9402,48.4924565104,-4.5042658133,77.8414
188040000,9403,48.4924565621,-4.504265445,78.3093
188060000,9404,48.4924566122,-4.5042650733,78.7684
188080000,9405,48.4924566607,-4.5042646983,79.2192
188100000,9406,48.4924567075,-4.50426432,79.6623
188120000,9407,48.4924567528,-4.5042639386,80.0982
188140000,9408,48.4924567964,-4.5042635543,80.5272
188160000,9409,48.4924568383,-4.5042631671,80.9498
188180000,9410,48.4924568787,-4.5042627771,81.3665
188200000,9411,48.4924569173,-4.5042623844,81.7777
188220000,9412,48.4924569543,-4.5042619892,82.1837
188240000,9413,48.4924569897,-4.5042615916,82.5849
188260000,9414,48.4924570233,-4.5042611916,82.9817
188280000,9415,48.4924570553,-4.5042607894,83.3744
188300000,9416,48.4924570856,-4.5042603851,83.7633
188320000,9417,48.4924571142,-4.5042599787,84.1489
188340000,9418,48.4924571411,-4.5042595705,84.5313
188360000,9419,48.4924571663,-4.5042591605,84.9109
188380000,9420,48.4924571897,-4.5042587488,85.2881
188400000,9421,48.4924572115,-4.5042583355,85.663
188420000,9422,48.4924572315,-4.5042579208,86.036
188440000,9423,48.4924572497,-4.5042575047,86.4074
188460000,9424,48.4924572662,-4.5042570874,86.7774
188480000,9425,48.492457281,-4.5042566689,87.1463
188500000,9426,48.492457294,-4.5042562494,87.5144
188520000,9427,48.4924573052,-4.504255829,87.8819
188540000,9428,48.4924573147,-4.5042554078,88.2491
188560000,9429,48.4924573224,-4.5042549859,88.6162
188580000,9430,48.4924573283,-4.5042545634,88.9836
188600000,9431,48.4924573323,-4.5042541404,89.3514
188620000,9432,48.4924573346,-4.5042537171,89.7199
188640000,9433,48.4924573351,-4.5042532935,90.0893
188660000,9434,48.4924573337,-4.5042528697,90.46
188680000,9435,48.4924573306,-4.504252446,90.8321
188700000,9436,48.4924573256,-4.5042520222,91.206
188720000,9437,48.4924573187,-4.5042515987,91.5818
188740000,9438,48.49245731,-4.5042511754,91.9599
188760000,9439,48.4924572995,-4.5042507525,92.3405
188780000,9440,48.4924572871,-4.5042503301,92.7238
188800000,9441,48.4924572728,-4.5042499084,93.1102
188820000,9442,48.4924572566,-4.5042494873,93.4999
188840000,9443,48.4924572386,-4.5042490671,93.8932
188860000,9444,48.4924572186,-4.5042486479,94.2904
188880000,9445,48.4924571968,-4.5042482296,94.6917
188900000,9446,48.4924571731,-4.5042478126,95.0975
188920000,9447,48.4924571474,-4.5042473968,95.5081
188940000,9448,48.4924571198,-4.5042469824,95.9237
188960000,9449,48.4924570904,-4.5042465694,96.3448
188980000,9450,48.4924570589,-4.5042461581,96.7716
189000000,9451,48.4924570256,-4.5042457484,97.2044
189020000,9452,48.4924569902,-4.5042453406,97.6437
189040000,9453,48.492456953,-4.5042449347,98.0898
189060000,9454,48.4924569137,-4.5042445308,98.543
189080000,9455,48.4924568725,-4.5042441291,99.0038
189100000,9456,48.4924568293,-4.5042437296,99.4725
189120000,9457,48.4924567842,-4.5042433325,99.9496
189140000,9458,48.492456737,-4.5042429378,100.4355
189160000,9459,48.4924566878,-4.5042425457,100.9306
189180000,9460,48.4924566367,-4.5042421563,101.4354
189200000,9461,48.4924565835,-4.5042417697,101.9503
189220000,9462,48.4924565283,-4.504241386,102.476
189240000,9463,48.4924564711,-4.5042410053,103.0128
189260000,9464,48.4924564118,-4.5042406278,103.5614
189280000,9465,48.4924563505,-4.5042402534,104.1222
189300000,9466,48.4924562872,-4.5042398824,104.696
189320000,9467,48.4924562218,-4.5042395149,105.2832
189340000,9468,48.4924561543,-4.5042391509,105.8845
189360000,9469,48.4924560848,-4.5042387906,106.5006
189380000,9470,48.4924560131,-4.504238434,107.1322
189400000,9471,48.4924559394,-4.5042380814,107.7799
189420000,9472,48.4924558637,-4.5042377327,108.4446
189440000,9473,48.4924557858,-4.5042373881,109.1269
189460000,9474,48.4924557058,-4.5042370478,109.8278
189480000,9475,48.4924556236,-4.5042367118,110.548
189500000,9476,48.4924555394,-4.5042363802,111.2883
189520000,9477,48.4924554531,-4.5042360531,112.0498
189540000,9478,48.4924553646,-4.5042357307,112.8333
189560000,9479,48.4924552739,-4.5042354131,113.6398
189580000,9480,48.4924551811,-4.5042351003,114.4702
189600000,9481,48.4924550862,-4.5042347925,115.3257
189620000,9482,48.4924549891,-4.5042344898,116.2072
189640000,9483,48.4924548898,-4.5042341923,117.1158
189660000,9484,48.4924547883,-4.5042339,118.0527
189680000,9485,48.4924546847,-4.5042336132,119.019
189700000,9486,48.4924545788,-4.504233332,120.0157
189720000,9487,48.4924544708,-4.5042330563,121.0442
189740000,9488,48.4924543606,-4.5042327864,122.1054
189760000,9489,48.4924542481,-4.5042325223,123.2007
189780000,9490,48.4924541334,-4.5042322642,124.3311
189800000,9491,48.4924540165,-4.5042320122,125.4978
189820000,9492,48.4924538974,-4.5042317664,126.7018
189840000,9493,48.492453776,-4.5042315268,127.9443
189860000,9494,48.4924536524,-4.5042312936,129.2261
189880000,9495,48.4924535265,-4.5042310669,130.5482
189900000,9496,48.4924533983,-4.5042308469,131.9114
189920000,9497,48.4924532679,-4.5042306336,133.3164
189940000,9498,48.4924531352,-4.5042304271,134.7637
189960000,9499,48.4924530002,-4.5042302275,136.2536
189980000,9500,48.4924528629,-4.504230035,137.7863
190000000,9501,48.4924527233,-4.5042298497,139.3618
190020000,9502,48.4924525814,-4.5042296716,140.9798
190040000,9503,48.4924524372,-4.5042295009,142.6396
190060000,9504,48.4924522906,-4.5042293377,144.3404
190080000,9505,48.4924522906,-4.5042293377,144.3404
190100000,9506,48.4924520712,-4.5042291008,144.3404
190120000,9507,48.4924518518,-4.5042288639,144.3404
190140000,9508,48.4924516323,-4.504228627,144.3404
190160000,9509,48.4924514129,-4.5042283902,144.3404
190180000,9510,48.4924511935,-4.5042281533,144.3404
190200000,9511,48.4924509741,-4.5042279164,144.3404
190220000,9512,48.4924507546,-4.5042276796,144.3404
190240000,9513,48.4924505352,-4.5042274427,144.3404
190260000,9514,48.4924503158,-4.5042272058,144.3404
190280000,9515,48.4924500963,-4.504226969,144.3404
190300000,9516,48.4924498769,-4.5042267321,144.3404
190320000,9517,48.4924496575,-4.5042264952,144.3404
190340000,9518,48.4924494381,-4.5042262584,144.3404
190360000,9519,48.4924492186,-4.5042260215,144.3404
190380000,9520,48.4924489992,-4.5042257846,144.3404
190400000,9521,48.4924487798,-4.5042255478,144.3404
190420000,9522,48.4924485603,-4.5042253109,144.3404
190440000,9523,48.4924483409,-4.504225074,144.3404
190460000,9524,48.4924481215,-4.5042248371,144.3404
190480000,9525,48.492447902,-4.5042246003,144.3404
190500000,9526,48.4924476826,-4.5042243634,144.3404
190520000,9527,48.4924474632,-4.5042241265,144.3404
190540000,9528,48.4924472438,-4.5042238897,144.3404
190560000,9529,48.4924470243,-4.5042236528,144.3404
190580000,9530,48.4924468049,-4.5042234159,144.3404
190600000,9531,48.4924465855,-4.5042231791,144.3404
190620000,9532,48.492446366,-4.5042229422,144.3404
190640000,9533,48.4924461466,-4.5042227053,144.3404
190660000,9534,48.4924459272,-4.5042224685,144.3404
190680000,9535,48.4924457078,-4.5042222316,144.3404
190700000,9536,48.4924454883,-4.5042219947,144.3404
190720000,9537,48.4924452689,-4.5042217579,144.3404
190740000,9538,48.4924450495,-4.504221521,144.3404
190760000,9539,48.49244483,-4.5042212841,144.3404
190780000,9540,48.4924446106,-4.5042210472,144.3404
190800000,9541,48.4924443912,-4.5042208104,144.3404
190820000,9542,48.4924441717,-4.5042205735,144.3404
190840000,9543,48.4924439523,-4.5042203366,144.3404
190860000,9544,48.4924437329,-4.5042200998,144.3404
190880000,9545,48.4924435135,-4.5042198629,144.3404
190900000,9546,48.492443294,-4.504219626,144.3404
190920000,9547,48.4924430746,-4.5042193892,144.3404
190940000,9548,48.4924428552,-4.5042191523,144.3404
190960000,9549,48.4924426357,-4.5042189154,144.3404
190980000,9550,48.4924424163,-4.5042186786,144.3404
191000000,9551,48.4924421969,-4.5042184417,144.3404
191020000,9552,48.4924419775,-4.5042182048,144.3404
191040000,9553,48.492441758,-4.504217968,144.3404
191060000,9554,48.4924415386,-4.5042177311,144.3404
191080000,9555,48.4924413192,-4.5042174942,144.3404
191100000,9556,48.4924410997,-4.5042172573,144.3404
191120000,9557,48.4924408803,-4.5042170205,144.3404
191140000,9558,48.4924406609,-4.5042167836,144.3404
191160000,9559,48.4924404414,-4.5042165467,144.3404
191180000,9560,48.492440222,-4.5042163099,144.3404
191200000,9561,48.4924400026,-4.504216073,144.3404
191220000,9562,48.4924397832,-4.5042158361,144.3404
191240000,9563,48.4924395637,-4.5042155993,144.3404
191260000,9564,48.4924393443,-4.5042153624,144.3404
191280000,9565,48.4924391249,-4.5042151255,144.3404
191300000,9566,48.4924389054,-4.5042148887,144.3404
191320000,9567,48.492438686,-4.5042146518,144.3404
191340000,9568,48.4924384666,-4.5042144149,144.3404
191360000,9569,48.4924382472,-4.5042141781,144.3404
191380000,9570,48.4924380277,-4.5042139412,144.3404
191400000,9571,48.4924378083,-4.5042137043,144.3404
191420000,9572,48.4924375889,-4.5042134675,144.3404
191440000,9573,48.4924373694,-4.5042132306,144.3404
191460000,9574,48.49243715,-4.5042129937,144.3404
191480000,9575,48.4924369306,-4.5042127568,144.3404
191500000,9576,48.4924367111,-4.50421252,144.3404
191520000,9577,48.4924364917,-4.5042122831,144.3404
191540000,9578,48.4924362723,-4.5042120462,144.3404
191560000,9579,48.4924360529,-4.5042118094,144.3404
191580000,9580,48.4924358334,-4.5042115725,144.3404
191600000,9581,48.492435614,-4.5042113356,144.3404
191620000,9582,48.4924353946,-4.5042110988,144.3404
191640000,9583,48.4924351751,-4.5042108619,144.3404
191660000,9584,48.4924349557,-4.504210625,144.3404
191680000,9585,48.4924347363,-4.5042103882,144.3404
191700000,9586,48.4924345168,-4.5042101513,144.3404
191720000,9587,48.4924342974,-4.5042099144,144.3404
191740000,9588,48.492434078,-4.5042096776,144.3404
191760000,9589,48.4924338586,-4.5042094407,144.3404
191780000,9590,48.4924336391,-4.5042092038,144.3404
191800000,9591,48.4924334197,-4.5042089669,144.3404
191820000,9592,48.4924332003,-4.5042087301,144.3404
191840000,9593,48.4924329808,-4.5042084932,144.3404
191860000,9594,48.4924327614,-4.5042082563,144.3404
191880000,9595,48.492432542,-4.5042080195,144.3404
191900000,9596,48.4924323226,-4.5042077826,144.3404
191920000,9597,48.4924321031,-4.5042075457,144.3404
191940000,9598,48.4924318837,-4.5042073089,144.3404
191960000,9599,48.4924316643,-4.504207072,144.3404
191980000,9600,48.4924314448,-4.5042068351,144.3404
192000000,9601,48.4924312254,-4.5042065983,144.3404
192020000,9602,48.492431006,-4.5042063614,144.3404
192040000,9603,48.4924307865,-4.5042061245,144.3404
192060000,9604,48.4924305671,-4.5042058877,144.3404
192080000,9605,48.4924303477,-4.5042056508,144.3404
192100000,9606,48.4924301283,-4.5042054139,144.3404
192120000,9607,48.4924299088,-4.5042051771,144.3404
192140000,9608,48.4924296894,-4.5042049402,144.3404
192160000,9609,48.49242947,-4.5042047033,144.3404
192180000,9610,48.4924292505,-4.5042044664,144.3404
192200000,9611,48.4924290311,-4.5042042296,144.3404
192220000,9612,48.4924288117,-4.5042039927,144.3404
192240000,9613,48.4924285923,-4.5042037558,144.3404
192260000,9614,48.4924283728,-4.504203519,144.3404
192280000,9615,48.4924281534,-4.5042032821,144.3404
192300000,9616,48.492427934,-4.5042030452,144.3404
192320000,9617,48.4924277145,-4.5042028084,144.3404
192340000,9618,48.4924274951,-4.5042025715,144.3404
192360000,9619,48.4924272757,-4.5042023346,144.3404
192380000,9620,48.4924270562,-4.5042020978,144.3404
192400000,9621,48.4924268368,-4.5042018609,144.3404
192420000,9622,48.4924266174,-4.504201624,144.3404
192440000,9623,48.492426398,-4.5042013872,144.3404
192460000,9624,48.4924261785,-4.5042011503,144.3404
192480000,9625,48.4924259591,-4.5042009134,144.3404
192500000,9626,48.4924257397,-4.5042006766,144.3404
192520000,9627,48.4924255202,-4.5042004397,144.3404
192540000,9628,48.4924253008,-4.5042002028,144.3404
192560000,9629,48.4924250814,-4.5041999659,144.3404
192580000,9630,48.492424862,-4.5041997291,144.3404
192600000,9631,48.4924246425,-4.5041994922,144.3404
192620000,9632,48.4924244231,-4.5041992553,144.3404
192640000,9633,48.4924242037,-4.5041990185,144.3404
192660000,9634,48.4924239842,-4.5041987816,144.3404
192680000,9635,48.4924237648,-4.5041985447,144.3404
192700000,9636,48.4924235454,-4.5041983079,144.3404
192720000,9637,48.4924233259,-4.504198071,144.3404
192740000,9638,48.4924231065,-4.5041978341,144.3404
192760000,9639,48.4924228871,-4.5041975973,144.3404
192780000,9640,48.4924226677,-4.5041973604,144.3404
192800000,9641,48.4924224482,-4.5041971235,144.3404
192820000,9642,48.4924222288,-4.5041968867,144.3404
192840000,9643,48.4924220094,-4.5041966498,144.3404
192860000,9644,48.4924217899,-4.5041964129,144.3404
192880000,9645,48.4924215705,-4.5041961761,144.3404
192900000,9646,48.4924213511,-4.5041959392,144.3404
192920000,9647,48.4924211316,-4.5041957023,144.3404
192940000,9648,48.4924209122,-4.5041954654,144.3404
192960000,9649,48.4924206928,-4.5041952286,144.3404
192980000,9650,48.4924204734,-4.5041949917,144.3404
193000000,9651,48.4924202539,-4.5041947548,144.3404
193020000,9652,48.4924200345,-4.504194518,144.3404
193040000,9653,48.4924198151,-4.5041942811,144.3404
193060000,9654,48.4924195956,-4.5041940442,144.3404
193080000,9655,48.4924193762,-4.5041938074,144.3404
193100000,9656,48.4924191568,-4.5041935705,144.3404
193120000,9657,48.4924189374,-4.5041933336,144.3404
193140000,9658,48.4924187179,-4.5041930968,144.3404
193160000,9659,48.4924184985,-4.5041928599,144.3404
193180000,9660,48.4924182791,-4.504192623,144.3404
193200000,9661,48.4924180596,-4.5041923862,144.3404
193220000,9662,48.4924178402,-4.5041921493,144.3404
193240000,9663,48.4924176208,-4.5041919124,144.3404
193260000,9664,48.4924174013,-4.5041916756,144.3404
193280000,9665,48.4924171819,-4.5041914387,144.3404
193300000,9666,48.4924169625,-4.5041912018,144.3404
193320000,9667,48.4924167431,-4.5041909649,144.3404
193340000,9668,48.4924165236,-4.5041907281,144.3404
193360000,9669,48.4924163042,-4.5041904912,144.3404
193380000,9670,48.4924160848,-4.5041902543,144.3404
193400000,9671,48.4924158653,-4.5041900175,144.3404
193420000,9672,48.4924156459,-4.5041897806,144.3404
193440000,9673,48.4924154265,-4.5041895437,144.3404
193460000,9674,48.4924152071,-4.5041893069,144.3404
193480000,9675,48.4924149876,-4.50418907,144.3404
193500000,9676,48.4924147682,-4.5041888331,144.3404
193520000,9677,48.4924145488,-4.5041885963,144.3404
193540000,9678,48.4924143293,-4.5041883594,144.3404
193560000,9679,48.4924141099,-4.5041881225,144.3404
193580000,9680,48.4924138905,-4.5041878857,144.3404
193600000,9681,48.492413671,-4.5041876488,144.3404
193620000,9682,48.4924134516,-4.5041874119,144.3404
193640000,9683,48.4924132322,-4.5041871751,144.3404
193660000,9684,48.4924130128,-4.5041869382,144.3404
193680000,9685,48.4924127933,-4.5041867013,144.3404
193700000,9686,48.4924125739,-4.5041864644,144.3404
193720000,9687,48.4924123545,-4.5041862276,144.3404
193740000,9688,48.492412135,-4.5041859907,144.3404
193760000,9689,48.4924119156,-4.5041857538,144.3404
193780000,9690,48.4924116962,-4.504185517,144.3404
193800000,9691,48.4924114767,-4.5041852801,144.3404
193820000,9692,48.4924112573,-4.5041850432,144.3404
193840000,9693,48.4924110379,-4.5041848064,144.3404
193860000,9694,48.4924108185,-4.5041845695,144.3404
193880000,9695,48.492410599,-4.5041843326,144.3404
193900000,9696,48.4924103796,-4.5041840958,144.3404
193920000,9697,48.4924101602,-4.5041838589,144.3404
193940000,9698,48.4924099407,-4.504183622,144.3404
193960000,9699,48.4924097213,-4.5041833852,144.3404
193980000,9700,48.4924095019,-4.5041831483,144.3404
194000000,9701,48.4924092825,-4.5041829114,144.3404
194020000,9702,48.492409063,-4.5041826746,144.3404
194040000,9703,48.4924088436,-4.5041824377,144.3404
194060000,9704,48.4924086242,-4.5041822008,144.3404
194080000,9705,48.4924084047,-4.5041819639,144.3404
194100000,9706,48.4924081853,-4.5041817271,144.3404
194120000,9707,48.4924079659,-4.5041814902,144.3404
194140000,9708,48.4924077464,-4.5041812533,144.3404
194160000,9709,48.492407527,-4.5041810165,144.3404
194180000,9710,48.4924073076,-4.5041807796,144.3404
194200000,9711,48.4924070882,-4.5041805427,144.3404
194220000,9712,48.4924068687,-4.5041803059,144.3404
194240000,9713,48.4924066493,-4.504180069,144.3404
194260000,9714,48.4924064299,-4.5041798321,144.3404
194280000,9715,48.4924062104,-4.5041795953,144.3404
194300000,9716,48.492405991,-4.5041793584,144.3404
194320000,9717,48.4924057716,-4.5041791215,144.3404
194340000,9718,48.4924055522,-4.5041788847,144.3404
194360000,9719,48.4924053327,-4.5041786478,144.3404
194380000,9720,48.4924051133,-4.5041784109,144.3404
194400000,9721,48.4924048939,-4.5041781741,144.3404
194420000,9722,48.4924046744,-4.5041779372,144.3404
194440000,9723,48.492404455,-4.5041777003,144.3404
194460000,9724,48.4924042356,-4.5041774635,144.3404
194480000,9725,48.4924040161,-4.5041772266,144.3404
194500000,9726,48.4924037967,-4.5041769897,144.3404
194520000,9727,48.4924035773,-4.5041767528,144.3404
194540000,9728,48.4924033579,-4.504176516,144.3404
194560000,9729,48.4924031384,-4.5041762791,144.3404
194580000,9730,48.492402919,-4.5041760422,144.3404
194600000,9731,48.4924026996,-4.5041758054,144.3404
194620000,9732,48.4924024801,-4.5041755685,144.3404
194640000,9733,48.4924022607,-4.5041753316,144.3404
194660000,9734,48.4924020413,-4.5041750948,144.3404
194680000,9735,48.4924018218,-4.5041748579,144.3404
194700000,9736,48.4924016024,-4.504174621,144.3404
194720000,9737,48.492401383,-4.5041743842,144.3404
194740000,9738,48.4924011636,-4.5041741473,144.3404
194760000,9739,48.4924009441,-4.5041739104,144.3404
194780000,9740,48.4924007247,-4.5041736736,144.3404
194800000,9741,48.4924005053,-4.5041734367,144.3404
194820000,9742,48.4924002858,-4.5041731998,144.3404
194840000,9743,48.4924000664,-4.504172963,144.3404
194860000,9744,48.492399847,-4.5041727261,144.3404
194880000,9745,48.4923996276,-4.5041724892,144.3404
194900000,9746,48.4923994081,-4.5041722523,144.3404
194920000,9747,48.4923991887,-4.5041720155,144.3404
194940000,9748,48.4923989693,-4.5041717786,144.3404
194960000,9749,48.4923987498,-4.5041715417,144.3404
194980000,9750,48.4923985304,-4.5041713049,144.3404
195000000,9751,48.492398311,-4.504171068,144.3404
195020000,9752,48.4923980915,-4.5041708311,144.3404
195040000,9753,48.4923978721,-4.5041705943,144.3404
195060000,9754,48.4923976527,-4.5041703574,144.3404
195080000,9755,48.4923974333,-4.5041701205,144.3404
195100000,9756,48.4923972138,-4.5041698837,144.3404
195120000,9757,48.4923969944,-4.5041696468,144.3404
195140000,9758,48.492396775,-4.5041694099,144.3404
195160000,9759,48.4923965555,-4.5041691731,144.3404
195180000,9760,48.4923963361,-4.5041689362,144.3404
195200000,9761,48.4923961167,-4.5041686993,144.3404
195220000,9762,48.4923958972,-4.5041684625,144.3404
195240000,9763,48.4923956778,-4.5041682256,144.3404
195260000,9764,48.4923954584,-4.5041679887,144.3404
195280000,9765,48.492395239,-4.5041677519,144.3404
195300000,9766,48.4923950195,-4.504167515,144.3404
195320000,9767,48.4923948001,-4.5041672781,144.3404
195340000,9768,48.4923945807,-4.5041670412,144.3404
195360000,9769,48.4923943612,-4.5041668044,144.3404
195380000,9770,48.4923941418,-4.5041665675,144.3404
195400000,9771,48.4923939224,-4.5041663306,144.3404
195420000,9772,48.492393703,-4.5041660938,144.3404
195440000,9773,48.4923934835,-4.5041658569,144.3404
195460000,9774,48.4923932641,-4.50416562,144.3404
195480000,9775,48.4923930447,-4.5041653832,144.3404
195500000,9776,48.4923928252,-4.5041651463,144.3404
195520000,9777,48.4923926058,-4.5041649094,144.3404
195540000,9778,48.4923923864,-4.5041646726,144.3404
195560000,9779,48.4923921669,-4.5041644357,144.3404
195580000,9780,48.4923919475,-4.5041641988,144.3404
195600000,9781,48.4923917281,-4.504163962,144.3404
195620000,9782,48.4923915087,-4.5041637251,144.3404
195640000,9783,48.4923912892,-4.5041634882,144.3404
195660000,9784,48.4923910698,-4.5041632514,144.3404
195680000,9785,48.4923908504,-4.5041630145,144.3404
195700000,9786,48.4923906309,-4.5041627776,144.3404
195720000,9787,48.4923904115,-4.5041625408,144.3404
195740000,9788,48.4923901921,-4.5041623039,144.3404
195760000,9789,48.4923899726,-4.504162067,144.3404
195780000,9790,48.4923897532,-4.5041618301,144.3404
195800000,9791,48.4923895338,-4.5041615933,144.3404
195820000,9792,48.4923893144,-4.5041613564,144.3404
195840000,9793,48.4923890949,-4.5041611195,144.3404
195860000,9794,48.4923888755,-4.5041608827,144.3404
195880000,9795,48.4923886561,-4.5041606458,144.3404
195900000,9796,48.4923884366,-4.5041604089,144.3404
195920000,9797,48.4923882172,-4.5041601721,144.3404
195940000,9798,48.4923879978,-4.5041599352,144.3404
195960000,9799,48.4923877784,-4.5041596983,144.3404
195980000,9800,48.4923875589,-4.5041594615,144.3404
196000000,9801,48.4923873395,-4.5041592246,144.3404
196020000,9802,48.4923871201,-4.5041589877,144.3404
196040000,9803,48.4923869006,-4.5041587509,144.3404
196060000,9804,48.4923866812,-4.504158514,144.3404
196080000,9805,48.4923864618,-4.5041582771,144.3404
196100000,9806,48.4923862423,-4.5041580403,144.3404
196120000,9807,48.4923860229,-4.5041578034,144.3404
196140000,9808,48.4923858035,-4.5041575665,144.3404
196160000,9809,48.4923855841,-4.5041573297,144.3404
196180000,9810,48.4923853646,-4.5041570928,144.3404
196200000,9811,48.4923851452,-4.5041568559,144.3404
196220000,9812,48.4923849258,-4.5041566191,144.3404
196240000,9813,48.4923847063,-4.5041563822,144.3404
196260000,9814,48.4923844869,-4.5041561453,144.3404
196280000,9815,48.4923842675,-4.5041559084,144.3404
196300000,9816,48.492384048,-4.5041556716,144.3404
196320000,9817,48.4923838286,-4.5041554347,144.3404
196340000,9818,48.4923836092,-4.5041551978,144.3404
196360000,9819,48.4923833898,-4.504154961,144.3404
196380000,9820,48.4923831703,-4.5041547241,144.3404
196400000,9821,48.4923829509,-4.5041544872,144.3404
196420000,9822,48.4923827315,-4.5041542504,144.3404
196440000,9823,48.492382512,-4.5041540135,144.3404
196460000,9824,48.4923822926,-4.5041537766,144.3404
196480000,9825,48.4923820732,-4.5041535398,144.3404
196500000,9826,48.4923818538,-4.5041533029,144.3404
196520000,9827,48.4923816343,-4.504153066,144.3404
196540000,9828,48.4923814149,-4.5041528292,144.3404
196560000,9829,48.4923811955,-4.5041525923,144.3404
196580000,9830,48.492380976,-4.5041523554,144.3404
196600000,9831,48.4923807566,-4.5041521186,144.3404
196620000,9832,48.4923805372,-4.5041518817,144.3404
196640000,9833,48.4923803177,-4.5041516448,144.3404
196660000,9834,48.4923800983,-4.504151408,144.3404
196680000,9835,48.4923798789,-4.5041511711,144.3404
196700000,9836,48.4923796595,-4.5041509342,144.3404
196720000,9837,48.49237944,-4.5041506973,144.3404
196740000,9838,48.4923792206,-4.5041504605,144.3404
196760000,9839,48.4923790012,-4.5041502236,144.3404
196780000,9840,48.4923787817,-4.5041499867,144.3404
196800000,9841,48.4923785623,-4.5041497499,144.3404
196820000,9842,48.4923783429,-4.504149513,144.3404
196840000,9843,48.4923781234,-4.5041492761,144.3404
196860000,9844,48.492377904,-4.5041490393,144.3404
196880000,9845,48.4923776846,-4.5041488024,144.3404
196900000,9846,48.4923774652,-4.5041485655,144.3404
196920000,9847,48.4923772457,-4.5041483287,144.3404
196940000,9848,48.4923770263,-4.5041480918,144.3404
196960000,9849,48.4923768069,-4.5041478549,144.3404
196980000,9850,48.4923765874,-4.5041476181,144.3404
197000000,9851,48.492376368,-4.5041473812,144.3404
197020000,9852,48.4923761486,-4.5041471443,144.3404
197040000,9853,48.4923759292,-4.5041469075,144.3404
197060000,9854,48.4923757097,-4.5041466706,144.3404
197080000,9855,48.4923754903,-4.5041464337,144.3404
197100000,9856,48.4923752709,-4.5041461969,144.3404
197120000,9857,48.4923750514,-4.50414596,144.3404
197140000,9858,48.492374832,-4.5041457231,144.3404
197160000,9859,48.4923746126,-4.5041454863,144.3404
197180000,9860,48.4923743931,-4.5041452494,144.3404
197200000,9861,48.4923741737,-4.5041450125,144.3404
197220000,9862,48.4923739543,-4.5041447756,144.3404
197240000,9863,48.4923737349,-4.5041445388,144.3404
197260000,9864,48.4923735154,-4.5041443019,144.3404
197280000,9865,48.492373296,-4.504144065,144.3404
197300000,9866,48.4923730766,-4.5041438282,144.3404
197320000,9867,48.4923728571,-4.5041435913,144.3404
197340000,9868,48.4923726377,-4.5041433544,144.3404
197360000,9869,48.4923724183,-4.5041431176,144.3404
197380000,9870,48.4923721988,-4.5041428807,144.3404
197400000,9871,48.4923719794,-4.5041426438,144.3404
197420000,9872,48.49237176,-4.504142407,144.3404
197440000,9873,48.4923715406,-4.5041421701,144.3404
197460000,9874,48.4923713211,-4.5041419332,144.3404
197480000,9875,48.4923711017,-4.5041416964,144.3404
197500000,9876,48.4923708823,-4.5041414595,144.3404
197520000,9877,48.4923706628,-4.5041412226,144.3404
197540000,9878,48.4923704434,-4.5041409858,144.3404
197560000,9879,48.492370224,-4.5041407489,144.3404
197580000,9880,48.4923700046,-4.504140512,144.3404
197600000,9881,48.4923697851,-4.5041402752,144.3404
197620000,9882,48.4923695657,-4.5041400383,144.3404
197640000,9883,48.4923693463,-4.5041398014,144.3404
197660000,9884,48.4923691268,-4.5041395646,144.3404
197680000,9885,48.4923689074,-4.5041393277,144.3404
197700000,9886,48.492368688,-4.5041390908,144.3404
197720000,9887,48.4923684685,-4.5041388539,144.3404
197740000,9888,48.4923682491,-4.5041386171,144.3404
197760000,9889,48.4923680297,-4.5041383802,144.3404
197780000,9890,48.4923678103,-4.5041381433,144.3404
197800000,9891,48.4923675908,-4.5041379065,144.3404
197820000,9892,48.4923673714,-4.5041376696,144.3404
197840000,9893,48.492367152,-4.5041374327,144.3404
197860000,9894,48.4923669325,-4.5041371959,144.3404
197880000,9895,48.4923667131,-4.504136959,144.3404
197900000,9896,48.4923664937,-4.5041367221,144.3404
197920000,9897,48.4923662742,-4.5041364853,144.3404
197940000,9898,48.4923660548,-4.5041362484,144.3404
197960000,9899,48.4923658354,-4.5041360115,144.3404
197980000,9900,48.492365616,-4.5041357747,144.3404
198000000,9901,48.4923653965,-4.5041355378,144.3404
198020000,9902,48.4923651771,-4.5041353009,144.3404
198040000,9903,48.4923649577,-4.5041350641,144.3404
198060000,9904,48.4923647382,-4.5041348272,144.3404
198080000,9905,48.4923645188,-4.5041345903,144.3404
198100000,9906,48.4923642994,-4.5041343535,144.3404
198120000,9907,48.49236408,-4.5041341166,144.3404
198140000,9908,48.4923638605,-4.5041338797,144.3404
198160000,9909,48.4923636411,-4.5041336429,144.3404
198180000,9910,48.4923634217,-4.504133406,144.3404
198200000,9911,48.4923632022,-4.5041331691,144.3404
198220000,9912,48.4923629828,-4.5041329323,144.3404
198240000,9913,48.4923627634,-4.5041326954,144.3404
198260000,9914,48.4923625439,-4.5041324585,144.3404
198280000,9915,48.4923623245,-4.5041322216,144.3404
198300000,9916,48.4923621051,-4.5041319848,144.3404
198320000,9917,48.4923618857,-4.5041317479,144.3404
198340000,9918,48.4923616662,-4.504131511,144.3404
198360000,9919,48.4923614468,-4.5041312742,144.3404
198380000,9920,48.4923612274,-4.5041310373,144.3404
198400000,9921,48.4923610079,-4.5041308004,144.3404
198420000,9922,48.4923607885,-4.5041305636,144.3404
198440000,9923,48.4923605691,-4.5041303267,144.3404
198460000,9924,48.4923603496,-4.5041300898,144.3404
198480000,9925,48.4923601302,-4.504129853,144.3404
198500000,9926,48.4923599108,-4.5041296161,144.3404
198520000,9927,48.4923596914,-4.5041293792,144.3404
198540000,9928,48.4923594719,-4.5041291424,144.3404
198560000,9929,48.4923592525,-4.5041289055,144.3404
198580000,9930,48.4923590331,-4.5041286686,144.3404
198600000,9931,48.4923588136,-4.5041284318,144.3404
198620000,9932,48.4923585942,-4.5041281949,144.3404
198640000,9933,48.4923583748,-4.504127958,144.3404
198660000,9934,48.4923581554,-4.5041277212,144.3404
198680000,9935,48.4923579359,-4.5041274843,144.3404
198700000,9936,48.4923577165,-4.5041272474,144.3404
198720000,9937,48.4923574971,-4.5041270106,144.3404
198740000,9938,48.4923572776,-4.5041267737,144.3404
198760000,9939,48.4923570582,-4.5041265368,144.3404
198780000,9940,48.4923568388,-4.5041263,144.3404
198800000,9941,48.4923566193,-4.5041260631,144.3404
198820000,9942,48.4923563999,-4.5041258262,144.3404
198840000,9943,48.4923561805,-4.5041255893,144.3404
198860000,9944,48.4923559611,-4.5041253525,144.3404
198880000,9945,48.4923557416,-4.5041251156,144.3404
198900000,9946,48.4923555222,-4.5041248787,144.3404
198920000,9947,48.4923553028,-4.5041246419,144.3404
198940000,9948,48.4923550833,-4.504124405,144.3404
198960000,9949,48.4923548639,-4.5041241681,144.3404
198980000,9950,48.4923546445,-4.5041239313,144.3404
199000000,9951,48.492354425,-4.5041236944,144.3404
199020000,9952,48.4923542056,-4.5041234575,144.3404
199040000,9953,48.4923539862,-4.5041232207,144.3404
199060000,9954,48.4923537668,-4.5041229838,144.3404
199080000,9955,48.4923535473,-4.5041227469,144.3404
199100000,9956,48.4923533279,-4.5041225101,144.3404
199120000,9957,48.4923531085,-4.5041222732,144.3404
199140000,9958,48.492352889,-4.5041220363,144.3404
199160000,9959,48.4923526696,-4.5041217995,144.3404
199180000,9960,48.4923524502,-4.5041215626,144.3404
199200000,9961,48.4923522307,-4.5041213257,144.3404
199220000,9962,48.4923520113,-4.5041210889,144.3404
199240000,9963,48.4923517919,-4.504120852,144.3404
199260000,9964,48.4923515725,-4.5041206151,144.3404
199280000,9965,48.492351353,-4.5041203783,144.3404
199300000,9966,48.4923511336,-4.5041201414,144.3404
199320000,9967,48.4923509142,-4.5041199045,144.3404
199340000,9968,48.4923506947,-4.5041196677,144.3404
199360000,9969,48.4923504753,-4.5041194308,144.3404
199380000,9970,48.4923502559,-4.5041191939,144.3404
199400000,9971,48.4923500365,-4.504118957,144.3404
199420000,9972,48.492349817,-4.5041187202,144.3404
199440000,9973,48.4923495976,-4.5041184833,144.3404
199460000,9974,48.4923493782,-4.5041182464,144.3404
199480000,9975,48.4923491587,-4.5041180096,144.3404
199500000,9976,48.4923489393,-4.5041177727,144.3404
199520000,9977,48.4923487199,-4.5041175358,144.3404
199540000,9978,48.4923485004,-4.504117299,144.3404
199560000,9979,48.492348281,-4.5041170621,144.3404
199580000,9980,48.4923480616,-4.5041168252,144.3404
199600000,9981,48.4923478422,-4.5041165884,144.3404
199620000,9982,48.4923476227,-4.5041163515,144.3404
199640000,9983,48.4923474033,-4.5041161146,144.3404
199660000,9984,48.4923471839,-4.5041158778,144.3404
199680000,9985,48.4923469644,-4.5041156409,144.3404
199700000,9986,48.492346745,-4.504115404,144.3404
199720000,9987,48.4923465256,-4.5041151672,144.3404
199740000,9988,48.4923463061,-4.5041149303,144.3404
199760000,9989,48.4923460867,-4.5041146934,144.3404
199780000,9990,48.4923458673,-4.5041144566,144.3404
199800000,9991,48.4923456479,-4.5041142197,144.3404
199820000,9992,48.4923454284,-4.5041139828,144.3404
199840000,9993,48.492345209,-4.504113746,144.3404
199860000,9994,48.4923449896,-4.5041135091,144.3404
199880000,9995,48.4923447701,-4.5041132722,144.3404
199900000,9996,48.4923445507,-4.5041130354,144.3404
199920000,9997,48.4923443313,-4.5041127985,144.3404
199940000,9998,48.4923441118,-4.5041125616,144.3404
199960000,9999,48.4923438924,-4.5041123248,144.3404
199980000,10000,48.492343673,-4.5041120879,144.3404
200000000,10001,48.4923434536,-4.504111851,144.3404
200020000,10002,48.4923432341,-4.5041116142,144.3404
200040000,10003,48.4923430147,-4.5041113773,144.3404
200060000,10004,48.4923427953,-4.5041111404,144.3404
200080000,10005,48.4923425758,-4.5041109035,144.3404
200100000,10006,48.4923423564,-4.5041106667,144.3404
200120000,10007,48.492342137,-4.5041104298,144.3404
200140000,10008,48.4923419176,-4.5041101929,144.3404
200160000,10009,48.4923416981,-4.5041099561,144.3404
200180000,10010,48.4923414787,-4.5041097192,144.3404
200200000,10011,48.4923412593,-4.5041094823,144.3404
200220000,10012,48.4923410398,-4.5041092455,144.3404
200240000,10013,48.4923408204,-4.5041090086,144.3404
200260000,10014,48.492340601,-4.5041087717,144.3404
200280000,10015,48.4923403815,-4.5041085349,144.3404
200300000,10016,48.4923401621,-4.504108298,144.3404
200320000,10017,48.4923399427,-4.5041080611,144.3404
200340000,10018,48.4923397233,-4.5041078243,144.3404
200360000,10019,48.4923395038,-4.5041075874,144.3404
200380000,10020,48.4923392844,-4.5041073505,144.3404
200400000,10021,48.492339065,-4.5041071137,144.3404
200420000,10022,48.4923388455,-4.5041068768,144.3404
200440000,10023,48.4923386261,-4.5041066399,144.3404
200460000,10024,48.4923384067,-4.5041064031,144.3404
200480000,10025,48.4923381872,-4.5041061662,144.3404
200500000,10026,48.4923379678,-4.5041059293,144.3404
200520000,10027,48.4923377484,-4.5041056925,144.3404
200540000,10028,48.492337529,-4.5041054556,144.3404
200560000,10029,48.4923373095,-4.5041052187,144.3404
200580000,10030,48.4923370901,-4.5041049819,144.3404
200600000,10031,48.4923368707,-4.504104745,144.3404
200620000,10032,48.4923366512,-4.5041045081,144.3404
200640000,10033,48.4923364318,-4.5041042713,144.3404
200660000,10034,48.4923362124,-4.5041040344,144.3404
200680000,10035,48.4923359929,-4.5041037975,144.3404
200700000,10036,48.4923357735,-4.5041035606,144.3404
200720000,10037,48.4923355541,-4.5041033238,144.3404
200740000,10038,48.4923353347,-4.5041030869,144.3404
200760000,10039,48.4923351152,-4.50410285,144.3404
200780000,10040,48.4923348958,-4.5041026132,144.3404
200800000,10041,48.4923346764,-4.5041023763,144.3404
200820000,10042,48.4923344569,-4.5041021394,144.3404
200840000,10043,48.4923342375,-4.5041019026,144.3404
200860000,10044,48.4923340181,-4.5041016657,144.3404
200880000,10045,48.4923337987,-4.5041014288,144.3404
200900000,10046,48.4923335792,-4.504101192,144.3404
200920000,10047,48.4923333598,-4.5041009551,144.3404
200940000,10048,48.4923331404,-4.5041007182,144.3404
200960000,10049,48.4923329209,-4.5041004814,144.3404
200980000,10050,48.4923327015,-4.5041002445,144.3404
201000000,10051,48.4923324821,-4.5041000076,144.3404
201020000,10052,48.4923322626,-4.5040997708,144.3404
201040000,10053,48.4923320432,-4.5040995339,144.3404
201060000,10054,48.4923318238,-4.504099297,144.3404
201080000,10055,48.4923316044,-4.5040990602,144.3404
201100000,10056,48.4923313849,-4.5040988233,144.3404
201120000,10057,48.4923311655,-4.5040985864,144.3404
201140000,10058,48.4923309461,-4.5040983496,144.3404
201160000,10059,48.4923307266,-4.5040981127,144.3404
201180000,10060,48.4923305072,-4.5040978758,144.3404
201200000,10061,48.4923302878,-4.504097639,144.3404
201220000,10062,48.4923300683,-4.5040974021,144.3404
201240000,10063,48.4923298489,-4.5040971652,144.3404
201260000,10064,48.4923296295,-4.5040969284,144.3404
201280000,10065,48.4923294101,-4.5040966915,144.3404
201300000,10066,48.4923291906,-4.5040964546,144.3404
201320000,10067,48.4923289712,-4.5040962178,144.3404
201340000,10068,48.4923287518,-4.5040959809,144.3404
201360000,10069,48.4923285323,-4.504095744,144.3404
201380000,10070,48.4923283129,-4.5040955072,144.3404
201400000,10071,48.4923280935,-4.5040952703,144.3404
201420000,10072,48.492327874,-4.5040950334,144.3404
201440000,10073,48.4923276546,-4.5040947965,144.3404
201460000,10074,48.4923274352,-4.5040945597,144.3404
201480000,10075,48.4923272158,-4.5040943228,144.3404
201500000,10076,48.4923269963,-4.5040940859,144.3404
201520000,10077,48.4923267769,-4.5040938491,144.3404
201540000,10078,48.4923265575,-4.5040936122,144.3404
201560000,10079,48.492326338,-4.5040933753,144.3404
201580000,10080,48.4923261186,-4.5040931385,144.3404
201600000,10081,48.4923258992,-4.5040929016,144.3404
201620000,10082,48.4923256798,-4.5040926647,144.3404
201640000,10083,48.4923254603,-4.5040924279,144.3404
201660000,10084,48.4923252409,-4.504092191,144.3404
201680000,10085,48.4923250215,-4.5040919541,144.3404
201700000,10086,48.492324802,-4.5040917173,144.3404
201720000,10087,48.4923245826,-4.5040914804,144.3404
201740000,10088,48.4923243632,-4.5040912435,144.3404
201760000,10089,48.4923241437,-4.5040910067,144.3404
201780000,10090,48.4923239243,-4.5040907698,144.3404
201800000,10091,48.4923237049,-4.5040905329,144.3404
201820000,10092,48.4923234855,-4.5040902961,144.3404
201840000,10093,48.492323266,-4.5040900592,144.3404
201860000,10094,48.4923230466,-4.5040898223,144.3404
201880000,10095,48.4923228272,-4.5040895855,144.3404
201900000,10096,48.4923226077,-4.5040893486,144.3404
201920000,10097,48.4923223883,-4.5040891117,144.3404
201940000,10098,48.4923221689,-4.5040888749,144.3404
201960000,10099,48.4923219494,-4.504088638,144.3404
201980000,10100,48.49232173,-4.5040884011,144.3404
202000000,10101,48.4923215106,-4.5040881643,144.3404
202020000,10102,48.4923212912,-4.5040879274,144.3404
202040000,10103,48.4923210717,-4.5040876905,144.3404
202060000,10104,48.4923208523,-4.5040874537,144.3404
202080000,10105,48.4923206329,-4.5040872168,144.3404
202100000,10106,48.4923204134,-4.5040869799,144.3404
202120000,10107,48.492320194,-4.5040867431,144.3404
202140000,10108,48.4923199746,-4.5040865062,144.3404
202160000,10109,48.4923197551,-4.5040862693,144.3404
202180000,10110,48.4923195357,-4.5040860325,144.3404
202200000,10111,48.4923193163,-4.5040857956,144.3404
202220000,10112,48.4923190969,-4.5040855587,144.3404
202240000,10113,48.4923188774,-4.5040853218,144.3404
202260000,10114,48.492318658,-4.504085085,144.3404
202280000,10115,48.4923184386,-4.5040848481,144.3404
202300000,10116,48.4923182191,-4.5040846112,144.3404
202320000,10117,48.4923179997,-4.5040843744,144.3404
202340000,10118,48.4923177803,-4.5040841375,144.3404
202360000,10119,48.4923175609,-4.5040839006,144.3404
202380000,10120,48.4923173414,-4.5040836638,144.3404
202400000,10121,48.492317122,-4.5040834269,144.3404
202420000,10122,48.4923169026,-4.50408319,144.3404
202440000,10123,48.4923166831,-4.5040829532,144.3404
202460000,10124,48.4923164637,-4.5040827163,144.3404
202480000,10125,48.4923162443,-4.5040824794,144.3404
202500000,10126,48.4923160248,-4.5040822426,144.3404
202520000,10127,48.4923158054,-4.5040820057,144.3404
202540000,10128,48.492315586,-4.5040817688,144.3404
202560000,10129,48.4923153666,-4.504081532,144.3404
202580000,10130,48.4923151471,-4.5040812951,144.3404
202600000,10131,48.4923149277,-4.5040810582,144.3404
202620000,10132,48.4923147083,-4.5040808214,144.3404
202640000,10133,48.4923144888,-4.5040805845,144.3404
202660000,10134,48.4923142694,-4.5040803476,144.3404
202680000,10135,48.49231405,-4.5040801108,144.3404
202700000,10136,48.4923138305,-4.5040798739,144.3404
202720000,10137,48.4923136111,-4.504079637,144.3404
202740000,10138,48.4923133917,-4.5040794002,144.3404
202760000,10139,48.4923131723,-4.5040791633,144.3404
202780000,10140,48.4923129528,-4.5040789264,144.3404
202800000,10141,48.4923127334,-4.5040786896,144.3404
202820000,10142,48.492312514,-4.5040784527,144.3404
202840000,10143,48.4923122945,-4.5040782158,144.3404
202860000,10144,48.4923120751,-4.504077979,144.3404
202880000,10145,48.4923118557,-4.5040777421,144.3404
202900000,10146,48.4923116362,-4.5040775052,144.3404
202920000,10147,48.4923114168,-4.5040772684,144.3404
202940000,10148,48.4923111974,-4.5040770315,144.3404
202960000,10149,48.492310978,-4.5040767946,144.3404
202980000,10150,48.4923107585,-4.5040765578,144.3404
203000000,10151,48.4923105391,-4.5040763209,144.3404
203020000,10152,48.4923103197,-4.504076084,144.3404
203040000,10153,48.4923101002,-4.5040758472,144.3404
203060000,10154,48.4923098808,-4.5040756103,144.3404
203080000,10155,48.4923096614,-4.5040753734,144.3404
203100000,10156,48.4923094419,-4.5040751365,144.3404
203120000,10157,48.4923092225,-4.5040748997,144.3404
203140000,10158,48.4923090031,-4.5040746628,144.3404
203160000,10159,48.4923087837,-4.5040744259,144.3404
203180000,10160,48.4923085642,-4.5040741891,144.3404
203200000,10161,48.4923083448,-4.5040739522,144.3404
203220000,10162,48.4923081254,-4.5040737153,144.3404
203240000,10163,48.4923079059,-4.5040734785,144.3404
203260000,10164,48.4923076865,-4.5040732416,144.3404
203280000,10165,48.4923074671,-4.5040730047,144.3404
203300000,10166,48.4923072477,-4.5040727679,144.3404
203320000,10167,48.4923070282,-4.504072531,144.3404
203340000,10168,48.4923068088,-4.5040722941,144.3404
203360000,10169,48.4923065894,-4.5040720573,144.3404
203380000,10170,48.4923063699,-4.5040718204,144.3404
203400000,10171,48.4923061505,-4.5040715835,144.3404
203420000,10172,48.4923059311,-4.5040713467,144.3404
203440000,10173,48.4923057116,-4.5040711098,144.3404
203460000,10174,48.4923054922,-4.5040708729,144.3404
203480000,10175,48.4923052728,-4.5040706361,144.3404
203500000,10176,48.4923050534,-4.5040703992,144.3404
203520000,10177,48.4923048339,-4.5040701623,144.3404
203540000,10178,48.4923046145,-4.5040699255,144.3404
203560000,10179,48.4923043951,-4.5040696886,144.3404
203580000,10180,48.4923041756,-4.5040694517,144.3404
203600000,10181,48.4923039562,-4.5040692149,144.3404
203620000,10182,48.4923037368,-4.504068978,144.3404
203640000,10183,48.4923035173,-4.5040687411,144.3404
203660000,10184,48.4923032979,-4.5040685043,144.3404
203680000,10185,48.4923030785,-4.5040682674,144.3404
203700000,10186,48.4923028591,-4.5040680305,144.3404
203720000,10187,48.4923026396,-4.5040677937,144.3404
203740000,10188,48.4923024202,-4.5040675568,144.3404
203760000,10189,48.4923022008,-4.5040673199,144.3404
203780000,10190,48.4923019813,-4.5040670831,144.3404
203800000,10191,48.4923017619,-4.5040668462,144.3404
203820000,10192,48.4923015425,-4.5040666093,144.3404
203840000,10193,48.492301323,-4.5040663725,144.3404
203860000,10194,48.4923011036,-4.5040661356,144.3404
203880000,10195,48.4923008842,-4.5040658987,144.3404
203900000,10196,48.4923006648,-4.5040656619,144.3404
203920000,10197,48.4923004453,-4.504065425,144.3404
203940000,10198,48.4923002259,-4.5040651881,144.3404
203960000,10199,48.4923000065,-4.5040649513,144.3404
203980000,10200,48.492299787,-4.5040647144,144.3404
204000000,10201,48.4922995676,-4.5040644775,144.3404
204020000,10202,48.4922993482,-4.5040642407,144.3404
204040000,10203,48.4922991287,-4.5040640038,144.3404
204060000,10204,48.4922989093,-4.5040637669,144.3404
204080000,10205,48.4922986899,-4.50406353,144.3404
204100000,10206,48.4922984705,-4.5040632932,144.3404
204120000,10207,48.492298251,-4.5040630563,144.3404
204140000,10208,48.4922980316,-4.5040628194,144.3404
204160000,10209,48.4922978122,-4.5040625826,144.3404
204180000,10210,48.4922975927,-4.5040623457,144.3404
204200000,10211,48.4922973733,-4.5040621088,144.3404
204220000,10212,48.4922971539,-4.504061872,144.3404
204240000,10213,48.4922969344,-4.5040616351,144.3404
204260000,10214,48.492296715,-4.5040613982,144.3404
204280000,10215,48.4922964956,-4.5040611614,144.3404
204300000,10216,48.4922962762,-4.5040609245,144.3404
204320000,10217,48.4922960567,-4.5040606876,144.3404
204340000,10218,48.4922958373,-4.5040604508,144.3404
204360000,10219,48.4922956179,-4.5040602139,144.3404
204380000,10220,48.4922953984,-4.504059977,144.3404
204400000,10221,48.492295179,-4.5040597402,144.3404
204420000,10222,48.4922949596,-4.5040595033,144.3404
204440000,10223,48.4922947402,-4.5040592664,144.3404
204460000,10224,48.4922945207,-4.5040590296,144.3404
204480000,10225,48.4922943013,-4.5040587927,144.3404
204500000,10226,48.4922940819,-4.5040585558,144.3404
204520000,10227,48.4922938624,-4.504058319,144.3404
204540000,10228,48.492293643,-4.5040580821,144.3404
204560000,10229,48.4922934236,-4.5040578452,144.3404
204580000,10230,48.4922932041,-4.5040576084,144.3404
204600000,10231,48.4922929847,-4.5040573715,144.3404
204620000,10232,48.4922927653,-4.5040571346,144.3404
204640000,10233,48.4922925459,-4.5040568978,144.3404
204660000,10234,48.4922923264,-4.5040566609,144.3404
204680000,10235,48.492292107,-4.504056424,144.3404
204700000,10236,48.4922918876,-4.5040561872,144.3404
204720000,10237,48.4922916681,-4.5040559503,144.3404
204740000,10238,48.4922914487,-4.5040557134,144.3404
204760000,10239,48.4922912293,-4.5040554766,144.3404
204780000,10240,48.4922910098,-4.5040552397,144.3404
204800000,10241,48.4922907904,-4.5040550028,144.3404
204820000,10242,48.492290571,-4.504054766,144.3404
204840000,10243,48.4922903516,-4.5040545291,144.3404
204860000,10244,48.4922901321,-4.5040542922,144.3404
204880000,10245,48.4922899127,-4.5040540554,144.3404
204900000,10246,48.4922896933,-4.5040538185,144.3404
204920000,10247,48.4922894738,-4.5040535816,144.3404
204940000,10248,48.4922892544,-4.5040533448,144.3404
204960000,10249,48.492289035,-4.5040531079,144.3404
204980000,10250,48.4922888155,-4.504052871,144.3404
205000000,10251,48.4922885961,-4.5040526342,144.3404
205020000,10252,48.4922883767,-4.5040523973,144.3404
205040000,10253,48.4922881573,-4.5040521604,144.3404
205060000,10254,48.4922879378,-4.5040519236,144.3404
205080000,10255,48.4922877184,-4.5040516867,144.3404
205100000,10256,48.492287499,-4.5040514498,144.3404
205120000,10257,48.4922872795,-4.504051213,144.3404
205140000,10258,48.4922870601,-4.5040509761,144.3404
205160000,10259,48.4922868407,-4.5040507392,144.3404
205180000,10260,48.4922866212,-4.5040505024,144.3404
205200000,10261,48.4922864018,-4.5040502655,144.3404
205220000,10262,48.4922861824,-4.5040500286,144.3404
205240000,10263,48.492285963,-4.5040497917,144.3404
205260000,10264,48.4922857435,-4.5040495549,144.3404
205280000,10265,48.4922855241,-4.504049318,144.3404
205300000,10266,48.4922853047,-4.5040490811,144.3404
205320000,10267,48.4922850852,-4.5040488443,144.3404
205340000,10268,48.4922848658,-4.5040486074,144.3404
205360000,10269,48.4922846464,-4.5040483705,144.3404
205380000,10270,48.4922844269,-4.5040481337,144.3404
205400000,10271,48.4922842075,-4.5040478968,144.3404
205420000,10272,48.4922839881,-4.5040476599,144.3404
205440000,10273,48.4922837687,-4.5040474231,144.3404
205460000,10274,48.4922835492,-4.5040471862,144.3404
205480000,10275,48.4922833298,-4.5040469493,144.3404
205500000,10276,48.4922831104,-4.5040467125,144.3404
205520000,10277,48.4922828909,-4.5040464756,144.3404
205540000,10278,48.4922826715,-4.5040462387,144.3404
205560000,10279,48.4922824521,-4.5040460019,144.3404
205580000,10280,48.4922822327,-4.504045765,144.3404
205600000,10281,48.4922820132,-4.5040455281,144.3404
205620000,10282,48.4922817938,-4.5040452913,144.3404
205640000,10283,48.4922815744,-4.5040450544,144.3404
205660000,10284,48.4922813549,-4.5040448175,144.3404
205680000,10285,48.4922811355,-4.5040445807,144.3404
205700000,10286,48.4922809161,-4.5040443438,144.3404
205720000,10287,48.4922806966,-4.5040441069,144.3404
205740000,10288,48.4922804772,-4.5040438701,144.3404
205760000,10289,48.4922802578,-4.5040436332,144.3404
205780000,10290,48.4922800384,-4.5040433963,144.3404
205800000,10291,48.4922798189,-4.5040431595,144.3404
205820000,10292,48.4922795995,-4.5040429226,144.3404
205840000,10293,48.4922793801,-4.5040426857,144.3404
205860000,10294,48.4922791606,-4.5040424489,144.3404
205880000,10295,48.4922789412,-4.504042212,144.3404
205900000,10296,48.4922787218,-4.5040419751,144.3404
205920000,10297,48.4922785023,-4.5040417383,144.3404
205940000,10298,48.4922782829,-4.5040415014,144.3404
205960000,10299,48.4922780635,-4.5040412645,144.3404
205980000,10300,48.4922778441,-4.5040410277,144.3404
206000000,10301,48.4922776246,-4.5040407908,144.3404
206020000,10302,48.4922774052,-4.5040405539,144.3404
206040000,10303,48.4922771858,-4.5040403171,144.3404
206060000,10304,48.4922769663,-4.5040400802,144.3404
206080000,10305,48.4922767469,-4.5040398433,144.3404
206100000,10306,48.4922765275,-4.5040396065,144.3404
206120000,10307,48.492276308,-4.5040393696,144.3404
206140000,10308,48.4922760886,-4.5040391327,144.3404
206160000,10309,48.4922758692,-4.5040388959,144.3404
206180000,10310,48.4922756498,-4.504038659,144.3404
206200000,10311,48.4922754303,-4.5040384221,144.3404
206220000,10312,48.4922752109,-4.5040381853,144.3404
206240000,10313,48.4922749915,-4.5040379484,144.3404
206260000,10314,48.492274772,-4.5040377115,144.3404
206280000,10315,48.4922745526,-4.5040374747,144.3404
206300000,10316,48.4922743332,-4.5040372378,144.3404
206320000,10317,48.4922741137,-4.5040370009,144.3404
206340000,10318,48.4922738943,-4.5040367641,144.3404
206360000,10319,48.4922736749,-4.5040365272,144.3404
206380000,10320,48.4922734555,-4.5040362903,144.3404
206400000,10321,48.492273236,-4.5040360535,144.3404
206420000,10322,48.4922730166,-4.5040358166,144.3404
206440000,10323,48.4922727972,-4.5040355797,144.3404
206460000,10324,48.4922725777,-4.5040353429,144.3404
206480000,10325,48.4922723583,-4.504035106,144.3404
206500000,10326,48.4922721389,-4.5040348691,144.3404
206520000,10327,48.4922719194,-4.5040346323,144.3404
206540000,10328,48.4922717,-4.5040343954,144.3404
206560000,10329,48.4922714806,-4.5040341585,144.3404
206580000,10330,48.4922712612,-4.5040339217,144.3404
206600000,10331,48.4922710417,-4.5040336848,144.3404
206620000,10332,48.4922708223,-4.5040334479,144.3404
206640000,10333,48.4922706029,-4.5040332111,144.3404
206660000,10334,48.4922703834,-4.5040329742,144.3404
206680000,10335,48.492270164,-4.5040327373,144.3404
206700000,10336,48.4922699446,-4.5040325005,144.3404
206720000,10337,48.4922697251,-4.5040322636,144.3404
206740000,10338,48.4922695057,-4.5040320267,144.3404
206760000,10339,48.4922692863,-4.5040317898,144.3404
206780000,10340,48.4922690669,-4.504031553,144.3404
206800000,10341,48.4922688474,-4.5040313161,144.3404
206820000,10342,48.492268628,-4.5040310792,144.3404
206840000,10343,48.4922684086,-4.5040308424,144.3404
206860000,10344,48.4922681891,-4.5040306055,144.3404
206880000,10345,48.4922679697,-4.5040303686,144.3404
206900000,10346,48.4922677503,-4.5040301318,144.3404
206920000,10347,48.4922675308,-4.5040298949,144.3404
206940000,10348,48.4922673114,-4.504029658,144.3404
206960000,10349,48.492267092,-4.5040294212,144.3404
206980000,10350,48.4922668726,-4.5040291843,144.3404
207000000,10351,48.4922666531,-4.5040289474,144.3404
207020000,10352,48.4922664337,-4.5040287106,144.3404
207040000,10353,48.4922662143,-4.5040284737,144.3404
207060000,10354,48.4922659948,-4.5040282368,144.3404
207080000,10355,48.4922657754,-4.504028,144.3404
207100000,10356,48.492265556,-4.5040277631,144.3404
207120000,10357,48.4922653366,-4.5040275262,144.3404
207140000,10358,48.4922651171,-4.5040272894,144.3404
207160000,10359,48.4922648977,-4.5040270525,144.3404
207180000,10360,48.4922646783,-4.5040268156,144.3404
207200000,10361,48.4922644588,-4.5040265788,144.3404
207220000,10362,48.4922642394,-4.5040263419,144.3404
207240000,10363,48.49226402,-4.504026105,144.3404
207260000,10364,48.4922638005,-4.5040258682,144.3404
207280000,10365,48.4922635811,-4.5040256313,144.3404
207300000,10366,48.4922633617,-4.5040253944,144.3404
207320000,10367,48.4922631423,-4.5040251576,144.3404
207340000,10368,48.4922629228,-4.5040249207,144.3404
207360000,10369,48.4922627034,-4.5040246838,144.3404
207380000,10370,48.492262484,-4.504024447,144.3404
207400000,10371,48.4922622645,-4.5040242101,144.3404
207420000,10372,48.4922620451,-4.5040239732,144.3404
207440000,10373,48.4922618257,-4.5040237364,144.3404
207460000,10374,48.4922616062,-4.5040234995,144.3404
207480000,10375,48.4922613868,-4.5040232626,144.3404
207500000,10376,48.4922611674,-4.5040230258,144.3404
207520000,10377,48.492260948,-4.5040227889,144.3404
207540000,10378,48.4922607285,-4.504022552,144.3404
207560000,10379,48.4922605091,-4.5040223152,144.3404
207580000,10380,48.4922602897,-4.5040220783,144.3404
207600000,10381,48.4922600702,-4.5040218414,144.3404
207620000,10382,48.4922598508,-4.5040216046,144.3404
207640000,10383,48.4922596314,-4.5040213677,144.3404
207660000,10384,48.4922594119,-4.5040211308,144.3404
207680000,10385,48.4922591925,-4.504020894,144.3404
207700000,10386,48.4922589731,-4.5040206571,144.3404
207720000,10387,48.4922587537,-4.5040204202,144.3404
207740000,10388,48.4922585342,-4.5040201834,144.3404
207760000,10389,48.4922583148,-4.5040199465,144.3404
207780000,10390,48.4922580954,-4.5040197096,144.3404
207800000,10391,48.4922578759,-4.5040194728,144.3404
207820000,10392,48.4922576565,-4.5040192359,144.3404
207840000,10393,48.4922574371,-4.504018999,144.3404
207860000,10394,48.4922572176,-4.5040187622,144.3404
207880000,10395,48.4922569982,-4.5040185253,144.3404
207900000,10396,48.4922567788,-4.5040182884,144.3404
207920000,10397,48.4922565594,-4.5040180516,144.3404
207940000,10398,48.4922563399,-4.5040178147,144.3404
207960000,10399,48.4922561205,-4.5040175778,144.3404
207980000,10400,48.4922559011,-4.504017341,144.3404
208000000,10401,48.4922556816,-4.5040171041,144.3404
208020000,10402,48.4922554622,-4.5040168672,144.3404
208040000,10403,48.4922552428,-4.5040166304,144.3404
208060000,10404,48.4922550233,-4.5040163935,144.3404
208080000,10405,48.4922548039,-4.5040161566,144.3404
208100000,10406,48.4922545845,-4.5040159198,144.3404
208120000,10407,48.4922543651,-4.5040156829,144.3404
208140000,10408,48.4922541456,-4.504015446,144.3404
208160000,10409,48.4922539262,-4.5040152092,144.3404
208180000,10410,48.4922537068,-4.5040149723,144.3404
208200000,10411,48.4922534873,-4.5040147354,144.3404
208220000,10412,48.4922532679,-4.5040144986,144.3404
208240000,10413,48.4922530485,-4.5040142617,144.3404
208260000,10414,48.492252829,-4.5040140248,144.3404
208280000,10415,48.4922526096,-4.504013788,144.3404
208300000,10416,48.4922523902,-4.5040135511,144.3404
208320000,10417,48.4922521708,-4.5040133142,144.3404
208340000,10418,48.4922519513,-4.5040130774,144.3404
208360000,10419,48.4922517319,-4.5040128405,144.3404
208380000,10420,48.4922515125,-4.5040126036,144.3404
208400000,10421,48.492251293,-4.5040123668,144.3404
208420000,10422,48.4922510736,-4.5040121299,144.3404
208440000,10423,48.4922508542,-4.504011893,144.3404
208460000,10424,48.4922506347,-4.5040116562,144.3404
208480000,10425,48.4922504153,-4.5040114193,144.3404
208500000,10426,48.4922501959,-4.5040111824,144.3404
208520000,10427,48.4922499765,-4.5040109456,144.3404
208540000,10428,48.492249757,-4.5040107087,144.3404
208560000,10429,48.4922495376,-4.5040104718,144.3404
208580000,10430,48.4922493182,-4.504010235,144.3404
208600000,10431,48.4922490987,-4.5040099981,144.3404
208620000,10432,48.4922488793,-4.5040097612,144.3404
208640000,10433,48.4922486599,-4.5040095244,144.3404
208660000,10434,48.4922484404,-4.5040092875,144.3404
208680000,10435,48.492248221,-4.5040090506,144.3404
208700000,10436,48.4922480016,-4.5040088138,144.3404
208720000,10437,48.4922477822,-4.5040085769,144.3404
208740000,10438,48.4922475627,-4.50400834,144.3404
208760000,10439,48.4922473433,-4.5040081032,144.3404
208780000,10440,48.4922471239,-4.5040078663,144.3404
208800000,10441,48.4922469044,-4.5040076294,144.3404
208820000,10442,48.492246685,-4.5040073926,144.3404
208840000,10443,48.4922464656,-4.5040071557,144.3404
208860000,10444,48.4922462461,-4.5040069188,144.3404
208880000,10445,48.4922460267,-4.504006682,144.3404
208900000,10446,48.4922458073,-4.5040064451,144.3404
208920000,10447,48.4922455879,-4.5040062082,144.3404
208940000,10448,48.4922453684,-4.5040059714,144.3404
208960000,10449,48.492245149,-4.5040057345,144.3404
208980000,10450,48.4922449296,-4.5040054976,144.3404
209000000,10451,48.4922447101,-4.5040052608,144.3404
209020000,10452,48.4922444907,-4.5040050239,144.3404
209040000,10453,48.4922442713,-4.504004787,144.3404
209060000,10454,48.4922440518,-4.5040045502,144.3404
209080000,10455,48.4922438324,-4.5040043133,144.3404
209100000,10456,48.492243613,-4.5040040764,144.3404
209120000,10457,48.4922433936,-4.5040038396,144.3404
209140000,10458,48.4922431741,-4.5040036027,144.3404
209160000,10459,48.4922429547,-4.5040033658,144.3404
209180000,10460,48.4922427353,-4.504003129,144.3404
209200000,10461,48.4922425158,-4.5040028921,144.3404
209220000,10462,48.4922422964,-4.5040026552,144.3404
209240000,10463,48.492242077,-4.5040024184,144.3404
209260000,10464,48.4922418575,-4.5040021815,144.3404
209280000,10465,48.4922416381,-4.5040019446,144.3404
209300000,10466,48.4922414187,-4.5040017078,144.3404
209320000,10467,48.4922411993,-4.5040014709,144.3404
209340000,10468,48.4922409798,-4.504001234,144.3404
209360000,10469,48.4922407604,-4.5040009972,144.3404
209380000,10470,48.492240541,-4.5040007603,144.3404
209400000,10471,48.4922403215,-4.5040005234,144.3404
209420000,10472,48.4922401021,-4.5040002866,144.3404
209440000,10473,48.4922398827,-4.5040000497,144.3404
209460000,10474,48.4922396632,-4.5039998128,144.3404
209480000,10475,48.4922394438,-4.503999576,144.3404
209500000,10476,48.4922392244,-4.5039993391,144.3404
209520000,10477,48.492239005,-4.5039991022,144.3404
209540000,10478,48.4922387855,-4.5039988654,144.3404
209560000,10479,48.4922385661,-4.5039986285,144.3404
209580000,10480,48.4922383467,-4.5039983916,144.3404
209600000,10481,48.4922381272,-4.5039981548,144.3404
209620000,10482,48.4922379078,-4.5039979179,144.3404
209640000,10483,48.4922376884,-4.503997681,144.3404
209660000,10484,48.492237469,-4.5039974442,144.3404
209680000,10485,48.4922372495,-4.5039972073,144.3404
209700000,10486,48.4922370301,-4.5039969704,144.3404
209720000,10487,48.4922368107,-4.5039967336,144.3404
209740000,10488,48.4922365912,-4.5039964967,144.3404
209760000,10489,48.4922363718,-4.5039962598,144.3404
209780000,10490,48.4922361524,-4.503996023,144.3404
209800000,10491,48.4922359329,-4.5039957861,144.3404
209820000,10492,48.4922357135,-4.5039955492,144.3404
209840000,10493,48.4922354941,-4.5039953124,144.3404
209860000,10494,48.4922352747,-4.5039950755,144.3404
209880000,10495,48.4922350552,-4.5039948386,144.3404
209900000,10496,48.4922348358,-4.5039946018,144.3404
209920000,10497,48.4922346164,-4.5039943649,144.3404
209940000,10498,48.4922343969,-4.503994128,144.3404
209960000,10499,48.4922341775,-4.5039938912,144.3404
209980000,10500,48.4922339581,-4.5039936543,144.3404
210000000,10501,48.4922337386,-4.5039934174,144.3404
210020000,10502,48.4922335192,-4.5039931806,144.3404
210040000,10503,48.4922332998,-4.5039929437,144.3404
210060000,10504,48.4922330804,-4.5039927068,144.3404
210080000,10505,48.4922328609,-4.50399247,144.3404
210100000,10506,48.4922326415,-4.5039922331,144.3404
210120000,10507,48.4922324221,-4.5039919962,144.3404
210140000,10508,48.4922322026,-4.5039917594,144.3404
210160000,10509,48.4922319832,-4.5039915225,144.3404
210180000,10510,48.4922317638,-4.5039912856,144.3404
210200000,10511,48.4922315443,-4.5039910488,144.3404
210220000,10512,48.4922313249,-4.5039908119,144.3404
210240000,10513,48.4922311055,-4.503990575,144.3404
210260000,10514,48.4922308861,-4.5039903382,144.3404
210280000,10515,48.4922306666,-4.5039901013,144.3404
210300000,10516,48.4922304472,-4.5039898644,144.3404
210320000,10517,48.4922302278,-4.5039896276,144.3404
210340000,10518,48.4922300083,-4.5039893907,144.3404
210360000,10519,48.4922297889,-4.5039891538,144.3404
210380000,10520,48.4922295695,-4.503988917,144.3404
210400000,10521,48.49222935,-4.5039886801,144.3404
210420000,10522,48.4922291306,-4.5039884432,144.3404
210440000,10523,48.4922289112,-4.5039882064,144.3404
210460000,10524,48.4922286918,-4.5039879695,144.3404
210480000,10525,48.4922284723,-4.5039877326,144.3404
210500000,10526,48.4922282529,-4.5039874958,144.3404
210520000,10527,48.4922280335,-4.5039872589,144.3404
210540000,10528,48.492227814,-4.503987022,144.3404
210560000,10529,48.4922275946,-4.5039867852,144.3404
210580000,10530,48.4922273752,-4.5039865483,144.3404
210600000,10531,48.4922271557,-4.5039863114,144.3404
210620000,10532,48.4922269363,-4.5039860746,144.3404
210640000,10533,48.4922267169,-4.5039858377,144.3404
210660000,10534,48.4922264975,-4.5039856008,144.3404
210680000,10535,48.492226278,-4.503985364,144.3404
210700000,10536,48.4922260586,-4.5039851271,144.3404
210720000,10537,48.4922258392,-4.5039848902,144.3404
210740000,10538,48.4922256197,-4.5039846534,144.3404
210760000,10539,48.4922254003,-4.5039844165,144.3404
210780000,10540,48.4922251809,-4.5039841796,144.3404
210800000,10541,48.4922249614,-4.5039839428,144.3404
210820000,10542,48.492224742,-4.5039837059,144.3404
210840000,10543,48.4922245226,-4.503983469,144.3404
210860000,10544,48.4922243032,-4.5039832322,144.3404
210880000,10545,48.4922240837,-4.5039829953,144.3404
210900000,10546,48.4922238643,-4.5039827584,144.3404
210920000,10547,48.4922236449,-4.5039825216,144.3404
210940000,10548,48.4922234254,-4.5039822847,144.3404
210960000,10549,48.492223206,-4.5039820478,144.3404
210980000,10550,48.4922229866,-4.503981811,144.3404
211000000,10551,48.4922227671,-4.5039815741,144.3404
211020000,10552,48.4922225477,-4.5039813372,144.3404
211040000,10553,48.4922223283,-4.5039811004,144.3404
211060000,10554,48.4922221089,-4.5039808635,144.3404
211080000,10555,48.4922218894,-4.5039806266,144.3404
211100000,10556,48.49222167,-4.5039803898,144.3404
211120000,10557,48.4922214506,-4.5039801529,144.3404
211140000,10558,48.4922212311,-4.503979916,144.3404
211160000,10559,48.4922210117,-4.5039796792,144.3404
211180000,10560,48.4922207923,-4.5039794423,144.3404
211200000,10561,48.4922205728,-4.5039792054,144.3404
211220000,10562,48.4922203534,-4.5039789686,144.3404
211240000,10563,48.492220134,-4.5039787317,144.3404
211260000,10564,48.4922199146,-4.5039784948,144.3404
211280000,10565,48.4922196951,-4.503978258,144.3404
211300000,10566,48.4922194757,-4.5039780211,144.3404
211320000,10567,48.4922192563,-4.5039777842,144.3404
211340000,10568,48.4922190368,-4.5039775474,144.3404
211360000,10569,48.4922188174,-4.5039773105,144.3404
211380000,10570,48.492218598,-4.5039770736,144.3404
211400000,10571,48.4922183785,-4.5039768368,144.3404
211420000,10572,48.4922181591,-4.5039765999,144.3404
211440000,10573,48.4922179397,-4.503976363,144.3404
211460000,10574,48.4922177203,-4.5039761262,144.3404
211480000,10575,48.4922175008,-4.5039758893,144.3404
211500000,10576,48.4922172814,-4.5039756524,144.3404
211520000,10577,48.492217062,-4.5039754156,144.3404
211540000,10578,48.4922168425,-4.5039751787,144.3404
211560000,10579,48.4922166231,-4.5039749418,144.3404
211580000,10580,48.4922164037,-4.503974705,144.3404
211600000,10581,48.4922161842,-4.5039744681,144.3404
211620000,10582,48.4922159648,-4.5039742312,144.3404
211640000,10583,48.4922157454,-4.5039739944,144.3404
211660000,10584,48.492215526,-4.5039737575,144.3404
211680000,10585,48.4922153065,-4.5039735206,144.3404
211700000,10586,48.4922150871,-4.5039732838,144.3404
211720000,10587,48.4922148677,-4.5039730469,144.3404
211740000,10588,48.4922146482,-4.50397281,144.3404
211760000,10589,48.4922144288,-4.5039725732,144.3404
211780000,10590,48.4922142094,-4.5039723363,144.3404
211800000,10591,48.4922139899,-4.5039720994,144.3404
211820000,10592,48.4922137705,-4.5039718626,144.3404
211840000,10593,48.4922135511,-4.5039716257,144.3404
211860000,10594,48.4922133317,-4.5039713888,144.3404
211880000,10595,48.4922131122,-4.503971152,144.3404
211900000,10596,48.4922128928,-4.5039709151,144.3404
211920000,10597,48.4922126734,-4.5039706782,144.3404
211940000,10598,48.4922124539,-4.5039704414,144.3404
211960000,10599,48.4922122345,-4.5039702045,144.3404
211980000,10600,48.4922120151,-4.5039699676,144.3404
212000000,10601,48.4922117956,-4.5039697308,144.3404
212020000,10602,48.4922115762,-4.5039694939,144.3404
212040000,10603,48.4922113568,-4.503969257,144.3404
212060000,10604,48.4922111374,-4.5039690202,144.3404
212080000,10605,48.4922109179,-4.5039687833,144.3404
212100000,10606,48.4922106985,-4.5039685464,144.3404
212120000,10607,48.4922104791,-4.5039683096,144.3404
212140000,10608,48.4922102596,-4.5039680727,144.3404
212160000,10609,48.4922100402,-4.5039678358,144.3404
212180000,10610,48.4922098208,-4.503967599,144.3404
212200000,10611,48.4922096013,-4.5039673621,144.3404
212220000,10612,48.4922093819,-4.5039671252,144.3404
212240000,10613,48.4922091625,-4.5039668884,144.3404
212260000,10614,48.4922089431,-4.5039666515,144.3404
212280000,10615,48.4922087236,-4.5039664146,144.3404
212300000,10616,48.4922085042,-4.5039661778,144.3404
212320000,10617,48.4922082848,-4.5039659409,144.3404
212340000,10618,48.4922080653,-4.503965704,144.3404
212360000,10619,48.4922078459,-4.5039654672,144.3404
212380000,10620,48.4922076265,-4.5039652303,144.3404
212400000,10621,48.492207407,-4.5039649934,144.3404
212420000,10622,48.4922071876,-4.5039647566,144.3404
212440000,10623,48.4922069682,-4.5039645197,144.3404
212460000,10624,48.4922067488,-4.5039642828,144.3404
212480000,10625,48.4922065293,-4.503964046,144.3404
212500000,10626,48.4922063099,-4.5039638091,144.3404
212520000,10627,48.4922060905,-4.5039635722,144.3404
212540000,10628,48.492205871,-4.5039633354,144.3404
212560000,10629,48.4922056516,-4.5039630985,144.3404
212580000,10630,48.4922054322,-4.5039628616,144.3404
212600000,10631,48.4922052127,-4.5039626248,144.3404
212620000,10632,48.4922049933,-4.5039623879,144.3404
212640000,10633,48.4922047739,-4.503962151,144.3404
212660000,10634,48.4922045545,-4.5039619142,144.3404
212680000,10635,48.492204335,-4.5039616773,144.3404
212700000,10636,48.4922041156,-4.5039614404,144.3404
212720000,10637,48.4922038962,-4.5039612036,144.3404
212740000,10638,48.4922036767,-4.5039609667,144.3404
212760000,10639,48.4922034573,-4.5039607298,144.3404
212780000,10640,48.4922032379,-4.503960493,144.3404
212800000,10641,48.4922030184,-4.5039602561,144.3404
212820000,10642,48.492202799,-4.5039600192,144.3404
212840000,10643,48.4922025796,-4.5039597824,144.3404
212860000,10644,48.4922023602,-4.5039595455,144.3404
212880000,10645,48.4922021407,-4.5039593086,144.3404
212900000,10646,48.4922019213,-4.5039590718,144.3404
212920000,10647,48.4922017019,-4.5039588349,144.3404
212940000,10648,48.4922014824,-4.503958598,144.3404
212960000,10649,48.492201263,-4.5039583612,144.3404
212980000,10650,48.4922010436,-4.5039581243,144.3404
213000000,10651,48.4922008241,-4.5039578874,144.3404
213020000,10652,48.4922006047,-4.5039576506,144.3404
213040000,10653,48.4922003853,-4.5039574137,144.3404
213060000,10654,48.4922001659,-4.5039571768,144.3404
213080000,10655,48.4921999464,-4.50395694,144.3404
213100000,10656,48.492199727,-4.5039567031,144.3404
213120000,10657,48.4921995076,-4.5039564662,144.3404
213140000,10658,48.4921992881,-4.5039562294,144.3404
213160000,10659,48.4921990687,-4.5039559925,144.3404
213180000,10660,48.4921988493,-4.5039557556,144.3404
213200000,10661,48.4921986298,-4.5039555188,144.3404
213220000,10662,48.4921984104,-4.5039552819,144.3404
213240000,10663,48.492198191,-4.503955045,144.3404
213260000,10664,48.4921979716,-4.5039548082,144.3404
213280000,10665,48.4921977521,-4.5039545713,144.3404
213300000,10666,48.4921975327,-4.5039543344,144.3404
213320000,10667,48.4921973133,-4.5039540976,144.3404
213340000,10668,48.4921970938,-4.5039538607,144.3404
213360000,10669,48.4921968744,-4.5039536238,144.3404
213380000,10670,48.492196655,-4.503953387,144.3404
213400000,10671,48.4921964355,-4.5039531501,144.3404
213420000,10672,48.4921962161,-4.5039529132,144.3404
213440000,10673,48.4921959967,-4.5039526764,144.3404
213460000,10674,48.4921957772,-4.5039524395,144.3404
213480000,10675,48.4921955578,-4.5039522026,144.3404
213500000,10676,48.4921953384,-4.5039519658,144.3404
213520000,10677,48.492195119,-4.5039517289,144.3404
213540000,10678,48.4921948995,-4.503951492,144.3404
213560000,10679,48.4921946801,-4.5039512552,144.3404
213580000,10680,48.4921944607,-4.5039510183,144.3404
213600000,10681,48.4921942412,-4.5039507815,144.3404
213620000,10682,48.4921940218,-4.5039505446,144.3404
213640000,10683,48.4921938024,-4.5039503077,144.3404
213660000,10684,48.4921935829,-4.5039500709,144.3404
213680000,10685,48.4921933635,-4.503949834,144.3404
213700000,10686,48.4921931441,-4.5039495971,144.3404
213720000,10687,48.4921929247,-4.5039493603,144.3404
213740000,10688,48.4921927052,-4.5039491234,144.3404
213760000,10689,48.4921924858,-4.5039488865,144.3404
213780000,10690,48.4921922664,-4.5039486497,144.3404
213800000,10691,48.4921920469,-4.5039484128,144.3404
213820000,10692,48.4921918275,-4.5039481759,144.3404
213840000,10693,48.4921916081,-4.5039479391,144.3404
213860000,10694,48.4921913886,-4.5039477022,144.3404
213880000,10695,48.4921911692,-4.5039474653,144.3404
213900000,10696,48.4921909498,-4.5039472285,144.3404
213920000,10697,48.4921907304,-4.5039469916,144.3404
213940000,10698,48.4921905109,-4.5039467547,144.3404
213960000,10699,48.4921902915,-4.5039465179,144.3404
213980000,10700,48.4921900721,-4.503946281,144.3404
214000000,10701,48.4921898526,-4.5039460441,144.3404
214020000,10702,48.4921896332,-4.5039458073,144.3404
214040000,10703,48.4921894138,-4.5039455704,144.3404
214060000,10704,48.4921891943,-4.5039453335,144.3404
214080000,10705,48.4921889749,-4.5039450967,144.3404
214100000,10706,48.4921887555,-4.5039448598,144.3404
214120000,10707,48.4921885361,-4.5039446229,144.3404
214140000,10708,48.4921883166,-4.5039443861,144.3404
214160000,10709,48.4921880972,-4.5039441492,144.3404
214180000,10710,48.4921878778,-4.5039439123,144.3404
214200000,10711,48.4921876583,-4.5039436755,144.3404
214220000,10712,48.4921874389,-4.5039434386,144.3404
214240000,10713,48.4921872195,-4.5039432017,144.3404
214260000,10714,48.492187,-4.5039429649,144.3404
214280000,10715,48.4921867806,-4.503942728,144.3404
214300000,10716,48.4921865612,-4.5039424911,144.3404
214320000,10717,48.4921863418,-4.5039422543,144.3404
214340000,10718,48.4921861223,-4.5039420174,144.3404
214360000,10719,48.4921859029,-4.5039417805,144.3404
214380000,10720,48.4921856835,-4.5039415437,144.3404
214400000,10721,48.492185464,-4.5039413068,144.3404
214420000,10722,48.4921852446,-4.5039410699,144.3404
214440000,10723,48.4921850252,-4.5039408331,144.3404
214460000,10724,48.4921848057,-4.5039405962,144.3404
214480000,10725,48.4921845863,-4.5039403593,144.3404
214500000,10726,48.4921843669,-4.5039401225,144.3404
214520000,10727,48.4921841475,-4.5039398856,144.3404
214540000,10728,48.492183928,-4.5039396487,144.3404
214560000,10729,48.4921837086,-4.5039394119,144.3404
214580000,10730,48.4921834892,-4.503939175,144.3404
214600000,10731,48.4921832697,-4.5039389381,144.3404
214620000,10732,48.4921830503,-4.5039387013,144.3404
214640000,10733,48.4921828309,-4.5039384644,144.3404
214660000,10734,48.4921826114,-4.5039382275,144.3404
214680000,10735,48.492182392,-4.5039379907,144.3404
214700000,10736,48.4921821726,-4.5039377538,144.3404
214720000,10737,48.4921819532,-4.5039375169,144.3404
214740000,10738,48.4921817337,-4.5039372801,144.3404
214760000,10739,48.4921815143,-4.5039370432,144.3404
214780000,10740,48.4921812949,-4.5039368063,144.3404
214800000,10741,48.4921810754,-4.5039365695,144.3404
214820000,10742,48.492180856,-4.5039363326,144.3404
214840000,10743,48.4921806366,-4.5039360957,144.3404
214860000,10744,48.4921804171,-4.5039358589,144.3404
214880000,10745,48.4921801977,-4.503935622,144.3404
214900000,10746,48.4921799783,-4.5039353851,144.3404
214920000,10747,48.4921797589,-4.5039351483,144.3404
214940000,10748,48.4921795394,-4.5039349114,144.3404
214960000,10749,48.49217932,-4.5039346745,144.3404
214980000,10750,48.4921791006,-4.5039344377,144.3404
215000000,10751,48.4921788811,-4.5039342008,144.3404
215020000,10752,48.4921786617,-4.5039339639,144.3404
215040000,10753,48.4921784423,-4.5039337271,144.3404
215060000,10754,48.4921782228,-4.5039334902,144.3404
215080000,10755,48.4921780034,-4.5039332533,144.3404
215100000,10756,48.492177784,-4.5039330165,144.3404
215120000,10757,48.4921775646,-4.5039327796,144.3404
215140000,10758,48.4921773451,-4.5039325428,144.3404
215160000,10759,48.4921771257,-4.5039323059,144.3404
215180000,10760,48.4921769063,-4.503932069,144.3404
215200000,10761,48.4921766868,-4.5039318322,144.3404
215220000,10762,48.4921764674,-4.5039315953,144.3404
215240000,10763,48.492176248,-4.5039313584,144.3404
215260000,10764,48.4921760285,-4.5039311216,144.3404
215280000,10765,48.4921758091,-4.5039308847,144.3404
215300000,10766,48.4921755897,-4.5039306478,144.3404
215320000,10767,48.4921753703,-4.503930411,144.3404
215340000,10768,48.4921751508,-4.5039301741,144.3404
215360000,10769,48.4921749314,-4.5039299372,144.3404
215380000,10770,48.492174712,-4.5039297004,144.3404
215400000,10771,48.4921744925,-4.5039294635,144.3404
215420000,10772,48.4921742731,-4.5039292266,144.3404
215440000,10773,48.4921740537,-4.5039289898,144.3404
215460000,10774,48.4921738342,-4.5039287529,144.3404
215480000,10775,48.4921736148,-4.503928516,144.3404
215500000,10776,48.4921733954,-4.5039282792,144.3404
215520000,10777,48.492173176,-4.5039280423,144.3404
215540000,10778,48.4921729565,-4.5039278054,144.3404
215560000,10779,48.4921727371,-4.5039275686,144.3404
215580000,10780,48.4921725177,-4.5039273317,144.3404
215600000,10781,48.4921722982,-4.5039270948,144.3404
215620000,10782,48.4921720788,-4.503926858,144.3404
215640000,10783,48.4921718594,-4.5039266211,144.3404
215660000,10784,48.4921716399,-4.5039263842,144.3404
215680000,10785,48.4921714205,-4.5039261474,144.3404
215700000,10786,48.4921712011,-4.5039259105,144.3404
215720000,10787,48.4921709817,-4.5039256736,144.3404
215740000,10788,48.4921707622,-4.5039254368,144.3404
215760000,10789,48.4921705428,-4.5039251999,144.3404
215780000,10790,48.4921703234,-4.503924963,144.3404
215800000,10791,48.4921701039,-4.5039247262,144.3404
215820000,10792,48.4921698845,-4.5039244893,144.3404
215840000,10793,48.4921696651,-4.5039242524,144.3404
215860000,10794,48.4921694456,-4.5039240156,144.3404
215880000,10795,48.4921692262,-4.5039237787,144.3404
215900000,10796,48.4921690068,-4.5039235418,144.3404
215920000,10797,48.4921687873,-4.503923305,144.3404
215940000,10798,48.4921685679,-4.5039230681,144.3404
215960000,10799,48.4921683485,-4.5039228312,144.3404
215980000,10800,48.4921681291,-4.5039225944,144.3404
216000000,10801,48.4921679096,-4.5039223575,144.3404
216020000,10802,48.4921676902,-4.5039221206,144.3404
216040000,10803,48.4921674708,-4.5039218838,144.3404
216060000,10804,48.4921672513,-4.5039216469,144.3404
216080000,10805,48.4921670319,-4.50392141,144.3404
216100000,10806,48.4921668125,-4.5039211732,144.3404
216120000,10807,48.492166593,-4.5039209363,144.3404
216140000,10808,48.4921663736,-4.5039206994,144.3404
216160000,10809,48.4921661542,-4.5039204626,144.3404
216180000,10810,48.4921659348,-4.5039202257,144.3404
216200000,10811,48.4921657153,-4.5039199888,144.3404
216220000,10812,48.4921654959,-4.503919752,144.3404
216240000,10813,48.4921652765,-4.5039195151,144.3404
216260000,10814,48.492165057,-4.5039192782,144.3404
216280000,10815,48.4921648376,-4.5039190414,144.3404
216300000,10816,48.4921646182,-4.5039188045,144.3404
216320000,10817,48.4921643987,-4.5039185677,144.3404
216340000,10818,48.4921641793,-4.5039183308,144.3404
216360000,10819,48.4921639599,-4.5039180939,144.3404
216380000,10820,48.4921637405,-4.5039178571,144.3404
216400000,10821,48.492163521,-4.5039176202,144.3404
216420000,10822,48.4921633016,-4.5039173833,144.3404
216440000,10823,48.4921630822,-4.5039171465,144.3404
216460000,10824,48.4921628627,-4.5039169096,144.3404
216480000,10825,48.4921626433,-4.5039166727,144.3404
216500000,10826,48.4921624239,-4.5039164359,144.3404
216520000,10827,48.4921622044,-4.503916199,144.3404
216540000,10828,48.492161985,-4.5039159621,144.3404
216560000,10829,48.4921617656,-4.5039157253,144.3404
216580000,10830,48.4921615462,-4.5039154884,144.3404
216600000,10831,48.4921613267,-4.5039152515,144.3404
216620000,10832,48.4921611073,-4.5039150147,144.3404
216640000,10833,48.4921608879,-4.5039147778,144.3404
216660000,10834,48.4921606684,-4.5039145409,144.3404
216680000,10835,48.492160449,-4.5039143041,144.3404
216700000,10836,48.4921602296,-4.5039140672,144.3404
216720000,10837,48.4921600101,-4.5039138303,144.3404
216740000,10838,48.4921597907,-4.5039135935,144.3404
216760000,10839,48.4921595713,-4.5039133566,144.3404
216780000,10840,48.4921593519,-4.5039131197,144.3404
216800000,10841,48.4921591324,-4.5039128829,144.3404
216820000,10842,48.492158913,-4.503912646,144.3404
216840000,10843,48.4921586936,-4.5039124091,144.3404
216860000,10844,48.4921584741,-4.5039121723,144.3404
216880000,10845,48.4921582547,-4.5039119354,144.3404
216900000,10846,48.4921580353,-4.5039116985,144.3404
216920000,10847,48.4921578158,-4.5039114617,144.3404
216940000,10848,48.4921575964,-4.5039112248,144.3404
216960000,10849,48.492157377,-4.5039109879,144.3404
216980000,10850,48.4921571576,-4.5039107511,144.3404
217000000,10851,48.4921569381,-4.5039105142,144.3404
217020000,10852,48.4921567187,-4.5039102773,144.3404
217040000,10853,48.4921564993,-4.5039100405,144.3404
217060000,10854,48.4921562798,-4.5039098036,144.3404
217080000,10855,48.4921560604,-4.5039095667,144.3404
217100000,10856,48.492155841,-4.5039093299,144.3404
217120000,10857,48.4921556215,-4.503909093,144.3404
217140000,10858,48.4921554021,-4.5039088561,144.3404
217160000,10859,48.4921551827,-4.5039086193,144.3404
217180000,10860,48.4921549633,-4.5039083824,144.3404
217200000,10861,48.4921547438,-4.5039081455,144.3404
217220000,10862,48.4921545244,-4.5039079087,144.3404
217240000,10863,48.492154305,-4.5039076718,144.3404
217260000,10864,48.4921540855,-4.5039074349,144.3404
217280000,10865,48.4921538661,-4.5039071981,144.3404
217300000,10866,48.4921536467,-4.5039069612,144.3404
217320000,10867,48.4921534272,-4.5039067244,144.3404
217340000,10868,48.4921532078,-4.5039064875,144.3404
217360000,10869,48.4921529884,-4.5039062506,144.3404
217380000,10870,48.492152769,-4.5039060138,144.3404
217400000,10871,48.4921525495,-4.5039057769,144.3404
217420000,10872,48.4921523301,-4.50390554,144.3404
217440000,10873,48.4921521107,-4.5039053032,144.3404
217460000,10874,48.4921518912,-4.5039050663,144.3404
217480000,10875,48.4921516718,-4.5039048294,144.3404
217500000,10876,48.4921514524,-4.5039045926,144.3404
217520000,10877,48.4921512329,-4.5039043557,144.3404
217540000,10878,48.4921510135,-4.5039041188,144.3404
217560000,10879,48.4921507941,-4.503903882,144.3404
217580000,10880,48.4921505746,-4.5039036451,144.3404
217600000,10881,48.4921503552,-4.5039034082,144.3404
217620000,10882,48.4921501358,-4.5039031714,144.3404
217640000,10883,48.4921499164,-4.5039029345,144.3404
217660000,10884,48.4921496969,-4.5039026976,144.3404
217680000,10885,48.4921494775,-4.5039024608,144.3404
217700000,10886,48.4921492581,-4.5039022239,144.3404
217720000,10887,48.4921490386,-4.503901987,144.3404
217740000,10888,48.4921488192,-4.5039017502,144.3404
217760000,10889,48.4921485998,-4.5039015133,144.3404
217780000,10890,48.4921483803,-4.5039012764,144.3404
217800000,10891,48.4921481609,-4.5039010396,144.3404
217820000,10892,48.4921479415,-4.5039008027,144.3404
217840000,10893,48.4921477221,-4.5039005658,144.3404
217860000,10894,48.4921475026,-4.503900329,144.3404
217880000,10895,48.4921472832,-4.5039000921,144.3404
217900000,10896,48.4921470638,-4.5038998552,144.3404
217920000,10897,48.4921468443,-4.5038996184,144.3404
217940000,10898,48.4921466249,-4.5038993815,144.3404
217960000,10899,48.4921464055,-4.5038991446,144.3404
217980000,10900,48.492146186,-4.5038989078,144.3404
218000000,10901,48.4921459666,-4.5038986709,144.3404
218020000,10902,48.4921457472,-4.503898434,144.3404
218040000,10903,48.4921455278,-4.5038981972,144.3404
218060000,10904,48.4921453083,-4.5038979603,144.3404
218080000,10905,48.4921450889,-4.5038977234,144.3404
218100000,10906,48.4921448695,-4.5038974866,144.3404
218120000,10907,48.49214465,-4.5038972497,144.3404
218140000,10908,48.4921444306,-4.5038970128,144.3404
218160000,10909,48.4921442112,-4.503896776,144.3404
218180000,10910,48.4921439917,-4.5038965391,144.3404
218200000,10911,48.4921437723,-4.5038963023,144.3404
218220000,10912,48.4921435529,-4.5038960654,144.3404
218240000,10913,48.4921433335,-4.5038958285,144.3404
218260000,10914,48.492143114,-4.5038955917,144.3404
218280000,10915,48.492143114,-4.5038955917,144.3404
218300000,10916,48.4921429675,-4.5038954284,142.6396
218320000,10917,48.4921428233,-4.5038952577,140.9798
218340000,10918,48.4921426814,-4.5038950797,139.3618
218360000,10919,48.4921425418,-4.5038948943,137.7863
218380000,10920,48.4921424045,-4.5038947018,136.2536
218400000,10921,48.4921422695,-4.5038945023,134.7637
218420000,10922,48.4921421368,-4.5038942958,133.3164
218440000,10923,48.4921420064,-4.5038940824,131.9114
218460000,10924,48.4921418782,-4.5038938624,130.5482
218480000,10925,48.4921417523,-4.5038936357,129.2261
218500000,10926,48.4921416287,-4.5038934025,127.9443
218520000,10927,48.4921415073,-4.503893163,126.7018
218540000,10928,48.4921413881,-4.5038929171,125.4978
218560000,10929,48.4921412712,-4.5038926651,124.3311
218580000,10930,48.4921411565,-4.503892407,123.2007
218600000,10931,48.4921410441,-4.5038921429,122.1054
218620000,10932,48.4921409338,-4.503891873,121.0442
218640000,10933,48.4921408258,-4.5038915974,120.0157
218660000,10934,48.49214072,-4.5038913161,119.019
218680000,10935,48.4921406163,-4.5038910293,118.0527
218700000,10936,48.4921405149,-4.5038907371,117.1158
218720000,10937,48.4921404156,-4.5038904396,116.2072
218740000,10938,48.4921403185,-4.5038901369,115.3257
218760000,10939,48.4921402235,-4.5038898291,114.4702
218780000,10940,48.4921401307,-4.5038895163,113.6398
218800000,10941,48.4921400401,-4.5038891987,112.8333
218820000,10942,48.4921399516,-4.5038888762,112.0498
218840000,10943,48.4921398652,-4.5038885492,111.2883
218860000,10944,48.492139781,-4.5038882176,110.548
218880000,10945,48.4921396989,-4.5038878816,109.8278
218900000,10946,48.4921396189,-4.5038875412,109.1269
218920000,10947,48.492139541,-4.5038871967,108.4446
218940000,10948,48.4921394652,-4.503886848,107.7799
218960000,10949,48.4921393915,-4.5038864954,107.1322
218980000,10950,48.4921393199,-4.5038861388,106.5006
219000000,10951,48.4921392503,-4.5038857785,105.8845
219020000,10952,48.4921391829,-4.5038854145,105.2832
219040000,10953,48.4921391175,-4.503885047,104.696
219060000,10954,48.4921390541,-4.503884676,104.1222
219080000,10955,48.4921389928,-4.5038843016,103.5614
219100000,10956,48.4921389335,-4.5038839241,103.0128
219120000,10957,48.4921388763,-4.5038835434,102.476
219140000,10958,48.4921388211,-4.5038831597,101.9503
219160000,10959,48.4921387679,-4.5038827731,101.4354
219180000,10960,48.4921387168,-4.5038823837,100.9306
219200000,10961,48.4921386676,-4.5038819916,100.4355
219220000,10962,48.4921386205,-4.5038815969,99.9496
219240000,10963,48.4921385753,-4.5038811998,99.4725
219260000,10964,48.4921385321,-4.5038808003,99.0038
219280000,10965,48.4921384909,-4.5038803986,98.543
219300000,10966,48.4921384517,-4.5038799947,98.0898
219320000,10967,48.4921384144,-4.5038795888,97.6437
219340000,10968,48.4921383791,-4.503879181,97.2044
219360000,10969,48.4921383457,-4.5038787714,96.7716
219380000,10970,48.4921383143,-4.50387836,96.3448
219400000,10971,48.4921382848,-4.5038779471,95.9237
219420000,10972,48.4921382572,-4.5038775327,95.5081
219440000,10973,48.4921382315,-4.5038771169,95.0975
219460000,10974,48.4921382078,-4.5038766998,94.6917
219480000,10975,48.492138186,-4.5038762816,94.2904
219500000,10976,48.492138166,-4.5038758623,93.8932
219520000,10977,48.492138148,-4.5038754421,93.4999
219540000,10978,48.4921381318,-4.5038750211,93.1102
219560000,10979,48.4921381175,-4.5038745993,92.7238
219580000,10980,48.4921381051,-4.503874177,92.3405
219600000,10981,48.4921380946,-4.5038737541,91.9599
219620000,10982,48.4921380859,-4.5038733308,91.5818
219640000,10983,48.492138079,-4.5038729073,91.206
219660000,10984,48.492138074,-4.5038724835,90.8321
219680000,10985,48.4921380708,-4.5038720597,90.46
219700000,10986,48.4921380695,-4.503871636,90.0893
219720000,10987,48.49213807,-4.5038712124,89.7199
219740000,10988,48.4921380722,-4.503870789,89.3514
219760000,10989,48.4921380763,-4.5038703661,88.9836
219780000,10990,48.4921380822,-4.5038699436,88.6162
219800000,10991,48.4921380899,-4.5038695217,88.2491
219820000,10992,48.4921380993,-4.5038691005,87.8819
219840000,10993,48.4921381106,-4.5038686801,87.5144
219860000,10994,48.4921381236,-4.5038682606,87.1463
219880000,10995,48.4921381383,-4.5038678421,86.7774
219900000,10996,48.4921381548,-4.5038674248,86.4074
219920000,10997,48.4921381731,-4.5038670087,86.036
219940000,10998,48.4921381931,-4.503866594,85.663
219960000,10999,48.4921382148,-4.5038661807,85.2881
219980000,11000,48.4921382383,-4.5038657691,84.9109
220000000,11001,48.4921382635,-4.503865359,84.5313
220020000,11002,48.4921382904,-4.5038649508,84.1489
220040000,11003,48.492138319,-4.5038645445,83.7633
220060000,11004,48.4921383493,-4.5038641402,83.3744
220080000,11005,48.4921383812,-4.5038637379,82.9817
220100000,11006,48.4921384149,-4.503863338,82.5849
220120000,11007,48.4921384502,-4.5038629403,82.1837
220140000,11008,48.4921384872,-4.5038625451,81.7777
220160000,11009,48.4921385259,-4.5038621525,81.3665
220180000,11010,48.4921385662,-4.5038617625,80.9498
220200000,11011,48.4921386082,-4.5038613752,80.5272
220220000,11012,48.4921386518,-4.5038609909,80.0982
220240000,11013,48.492138697,-4.5038606096,79.6623
220260000,11014,48.4921387439,-4.5038602313,79.2192
220280000,11015,48.4921387924,-4.5038598563,78.7684
220300000,11016,48.4921388425,-4.5038594845,78.3093
220320000,11017,48.4921388942,-4.5038591162,77.8414
220340000,11018,48.4921389474,-4.5038587514,77.3642
220360000,11019,48.4921390023,-4.5038583903,76.8771
220380000,11020,48.4921390588,-4.5038580329,76.3795
220400000,11021,48.4921391168,-4.5038576794,75.8707
220420000,11022,48.4921391764,-4.5038573299,75.35
220440000,11023,48.4921392376,-4.5038569844,74.8167
220460000,11024,48.4921393003,-4.5038566432,74.2702
220480000,11025,48.4921393646,-4.5038563062,73.7094
220500000,11026,48.4921394304,-4.5038559736,73.1337
220520000,11027,48.4921394977,-4.5038556456,72.5421
220540000,11028,48.4921395665,-4.5038553222,71.9337
220560000,11029,48.4921396369,-4.5038550035,71.3073
220580000,11030,48.4921397088,-4.5038546896,70.6621
220600000,11031,48.4921397822,-4.5038543807,69.9967
220620000,11032,48.4921398571,-4.5038540769,69.31
220640000,11033,48.4921399334,-4.5038537782,68.6007
220660000,11034,48.4921400113,-4.5038534849,67.8675
220680000,11035,48.4921400906,-4.5038531969,67.1088
220700000,11036,48.4921401714,-4.5038529144,66.3231
220720000,11037,48.4921402536,-4.5038526375,65.5087
220740000,11038,48.4921403373,-4.5038523663,64.664
220760000,11039,48.4921404225,-4.503852101,63.7869
220780000,11040,48.4921405091,-4.5038518416,62.8756
220800000,11041,48.4921405971,-4.5038515882,61.928
220820000,11042,48.4921406865,-4.503851341,60.9417
220840000,11043,48.4921407774,-4.5038511001,59.9146
220860000,11044,48.4921408696,-4.5038508655,58.844
220880000,11045,48.4921409633,-4.5038506374,57.7273
220900000,11046,48.4921410584,-4.5038504159,56.5619
220920000,11047,48.4921411548,-4.5038502011,55.3448
220940000,11048,48.4921412527,-4.5038499931,54.0731
220960000,11049,48.4921413519,-4.5038497921,52.7436
220980000,11050,48.4921414524,-4.503849598,51.3533
221000000,11051,48.4921415544,-4.5038494111,49.8988
221020000,11052,48.4921416576,-4.5038492314,48.377
221040000,11053,48.4921417623,-4.5038490591,46.7847
221060000,11054,48.4921418682,-4.5038488943,45.1185
221080000,11055,48.4921419755,-4.503848737,43.3757
221100000,11056,48.4921420841,-4.5038485874,41.5534
221120000,11057,48.4921421941,-4.5038484456,39.6492
221140000,11058,48.4921423053,-4.5038483117,37.6611
221160000,11059,48.4921424178,-4.5038481858,35.5877
221180000,11060,48.4921425317,-4.503848068,33.4284
221200000,11061,48.4921426468,-4.5038479584,31.1833
221220000,11062,48.4921427632,-4.5038478572,28.8536
221240000,11063,48.4921428809,-4.5038477644,26.4416
221260000,11064,48.4921429998,-4.5038476802,23.9511
221280000,11065,48.49214312,-4.5038476046,21.3871
221300000,11066,48.4921432415,-4.5038475378,18.756
221320000,11067,48.4921433641,-4.5038474799,16.0658
221340000,11068,48.4921434881,-4.503847431,13.3258
221360000,11069,48.4921436132,-4.5038473912,10.5464
221380000,11070,48.4921437396,-4.5038473606,7.7394
221400000,11071,48.4921438672,-4.5038473393,4.9169
221420000,11072,48.492143996,-4.5038473275,2.0918
221440000,11073,48.492144126,-4.5038473251,359.277
221460000,11074,48.4921442572,-4.5038473325,356.485
221480000,11075,48.4921443896,-4.5038473495,353.7278
221500000,11076,48.4921445232,-4.5038473765,351.0166
221520000,11077,48.4921446579,-4.5038474134,348.3612
221540000,11078,48.4921447938,-4.5038474604,345.7704
221560000,11079,48.4921449309,-4.5038475175,343.2513
221580000,11080,48.4921450691,-4.503847585,340.8097
221600000,11081,48.4921452084,-4.5038476629,338.45
221620000,11082,48.4921453489,-4.5038477513,336.1752
221640000,11083,48.4921454905,-4.5038478504,333.987
221660000,11084,48.4921456333,-4.5038479601,331.8862
221680000,11085,48.4921457771,-4.5038480808,329.8725
221700000,11086,48.4921459221,-4.5038482123,327.9449
221720000,11087,48.4921460682,-4.503848355,326.1016
221740000,11088,48.4921462153,-4.5038485088,324.3404
221760000,11089,48.4921462153,-4.5038485088,324.3404
221780000,11090,48.4921464347,-4.5038487457,324.3404
221800000,11091,48.4921466542,-4.5038489825,324.3404
221820000,11092,48.4921468736,-4.5038492194,324.3404
221840000,11093,48.492147093,-4.5038494563,324.3404
221860000,11094,48.4921473125,-4.5038496931,324.3404
221880000,11095,48.4921475319,-4.50384993,324.3404
221900000,11096,48.4921477513,-4.5038501669,324.3404
221920000,11097,48.4921479708,-4.5038504037,324.3404
221940000,11098,48.4921481902,-4.5038506406,324.3404
221960000,11099,48.4921484096,-4.5038508774,324.3404
221980000,11100,48.492148629,-4.5038511143,324.3404
222000000,11101,48.4921488485,-4.5038513512,324.3404
222020000,11102,48.4921490679,-4.503851588,324.3404
222040000,11103,48.4921492873,-4.5038518249,324.3404
222060000,11104,48.4921495068,-4.5038520618,324.3404
222080000,11105,48.4921497262,-4.5038522986,324.3404
222100000,11106,48.4921499456,-4.5038525355,324.3404
222120000,11107,48.4921501651,-4.5038527724,324.3404
222140000,11108,48.4921503845,-4.5038530092,324.3404
222160000,11109,48.4921506039,-4.5038532461,324.3404
222180000,11110,48.4921508233,-4.503853483,324.3404
222200000,11111,48.4921510428,-4.5038537198,324.3404
222220000,11112,48.4921512622,-4.5038539567,324.3404
222240000,11113,48.4921514816,-4.5038541936,324.3404
222260000,11114,48.4921517011,-4.5038544304,324.3404
222280000,11115,48.4921519205,-4.5038546673,324.3404
222300000,11116,48.4921521399,-4.5038549042,324.3404
222320000,11117,48.4921523594,-4.503855141,324.3404
222340000,11118,48.4921525788,-4.5038553779,324.3404
222360000,11119,48.4921527982,-4.5038556148,324.3404
222380000,11120,48.4921530176,-4.5038558516,324.3404
222400000,11121,48.4921532371,-4.5038560885,324.3404
222420000,11122,48.4921534565,-4.5038563254,324.3404
222440000,11123,48.4921536759,-4.5038565622,324.3404
222460000,11124,48.4921538954,-4.5038567991,324.3404
222480000,11125,48.4921541148,-4.503857036,324.3404
222500000,11126,48.4921543342,-4.5038572728,324.3404
222520000,11127,48.4921545537,-4.5038575097,324.3404
222540000,11128,48.4921547731,-4.5038577466,324.3404
222560000,11129,48.4921549925,-4.5038579834,324.3404
222580000,11130,48.492155212,-4.5038582203,324.3404
222600000,11131,48.4921554314,-4.5038584572,324.3404
222620000,11132,48.4921556508,-4.503858694,324.3404
222640000,11133,48.4921558702,-4.5038589309,324.3404
222660000,11134,48.4921560897,-4.5038591677,324.3404
222680000,11135,48.4921563091,-4.5038594046,324.3404
222700000,11136,48.4921565285,-4.5038596415,324.3404
222720000,11137,48.492156748,-4.5038598783,324.3404
222740000,11138,48.4921569674,-4.5038601152,324.3404
222760000,11139,48.4921571868,-4.5038603521,324.3404
222780000,11140,48.4921574063,-4.5038605889,324.3404
222800000,11141,48.4921576257,-4.5038608258,324.3404
222820000,11142,48.4921578451,-4.5038610627,324.3404
222840000,11143,48.4921580645,-4.5038612995,324.3404
222860000,11144,48.492158284,-4.5038615364,324.3404
222880000,11145,48.4921585034,-4.5038617733,324.3404
222900000,11146,48.4921587228,-4.5038620101,324.3404
222920000,11147,48.4921589423,-4.503862247,324.3404
222940000,11148,48.4921591617,-4.5038624839,324.3404
222960000,11149,48.4921593811,-4.5038627207,324.3404
222980000,11150,48.4921596006,-4.5038629576,324.3404
223000000,11151,48.49215982,-4.5038631945,324.3404
223020000,11152,48.4921600394,-4.5038634313,324.3404
223040000,11153,48.4921602588,-4.5038636682,324.3404
223060000,11154,48.4921604783,-4.5038639051,324.3404
223080000,11155,48.4921606977,-4.5038641419,324.3404
223100000,11156,48.4921609171,-4.5038643788,324.3404
223120000,11157,48.4921611366,-4.5038646157,324.3404
223140000,11158,48.492161356,-4.5038648525,324.3404
223160000,11159,48.4921615754,-4.5038650894,324.3404
223180000,11160,48.4921617949,-4.5038653263,324.3404
223200000,11161,48.4921620143,-4.5038655631,324.3404
223220000,11162,48.4921622337,-4.5038658,324.3404
223240000,11163,48.4921624531,-4.5038660369,324.3404
223260000,11164,48.4921626726,-4.5038662737,324.3404
223280000,11165,48.492162892,-4.5038665106,324.3404
223300000,11166,48.4921631114,-4.5038667475,324.3404
223320000,11167,48.4921633309,-4.5038669843,324.3404
223340000,11168,48.4921635503,-4.5038672212,324.3404
223360000,11169,48.4921637697,-4.5038674581,324.3404
223380000,11170,48.4921639892,-4.5038676949,324.3404
223400000,11171,48.4921642086,-4.5038679318,324.3404
223420000,11172,48.492164428,-4.5038681686,324.3404
223440000,11173,48.4921646475,-4.5038684055,324.3404
223460000,11174,48.4921648669,-4.5038686424,324.3404
223480000,11175,48.4921650863,-4.5038688792,324.3404
223500000,11176,48.4921653057,-4.5038691161,324.3404
223520000,11177,48.4921655252,-4.503869353,324.3404
223540000,11178,48.4921657446,-4.5038695898,324.3404
223560000,11179,48.492165964,-4.5038698267,324.3404
223580000,11180,48.4921661835,-4.5038700636,324.3404
223600000,11181,48.4921664029,-4.5038703004,324.3404
223620000,11182,48.4921666223,-4.5038705373,324.3404
223640000,11183,48.4921668418,-4.5038707742,324.3404
223660000,11184,48.4921670612,-4.503871011,324.3404
223680000,11185,48.4921672806,-4.5038712479,324.3404
223700000,11186,48.4921675,-4.5038714848,324.3404
223720000,11187,48.4921677195,-4.5038717216,324.3404
223740000,11188,48.4921679389,-4.5038719585,324.3404
223760000,11189,48.4921681583,-4.5038721954,324.3404
223780000,11190,48.4921683778,-4.5038724322,324.3404
223800000,11191,48.4921685972,-4.5038726691,324.3404
223820000,11192,48.4921688166,-4.503872906,324.3404
223840000,11193,48.4921690361,-4.5038731428,324.3404
223860000,11194,48.4921692555,-4.5038733797,324.3404
223880000,11195,48.4921694749,-4.5038736166,324.3404
223900000,11196,48.4921696943,-4.5038738534,324.3404
223920000,11197,48.4921699138,-4.5038740903,324.3404
223940000,11198,48.4921701332,-4.5038743272,324.3404
223960000,11199,48.4921703526,-4.503874564,324.3404
223980000,11200,48.4921705721,-4.5038748009,324.3404
224000000,11201,48.4921707915,-4.5038750378,324.3404
224020000,11202,48.4921710109,-4.5038752746,324.3404
224040000,11203,48.4921712304,-4.5038755115,324.3404
224060000,11204,48.4921714498,-4.5038757484,324.3404
224080000,11205,48.4921716692,-4.5038759852,324.3404
224100000,11206,48.4921718886,-4.5038762221,324.3404
224120000,11207,48.4921721081,-4.503876459,324.3404
224140000,11208,48.4921723275,-4.5038766958,324.3404
224160000,11209,48.4921725469,-4.5038769327,324.3404
224180000,11210,48.4921727664,-4.5038771696,324.3404
224200000,11211,48.4921729858,-4.5038774064,324.3404
224220000,11212,48.4921732052,-4.5038776433,324.3404
224240000,11213,48.4921734247,-4.5038778801,324.3404
224260000,11214,48.4921736441,-4.503878117,324.3404
224280000,11215,48.4921738635,-4.5038783539,324.3404
224300000,11216,48.4921740829,-4.5038785907,324.3404
224320000,11217,48.4921743024,-4.5038788276,324.3404
224340000,11218,48.4921745218,-4.5038790645,324.3404
224360000,11219,48.4921747412,-4.5038793013,324.3404
224380000,11220,48.4921749607,-4.5038795382,324.3404
224400000,11221,48.4921751801,-4.5038797751,324.3404
224420000,11222,48.4921753995,-4.5038800119,324.3404
224440000,11223,48.492175619,-4.5038802488,324.3404
224460000,11224,48.4921758384,-4.5038804857,324.3404
224480000,11225,48.4921760578,-4.5038807225,324.3404
224500000,11226,48.4921762773,-4.5038809594,324.3404
224520000,11227,48.4921764967,-4.5038811963,324.3404
224540000,11228,48.4921767161,-4.5038814331,324.3404
224560000,11229,48.4921769355,-4.50388167,324.3404
224580000,11230,48.492177155,-4.5038819069,324.3404
224600000,11231,48.4921773744,-4.5038821437,324.3404
224620000,11232,48.4921775938,-4.5038823806,324.3404
224640000,11233,48.4921778133,-4.5038826175,324.3404
224660000,11234,48.4921780327,-4.5038828543,324.3404
224680000,11235,48.4921782521,-4.5038830912,324.3404
224700000,11236,48.4921784716,-4.5038833281,324.3404
224720000,11237,48.492178691,-4.5038835649,324.3404
224740000,11238,48.4921789104,-4.5038838018,324.3404
224760000,11239,48.4921791298,-4.5038840387,324.3404
224780000,11240,48.4921793493,-4.5038842755,324.3404
224800000,11241,48.4921795687,-4.5038845124,324.3404
224820000,11242,48.4921797881,-4.5038847493,324.3404
224840000,11243,48.4921800076,-4.5038849861,324.3404
224860000,11244,48.492180227,-4.503885223,324.3404
224880000,11245,48.4921804464,-4.5038854599,324.3404
224900000,11246,48.4921806659,-4.5038856967,324.3404
224920000,11247,48.4921808853,-4.5038859336,324.3404
224940000,11248,48.4921811047,-4.5038861705,324.3404
224960000,11249,48.4921813241,-4.5038864073,324.3404
224980000,11250,48.4921815436,-4.5038866442,324.3404
225000000,11251,48.492181763,-4.5038868811,324.3404
225020000,11252,48.4921819824,-4.5038871179,324.3404
225040000,11253,48.4921822019,-4.5038873548,324.3404
225060000,11254,48.4921824213,-4.5038875917,324.3404
225080000,11255,48.4921826407,-4.5038878285,324.3404
225100000,11256,48.4921828602,-4.5038880654,324.3404
225120000,11257,48.4921830796,-4.5038883022,324.3404
225140000,11258,48.492183299,-4.5038885391,324.3404
225160000,11259,48.4921835184,-4.503888776,324.3404
225180000,11260,48.4921837379,-4.5038890128,324.3404
225200000,11261,48.4921839573,-4.5038892497,324.3404
225220000,11262,48.4921841767,-4.5038894866,324.3404
225240000,11263,48.4921843962,-4.5038897234,324.3404
225260000,11264,48.4921846156,-4.5038899603,324.3404
225280000,11265,48.492184835,-4.5038901972,324.3404
225300000,11266,48.4921850545,-4.503890434,324.3404
225320000,11267,48.4921852739,-4.5038906709,324.3404
225340000,11268,48.4921854933,-4.5038909078,324.3404
225360000,11269,48.4921857127,-4.5038911446,324.3404
225380000,11270,48.4921859322,-4.5038913815,324.3404
225400000,11271,48.4921861516,-4.5038916184,324.3404
225420000,11272,48.492186371,-4.5038918552,324.3404
225440000,11273,48.4921865905,-4.5038920921,324.3404
225460000,11274,48.4921868099,-4.503892329,324.3404
225480000,11275,48.4921870293,-4.5038925658,324.3404
225500000,11276,48.4921872488,-4.5038928027,324.3404
225520000,11277,48.4921874682,-4.5038930396,324.3404
225540000,11278,48.4921876876,-4.5038932764,324.3404
225560000,11279,48.4921879071,-4.5038935133,324.3404
225580000,11280,48.4921881265,-4.5038937502,324.3404
225600000,11281,48.4921883459,-4.503893987,324.3404
225620000,11282,48.4921885653,-4.5038942239,324.3404
225640000,11283,48.4921887848,-4.5038944608,324.3404
225660000,11284,48.4921890042,-4.5038946976,324.3404
225680000,11285,48.4921892236,-4.5038949345,324.3404
225700000,11286,48.4921894431,-4.5038951714,324.3404
225720000,11287,48.4921896625,-4.5038954082,324.3404
225740000,11288,48.4921898819,-4.5038956451,324.3404
225760000,11289,48.4921901014,-4.503895882,324.3404
225780000,11290,48.4921903208,-4.5038961188,324.3404
225800000,11291,48.4921905402,-4.5038963557,324.3404
225820000,11292,48.4921907596,-4.5038965926,324.3404
225840000,11293,48.4921909791,-4.5038968294,324.3404
225860000,11294,48.4921911985,-4.5038970663,324.3404
225880000,11295,48.4921914179,-4.5038973032,324.3404
225900000,11296,48.4921916374,-4.50389754,324.3404
225920000,11297,48.4921918568,-4.5038977769,324.3404
225940000,11298,48.4921920762,-4.5038980138,324.3404
225960000,11299,48.4921922957,-4.5038982506,324.3404
225980000,11300,48.4921925151,-4.5038984875,324.3404
226000000,11301,48.4921927345,-4.5038987244,324.3404
226020000,11302,48.4921929539,-4.5038989612,324.3404
226040000,11303,48.4921931734,-4.5038991981,324.3404
226060000,11304,48.4921933928,-4.503899435,324.3404
226080000,11305,48.4921936122,-4.5038996718,324.3404
226100000,11306,48.4921938317,-4.5038999087,324.3404
226120000,11307,48.4921940511,-4.5039001456,324.3404
226140000,11308,48.4921942705,-4.5039003824,324.3404
226160000,11309,48.49219449,-4.5039006193,324.3404
226180000,11310,48.4921947094,-4.5039008562,324.3404
226200000,11311,48.4921949288,-4.503901093,324.3404
226220000,11312,48.4921951482,-4.5039013299,324.3404
226240000,11313,48.4921953677,-4.5039015667,324.3404
226260000,11314,48.4921955871,-4.5039018036,324.3404
226280000,11315,48.4921958065,-4.5039020405,324.3404
226300000,11316,48.492196026,-4.5039022773,324.3404
226320000,11317,48.4921962454,-4.5039025142,324.3404
226340000,11318,48.4921964648,-4.5039027511,324.3404
226360000,11319,48.4921966843,-4.5039029879,324.3404
226380000,11320,48.4921969037,-4.5039032248,324.3404
226400000,11321,48.4921971231,-4.5039034617,324.3404
226420000,11322,48.4921973425,-4.5039036985,324.3404
226440000,11323,48.492197562,-4.5039039354,324.3404
226460000,11324,48.4921977814,-4.5039041723,324.3404
226480000,11325,48.4921980008,-4.5039044091,324.3404
226500000,11326,48.4921982203,-4.503904646,324.3404
226520000,11327,48.4921984397,-4.5039048829,324.3404
226540000,11328,48.4921986591,-4.5039051197,324.3404
226560000,11329,48.4921988786,-4.5039053566,324.3404
226580000,11330,48.492199098,-4.5039055935,324.3404
226600000,11331,48.4921993174,-4.5039058303,324.3404
226620000,11332,48.4921995368,-4.5039060672,324.3404
226640000,11333,48.4921997563,-4.5039063041,324.3404
226660000,11334,48.4921999757,-4.5039065409,324.3404
226680000,11335,48.4922001951,-4.5039067778,324.3404
226700000,11336,48.4922004146,-4.5039070147,324.3404
226720000,11337,48.492200634,-4.5039072515,324.3404
226740000,11338,48.4922008534,-4.5039074884,324.3404
226760000,11339,48.4922010729,-4.5039077253,324.3404
226780000,11340,48.4922012923,-4.5039079621,324.3404
226800000,11341,48.4922015117,-4.503908199,324.3404
226820000,11342,48.4922017312,-4.5039084359,324.3404
226840000,11343,48.4922019506,-4.5039086727,324.3404
226860000,11344,48.49220217,-4.5039089096,324.3404
226880000,11345,48.4922023894,-4.5039091465,324.3404
226900000,11346,48.4922026089,-4.5039093833,324.3404
226920000,11347,48.4922028283,-4.5039096202,324.3404
226940000,11348,48.4922030477,-4.5039098571,324.3404
226960000,11349,48.4922032672,-4.5039100939,324.3404
226980000,11350,48.4922034866,-4.5039103308,324.3404
227000000,11351,48.492203706,-4.5039105677,324.3404
227020000,11352,48.4922039255,-4.5039108045,324.3404
227040000,11353,48.4922041449,-4.5039110414,324.3404
227060000,11354,48.4922043643,-4.5039112783,324.3404
227080000,11355,48.4922045837,-4.5039115151,324.3404
227100000,11356,48.4922048032,-4.503911752,324.3404
227120000,11357,48.4922050226,-4.5039119889,324.3404
227140000,11358,48.492205242,-4.5039122257,324.3404
227160000,11359,48.4922054615,-4.5039124626,324.3404
227180000,11360,48.4922056809,-4.5039126995,324.3404
227200000,11361,48.4922059003,-4.5039129363,324.3404
227220000,11362,48.4922061198,-4.5039131732,324.3404
227240000,11363,48.4922063392,-4.5039134101,324.3404
227260000,11364,48.4922065586,-4.5039136469,324.3404
227280000,11365,48.492206778,-4.5039138838,324.3404
227300000,11366,48.4922069975,-4.5039141207,324.3404
227320000,11367,48.4922072169,-4.5039143575,324.3404
227340000,11368,48.4922074363,-4.5039145944,324.3404
227360000,11369,48.4922076558,-4.5039148313,324.3404
227380000,11370,48.4922078752,-4.5039150681,324.3404
227400000,11371,48.4922080946,-4.503915305,324.3404
227420000,11372,48.4922083141,-4.5039155419,324.3404
227440000,11373,48.4922085335,-4.5039157787,324.3404
227460000,11374,48.4922087529,-4.5039160156,324.3404
227480000,11375,48.4922089723,-4.5039162525,324.3404
227500000,11376,48.4922091918,-4.5039164893,324.3404
227520000,11377,48.4922094112,-4.5039167262,324.3404
227540000,11378,48.4922096306,-4.5039169631,324.3404
227560000,11379,48.4922098501,-4.5039171999,324.3404
227580000,11380,48.4922100695,-4.5039174368,324.3404
227600000,11381,48.4922102889,-4.5039176736,324.3404
227620000,11382,48.4922105084,-4.5039179105,324.3404
227640000,11383,48.4922107278,-4.5039181474,324.3404
227660000,11384,48.4922109472,-4.5039183842,324.3404
227680000,11385,48.4922111666,-4.5039186211,324.3404
227700000,11386,48.4922113861,-4.503918858,324.3404
227720000,11387,48.4922116055,-4.5039190948,324.3404
227740000,11388,48.4922118249,-4.5039193317,324.3404
227760000,11389,48.4922120444,-4.5039195686,324.3404
227780000,11390,48.4922122638,-4.5039198054,324.3404
227800000,11391,48.4922124832,-4.5039200423,324.3404
227820000,11392,48.4922127027,-4.5039202792,324.3404
227840000,11393,48.4922129221,-4.503920516,324.3404
227860000,11394,48.4922131415,-4.5039207529,324.3404
227880000,11395,48.4922133609,-4.5039209898,324.3404
227900000,11396,48.4922135804,-4.5039212266,324.3404
227920000,11397,48.4922137998,-4.5039214635,324.3404
227940000,11398,48.4922140192,-4.5039217004,324.3404
227960000,11399,48.4922142387,-4.5039219372,324.3404
227980000,11400,48.4922144581,-4.5039221741,324.3404
228000000,11401,48.4922146775,-4.503922411,324.3404
228020000,11402,48.492214897,-4.5039226478,324.3404
228040000,11403,48.4922151164,-4.5039228847,324.3404
228060000,11404,48.4922153358,-4.5039231216,324.3404
228080000,11405,48.4922155552,-4.5039233584,324.3404
228100000,11406,48.4922157747,-4.5039235953,324.3404
228120000,11407,48.4922159941,-4.5039238322,324.3404
228140000,11408,48.4922162135,-4.503924069,324.3404
228160000,11409,48.492216433,-4.5039243059,324.3404
228180000,11410,48.4922166524,-4.5039245428,324.3404
228200000,11411,48.4922168718,-4.5039247796,324.3404
228220000,11412,48.4922170913,-4.5039250165,324.3404
228240000,11413,48.4922173107,-4.5039252534,324.3404
228260000,11414,48.4922175301,-4.5039254902,324.3404
228280000,11415,48.4922177496,-4.5039257271,324.3404
228300000,11416,48.492217969,-4.503925964,324.3404
228320000,11417,48.4922181884,-4.5039262008,324.3404
228340000,11418,48.4922184078,-4.5039264377,324.3404
228360000,11419,48.4922186273,-4.5039266746,324.3404
228380000,11420,48.4922188467,-4.5039269114,324.3404
228400000,11421,48.4922190661,-4.5039271483,324.3404
228420000,11422,48.4922192856,-4.5039273852,324.3404
228440000,11423,48.492219505,-4.503927622,324.3404
228460000,11424,48.4922197244,-4.5039278589,324.3404
228480000,11425,48.4922199439,-4.5039280958,324.3404
228500000,11426,48.4922201633,-4.5039283326,324.3404
228520000,11427,48.4922203827,-4.5039285695,324.3404
228540000,11428,48.4922206021,-4.5039288064,324.3404
228560000,11429,48.4922208216,-4.5039290432,324.3404
228580000,11430,48.492221041,-4.5039292801,324.3404
228600000,11431,48.4922212604,-4.503929517,324.3404
228620000,11432,48.4922214799,-4.5039297538,324.3404
228640000,11433,48.4922216993,-4.5039299907,324.3404
228660000,11434,48.4922219187,-4.5039302276,324.3404
228680000,11435,48.4922221382,-4.5039304644,324.3404
228700000,11436,48.4922223576,-4.5039307013,324.3404
228720000,11437,48.492222577,-4.5039309382,324.3404
228740000,11438,48.4922227964,-4.503931175,324.3404
228760000,11439,48.4922230159,-4.5039314119,324.3404
228780000,11440,48.4922232353,-4.5039316488,324.3404
228800000,11441,48.4922234547,-4.5039318856,324.3404
228820000,11442,48.4922236742,-4.5039321225,324.3404
228840000,11443,48.4922238936,-4.5039323594,324.3404
228860000,11444,48.492224113,-4.5039325962,324.3404
228880000,11445,48.4922243325,-4.5039328331,324.3404
228900000,11446,48.4922245519,-4.50393307,324.3404
228920000,11447,48.4922247713,-4.5039333068,324.3404
228940000,11448,48.4922249907,-4.5039335437,324.3404
228960000,11449,48.4922252102,-4.5039337806,324.3404
228980000,11450,48.4922254296,-4.5039340174,324.3404
229000000,11451,48.492225649,-4.5039342543,324.3404
229020000,11452,48.4922258685,-4.5039344912,324.3404
229040000,11453,48.4922260879,-4.503934728,324.3404
229060000,11454,48.4922263073,-4.5039349649,324.3404
229080000,11455,48.4922265268,-4.5039352018,324.3404
229100000,11456,48.4922267462,-4.5039354386,324.3404
229120000,11457,48.4922269656,-4.5039356755,324.3404
229140000,11458,48.492227185,-4.5039359124,324.3404
229160000,11459,48.4922274045,-4.5039361492,324.3404
229180000,11460,48.4922276239,-4.5039363861,324.3404
229200000,11461,48.4922278433,-4.503936623,324.3404
229220000,11462,48.4922280628,-4.5039368598,324.3404
229240000,11463,48.4922282822,-4.5039370967,324.3404
229260000,11464,48.4922285016,-4.5039373336,324.3404
229280000,11465,48.4922287211,-4.5039375704,324.3404
229300000,11466,48.4922289405,-4.5039378073,324.3404
229320000,11467,48.4922291599,-4.5039380442,324.3404
229340000,11468,48.4922293793,-4.503938281,324.3404
229360000,11469,48.4922295988,-4.5039385179,324.3404
229380000,11470,48.4922298182,-4.5039387548,324.3404
229400000,11471,48.4922300376,-4.5039389916,324.3404
229420000,11472,48.4922302571,-4.5039392285,324.3404
229440000,11473,48.4922304765,-4.5039394654,324.3404
229460000,11474,48.4922306959,-4.5039397022,324.3404
229480000,11475,48.4922309154,-4.5039399391,324.3404
229500000,11476,48.4922311348,-4.503940176,324.3404
229520000,11477,48.4922313542,-4.5039404128,324.3404
229540000,11478,48.4922315736,-4.5039406497,324.3404
229560000,11479,48.4922317931,-4.5039408866,324.3404
229580000,11480,48.4922320125,-4.5039411234,324.3404
229600000,11481,48.4922322319,-4.5039413603,324.3404
229620000,11482,48.4922324514,-4.5039415972,324.3404
229640000,11483,48.4922326708,-4.503941834,324.3404
229660000,11484,48.4922328902,-4.5039420709,324.3404
229680000,11485,48.4922331097,-4.5039423077,324.3404
229700000,11486,48.4922333291,-4.5039425446,324.3404
229720000,11487,48.4922335485,-4.5039427815,324.3404
229740000,11488,48.4922337679,-4.5039430183,324.3404
229760000,11489,48.4922339874,-4.5039432552,324.3404
229780000,11490,48.4922342068,-4.5039434921,324.3404
229800000,11491,48.4922344262,-4.5039437289,324.3404
229820000,11492,48.4922346457,-4.5039439658,324.3404
229840000,11493,48.4922348651,-4.5039442027,324.3404
229860000,11494,48.4922350845,-4.5039444395,324.3404
229880000,11495,48.492235304,-4.5039446764,324.3404
229900000,11496,48.4922355234,-4.5039449133,324.3404
229920000,11497,48.4922357428,-4.5039451501,324.3404
229940000,11498,48.4922359622,-4.503945387,324.3404
229960000,11499,48.4922361817,-4.5039456239,324.3404
229980000,11500,48.4922364011,-4.5039458607,324.3404
230000000,11501,48.4922366205,-4.5039460976,324.3404
230020000,11502,48.49223684,-4.5039463345,324.3404
230040000,11503,48.4922370594,-4.5039465713,324.3404
230060000,11504,48.4922372788,-4.5039468082,324.3404
230080000,11505,48.4922374983,-4.5039470451,324.3404
230100000,11506,48.4922377177,-4.5039472819,324.3404
230120000,11507,48.4922379371,-4.5039475188,324.3404
230140000,11508,48.4922381565,-4.5039477557,324.3404
230160000,11509,48.492238376,-4.5039479925,324.3404
230180000,11510,48.4922385954,-4.5039482294,324.3404
230200000,11511,48.4922388148,-4.5039484663,324.3404
230220000,11512,48.4922390343,-4.5039487031,324.3404
230240000,11513,48.4922392537,-4.50394894,324.3404
230260000,11514,48.4922394731,-4.5039491769,324.3404
230280000,11515,48.4922396926,-4.5039494137,324.3404
230300000,11516,48.492239912,-4.5039496506,324.3404
230320000,11517,48.4922401314,-4.5039498875,324.3404
230340000,11518,48.4922403508,-4.5039501243,324.3404
230360000,11519,48.4922405703,-4.5039503612,324.3404
230380000,11520,48.4922407897,-4.5039505981,324.3404
230400000,11521,48.4922410091,-4.5039508349,324.3404
230420000,11522,48.4922412286,-4.5039510718,324.3404
230440000,11523,48.492241448,-4.5039513087,324.3404
230460000,11524,48.4922416674,-4.5039515455,324.3404
230480000,11525,48.4922418869,-4.5039517824,324.3404
230500000,11526,48.4922421063,-4.5039520193,324.3404
230520000,11527,48.4922423257,-4.5039522561,324.3404
230540000,11528,48.4922425451,-4.503952493,324.3404
230560000,11529,48.4922427646,-4.5039527299,324.3404
230580000,11530,48.492242984,-4.5039529667,324.3404
230600000,11531,48.4922432034,-4.5039532036,324.3404
230620000,11532,48.4922434229,-4.5039534405,324.3404
230640000,11533,48.4922436423,-4.5039536773,324.3404
230660000,11534,48.4922438617,-4.5039539142,324.3404
230680000,11535,48.4922440812,-4.5039541511,324.3404
230700000,11536,48.4922443006,-4.5039543879,324.3404
230720000,11537,48.49224452,-4.5039546248,324.3404
230740000,11538,48.4922447394,-4.5039548617,324.3404
230760000,11539,48.4922449589,-4.5039550985,324.3404
230780000,11540,48.4922451783,-4.5039553354,324.3404
230800000,11541,48.4922453977,-4.5039555723,324.3404
230820000,11542,48.4922456172,-4.5039558091,324.3404
230840000,11543,48.4922458366,-4.503956046,324.3404
230860000,11544,48.492246056,-4.5039562829,324.3404
230880000,11545,48.4922462755,-4.5039565197,324.3404
230900000,11546,48.4922464949,-4.5039567566,324.3404
230920000,11547,48.4922467143,-4.5039569935,324.3404
230940000,11548,48.4922469337,-4.5039572303,324.3404
230960000,11549,48.4922471532,-4.5039574672,324.3404
230980000,11550,48.4922473726,-4.5039577041,324.3404
231000000,11551,48.492247592,-4.5039579409,324.3404
231020000,11552,48.4922478115,-4.5039581778,324.3404
231040000,11553,48.4922480309,-4.5039584147,324.3404
231060000,11554,48.4922482503,-4.5039586515,324.3404
231080000,11555,48.4922484698,-4.5039588884,324.3404
231100000,11556,48.4922486892,-4.5039591253,324.3404
231120000,11557,48.4922489086,-4.5039593621,324.3404
231140000,11558,48.492249128,-4.503959599,324.3404
231160000,11559,48.4922493475,-4.5039598359,324.3404
231180000,11560,48.4922495669,-4.5039600727,324.3404
231200000,11561,48.4922497863,-4.5039603096,324.3404
231220000,11562,48.4922500058,-4.5039605465,324.3404
231240000,11563,48.4922502252,-4.5039607833,324.3404
231260000,11564,48.4922504446,-4.5039610202,324.3404
231280000,11565,48.4922506641,-4.5039612571,324.3404
231300000,11566,48.4922508835,-4.5039614939,324.3404
231320000,11567,48.4922511029,-4.5039617308,324.3404
231340000,11568,48.4922513223,-4.5039619677,324.3404
231360000,11569,48.4922515418,-4.5039622045,324.3404
231380000,11570,48.4922517612,-4.5039624414,324.3404
231400000,11571,48.4922519806,-4.5039626783,324.3404
231420000,11572,48.4922522001,-4.5039629151,324.3404
231440000,11573,48.4922524195,-4.503963152,324.3404
231460000,11574,48.4922526389,-4.5039633889,324.3404
231480000,11575,48.4922528584,-4.5039636257,324.3404
231500000,11576,48.4922530778,-4.5039638626,324.3404
231520000,11577,48.4922532972,-4.5039640995,324.3404
231540000,11578,48.4922535167,-4.5039643363,324.3404
231560000,11579,48.4922537361,-4.5039645732,324.3404
231580000,11580,48.4922539555,-4.5039648101,324.3404
231600000,11581,48.4922541749,-4.5039650469,324.3404
231620000,11582,48.4922543944,-4.5039652838,324.3404
231640000,11583,48.4922546138,-4.5039655207,324.3404
231660000,11584,48.4922548332,-4.5039657575,324.3404
231680000,11585,48.4922550527,-4.5039659944,324.3404
231700000,11586,48.4922552721,-4.5039662313,324.3404
231720000,11587,48.4922554915,-4.5039664681,324.3404
231740000,11588,48.492255711,-4.503966705,324.3404
231760000,11589,48.4922559304,-4.5039669419,324.3404
231780000,11590,48.4922561498,-4.5039671787,324.3404
231800000,11591,48.4922563692,-4.5039674156,324.3404
231820000,11592,48.4922565887,-4.5039676525,324.3404
231840000,11593,48.4922568081,-4.5039678893,324.3404
231860000,11594,48.4922570275,-4.5039681262,324.3404
231880000,11595,48.492257247,-4.5039683631,324.3404
231900000,11596,48.4922574664,-4.5039685999,324.3404
231920000,11597,48.4922576858,-4.5039688368,324.3404
231940000,11598,48.4922579053,-4.5039690737,324.3404
231960000,11599,48.4922581247,-4.5039693105,324.3404
231980000,11600,48.4922583441,-4.5039695474,324.3404
232000000,11601,48.4922585635,-4.5039697843,324.3404
232020000,11602,48.492258783,-4.5039700211,324.3404
232040000,11603,48.4922590024,-4.503970258,324.3404
232060000,11604,48.4922592218,-4.5039704949,324.3404
232080000,11605,48.4922594413,-4.5039707317,324.3404
232100000,11606,48.4922596607,-4.5039709686,324.3404
232120000,11607,48.4922598801,-4.5039712055,324.3404
232140000,11608,48.4922600996,-4.5039714423,324.3404
232160000,11609,48.492260319,-4.5039716792,324.3404
232180000,11610,48.4922605384,-4.5039719161,324.3404
232200000,11611,48.4922607578,-4.5039721529,324.3404
232220000,11612,48.4922609773,-4.5039723898,324.3404
232240000,11613,48.4922611967,-4.5039726267,324.3404
232260000,11614,48.4922614161,-4.5039728635,324.3404
232280000,11615,48.4922616356,-4.5039731004,324.3404
232300000,11616,48.492261855,-4.5039733373,324.3404
232320000,11617,48.4922620744,-4.5039735741,324.3404
232340000,11618,48.4922622939,-4.503973811,324.3404
232360000,11619,48.4922625133,-4.5039740479,324.3404
232380000,11620,48.4922627327,-4.5039742847,324.3404
232400000,11621,48.4922629521,-4.5039745216,324.3404
232420000,11622,48.4922631716,-4.5039747585,324.3404
232440000,11623,48.492263391,-4.5039749953,324.3404
232460000,11624,48.4922636104,-4.5039752322,324.3404
232480000,11625,48.4922638299,-4.5039754691,324.3404
232500000,11626,48.4922640493,-4.5039757059,324.3404
232520000,11627,48.4922642687,-4.5039759428,324.3404
232540000,11628,48.4922644882,-4.5039761797,324.3404
232560000,11629,48.4922647076,-4.5039764165,324.3404
232580000,11630,48.492264927,-4.5039766534,324.3404
232600000,11631,48.4922651464,-4.5039768903,324.3404
232620000,11632,48.4922653659,-4.5039771271,324.3404
232640000,11633,48.4922655853,-4.503977364,324.3404
232660000,11634,48.4922658047,-4.5039776009,324.3404
232680000,11635,48.4922660242,-4.5039778377,324.3404
232700000,11636,48.4922662436,-4.5039780746,324.3404
232720000,11637,48.492266463,-4.5039783115,324.3404
232740000,11638,48.4922666825,-4.5039785483,324.3404
232760000,11639,48.4922669019,-4.5039787852,324.3404
232780000,11640,48.4922671213,-4.5039790221,324.3404
232800000,11641,48.4922673407,-4.5039792589,324.3404
232820000,11642,48.4922675602,-4.5039794958,324.3404
232840000,11643,48.4922677796,-4.5039797327,324.3404
232860000,11644,48.492267999,-4.5039799695,324.3404
232880000,11645,48.4922682185,-4.5039802064,324.3404
232900000,11646,48.4922684379,-4.5039804433,324.3404
232920000,11647,48.4922686573,-4.5039806801,324.3404
232940000,11648,48.4922688768,-4.503980917,324.3404
232960000,11649,48.4922690962,-4.5039811539,324.3404
232980000,11650,48.4922693156,-4.5039813907,324.3404
233000000,11651,48.492269535,-4.5039816276,324.3404
233020000,11652,48.4922697545,-4.5039818645,324.3404
233040000,11653,48.4922699739,-4.5039821013,324.3404
233060000,11654,48.4922701933,-4.5039823382,324.3404
233080000,11655,48.4922704128,-4.5039825751,324.3404
233100000,11656,48.4922706322,-4.5039828119,324.3404
233120000,11657,48.4922708516,-4.5039830488,324.3404
233140000,11658,48.4922710711,-4.5039832857,324.3404
233160000,11659,48.4922712905,-4.5039835225,324.3404
233180000,11660,48.4922715099,-4.5039837594,324.3404
233200000,11661,48.4922717293,-4.5039839963,324.3404
233220000,11662,48.4922719488,-4.5039842331,324.3404
233240000,11663,48.4922721682,-4.50398447,324.3404
233260000,11664,48.4922723876,-4.5039847069,324.3404
233280000,11665,48.4922726071,-4.5039849437,324.3404
233300000,11666,48.4922728265,-4.5039851806,324.3404
233320000,11667,48.4922730459,-4.5039854175,324.3404
233340000,11668,48.4922732654,-4.5039856543,324.3404
233360000,11669,48.4922734848,-4.5039858912,324.3404
233380000,11670,48.4922737042,-4.5039861281,324.3404
233400000,11671,48.4922739236,-4.5039863649,324.3404
233420000,11672,48.4922741431,-4.5039866018,324.3404
233440000,11673,48.4922743625,-4.5039868387,324.3404
233460000,11674,48.4922745819,-4.5039870755,324.3404
233480000,11675,48.4922748014,-4.5039873124,324.3404
233500000,11676,48.4922750208,-4.5039875493,324.3404
233520000,11677,48.4922752402,-4.5039877861,324.3404
233540000,11678,48.4922754596,-4.503988023,324.3404
233560000,11679,48.4922756791,-4.5039882599,324.3404
233580000,11680,48.4922758985,-4.5039884967,324.3404
233600000,11681,48.4922761179,-4.5039887336,324.3404
233620000,11682,48.4922763374,-4.5039889705,324.3404
233640000,11683,48.4922765568,-4.5039892073,324.3404
233660000,11684,48.4922767762,-4.5039894442,324.3404
233680000,11685,48.4922769957,-4.5039896811,324.3404
233700000,11686,48.4922772151,-4.5039899179,324.3404
233720000,11687,48.4922774345,-4.5039901548,324.3404
233740000,11688,48.4922776539,-4.5039903917,324.3404
233760000,11689,48.4922778734,-4.5039906286,324.3404
233780000,11690,48.4922780928,-4.5039908654,324.3404
233800000,11691,48.4922783122,-4.5039911023,324.3404
233820000,11692,48.4922785317,-4.5039913392,324.3404
233840000,11693,48.4922787511,-4.503991576,324.3404
233860000,11694,48.4922789705,-4.5039918129,324.3404
233880000,11695,48.49227919,-4.5039920498,324.3404
233900000,11696,48.4922794094,-4.5039922866,324.3404
233920000,11697,48.4922796288,-4.5039925235,324.3404
233940000,11698,48.4922798482,-4.5039927604,324.3404
233960000,11699,48.4922800677,-4.5039929972,324.3404
233980000,11700,48.4922802871,-4.5039932341,324.3404
234000000,11701,48.4922805065,-4.503993471,324.3404
234020000,11702,48.492280726,-4.5039937078,324.3404
234040000,11703,48.4922809454,-4.5039939447,324.3404
234060000,11704,48.4922811648,-4.5039941816,324.3404
234080000,11705,48.4922813843,-4.5039944184,324.3404
234100000,11706,48.4922816037,-4.5039946553,324.3404
234120000,11707,48.4922818231,-4.5039948922,324.3404
234140000,11708,48.4922820425,-4.503995129,324.3404
234160000,11709,48.492282262,-4.5039953659,324.3404
234180000,11710,48.4922824814,-4.5039956028,324.3404
234200000,11711,48.4922827008,-4.5039958396,324.3404
234220000,11712,48.4922829203,-4.5039960765,324.3404
234240000,11713,48.4922831397,-4.5039963134,324.3404
234260000,11714,48.4922833591,-4.5039965502,324.3404
234280000,11715,48.4922835786,-4.5039967871,324.3404
234300000,11716,48.492283798,-4.503997024,324.3404
234320000,11717,48.4922840174,-4.5039972608,324.3404
234340000,11718,48.4922842368,-4.5039974977,324.3404
234360000,11719,48.4922844563,-4.5039977346,324.3404
234380000,11720,48.4922846757,-4.5039979714,324.3404
234400000,11721,48.4922848951,-4.5039982083,324.3404
234420000,11722,48.4922851146,-4.5039984452,324.3404
234440000,11723,48.492285334,-4.503998682,324.3404
234460000,11724,48.4922855534,-4.5039989189,324.3404
234480000,11725,48.4922857729,-4.5039991558,324.3404
234500000,11726,48.4922859923,-4.5039993926,324.3404
234520000,11727,48.4922862117,-4.5039996295,324.3404
234540000,11728,48.4922864311,-4.5039998664,324.3404
234560000,11729,48.4922866506,-4.5040001032,324.3404
234580000,11730,48.49228687,-4.5040003401,324.3404
234600000,11731,48.4922870894,-4.504000577,324.3404
234620000,11732,48.4922873089,-4.5040008138,324.3404
234640000,11733,48.4922875283,-4.5040010507,324.3404
234660000,11734,48.4922877477,-4.5040012876,324.3404
234680000,11735,48.4922879672,-4.5040015244,324.3404
234700000,11736,48.4922881866,-4.5040017613,324.3404
234720000,11737,48.492288406,-4.5040019982,324.3404
234740000,11738,48.4922886254,-4.504002235,324.3404
234760000,11739,48.4922888449,-4.5040024719,324.3404
234780000,11740,48.4922890643,-4.5040027088,324.3404
234800000,11741,48.4922892837,-4.5040029456,324.3404
234820000,11742,48.4922895032,-4.5040031825,324.3404
234840000,11743,48.4922897226,-4.5040034194,324.3404
234860000,11744,48.492289942,-4.5040036562,324.3404
234880000,11745,48.4922901615,-4.5040038931,324.3404
234900000,11746,48.4922903809,-4.50400413,324.3404
234920000,11747,48.4922906003,-4.5040043668,324.3404
234940000,11748,48.4922908197,-4.5040046037,324.3404
234960000,11749,48.4922910392,-4.5040048406,324.3404
234980000,11750,48.4922912586,-4.5040050774,324.3404
235000000,11751,48.492291478,-4.5040053143,324.3404
235020000,11752,48.4922916975,-4.5040055512,324.3404
235040000,11753,48.4922919169,-4.504005788,324.3404
235060000,11754,48.4922921363,-4.5040060249,324.3404
235080000,11755,48.4922923558,-4.5040062618,324.3404
235100000,11756,48.4922925752,-4.5040064986,324.3404
235120000,11757,48.4922927946,-4.5040067355,324.3404
235140000,11758,48.492293014,-4.5040069724,324.3404
235160000,11759,48.4922932335,-4.5040072092,324.3404
235180000,11760,48.4922934529,-4.5040074461,324.3404
235200000,11761,48.4922936723,-4.504007683,324.3404
235220000,11762,48.4922938918,-4.5040079198,324.3404
235240000,11763,48.4922941112,-4.5040081567,324.3404
235260000,11764,48.4922943306,-4.5040083936,324.3404
235280000,11765,48.4922945501,-4.5040086304,324.3404
235300000,11766,48.4922947695,-4.5040088673,324.3404
235320000,11767,48.4922949889,-4.5040091042,324.3404
235340000,11768,48.4922952083,-4.504009341,324.3404
235360000,11769,48.4922954278,-4.5040095779,324.3404
235380000,11770,48.4922956472,-4.5040098148,324.3404
235400000,11771,48.4922958666,-4.5040100516,324.3404
235420000,11772,48.4922960861,-4.5040102885,324.3404
235440000,11773,48.4922963055,-4.5040105254,324.3404
235460000,11774,48.4922965249,-4.5040107622,324.3404
235480000,11775,48.4922967444,-4.5040109991,324.3404
235500000,11776,48.4922969638,-4.504011236,324.3404
235520000,11777,48.4922971832,-4.5040114728,324.3404
235540000,11778,48.4922974026,-4.5040117097,324.3404
235560000,11779,48.4922976221,-4.5040119466,324.3404
235580000,11780,48.4922978415,-4.5040121834,324.3404
235600000,11781,48.4922980609,-4.5040124203,324.3404
235620000,11782,48.4922982804,-4.5040126572,324.3404
235640000,11783,48.4922984998,-4.504012894,324.3404
235660000,11784,48.4922987192,-4.5040131309,324.3404
235680000,11785,48.4922989387,-4.5040133678,324.3404
235700000,11786,48.4922991581,-4.5040136046,324.3404
235720000,11787,48.4922993775,-4.5040138415,324.3404
235740000,11788,48.4922995969,-4.5040140784,324.3404
235760000,11789,48.4922998164,-4.5040143152,324.3404
235780000,11790,48.4923000358,-4.5040145521,324.3404
235800000,11791,48.4923002552,-4.504014789,324.3404
235820000,11792,48.4923004747,-4.5040150258,324.3404
235840000,11793,48.4923006941,-4.5040152627,324.3404
235860000,11794,48.4923009135,-4.5040154996,324.3404
235880000,11795,48.492301133,-4.5040157365,324.3404
235900000,11796,48.4923013524,-4.5040159733,324.3404
235920000,11797,48.4923015718,-4.5040162102,324.3404
235940000,11798,48.4923017912,-4.5040164471,324.3404
235960000,11799,48.4923020107,-4.5040166839,324.3404
235980000,11800,48.4923022301,-4.5040169208,324.3404
236000000,11801,48.4923024495,-4.5040171577,324.3404
236020000,11802,48.492302669,-4.5040173945,324.3404
236040000,11803,48.4923028884,-4.5040176314,324.3404
236060000,11804,48.4923031078,-4.5040178683,324.3404
236080000,11805,48.4923033273,-4.5040181051,324.3404
236100000,11806,48.4923035467,-4.504018342,324.3404
236120000,11807,48.4923037661,-4.5040185789,324.3404
236140000,11808,48.4923039855,-4.5040188157,324.3404
236160000,11809,48.492304205,-4.5040190526,324.3404
236180000,11810,48.4923044244,-4.5040192895,324.3404
236200000,11811,48.4923046438,-4.5040195263,324.3404
236220000,11812,48.4923048633,-4.5040197632,324.3404
236240000,11813,48.4923050827,-4.5040200001,324.3404
236260000,11814,48.4923053021,-4.5040202369,324.3404
236280000,11815,48.4923055216,-4.5040204738,324.3404
236300000,11816,48.492305741,-4.5040207107,324.3404
236320000,11817,48.4923059604,-4.5040209475,324.3404
236340000,11818,48.4923061798,-4.5040211844,324.3404
236360000,11819,48.4923063993,-4.5040214213,324.3404
236380000,11820,48.4923066187,-4.5040216581,324.3404
236400000,11821,48.4923068381,-4.504021895,324.3404
236420000,11822,48.4923070576,-4.5040221319,324.3404
236440000,11823,48.492307277,-4.5040223687,324.3404
236460000,11824,48.4923074964,-4.5040226056,324.3404
236480000,11825,48.4923077159,-4.5040228425,324.3404
236500000,11826,48.4923079353,-4.5040230793,324.3404
236520000,11827,48.4923081547,-4.5040233162,324.3404
236540000,11828,48.4923083741,-4.5040235531,324.3404
236560000,11829,48.4923085936,-4.5040237899,324.3404
236580000,11830,48.492308813,-4.5040240268,324.3404
236600000,11831,48.4923090324,-4.5040242637,324.3404
236620000,11832,48.4923092519,-4.5040245005,324.3404
236640000,11833,48.4923094713,-4.5040247374,324.3404
236660000,11834,48.4923096907,-4.5040249743,324.3404
236680000,11835,48.4923099101,-4.5040252111,324.3404
236700000,11836,48.4923101296,-4.504025448,324.3404
236720000,11837,48.492310349,-4.5040256849,324.3404
236740000,11838,48.4923105684,-4.5040259217,324.3404
236760000,11839,48.4923107879,-4.5040261586,324.3404
236780000,11840,48.4923110073,-4.5040263955,324.3404
236800000,11841,48.4923112267,-4.5040266323,324.3404
236820000,11842,48.4923114462,-4.5040268692,324.3404
236840000,11843,48.4923116656,-4.5040271061,324.3404
236860000,11844,48.492311885,-4.5040273429,324.3404
236880000,11845,48.4923121044,-4.5040275798,324.3404
236900000,11846,48.4923123239,-4.5040278167,324.3404
236920000,11847,48.4923125433,-4.5040280535,324.3404
236940000,11848,48.4923127627,-4.5040282904,324.3404
236960000,11849,48.4923129822,-4.5040285273,324.3404
236980000,11850,48.4923132016,-4.5040287641,324.3404
237000000,11851,48.492313421,-4.504029001,324.3404
237020000,11852,48.4923136405,-4.5040292379,324.3404
237040000,11853,48.4923138599,-4.5040294747,324.3404
237060000,11854,48.4923140793,-4.5040297116,324.3404
237080000,11855,48.4923142987,-4.5040299485,324.3404
237100000,11856,48.4923145182,-4.5040301853,324.3404
237120000,11857,48.4923147376,-4.5040304222,324.3404
237140000,11858,48.492314957,-4.5040306591,324.3404
237160000,11859,48.4923151765,-4.5040308959,324.3404
237180000,11860,48.4923153959,-4.5040311328,324.3404
237200000,11861,48.4923156153,-4.5040313697,324.3404
237220000,11862,48.4923158348,-4.5040316066,324.3404
237240000,11863,48.4923160542,-4.5040318434,324.3404
237260000,11864,48.4923162736,-4.5040320803,324.3404
237280000,11865,48.492316493,-4.5040323172,324.3404
237300000,11866,48.4923167125,-4.504032554,324.3404
237320000,11867,48.4923169319,-4.5040327909,324.3404
237340000,11868,48.4923171513,-4.5040330278,324.3404
237360000,11869,48.4923173708,-4.5040332646,324.3404
237380000,11870,48.4923175902,-4.5040335015,324.3404
237400000,11871,48.4923178096,-4.5040337384,324.3404
237420000,11872,48.4923180291,-4.5040339752,324.3404
237440000,11873,48.4923182485,-4.5040342121,324.3404
237460000,11874,48.4923184679,-4.504034449,324.3404
237480000,11875,48.4923186873,-4.5040346858,324.3404
237500000,11876,48.4923189068,-4.5040349227,324.3404
237520000,11877,48.4923191262,-4.5040351596,324.3404
237540000,11878,48.4923193456,-4.5040353964,324.3404
237560000,11879,48.4923195651,-4.5040356333,324.3404
237580000,11880,48.4923197845,-4.5040358702,324.3404
237600000,11881,48.4923200039,-4.504036107,324.3404
237620000,11882,48.4923202234,-4.5040363439,324.3404
237640000,11883,48.4923204428,-4.5040365808,324.3404
237660000,11884,48.4923206622,-4.5040368176,324.3404
237680000,11885,48.4923208816,-4.5040370545,324.3404
237700000,11886,48.4923211011,-4.5040372914,324.3404
237720000,11887,48.4923213205,-4.5040375282,324.3404
237740000,11888,48.4923215399,-4.5040377651,324.3404
237760000,11889,48.4923217594,-4.504038002,324.3404
237780000,11890,48.4923219788,-4.5040382388,324.3404
237800000,11891,48.4923221982,-4.5040384757,324.3404
237820000,11892,48.4923224177,-4.5040387126,324.3404
237840000,11893,48.4923226371,-4.5040389494,324.3404
237860000,11894,48.4923228565,-4.5040391863,324.3404
237880000,11895,48.4923230759,-4.5040394232,324.3404
237900000,11896,48.4923232954,-4.50403966,324.3404
237920000,11897,48.4923235148,-4.5040398969,324.3404
237940000,11898,48.4923237342,-4.5040401338,324.3404
237960000,11899,48.4923239537,-4.5040403706,324.3404
237980000,11900,48.4923241731,-4.5040406075,324.3404
238000000,11901,48.4923243925,-4.5040408444,324.3404
238020000,11902,48.492324612,-4.5040410812,324.3404
238040000,11903,48.4923248314,-4.5040413181,324.3404
238060000,11904,48.4923250508,-4.504041555,324.3404
238080000,11905,48.4923252702,-4.5040417918,324.3404
238100000,11906,48.4923254897,-4.5040420287,324.3404
238120000,11907,48.4923257091,-4.5040422656,324.3404
238140000,11908,48.4923259285,-4.5040425024,324.3404
238160000,11909,48.492326148,-4.5040427393,324.3404
238180000,11910,48.4923263674,-4.5040429762,324.3404
238200000,11911,48.4923265868,-4.504043213,324.3404
238220000,11912,48.4923268063,-4.5040434499,324.3404
238240000,11913,48.4923270257,-4.5040436868,324.3404
238260000,11914,48.4923272451,-4.5040439236,324.3404
238280000,11915,48.4923274645,-4.5040441605,324.3404
238300000,11916,48.492327684,-4.5040443974,324.3404
238320000,11917,48.4923279034,-4.5040446343,324.3404
238340000,11918,48.4923281228,-4.5040448711,324.3404
238360000,11919,48.4923283423,-4.504045108,324.3404
238380000,11920,48.4923285617,-4.5040453449,324.3404
238400000,11921,48.4923287811,-4.5040455817,324.3404
238420000,11922,48.4923290005,-4.5040458186,324.3404
238440000,11923,48.49232922,-4.5040460555,324.3404
238460000,11924,48.4923294394,-4.5040462923,324.3404
238480000,11925,48.4923296588,-4.5040465292,324.3404
238500000,11926,48.4923298783,-4.5040467661,324.3404
238520000,11927,48.4923300977,-4.5040470029,324.3404
238540000,11928,48.4923303171,-4.5040472398,324.3404
238560000,11929,48.4923305366,-4.5040474767,324.3404
238580000,11930,48.492330756,-4.5040477135,324.3404
238600000,11931,48.4923309754,-4.5040479504,324.3404
238620000,11932,48.4923311948,-4.5040481873,324.3404
238640000,11933,48.4923314143,-4.5040484241,324.3404
238660000,11934,48.4923316337,-4.504048661,324.3404
238680000,11935,48.4923318531,-4.5040488979,324.3404
238700000,11936,48.4923320726,-4.5040491347,324.3404
238720000,11937,48.492332292,-4.5040493716,324.3404
238740000,11938,48.4923325114,-4.5040496085,324.3404
238760000,11939,48.4923327309,-4.5040498453,324.3404
238780000,11940,48.4923329503,-4.5040500822,324.3404
238800000,11941,48.4923331697,-4.5040503191,324.3404
238820000,11942,48.4923333891,-4.5040505559,324.3404
238840000,11943,48.4923336086,-4.5040507928,324.3404
238860000,11944,48.492333828,-4.5040510297,324.3404
238880000,11945,48.4923340474,-4.5040512665,324.3404
238900000,11946,48.4923342669,-4.5040515034,324.3404
238920000,11947,48.4923344863,-4.5040517403,324.3404
238940000,11948,48.4923347057,-4.5040519771,324.3404
238960000,11949,48.4923349252,-4.504052214,324.3404
238980000,11950,48.4923351446,-4.5040524509,324.3404
239000000,11951,48.492335364,-4.5040526877,324.3404
239020000,11952,48.4923355834,-4.5040529246,324.3404
239040000,11953,48.4923358029,-4.5040531615,324.3404
239060000,11954,48.4923360223,-4.5040533983,324.3404
239080000,11955,48.4923362417,-4.5040536352,324.3404
239100000,11956,48.4923364612,-4.5040538721,324.3404
239120000,11957,48.4923366806,-4.5040541089,324.3404
239140000,11958,48.4923369,-4.5040543458,324.3404
239160000,11959,48.4923371195,-4.5040545827,324.3404
239180000,11960,48.4923373389,-4.5040548195,324.3404
239200000,11961,48.4923375583,-4.5040550564,324.3404
239220000,11962,48.4923377777,-4.5040552933,324.3404
239240000,11963,48.4923379972,-4.5040555302,324.3404
239260000,11964,48.4923382166,-4.504055767,324.3404
239280000,11965,48.492338436,-4.5040560039,324.3404
239300000,11966,48.4923386555,-4.5040562408,324.3404
239320000,11967,48.4923388749,-4.5040564776,324.3404
239340000,11968,48.4923390943,-4.5040567145,324.3404
239360000,11969,48.4923393138,-4.5040569514,324.3404
239380000,11970,48.4923395332,-4.5040571882,324.3404
239400000,11971,48.4923397526,-4.5040574251,324.3404
239420000,11972,48.492339972,-4.504057662,324.3404
239440000,11973,48.4923401915,-4.5040578988,324.3404
239460000,11974,48.4923404109,-4.5040581357,324.3404
239480000,11975,48.4923406303,-4.5040583726,324.3404
239500000,11976,48.4923408498,-4.5040586094,324.3404
239520000,11977,48.4923410692,-4.5040588463,324.3404
239540000,11978,48.4923412886,-4.5040590832,324.3404
239560000,11979,48.492341508,-4.50405932,324.3404
239580000,11980,48.4923417275,-4.5040595569,324.3404
239600000,11981,48.4923419469,-4.5040597938,324.3404
239620000,11982,48.4923421663,-4.5040600306,324.3404
239640000,11983,48.4923423858,-4.5040602675,324.3404
239660000,11984,48.4923426052,-4.5040605044,324.3404
239680000,11985,48.4923428246,-4.5040607412,324.3404
239700000,11986,48.4923430441,-4.5040609781,324.3404
239720000,11987,48.4923432635,-4.504061215,324.3404
239740000,11988,48.4923434829,-4.5040614518,324.3404
239760000,11989,48.4923437023,-4.5040616887,324.3404
239780000,11990,48.4923439218,-4.5040619256,324.3404
239800000,11991,48.4923441412,-4.5040621624,324.3404
239820000,11992,48.4923443606,-4.5040623993,324.3404
239840000,11993,48.4923445801,-4.5040626362,324.3404
239860000,11994,48.4923447995,-4.504062873,324.3404
239880000,11995,48.4923450189,-4.5040631099,324.3404
239900000,11996,48.4923452384,-4.5040633468,324.3404
239920000,11997,48.4923454578,-4.5040635836,324.3404
239940000,11998,48.4923456772,-4.5040638205,324.3404
239960000,11999,48.4923458966,-4.5040640574,324.3404
239980000,12000,48.4923461161,-4.5040642942,324.3404
240000000,12001,48.4923463355,-4.5040645311,324.3404
240020000,12002,48.4923465549,-4.504064768,324.3404
240040000,12003,48.4923467744,-4.5040650049,324.3404
240060000,12004,48.4923469938,-4.5040652417,324.3404
240080000,12005,48.4923472132,-4.5040654786,324.3404
240100000,12006,48.4923474327,-4.5040657155,324.3404
240120000,12007,48.4923476521,-4.5040659523,324.3404
240140000,12008,48.4923478715,-4.5040661892,324.3404
240160000,12009,48.4923480909,-4.5040664261,324.3404
240180000,12010,48.4923483104,-4.5040666629,324.3404
240200000,12011,48.4923485298,-4.5040668998,324.3404
240220000,12012,48.4923487492,-4.5040671367,324.3404
240240000,12013,48.4923489687,-4.5040673735,324.3404
240260000,12014,48.4923491881,-4.5040676104,324.3404
240280000,12015,48.4923494075,-4.5040678473,324.3404
240300000,12016,48.492349627,-4.5040680841,324.3404
240320000,12017,48.4923498464,-4.504068321,324.3404
240340000,12018,48.4923500658,-4.5040685579,324.3404
240360000,12019,48.4923502852,-4.5040687947,324.3404
240380000,12020,48.4923505047,-4.5040690316,324.3404
240400000,12021,48.4923507241,-4.5040692685,324.3404
240420000,12022,48.4923509435,-4.5040695053,324.3404
240440000,12023,48.492351163,-4.5040697422,324.3404
240460000,12024,48.4923513824,-4.5040699791,324.3404
240480000,12025,48.4923516018,-4.5040702159,324.3404
240500000,12026,48.4923518213,-4.5040704528,324.3404
240520000,12027,48.4923520407,-4.5040706897,324.3404
240540000,12028,48.4923522601,-4.5040709265,324.3404
240560000,12029,48.4923524795,-4.5040711634,324.3404
240580000,12030,48.492352699,-4.5040714003,324.3404
240600000,12031,48.4923529184,-4.5040716371,324.3404
240620000,12032,48.4923531378,-4.504071874,324.3404
240640000,12033,48.4923533573,-4.5040721109,324.3404
240660000,12034,48.4923535767,-4.5040723477,324.3404
240680000,12035,48.4923537961,-4.5040725846,324.3404
240700000,12036,48.4923540155,-4.5040728215,324.3404
240720000,12037,48.492354235,-4.5040730583,324.3404
240740000,12038,48.4923544544,-4.5040732952,324.3404
240760000,12039,48.4923546738,-4.5040735321,324.3404
240780000,12040,48.4923548933,-4.504073769,324.3404
240800000,12041,48.4923551127,-4.5040740058,324.3404
240820000,12042,48.4923553321,-4.5040742427,324.3404
240840000,12043,48.4923555516,-4.5040744796,324.3404
240860000,12044,48.492355771,-4.5040747164,324.3404
240880000,12045,48.4923559904,-4.5040749533,324.3404
240900000,12046,48.4923562098,-4.5040751902,324.3404
240920000,12047,48.4923564293,-4.504075427,324.3404
240940000,12048,48.4923566487,-4.5040756639,324.3404
240960000,12049,48.4923568681,-4.5040759008,324.3404
240980000,12050,48.4923570876,-4.5040761376,324.3404
241000000,12051,48.492357307,-4.5040763745,324.3404
241020000,12052,48.4923575264,-4.5040766114,324.3404
241040000,12053,48.4923577459,-4.5040768482,324.3404
241060000,12054,48.4923579653,-4.5040770851,324.3404
241080000,12055,48.4923581847,-4.504077322,324.3404
241100000,12056,48.4923584041,-4.5040775588,324.3404
241120000,12057,48.4923586236,-4.5040777957,324.3404
241140000,12058,48.492358843,-4.5040780326,324.3404
241160000,12059,48.4923590624,-4.5040782694,324.3404
241180000,12060,48.4923592819,-4.5040785063,324.3404
241200000,12061,48.4923595013,-4.5040787432,324.3404
241220000,12062,48.4923597207,-4.50407898,324.3404
241240000,12063,48.4923599402,-4.5040792169,324.3404
241260000,12064,48.4923601596,-4.5040794538,324.3404
241280000,12065,48.492360379,-4.5040796906,324.3404
241300000,12066,48.4923605984,-4.5040799275,324.3404
241320000,12067,48.4923608179,-4.5040801644,324.3404
241340000,12068,48.4923610373,-4.5040804012,324.3404
241360000,12069,48.4923612567,-4.5040806381,324.3404
241380000,12070,48.4923614762,-4.504080875,324.3404
241400000,12071,48.4923616956,-4.5040811118,324.3404
241420000,12072,48.492361915,-4.5040813487,324.3404
241440000,12073,48.4923621345,-4.5040815856,324.3404
241460000,12074,48.4923623539,-4.5040818224,324.3404
241480000,12075,48.4923625733,-4.5040820593,324.3404
241500000,12076,48.4923627927,-4.5040822962,324.3404
241520000,12077,48.4923630122,-4.5040825331,324.3404
241540000,12078,48.4923632316,-4.5040827699,324.3404
241560000,12079,48.492363451,-4.5040830068,324.3404
241580000,12080,48.4923636705,-4.5040832437,324.3404
241600000,12081,48.4923638899,-4.5040834805,324.3404
241620000,12082,48.4923641093,-4.5040837174,324.3404
241640000,12083,48.4923643287,-4.5040839543,324.3404
241660000,12084,48.4923645482,-4.5040841911,324.3404
241680000,12085,48.4923647676,-4.504084428,324.3404
241700000,12086,48.492364987,-4.5040846649,324.3404
241720000,12087,48.4923652065,-4.5040849017,324.3404
241740000,12088,48.4923654259,-4.5040851386,324.3404
241760000,12089,48.4923656453,-4.5040853755,324.3404
241780000,12090,48.4923658648,-4.5040856123,324.3404
241800000,12091,48.4923660842,-4.5040858492,324.3404
241820000,12092,48.4923663036,-4.5040860861,324.3404
241840000,12093,48.492366523,-4.5040863229,324.3404
241860000,12094,48.4923667425,-4.5040865598,324.3404
241880000,12095,48.4923669619,-4.5040867967,324.3404
241900000,12096,48.4923671813,-4.5040870335,324.3404
241920000,12097,48.4923674008,-4.5040872704,324.3404
241940000,12098,48.4923676202,-4.5040875073,324.3404
241960000,12099,48.4923678396,-4.5040877441,324.3404
241980000,12100,48.4923680591,-4.504087981,324.3404
242000000,12101,48.4923682785,-4.5040882179,324.3404
242020000,12102,48.4923684979,-4.5040884547,324.3404
242040000,12103,48.4923687173,-4.5040886916,324.3404
242060000,12104,48.4923689368,-4.5040889285,324.3404
242080000,12105,48.4923691562,-4.5040891653,324.3404
242100000,12106,48.4923693756,-4.5040894022,324.3404
242120000,12107,48.4923695951,-4.5040896391,324.3404
242140000,12108,48.4923698145,-4.504089876,324.3404
242160000,12109,48.4923700339,-4.5040901128,324.3404
242180000,12110,48.4923702534,-4.5040903497,324.3404
242200000,12111,48.4923704728,-4.5040905866,324.3404
242220000,12112,48.4923706922,-4.5040908234,324.3404
242240000,12113,48.4923709116,-4.5040910603,324.3404
242260000,12114,48.4923711311,-4.5040912972,324.3404
242280000,12115,48.4923713505,-4.504091534,324.3404
242300000,12116,48.4923715699,-4.5040917709,324.3404
242320000,12117,48.4923717894,-4.5040920078,324.3404
242340000,12118,48.4923720088,-4.5040922446,324.3404
242360000,12119,48.4923722282,-4.5040924815,324.3404
242380000,12120,48.4923724476,-4.5040927184,324.3404
242400000,12121,48.4923726671,-4.5040929552,324.3404
242420000,12122,48.4923728865,-4.5040931921,324.3404
242440000,12123,48.4923731059,-4.504093429,324.3404
242460000,12124,48.4923733254,-4.5040936658,324.3404
242480000,12125,48.4923735448,-4.5040939027,324.3404
242500000,12126,48.4923737642,-4.5040941396,324.3404
242520000,12127,48.4923739837,-4.5040943764,324.3404
242540000,12128,48.4923742031,-4.5040946133,324.3404
242560000,12129,48.4923744225,-4.5040948502,324.3404
242580000,12130,48.4923746419,-4.504095087,324.3404
242600000,12131,48.4923748614,-4.5040953239,324.3404
242620000,12132,48.4923750808,-4.5040955608,324.3404
242640000,12133,48.4923753002,-4.5040957976,324.3404
242660000,12134,48.4923755197,-4.5040960345,324.3404
242680000,12135,48.4923757391,-4.5040962714,324.3404
242700000,12136,48.4923759585,-4.5040965082,324.3404
242720000,12137,48.492376178,-4.5040967451,324.3404
242740000,12138,48.4923763974,-4.504096982,324.3404
242760000,12139,48.4923766168,-4.5040972189,324.3404
242780000,12140,48.4923768362,-4.5040974557,324.3404
242800000,12141,48.4923770557,-4.5040976926,324.3404
242820000,12142,48.4923772751,-4.5040979295,324.3404
242840000,12143,48.4923774945,-4.5040981663,324.3404
242860000,12144,48.492377714,-4.5040984032,324.3404
242880000,12145,48.4923779334,-4.5040986401,324.3404
242900000,12146,48.4923781528,-4.5040988769,324.3404
242920000,12147,48.4923783723,-4.5040991138,324.3404
242940000,12148,48.4923785917,-4.5040993507,324.3404
242960000,12149,48.4923788111,-4.5040995875,324.3404
242980000,12150,48.4923790305,-4.5040998244,324.3404
243000000,12151,48.49237925,-4.5041000613,324.3404
243020000,12152,48.4923794694,-4.5041002981,324.3404
243040000,12153,48.4923796888,-4.504100535,324.3404
243060000,12154,48.4923799083,-4.5041007719,324.3404
243080000,12155,48.4923801277,-4.5041010087,324.3404
243100000,12156,48.4923803471,-4.5041012456,324.3404
243120000,12157,48.4923805666,-4.5041014825,324.3404
243140000,12158,48.492380786,-4.5041017193,324.3404
243160000,12159,48.4923810054,-4.5041019562,324.3404
243180000,12160,48.4923812248,-4.5041021931,324.3404
243200000,12161,48.4923814443,-4.5041024299,324.3404
243220000,12162,48.4923816637,-4.5041026668,324.3404
243240000,12163,48.4923818831,-4.5041029037,324.3404
243260000,12164,48.4923821026,-4.5041031405,324.3404
243280000,12165,48.492382322,-4.5041033774,324.3404
243300000,12166,48.4923825414,-4.5041036143,324.3404
243320000,12167,48.4923827608,-4.5041038512,324.3404
243340000,12168,48.4923829803,-4.504104088,324.3404
243360000,12169,48.4923831997,-4.5041043249,324.3404
243380000,12170,48.4923834191,-4.5041045618,324.3404
243400000,12171,48.4923836386,-4.5041047986,324.3404
243420000,12172,48.492383858,-4.5041050355,324.3404
243440000,12173,48.4923840774,-4.5041052724,324.3404
243460000,12174,48.4923842969,-4.5041055092,324.3404
243480000,12175,48.4923845163,-4.5041057461,324.3404
243500000,12176,48.4923847357,-4.504105983,324.3404
243520000,12177,48.4923849551,-4.5041062198,324.3404
243540000,12178,48.4923851746,-4.5041064567,324.3404
243560000,12179,48.492385394,-4.5041066936,324.3404
243580000,12180,48.4923856134,-4.5041069304,324.3404
243600000,12181,48.4923858329,-4.5041071673,324.3404
243620000,12182,48.4923860523,-4.5041074042,324.3404
243640000,12183,48.4923862717,-4.504107641,324.3404
243660000,12184,48.4923864912,-4.5041078779,324.3404
243680000,12185,48.4923867106,-4.5041081148,324.3404
243700000,12186,48.49238693,-4.5041083516,324.3404
243720000,12187,48.4923871494,-4.5041085885,324.3404
243740000,12188,48.4923873689,-4.5041088254,324.3404
243760000,12189,48.4923875883,-4.5041090622,324.3404
243780000,12190,48.4923878077,-4.5041092991,324.3404
243800000,12191,48.4923880272,-4.504109536,324.3404
243820000,12192,48.4923882466,-4.5041097728,324.3404
243840000,12193,48.492388466,-4.5041100097,324.3404
243860000,12194,48.4923886854,-4.5041102466,324.3404
243880000,12195,48.4923889049,-4.5041104835,324.3404
243900000,12196,48.4923891243,-4.5041107203,324.3404
243920000,12197,48.4923893437,-4.5041109572,324.3404
243940000,12198,48.4923895632,-4.5041111941,324.3404
243960000,12199,48.4923897826,-4.5041114309,324.3404
243980000,12200,48.492390002,-4.5041116678,324.3404
244000000,12201,48.4923902215,-4.5041119047,324.3404
244020000,12202,48.4923904409,-4.5041121415,324.3404
244040000,12203,48.4923906603,-4.5041123784,324.3404
244060000,12204,48.4923908797,-4.5041126153,324.3404
244080000,12205,48.4923910992,-4.5041128521,324.3404
244100000,12206,48.4923913186,-4.504113089,324.3404
244120000,12207,48.492391538,-4.5041133259,324.3404
244140000,12208,48.4923917575,-4.5041135627,324.3404
244160000,12209,48.4923919769,-4.5041137996,324.3404
244180000,12210,48.4923921963,-4.5041140365,324.3404
244200000,12211,48.4923924158,-4.5041142733,324.3404
244220000,12212,48.4923926352,-4.5041145102,324.3404
244240000,12213,48.4923928546,-4.5041147471,324.3404
244260000,12214,48.492393074,-4.5041149839,324.3404
244280000,12215,48.4923932935,-4.5041152208,324.3404
244300000,12216,48.4923935129,-4.5041154577,324.3404
244320000,12217,48.4923937323,-4.5041156945,324.3404
244340000,12218,48.4923939518,-4.5041159314,324.3404
244360000,12219,48.4923941712,-4.5041161683,324.3404
244380000,12220,48.4923943906,-4.5041164052,324.3404
244400000,12221,48.4923946101,-4.504116642,324.3404
244420000,12222,48.4923948295,-4.5041168789,324.3404
244440000,12223,48.4923950489,-4.5041171158,324.3404
244460000,12224,48.4923952683,-4.5041173526,324.3404
244480000,12225,48.4923954878,-4.5041175895,324.3404
244500000,12226,48.4923957072,-4.5041178264,324.3404
244520000,12227,48.4923959266,-4.5041180632,324.3404
244540000,12228,48.4923961461,-4.5041183001,324.3404
244560000,12229,48.4923963655,-4.504118537,324.3404
244580000,12230,48.4923965849,-4.5041187738,324.3404
244600000,12231,48.4923968043,-4.5041190107,324.3404
244620000,12232,48.4923970238,-4.5041192476,324.3404
244640000,12233,48.4923972432,-4.5041194844,324.3404
244660000,12234,48.4923974626,-4.5041197213,324.3404
244680000,12235,48.4923976821,-4.5041199582,324.3404
244700000,12236,48.4923979015,-4.504120195,324.3404
244720000,12237,48.4923981209,-4.5041204319,324.3404
244740000,12238,48.4923983404,-4.5041206688,324.3404
244760000,12239,48.4923985598,-4.5041209056,324.3404
244780000,12240,48.4923987792,-4.5041211425,324.3404
244800000,12241,48.4923989986,-4.5041213794,324.3404
244820000,12242,48.4923992181,-4.5041216162,324.3404
244840000,12243,48.4923994375,-4.5041218531,324.3404
244860000,12244,48.4923996569,-4.50412209,324.3404
244880000,12245,48.4923998764,-4.5041223269,324.3404
244900000,12246,48.4924000958,-4.5041225637,324.3404
244920000,12247,48.4924003152,-4.5041228006,324.3404
244940000,12248,48.4924005347,-4.5041230375,324.3404
244960000,12249,48.4924007541,-4.5041232743,324.3404
244980000,12250,48.4924009735,-4.5041235112,324.3404
245000000,12251,48.4924011929,-4.5041237481,324.3404
245020000,12252,48.4924014124,-4.5041239849,324.3404
245040000,12253,48.4924016318,-4.5041242218,324.3404
245060000,12254,48.4924018512,-4.5041244587,324.3404
245080000,12255,48.4924020707,-4.5041246955,324.3404
245100000,12256,48.4924022901,-4.5041249324,324.3404
245120000,12257,48.4924025095,-4.5041251693,324.3404
245140000,12258,48.492402729,-4.5041254061,324.3404
245160000,12259,48.4924029484,-4.504125643,324.3404
245180000,12260,48.4924031678,-4.5041258799,324.3404
245200000,12261,48.4924033872,-4.5041261167,324.3404
245220000,12262,48.4924036067,-4.5041263536,324.3404
245240000,12263,48.4924038261,-4.5041265905,324.3404
245260000,12264,48.4924040455,-4.5041268273,324.3404
245280000,12265,48.492404265,-4.5041270642,324.3404
245300000,12266,48.4924044844,-4.5041273011,324.3404
245320000,12267,48.4924047038,-4.5041275379,324.3404
245340000,12268,48.4924049232,-4.5041277748,324.3404
245360000,12269,48.4924051427,-4.5041280117,324.3404
245380000,12270,48.4924053621,-4.5041282486,324.3404
245400000,12271,48.4924055815,-4.5041284854,324.3404
245420000,12272,48.492405801,-4.5041287223,324.3404
245440000,12273,48.4924060204,-4.5041289592,324.3404
245460000,12274,48.4924062398,-4.504129196,324.3404
245480000,12275,48.4924064593,-4.5041294329,324.3404
245500000,12276,48.4924066787,-4.5041296698,324.3404
245520000,12277,48.4924068981,-4.5041299066,324.3404
245540000,12278,48.4924071175,-4.5041301435,324.3404
245560000,12279,48.492407337,-4.5041303804,324.3404
245580000,12280,48.4924075564,-4.5041306172,324.3404
245600000,12281,48.4924077758,-4.5041308541,324.3404
245620000,12282,48.4924079953,-4.504131091,324.3404
245640000,12283,48.4924082147,-4.5041313278,324.3404
245660000,12284,48.4924084341,-4.5041315647,324.3404
245680000,12285,48.4924086536,-4.5041318016,324.3404
245700000,12286,48.492408873,-4.5041320384,324.3404
245720000,12287,48.4924090924,-4.5041322753,324.3404
245740000,12288,48.4924093118,-4.5041325122,324.3404
245760000,12289,48.4924095313,-4.504132749,324.3404
245780000,12290,48.4924097507,-4.5041329859,324.3404
245800000,12291,48.4924099701,-4.5041332228,324.3404
245820000,12292,48.4924101896,-4.5041334596,324.3404
245840000,12293,48.492410409,-4.5041336965,324.3404
245860000,12294,48.4924106284,-4.5041339334,324.3404
245880000,12295,48.4924108478,-4.5041341703,324.3404
245900000,12296,48.4924110673,-4.5041344071,324.3404
245920000,12297,48.4924112867,-4.504134644,324.3404
245940000,12298,48.4924115061,-4.5041348809,324.3404
245960000,12299,48.4924117256,-4.5041351177,324.3404
245980000,12300,48.492411945,-4.5041353546,324.3404
246000000,12301,48.4924121644,-4.5041355915,324.3404
246020000,12302,48.4924123839,-4.5041358283,324.3404
246040000,12303,48.4924126033,-4.5041360652,324.3404
246060000,12304,48.4924128227,-4.5041363021,324.3404
246080000,12305,48.4924130421,-4.5041365389,324.3404
246100000,12306,48.4924132616,-4.5041367758,324.3404
246120000,12307,48.492413481,-4.5041370127,324.3404
246140000,12308,48.4924137004,-4.5041372495,324.3404
246160000,12309,48.4924139199,-4.5041374864,324.3404
246180000,12310,48.4924141393,-4.5041377233,324.3404
246200000,12311,48.4924143587,-4.5041379601,324.3404
246220000,12312,48.4924145782,-4.504138197,324.3404
246240000,12313,48.4924147976,-4.5041384339,324.3404
246260000,12314,48.492415017,-4.5041386707,324.3404
246280000,12315,48.4924152364,-4.5041389076,324.3404
246300000,12316,48.4924154559,-4.5041391445,324.3404
246320000,12317,48.4924156753,-4.5041393814,324.3404
246340000,12318,48.4924158947,-4.5041396182,324.3404
246360000,12319,48.4924161142,-4.5041398551,324.3404
246380000,12320,48.4924163336,-4.504140092,324.3404
246400000,12321,48.492416553,-4.5041403288,324.3404
246420000,12322,48.4924167724,-4.5041405657,324.3404
246440000,12323,48.4924169919,-4.5041408026,324.3404
246460000,12324,48.4924172113,-4.5041410394,324.3404
246480000,12325,48.4924174307,-4.5041412763,324.3404
246500000,12326,48.4924176502,-4.5041415132,324.3404
246520000,12327,48.4924178696,-4.50414175,324.3404
246540000,12328,48.492418089,-4.5041419869,324.3404
246560000,12329,48.4924183085,-4.5041422238,324.3404
246580000,12330,48.4924185279,-4.5041424606,324.3404
246600000,12331,48.4924187473,-4.5041426975,324.3404
246620000,12332,48.4924189667,-4.5041429344,324.3404
246640000,12333,48.4924191862,-4.5041431712,324.3404
246660000,12334,48.4924194056,-4.5041434081,324.3404
246680000,12335,48.492419625,-4.504143645,324.3404
246700000,12336,48.4924198445,-4.5041438818,324.3404
246720000,12337,48.4924200639,-4.5041441187,324.3404
246740000,12338,48.4924202833,-4.5041443556,324.3404
246760000,12339,48.4924205028,-4.5041445925,324.3404
246780000,12340,48.4924207222,-4.5041448293,324.3404
246800000,12341,48.4924209416,-4.5041450662,324.3404
246820000,12342,48.492421161,-4.5041453031,324.3404
246840000,12343,48.4924213805,-4.5041455399,324.3404
246860000,12344,48.4924215999,-4.5041457768,324.3404
246880000,12345,48.4924218193,-4.5041460137,324.3404
246900000,12346,48.4924220388,-4.5041462505,324.3404
246920000,12347,48.4924222582,-4.5041464874,324.3404
246940000,12348,48.4924224776,-4.5041467243,324.3404
246960000,12349,48.4924226971,-4.5041469611,324.3404
246980000,12350,48.4924229165,-4.504147198,324.3404
247000000,12351,48.4924231359,-4.5041474349,324.3404
247020000,12352,48.4924233553,-4.5041476717,324.3404
247040000,12353,48.4924235748,-4.5041479086,324.3404
247060000,12354,48.4924237942,-4.5041481455,324.3404
247080000,12355,48.4924240136,-4.5041483823,324.3404
247100000,12356,48.4924242331,-4.5041486192,324.3404
247120000,12357,48.4924244525,-4.5041488561,324.3404
247140000,12358,48.4924246719,-4.5041490929,324.3404
247160000,12359,48.4924248913,-4.5041493298,324.3404
247180000,12360,48.4924251108,-4.5041495667,324.3404
247200000,12361,48.4924253302,-4.5041498036,324.3404
247220000,12362,48.4924255496,-4.5041500404,324.3404
247240000,12363,48.4924257691,-4.5041502773,324.3404
247260000,12364,48.4924259885,-4.5041505142,324.3404
247280000,12365,48.4924262079,-4.504150751,324.3404
247300000,12366,48.4924264274,-4.5041509879,324.3404
247320000,12367,48.4924266468,-4.5041512248,324.3404
247340000,12368,48.4924268662,-4.5041514616,324.3404
247360000,12369,48.4924270856,-4.5041516985,324.3404
247380000,12370,48.4924273051,-4.5041519354,324.3404
247400000,12371,48.4924275245,-4.5041521722,324.3404
247420000,12372,48.4924277439,-4.5041524091,324.3404
247440000,12373,48.4924279634,-4.504152646,324.3404
247460000,12374,48.4924281828,-4.5041528828,324.3404
247480000,12375,48.4924284022,-4.5041531197,324.3404
247500000,12376,48.4924286217,-4.5041533566,324.3404
247520000,12377,48.4924288411,-4.5041535934,324.3404
247540000,12378,48.4924290605,-4.5041538303,324.3404
247560000,12379,48.4924292799,-4.5041540672,324.3404
247580000,12380,48.4924294994,-4.5041543041,324.3404
247600000,12381,48.4924297188,-4.5041545409,324.3404
247620000,12382,48.4924299382,-4.5041547778,324.3404
247640000,12383,48.4924301577,-4.5041550147,324.3404
247660000,12384,48.4924303771,-4.5041552515,324.3404
247680000,12385,48.4924305965,-4.5041554884,324.3404
247700000,12386,48.4924308159,-4.5041557253,324.3404
247720000,12387,48.4924310354,-4.5041559621,324.3404
247740000,12388,48.4924312548,-4.504156199,324.3404
247760000,12389,48.4924314742,-4.5041564359,324.3404
247780000,12390,48.4924316937,-4.5041566727,324.3404
247800000,12391,48.4924319131,-4.5041569096,324.3404
247820000,12392,48.4924321325,-4.5041571465,324.3404
247840000,12393,48.492432352,-4.5041573833,324.3404
247860000,12394,48.4924325714,-4.5041576202,324.3404
247880000,12395,48.4924327908,-4.5041578571,324.3404
247900000,12396,48.4924330102,-4.5041580939,324.3404
247920000,12397,48.4924332297,-4.5041583308,324.3404
247940000,12398,48.4924334491,-4.5041585677,324.3404
247960000,12399,48.4924336685,-4.5041588045,324.3404
247980000,12400,48.492433888,-4.5041590414,324.3404
248000000,12401,48.4924341074,-4.5041592783,324.3404
248020000,12402,48.4924343268,-4.5041595152,324.3404
248040000,12403,48.4924345462,-4.504159752,324.3404
248060000,12404,48.4924347657,-4.5041599889,324.3404
248080000,12405,48.4924349851,-4.5041602258,324.3404
248100000,12406,48.4924352045,-4.5041604626,324.3404
248120000,12407,48.492435424,-4.5041606995,324.3404
248140000,12408,48.4924356434,-4.5041609364,324.3404
248160000,12409,48.4924358628,-4.5041611732,324.3404
248180000,12410,48.4924360823,-4.5041614101,324.3404
248200000,12411,48.4924363017,-4.504161647,324.3404
248220000,12412,48.4924365211,-4.5041618838,324.3404
248240000,12413,48.4924367405,-4.5041621207,324.3404
248260000,12414,48.49243696,-4.5041623576,324.3404
248280000,12415,48.4924371794,-4.5041625944,324.3404
248300000,12416,48.4924373988,-4.5041628313,324.3404
248320000,12417,48.4924376183,-4.5041630682,324.3404
248340000,12418,48.4924378377,-4.504163305,324.3404
248360000,12419,48.4924380571,-4.5041635419,324.3404
248380000,12420,48.4924382766,-4.5041637788,324.3404
248400000,12421,48.492438496,-4.5041640157,324.3404
248420000,12422,48.4924387154,-4.5041642525,324.3404
248440000,12423,48.4924389348,-4.5041644894,324.3404
248460000,12424,48.4924391543,-4.5041647263,324.3404
248480000,12425,48.4924393737,-4.5041649631,324.3404
248500000,12426,48.4924395931,-4.5041652,324.3404
248520000,12427,48.4924398126,-4.5041654369,324.3404
248540000,12428,48.492440032,-4.5041656737,324.3404
248560000,12429,48.4924402514,-4.5041659106,324.3404
248580000,12430,48.4924404708,-4.5041661475,324.3404
248600000,12431,48.4924406903,-4.5041663843,324.3404
248620000,12432,48.4924409097,-4.5041666212,324.3404
248640000,12433,48.4924411291,-4.5041668581,324.3404
248660000,12434,48.4924413486,-4.5041670949,324.3404
248680000,12435,48.492441568,-4.5041673318,324.3404
248700000,12436,48.4924417874,-4.5041675687,324.3404
248720000,12437,48.4924420069,-4.5041678055,324.3404
248740000,12438,48.4924422263,-4.5041680424,324.3404
248760000,12439,48.4924424457,-4.5041682793,324.3404
248780000,12440,48.4924426651,-4.5041685162,324.3404
248800000,12441,48.4924428846,-4.504168753,324.3404
248820000,12442,48.492443104,-4.5041689899,324.3404
248840000,12443,48.4924433234,-4.5041692268,324.3404
248860000,12444,48.4924435429,-4.5041694636,324.3404
248880000,12445,48.4924437623,-4.5041697005,324.3404
248900000,12446,48.4924439817,-4.5041699374,324.3404
248920000,12447,48.4924442012,-4.5041701742,324.3404
248940000,12448,48.4924444206,-4.5041704111,324.3404
248960000,12449,48.49244464,-4.504170648,324.3404
248980000,12450,48.4924448594,-4.5041708848,324.3404
249000000,12451,48.4924450789,-4.5041711217,324.3404
249020000,12452,48.4924452983,-4.5041713586,324.3404
249040000,12453,48.4924455177,-4.5041715954,324.3404
249060000,12454,48.4924457372,-4.5041718323,324.3404
249080000,12455,48.4924459566,-4.5041720692,324.3404
249100000,12456,48.492446176,-4.504172306,324.3404
249120000,12457,48.4924463954,-4.5041725429,324.3404
249140000,12458,48.4924466149,-4.5041727798,324.3404
249160000,12459,48.4924468343,-4.5041730167,324.3404
249180000,12460,48.4924470537,-4.5041732535,324.3404
249200000,12461,48.4924472732,-4.5041734904,324.3404
249220000,12462,48.4924474926,-4.5041737273,324.3404
249240000,12463,48.492447712,-4.5041739641,324.3404
249260000,12464,48.4924479315,-4.504174201,324.3404
249280000,12465,48.4924481509,-4.5041744379,324.3404
249300000,12466,48.4924483703,-4.5041746747,324.3404
249320000,12467,48.4924485897,-4.5041749116,324.3404
249340000,12468,48.4924488092,-4.5041751485,324.3404
249360000,12469,48.4924490286,-4.5041753853,324.3404
249380000,12470,48.492449248,-4.5041756222,324.3404
249400000,12471,48.4924494675,-4.5041758591,324.3404
249420000,12472,48.4924496869,-4.5041760959,324.3404
249440000,12473,48.4924499063,-4.5041763328,324.3404
249460000,12474,48.4924501258,-4.5041765697,324.3404
249480000,12475,48.4924503452,-4.5041768065,324.3404
249500000,12476,48.4924505646,-4.5041770434,324.3404
249520000,12477,48.492450784,-4.5041772803,324.3404
249540000,12478,48.4924510035,-4.5041775172,324.3404
249560000,12479,48.4924512229,-4.504177754,324.3404
249580000,12480,48.4924514423,-4.5041779909,324.3404
249600000,12481,48.4924516618,-4.5041782278,324.3404
249620000,12482,48.4924518812,-4.5041784646,324.3404
249640000,12483,48.4924521006,-4.5041787015,324.3404
249660000,12484,48.49245232,-4.5041789384,324.3404
249680000,12485,48.4924525395,-4.5041791752,324.3404
249700000,12486,48.4924527589,-4.5041794121,324.3404
249720000,12487,48.4924529783,-4.504179649,324.3404
249740000,12488,48.4924531978,-4.5041798858,324.3404
249760000,12489,48.4924534172,-4.5041801227,324.3404
249780000,12490,48.4924536366,-4.5041803596,324.3404
249800000,12491,48.4924538561,-4.5041805964,324.3404
249820000,12492,48.4924540755,-4.5041808333,324.3404
249840000,12493,48.4924542949,-4.5041810702,324.3404
249860000,12494,48.4924545143,-4.504181307,324.3404
249880000,12495,48.4924547338,-4.5041815439,324.3404
249900000,12496,48.4924549532,-4.5041817808,324.3404
249920000,12497,48.4924551726,-4.5041820177,324.3404
249940000,12498,48.4924553921,-4.5041822545,324.3404
249960000,12499,48.4924553921,-4.5041822545,324.3404
249980000,12500,48.4924555392,-4.5041824083,326.1016
250000000,12501,48.4924556853,-4.504182551,327.9449
250020000,12502,48.4924558302,-4.5041826826,329.8725
250040000,12503,48.4924559741,-4.5041828032,331.8862
250060000,12504,48.4924561168,-4.504182913,333.987
250080000,12505,48.4924562584,-4.504183012,336.1752
250100000,12506,48.4924563989,-4.5041831004,338.45
250120000,12507,48.4924565383,-4.5041831783,340.8097
250140000,12508,48.4924566765,-4.5041832458,343.2513
250160000,12509,48.4924568136,-4.504183303,345.7704
250180000,12510,48.4924569495,-4.50418335,348.3612
250200000,12511,48.4924570842,-4.5041833869,351.0166
250220000,12512,48.4924572178,-4.5041834138,353.7278
250240000,12513,48.4924573501,-4.5041834309,356.485
250260000,12514,48.4924574813,-4.5041834382,359.277
250280000,12515,48.4924576113,-4.5041834359,2.0918
250300000,12516,48.4924577402,-4.504183424,4.9169
250320000,12517,48.4924578677,-4.5041834027,7.7394
250340000,12518,48.4924579941,-4.5041833721,10.5464
250360000,12519,48.4924581193,-4.5041833323,13.3258
250380000,12520,48.4924582432,-4.5041832834,16.0658
250400000,12521,48.4924583659,-4.5041832255,18.756
250420000,12522,48.4924584874,-4.5041831587,21.3871
250440000,12523,48.4924586076,-4.5041830831,23.9511
250460000,12524,48.4924587265,-4.5041829989,26.4416
250480000,12525,48.4924588442,-4.5041829061,28.8536
250500000,12526,48.4924589606,-4.5041828049,31.1833
250520000,12527,48.4924590757,-4.5041826954,33.4284
250540000,12528,48.4924591895,-4.5041825776,35.5877
250560000,12529,48.4924593021,-4.5041824517,37.6611
250580000,12530,48.4924594133,-4.5041823178,39.6492
250600000,12531,48.4924595232,-4.504182176,41.5534
250620000,12532,48.4924596319,-4.5041820264,43.3757
250640000,12533,48.4924597392,-4.5041818691,45.1185
250660000,12534,48.4924598451,-4.5041817042,46.7847
250680000,12535,48.4924599497,-4.5041815319,48.377
250700000,12536,48.492460053,-4.5041813522,49.8988
250720000,12537,48.4924601549,-4.5041811653,51.3533
250740000,12538,48.4924602555,-4.5041809713,52.7436
250760000,12539,48.4924603547,-4.5041807702,54.0731
250780000,12540,48.4924604526,-4.5041805622,55.3448
250800000,12541,48.492460549,-4.5041803474,56.5619
250820000,12542,48.4924606441,-4.5041801259,57.7273
250840000,12543,48.4924607377,-4.5041798978,58.844
250860000,12544,48.49246083,-4.5041796632,59.9146
250880000,12545,48.4924609209,-4.5041794223,60.9417
250900000,12546,48.4924610103,-4.5041791751,61.928
250920000,12547,48.4924610983,-4.5041789217,62.8756
250940000,12548,48.4924611849,-4.5041786623,63.7869
250960000,12549,48.49246127,-4.504178397,64.664
250980000,12550,48.4924613537,-4.5041781258,65.5087
251000000,12551,48.492461436,-4.5041778489,66.3231
251020000,12552,48.4924615168,-4.5041775664,67.1088
251040000,12553,48.4924615961,-4.5041772785,67.8675
251060000,12554,48.492461674,-4.5041769851,68.6007
251080000,12555,48.4924617503,-4.5041766864,69.31
251100000,12556,48.4924618252,-4.5041763826,69.9967
251120000,12557,48.4924618986,-4.5041760737,70.6621
251140000,12558,48.4924619705,-4.5041757599,71.3073
251160000,12559,48.4924620408,-4.5041754412,71.9337
251180000,12560,48.4924621097,-4.5041751177,72.5421
251200000,12561,48.492462177,-4.5041747897,73.1337
251220000,12562,48.4924622428,-4.5041744571,73.7094
251240000,12563,48.4924623071,-4.5041741201,74.2702
251260000,12564,48.4924623698,-4.5041737789,74.8167
251280000,12565,48.492462431,-4.5041734334,75.35
251300000,12566,48.4924624906,-4.5041730839,75.8707
251320000,12567,48.4924625486,-4.5041727304,76.3795
251340000,12568,48.4924626051,-4.504172373,76.8771
251360000,12569,48.49246266,-4.5041720119,77.3642
251380000,12570,48.4924627132,-4.5041716471,77.8414
251400000,12571,48.4924627649,-4.5041712788,78.3093
251420000,12572,48.492462815,-4.504170907,78.7684
251440000,12573,48.4924628635,-4.504170532,79.2192
251460000,12574,48.4924629104,-4.5041701537,79.6623
251480000,12575,48.4924629556,-4.5041697724,80.0982
251500000,12576,48.4924629992,-4.504169388,80.5272
251520000,12577,48.4924630412,-4.5041690008,80.9498
251540000,12578,48.4924630815,-4.5041686108,81.3665
251560000,12579,48.4924631202,-4.5041682182,81.7777
251580000,12580,48.4924631572,-4.504167823,82.1837
251600000,12581,48.4924631925,-4.5041674253,82.5849
251620000,12582,48.4924632262,-4.5041670253,82.9817
251640000,12583,48.4924632582,-4.5041666231,83.3744
251660000,12584,48.4924632885,-4.5041662188,83.7633
251680000,12585,48.492463317,-4.5041658125,84.1489
251700000,12586,48.4924633439,-4.5041654042,84.5313
251720000,12587,48.4924633691,-4.5041649942,84.9109
251740000,12588,48.4924633926,-4.5041645825,85.2881
251760000,12589,48.4924634143,-4.5041641692,85.663
251780000,12590,48.4924634343,-4.5041637545,86.036
251800000,12591,48.4924634526,-4.5041633384,86.4074
251820000,12592,48.4924634691,-4.5041629211,86.7774
251840000,12593,48.4924634839,-4.5041625026,87.1463
251860000,12594,48.4924634969,-4.5041620832,87.5144
251880000,12595,48.4924635081,-4.5041616628,87.8819
251900000,12596,48.4924635175,-4.5041612415,88.2491
251920000,12597,48.4924635252,-4.5041608196,88.6162
251940000,12598,48.4924635311,-4.5041603971,88.9836
251960000,12599,48.4924635352,-4.5041599742,89.3514
251980000,12600,48.4924635375,-4.5041595508,89.7199
252000000,12601,48.4924635379,-4.5041591272,90.0893
252020000,12602,48.4924635366,-4.5041587035,90.46
252040000,12603,48.4924635334,-4.5041582797,90.8321
252060000,12604,48.4924635284,-4.504157856,91.206
252080000,12605,48.4924635216,-4.5041574324,91.5818
252100000,12606,48.4924635129,-4.5041570091,91.9599
252120000,12607,48.4924635023,-4.5041565862,92.3405
252140000,12608,48.4924634899,-4.5041561639,92.7238
252160000,12609,48.4924634756,-4.5041557421,93.1102
252180000,12610,48.4924634595,-4.5041553211,93.4999
252200000,12611,48.4924634414,-4.5041549009,93.8932
252220000,12612,48.4924634215,-4.5041544816,94.2904
252240000,12613,48.4924633996,-4.5041540634,94.6917
252260000,12614,48.4924633759,-4.5041536463,95.0975
252280000,12615,48.4924633503,-4.5041532305,95.5081
252300000,12616,48.4924633227,-4.5041528161,95.9237
252320000,12617,48.4924632932,-4.5041524031,96.3448
252340000,12618,48.4924632618,-4.5041519918,96.7716
252360000,12619,48.4924632284,-4.5041515822,97.2044
252380000,12620,48.4924631931,-4.5041511743,97.6437
252400000,12621,48.4924631558,-4.5041507684,98.0898
252420000,12622,48.4924631166,-4.5041503646,98.543
252440000,12623,48.4924630754,-4.5041499628,99.0038
252460000,12624,48.4924630322,-4.5041495633,99.4725
252480000,12625,48.492462987,-4.5041491662,99.9496
252500000,12626,48.4924629398,-4.5041487715,100.4355
252520000,12627,48.4924628907,-4.5041483795,100.9306
252540000,12628,48.4924628395,-4.5041479901,101.4354
252560000,12629,48.4924627863,-4.5041476035,101.9503
252580000,12630,48.4924627311,-4.5041472198,102.476
252600000,12631,48.4924626739,-4.5041468391,103.0128
252620000,12632,48.4924626147,-4.5041464615,103.5614
252640000,12633,48.4924625534,-4.5041460872,104.1222
252660000,12634,48.49246249,-4.5041457162,104.696
252680000,12635,48.4924624246,-4.5041453486,105.2832
252700000,12636,48.4924623571,-4.5041449846,105.8845
252720000,12637,48.4924622876,-4.5041446243,106.5006
252740000,12638,48.492462216,-4.5041442678,107.1322
252760000,12639,48.4924621423,-4.5041439151,107.7799
252780000,12640,48.4924620665,-4.5041435664,108.4446
252800000,12641,48.4924619886,-4.5041432219,109.1269
252820000,12642,48.4924619086,-4.5041428815,109.8278
252840000,12643,48.4924618265,-4.5041425455,110.548
252860000,12644,48.4924617422,-4.5041422139,111.2883
252880000,12645,48.4924616559,-4.5041418869,112.0498
252900000,12646,48.4924615674,-4.5041415644,112.8333
252920000,12647,48.4924614767,-4.5041412468,113.6398
252940000,12648,48.492461384,-4.504140934,114.4702
252960000,12649,48.492461289,-4.5041406262,115.3257
252980000,12650,48.4924611919,-4.5041403235,116.2072
253000000,12651,48.4924610926,-4.504140026,117.1158
253020000,12652,48.4924609912,-4.5041397338,118.0527
253040000,12653,48.4924608875,-4.504139447,119.019
253060000,12654,48.4924607817,-4.5041391657,120.0157
253080000,12655,48.4924606736,-4.50413889,121.0442
253100000,12656,48.4924605634,-4.5041386201,122.1054
253120000,12657,48.4924604509,-4.5041383561,123.2007
253140000,12658,48.4924603363,-4.504138098,124.3311
253160000,12659,48.4924602194,-4.5041378459,125.4978
253180000,12660,48.4924601002,-4.5041376001,126.7018
253200000,12661,48.4924599788,-4.5041373605,127.9443
253220000,12662,48.4924598552,-4.5041371274,129.2261
253240000,12663,48.4924597293,-4.5041369007,130.5482
253260000,12664,48.4924596011,-4.5041366806,131.9114
253280000,12665,48.4924594707,-4.5041364673,133.3164
253300000,12666,48.492459338,-4.5041362608,134.7637
253320000,12667,48.492459203,-4.5041360612,136.2536
253340000,12668,48.4924590657,-4.5041358687,137.7863
253360000,12669,48.4924589261,-4.5041356834,139.3618
253380000,12670,48.4924587842,-4.5041355053,140.9798
253400000,12671,48.49245864,-4.5041353346,142.6396
253420000,12672,48.4924584935,-4.5041351714,144.3404
253440000,12673,48.4924584935,-4.5041351714,144.3404
253460000,12674,48.492458274,-4.5041349345,144.3404
253480000,12675,48.4924580546,-4.5041346977,144.3404
253500000,12676,48.4924578352,-4.5041344608,144.3404
253520000,12677,48.4924576157,-4.5041342239,144.3404
253540000,12678,48.4924573963,-4.504133987,144.3404
253560000,12679,48.4924571769,-4.5041337502,144.3404
253580000,12680,48.4924569575,-4.5041335133,144.3404
253600000,12681,48.492456738,-4.5041332764,144.3404
253620000,12682,48.4924565186,-4.5041330396,144.3404
253640000,12683,48.4924562992,-4.5041328027,144.3404
253660000,12684,48.4924560797,-4.5041325658,144.3404
253680000,12685,48.4924558603,-4.504132329,144.3404
253700000,12686,48.4924556409,-4.5041320921,144.3404
253720000,12687,48.4924554214,-4.5041318552,144.3404
253740000,12688,48.492455202,-4.5041316184,144.3404
253760000,12689,48.4924549826,-4.5041313815,144.3404
253780000,12690,48.4924547632,-4.5041311446,144.3404
253800000,12691,48.4924545437,-4.5041309078,144.3404
253820000,12692,48.4924543243,-4.5041306709,144.3404
253840000,12693,48.4924541049,-4.504130434,144.3404
253860000,12694,48.4924538854,-4.5041301972,144.3404
253880000,12695,48.492453666,-4.5041299603,144.3404
253900000,12696,48.4924534466,-4.5041297234,144.3404
253920000,12697,48.4924532272,-4.5041294865,144.3404
253940000,12698,48.4924530077,-4.5041292497,144.3404
253960000,12699,48.4924527883,-4.5041290128,144.3404
253980000,12700,48.4924525689,-4.5041287759,144.3404
254000000,12701,48.4924523494,-4.5041285391,144.3404
254020000,12702,48.49245213,-4.5041283022,144.3404
254040000,12703,48.4924519106,-4.5041280653,144.3404
254060000,12704,48.4924516911,-4.5041278285,144.3404
254080000,12705,48.4924514717,-4.5041275916,144.3404
254100000,12706,48.4924512523,-4.5041273547,144.3404
254120000,12707,48.4924510329,-4.5041271179,144.3404
254140000,12708,48.4924508134,-4.504126881,144.3404
254160000,12709,48.492450594,-4.5041266441,144.3404
254180000,12710,48.4924503746,-4.5041264073,144.3404
254200000,12711,48.4924501551,-4.5041261704,144.3404
254220000,12712,48.4924499357,-4.5041259335,144.3404
254240000,12713,48.4924497163,-4.5041256967,144.3404
254260000,12714,48.4924494968,-4.5041254598,144.3404
254280000,12715,48.4924492774,-4.5041252229,144.3404
254300000,12716,48.492449058,-4.5041249861,144.3404
254320000,12717,48.4924488386,-4.5041247492,144.3404
254340000,12718,48.4924486191,-4.5041245123,144.3404
254360000,12719,48.4924483997,-4.5041242754,144.3404
254380000,12720,48.4924481803,-4.5041240386,144.3404
254400000,12721,48.4924479608,-4.5041238017,144.3404
254420000,12722,48.4924477414,-4.5041235648,144.3404
254440000,12723,48.492447522,-4.504123328,144.3404
254460000,12724,48.4924473026,-4.5041230911,144.3404
254480000,12725,48.4924470831,-4.5041228542,144.3404
254500000,12726,48.4924468637,-4.5041226174,144.3404
254520000,12727,48.4924466443,-4.5041223805,144.3404
254540000,12728,48.4924464248,-4.5041221436,144.3404
254560000,12729,48.4924462054,-4.5041219068,144.3404
254580000,12730,48.492445986,-4.5041216699,144.3404
254600000,12731,48.4924457665,-4.504121433,144.3404
254620000,12732,48.4924455471,-4.5041211962,144.3404
254640000,12733,48.4924453277,-4.5041209593,144.3404
254660000,12734,48.4924451083,-4.5041207224,144.3404
254680000,12735,48.4924448888,-4.5041204856,144.3404
254700000,12736,48.4924446694,-4.5041202487,144.3404
254720000,12737,48.49244445,-4.5041200118,144.3404
254740000,12738,48.4924442305,-4.504119775,144.3404
254760000,12739,48.4924440111,-4.5041195381,144.3404
254780000,12740,48.4924437917,-4.5041193012,144.3404
254800000,12741,48.4924435722,-4.5041190643,144.3404
254820000,12742,48.4924433528,-4.5041188275,144.3404
254840000,12743,48.4924431334,-4.5041185906,144.3404
254860000,12744,48.492442914,-4.5041183537,144.3404
254880000,12745,48.4924426945,-4.5041181169,144.3404
254900000,12746,48.4924424751,-4.50411788,144.3404
254920000,12747,48.4924422557,-4.5041176431,144.3404
254940000,12748,48.4924420362,-4.5041174063,144.3404
254960000,12749,48.4924418168,-4.5041171694,144.3404
254980000,12750,48.4924415974,-4.5041169325,144.3404
255000000,12751,48.4924413779,-4.5041166957,144.3404
255020000,12752,48.4924411585,-4.5041164588,144.3404
255040000,12753,48.4924409391,-4.5041162219,144.3404
255060000,12754,48.4924407197,-4.5041159851,144.3404
255080000,12755,48.4924405002,-4.5041157482,144.3404
255100000,12756,48.4924402808,-4.5041155113,144.3404
255120000,12757,48.4924400614,-4.5041152745,144.3404
255140000,12758,48.4924398419,-4.5041150376,144.3404
255160000,12759,48.4924396225,-4.5041148007,144.3404
255180000,12760,48.4924394031,-4.5041145639,144.3404
255200000,12761,48.4924391837,-4.504114327,144.3404
255220000,12762,48.4924389642,-4.5041140901,144.3404
255240000,12763,48.4924387448,-4.5041138532,144.3404
255260000,12764,48.4924385254,-4.5041136164,144.3404
255280000,12765,48.4924383059,-4.5041133795,144.3404
255300000,12766,48.4924380865,-4.5041131426,144.3404
255320000,12767,48.4924378671,-4.5041129058,144.3404
255340000,12768,48.4924376476,-4.5041126689,144.3404
255360000,12769,48.4924374282,-4.504112432,144.3404
255380000,12770,48.4924372088,-4.5041121952,144.3404
255400000,12771,48.4924369894,-4.5041119583,144.3404
255420000,12772,48.4924367699,-4.5041117214,144.3404
255440000,12773,48.4924365505,-4.5041114846,144.3404
255460000,12774,48.4924363311,-4.5041112477,144.3404
255480000,12775,48.4924361116,-4.5041110108,144.3404
255500000,12776,48.4924358922,-4.504110774,144.3404
255520000,12777,48.4924356728,-4.5041105371,144.3404
255540000,12778,48.4924354533,-4.5041103002,144.3404
255560000,12779,48.4924352339,-4.5041100634,144.3404
255580000,12780,48.4924350145,-4.5041098265,144.3404
255600000,12781,48.4924347951,-4.5041095896,144.3404
255620000,12782,48.4924345756,-4.5041093528,144.3404
255640000,12783,48.4924343562,-4.5041091159,144.3404
255660000,12784,48.4924341368,-4.504108879,144.3404
255680000,12785,48.4924339173,-4.5041086421,144.3404
255700000,12786,48.4924336979,-4.5041084053,144.3404
255720000,12787,48.4924334785,-4.5041081684,144.3404
255740000,12788,48.492433259,-4.5041079315,144.3404
255760000,12789,48.4924330396,-4.5041076947,144.3404
255780000,12790,48.4924328202,-4.5041074578,144.3404
255800000,12791,48.4924326008,-4.5041072209,144.3404
255820000,12792,48.4924323813,-4.5041069841,144.3404
255840000,12793,48.4924321619,-4.5041067472,144.3404
255860000,12794,48.4924319425,-4.5041065103,144.3404
255880000,12795,48.492431723,-4.5041062735,144.3404
255900000,12796,48.4924315036,-4.5041060366,144.3404
255920000,12797,48.4924312842,-4.5041057997,144.3404
255940000,12798,48.4924310648,-4.5041055629,144.3404
255960000,12799,48.4924308453,-4.504105326,144.3404
255980000,12800,48.4924306259,-4.5041050891,144.3404
256000000,12801,48.4924304065,-4.5041048523,144.3404
256020000,12802,48.492430187,-4.5041046154,144.3404
256040000,12803,48.4924299676,-4.5041043785,144.3404
256060000,12804,48.4924297482,-4.5041041417,144.3404
256080000,12805,48.4924295287,-4.5041039048,144.3404
256100000,12806,48.4924293093,-4.5041036679,144.3404
256120000,12807,48.4924290899,-4.504103431,144.3404
256140000,12808,48.4924288705,-4.5041031942,144.3404
256160000,12809,48.492428651,-4.5041029573,144.3404
256180000,12810,48.4924284316,-4.5041027204,144.3404
256200000,12811,48.4924282122,-4.5041024836,144.3404
256220000,12812,48.4924279927,-4.5041022467,144.3404
256240000,12813,48.4924277733,-4.5041020098,144.3404
256260000,12814,48.4924275539,-4.504101773,144.3404
256280000,12815,48.4924273344,-4.5041015361,144.3404
256300000,12816,48.492427115,-4.5041012992,144.3404
256320000,12817,48.4924268956,-4.5041010624,144.3404
256340000,12818,48.4924266762,-4.5041008255,144.3404
256360000,12819,48.4924264567,-4.5041005886,144.3404
256380000,12820,48.4924262373,-4.5041003518,144.3404
256400000,12821,48.4924260179,-4.5041001149,144.3404
256420000,12822,48.4924257984,-4.504099878,144.3404
256440000,12823,48.492425579,-4.5040996412,144.3404
256460000,12824,48.4924253596,-4.5040994043,144.3404
256480000,12825,48.4924251401,-4.5040991674,144.3404
256500000,12826,48.4924249207,-4.5040989306,144.3404
256520000,12827,48.4924247013,-4.5040986937,144.3404
256540000,12828,48.4924244819,-4.5040984568,144.3404
256560000,12829,48.4924242624,-4.50409822,144.3404
256580000,12830,48.492424043,-4.5040979831,144.3404
256600000,12831,48.4924238236,-4.5040977462,144.3404
256620000,12832,48.4924236041,-4.5040975093,144.3404
256640000,12833,48.4924233847,-4.5040972725,144.3404
256660000,12834,48.4924231653,-4.5040970356,144.3404
256680000,12835,48.4924229459,-4.5040967987,144.3404
256700000,12836,48.4924227264,-4.5040965619,144.3404
256720000,12837,48.492422507,-4.504096325,144.3404
256740000,12838,48.4924222876,-4.5040960881,144.3404
256760000,12839,48.4924220681,-4.5040958513,144.3404
256780000,12840,48.4924218487,-4.5040956144,144.3404
256800000,12841,48.4924216293,-4.5040953775,144.3404
256820000,12842,48.4924214098,-4.5040951407,144.3404
256840000,12843,48.4924211904,-4.5040949038,144.3404
256860000,12844,48.492420971,-4.5040946669,144.3404
256880000,12845,48.4924207516,-4.5040944301,144.3404
256900000,12846,48.4924205321,-4.5040941932,144.3404
256920000,12847,48.4924203127,-4.5040939563,144.3404
256940000,12848,48.4924200933,-4.5040937195,144.3404
256960000,12849,48.4924198738,-4.5040934826,144.3404
256980000,12850,48.4924196544,-4.5040932457,144.3404
257000000,12851,48.492419435,-4.5040930089,144.3404
257020000,12852,48.4924192155,-4.504092772,144.3404
257040000,12853,48.4924189961,-4.5040925351,144.3404
257060000,12854,48.4924187767,-4.5040922983,144.3404
257080000,12855,48.4924185573,-4.5040920614,144.3404
257100000,12856,48.4924183378,-4.5040918245,144.3404
257120000,12857,48.4924181184,-4.5040915876,144.3404
257140000,12858,48.492417899,-4.5040913508,144.3404
257160000,12859,48.4924176795,-4.5040911139,144.3404
257180000,12860,48.4924174601,-4.504090877,144.3404
257200000,12861,48.4924172407,-4.5040906402,144.3404
257220000,12862,48.4924170212,-4.5040904033,144.3404
257240000,12863,48.4924168018,-4.5040901664,144.3404
257260000,12864,48.4924165824,-4.5040899296,144.3404
257280000,12865,48.492416363,-4.5040896927,144.3404
257300000,12866,48.4924161435,-4.5040894558,144.3404
257320000,12867,48.4924159241,-4.504089219,144.3404
257340000,12868,48.4924157047,-4.5040889821,144.3404
257360000,12869,48.4924154852,-4.5040887452,144.3404
257380000,12870,48.4924152658,-4.5040885084,144.3404
257400000,12871,48.4924150464,-4.5040882715,144.3404
257420000,12872,48.492414827,-4.5040880346,144.3404
257440000,12873,48.4924146075,-4.5040877978,144.3404
257460000,12874,48.4924143881,-4.5040875609,144.3404
257480000,12875,48.4924141687,-4.504087324,144.3404
257500000,12876,48.4924139492,-4.5040870872,144.3404
257520000,12877,48.4924137298,-4.5040868503,144.3404
257540000,12878,48.4924135104,-4.5040866134,144.3404
257560000,12879,48.4924132909,-4.5040863766,144.3404
257580000,12880,48.4924130715,-4.5040861397,144.3404
257600000,12881,48.4924128521,-4.5040859028,144.3404
257620000,12882,48.4924126327,-4.5040856659,144.3404
257640000,12883,48.4924124132,-4.5040854291,144.3404
257660000,12884,48.4924121938,-4.5040851922,144.3404
257680000,12885,48.4924119744,-4.5040849553,144.3404
257700000,12886,48.4924117549,-4.5040847185,144.3404
257720000,12887,48.4924115355,-4.5040844816,144.3404
257740000,12888,48.4924113161,-4.5040842447,144.3404
257760000,12889,48.4924110966,-4.5040840079,144.3404
257780000,12890,48.4924108772,-4.504083771,144.3404
257800000,12891,48.4924106578,-4.5040835341,144.3404
257820000,12892,48.4924104384,-4.5040832973,144.3404
257840000,12893,48.4924102189,-4.5040830604,144.3404
257860000,12894,48.4924099995,-4.5040828235,144.3404
257880000,12895,48.4924097801,-4.5040825867,144.3404
257900000,12896,48.4924095606,-4.5040823498,144.3404
257920000,12897,48.4924093412,-4.5040821129,144.3404
257940000,12898,48.4924091218,-4.5040818761,144.3404
257960000,12899,48.4924089023,-4.5040816392,144.3404
257980000,12900,48.4924086829,-4.5040814023,144.3404
258000000,12901,48.4924084635,-4.5040811655,144.3404
258020000,12902,48.4924082441,-4.5040809286,144.3404
258040000,12903,48.4924080246,-4.5040806917,144.3404
258060000,12904,48.4924078052,-4.5040804549,144.3404
258080000,12905,48.4924075858,-4.504080218,144.3404
258100000,12906,48.4924073663,-4.5040799811,144.3404
258120000,12907,48.4924071469,-4.5040797443,144.3404
258140000,12908,48.4924069275,-4.5040795074,144.3404
258160000,12909,48.4924067081,-4.5040792705,144.3404
258180000,12910,48.4924064886,-4.5040790336,144.3404
258200000,12911,48.4924062692,-4.5040787968,144.3404
258220000,12912,48.4924060498,-4.5040785599,144.3404
258240000,12913,48.4924058303,-4.504078323,144.3404
258260000,12914,48.4924056109,-4.5040780862,144.3404
258280000,12915,48.4924053915,-4.5040778493,144.3404
258300000,12916,48.492405172,-4.5040776124,144.3404
258320000,12917,48.4924049526,-4.5040773756,144.3404
258340000,12918,48.4924047332,-4.5040771387,144.3404
258360000,12919,48.4924045138,-4.5040769018,144.3404
258380000,12920,48.4924042943,-4.504076665,144.3404
258400000,12921,48.4924040749,-4.5040764281,144.3404
258420000,12922,48.4924038555,-4.5040761912,144.3404
258440000,12923,48.492403636,-4.5040759544,144.3404
258460000,12924,48.4924034166,-4.5040757175,144.3404
258480000,12925,48.4924031972,-4.5040754806,144.3404
258500000,12926,48.4924029777,-4.5040752438,144.3404
258520000,12927,48.4924027583,-4.5040750069,144.3404
258540000,12928,48.4924025389,-4.50407477,144.3404
258560000,12929,48.4924023195,-4.5040745332,144.3404
258580000,12930,48.4924021,-4.5040742963,144.3404
258600000,12931,48.4924018806,-4.5040740594,144.3404
258620000,12932,48.4924016612,-4.5040738226,144.3404
258640000,12933,48.4924014417,-4.5040735857,144.3404
258660000,12934,48.4924012223,-4.5040733488,144.3404
258680000,12935,48.4924010029,-4.504073112,144.3404
258700000,12936,48.4924007834,-4.5040728751,144.3404
258720000,12937,48.492400564,-4.5040726382,144.3404
258740000,12938,48.4924003446,-4.5040724013,144.3404
258760000,12939,48.4924001252,-4.5040721645,144.3404
258780000,12940,48.4923999057,-4.5040719276,144.3404
258800000,12941,48.4923996863,-4.5040716907,144.3404
258820000,12942,48.4923994669,-4.5040714539,144.3404
258840000,12943,48.4923992474,-4.504071217,144.3404
258860000,12944,48.492399028,-4.5040709801,144.3404
258880000,12945,48.4923988086,-4.5040707433,144.3404
258900000,12946,48.4923985891,-4.5040705064,144.3404
258920000,12947,48.4923983697,-4.5040702695,144.3404
258940000,12948,48.4923981503,-4.5040700327,144.3404
258960000,12949,48.4923979309,-4.5040697958,144.3404
258980000,12950,48.4923977114,-4.5040695589,144.3404
259000000,12951,48.492397492,-4.5040693221,144.3404
259020000,12952,48.4923972726,-4.5040690852,144.3404
259040000,12953,48.4923970531,-4.5040688483,144.3404
259060000,12954,48.4923968337,-4.5040686115,144.3404
259080000,12955,48.4923966143,-4.5040683746,144.3404
259100000,12956,48.4923963948,-4.5040681377,144.3404
259120000,12957,48.4923961754,-4.5040679009,144.3404
259140000,12958,48.492395956,-4.504067664,144.3404
259160000,12959,48.4923957366,-4.5040674271,144.3404
259180000,12960,48.4923955171,-4.5040671903,144.3404
259200000,12961,48.4923952977,-4.5040669534,144.3404
259220000,12962,48.4923950783,-4.5040667165,144.3404
259240000,12963,48.4923948588,-4.5040664797,144.3404
259260000,12964,48.4923946394,-4.5040662428,144.3404
259280000,12965,48.49239442,-4.5040660059,144.3404
259300000,12966,48.4923942006,-4.5040657691,144.3404
259320000,12967,48.4923939811,-4.5040655322,144.3404
259340000,12968,48.4923937617,-4.5040652953,144.3404
259360000,12969,48.4923935423,-4.5040650584,144.3404
259380000,12970,48.4923933228,-4.5040648216,144.3404
259400000,12971,48.4923931034,-4.5040645847,144.3404
259420000,12972,48.492392884,-4.5040643478,144.3404
259440000,12973,48.4923926645,-4.504064111,144.3404
259460000,12974,48.4923924451,-4.5040638741,144.3404
259480000,12975,48.4923922257,-4.5040636372,144.3404
259500000,12976,48.4923920063,-4.5040634004,144.3404
259520000,12977,48.4923917868,-4.5040631635,144.3404
259540000,12978,48.4923915674,-4.5040629266,144.3404
259560000,12979,48.492391348,-4.5040626898,144.3404
259580000,12980,48.4923911285,-4.5040624529,144.3404
259600000,12981,48.4923909091,-4.504062216,144.3404
259620000,12982,48.4923906897,-4.5040619792,144.3404
259640000,12983,48.4923904702,-4.5040617423,144.3404
259660000,12984,48.4923902508,-4.5040615054,144.3404
259680000,12985,48.4923900314,-4.5040612686,144.3404
259700000,12986,48.492389812,-4.5040610317,144.3404
259720000,12987,48.4923895925,-4.5040607948,144.3404
259740000,12988,48.4923893731,-4.504060558,144.3404
259760000,12989,48.4923891537,-4.5040603211,144.3404
259780000,12990,48.4923889342,-4.5040600842,144.3404
259800000,12991,48.4923887148,-4.5040598474,144.3404
259820000,12992,48.4923884954,-4.5040596105,144.3404
259840000,12993,48.4923882759,-4.5040593736,144.3404
259860000,12994,48.4923880565,-4.5040591368,144.3404
259880000,12995,48.4923878371,-4.5040588999,144.3404
259900000,12996,48.4923876177,-4.504058663,144.3404
259920000,12997,48.4923873982,-4.5040584262,144.3404
259940000,12998,48.4923871788,-4.5040581893,144.3404
259960000,12999,48.4923869594,-4.5040579524,144.3404
259980000,13000,48.4923867399,-4.5040577156,144.3404
260000000,13001,48.4923865205,-4.5040574787,144.3404
260020000,13002,48.4923863011,-4.5040572418,144.3404
260040000,13003,48.4923860816,-4.5040570049,144.3404
260060000,13004,48.4923858622,-4.5040567681,144.3404
260080000,13005,48.4923856428,-4.5040565312,144.3404
260100000,13006,48.4923854234,-4.5040562943,144.3404
260120000,13007,48.4923852039,-4.5040560575,144.3404
260140000,13008,48.4923849845,-4.5040558206,144.3404
260160000,13009,48.4923847651,-4.5040555837,144.3404
260180000,13010,48.4923845456,-4.5040553469,144.3404
260200000,13011,48.4923843262,-4.50405511,144.3404
260220000,13012,48.4923841068,-4.5040548731,144.3404
260240000,13013,48.4923838874,-4.5040546363,144.3404
260260000,13014,48.4923836679,-4.5040543994,144.3404
260280000,13015,48.4923834485,-4.5040541625,144.3404
260300000,13016,48.4923832291,-4.5040539257,144.3404
260320000,13017,48.4923830096,-4.5040536888,144.3404
260340000,13018,48.4923827902,-4.5040534519,144.3404
260360000,13019,48.4923825708,-4.5040532151,144.3404
260380000,13020,48.4923823513,-4.5040529782,144.3404
260400000,13021,48.4923821319,-4.5040527413,144.3404
260420000,13022,48.4923819125,-4.5040525045,144.3404
260440000,13023,48.4923816931,-4.5040522676,144.3404
260460000,13024,48.4923814736,-4.5040520307,144.3404
260480000,13025,48.4923812542,-4.5040517939,144.3404
260500000,13026,48.4923810348,-4.504051557,144.3404
260520000,13027,48.4923808153,-4.5040513201,144.3404
260540000,13028,48.4923805959,-4.5040510833,144.3404
260560000,13029,48.4923803765,-4.5040508464,144.3404
260580000,13030,48.492380157,-4.5040506095,144.3404
260600000,13031,48.4923799376,-4.5040503727,144.3404
260620000,13032,48.4923797182,-4.5040501358,144.3404
260640000,13033,48.4923794988,-4.5040498989,144.3404
260660000,13034,48.4923792793,-4.5040496621,144.3404
260680000,13035,48.4923790599,-4.5040494252,144.3404
260700000,13036,48.4923788405,-4.5040491883,144.3404
260720000,13037,48.492378621,-4.5040489514,144.3404
260740000,13038,48.4923784016,-4.5040487146,144.3404
260760000,13039,48.4923781822,-4.5040484777,144.3404
260780000,13040,48.4923779627,-4.5040482408,144.3404
260800000,13041,48.4923777433,-4.504048004,144.3404
260820000,13042,48.4923775239,-4.5040477671,144.3404
260840000,13043,48.4923773045,-4.5040475302,144.3404
260860000,13044,48.492377085,-4.5040472934,144.3404
260880000,13045,48.4923768656,-4.5040470565,144.3404
260900000,13046,48.4923766462,-4.5040468196,144.3404
260920000,13047,48.4923764267,-4.5040465828,144.3404
260940000,13048,48.4923762073,-4.5040463459,144.3404
260960000,13049,48.4923759879,-4.504046109,144.3404
260980000,13050,48.4923757684,-4.5040458722,144.3404
261000000,13051,48.492375549,-4.5040456353,144.3404
261020000,13052,48.4923753296,-4.5040453984,144.3404
261040000,13053,48.4923751102,-4.5040451616,144.3404
261060000,13054,48.4923748907,-4.5040449247,144.3404
261080000,13055,48.4923746713,-4.5040446878,144.3404
261100000,13056,48.4923744519,-4.504044451,144.3404
261120000,13057,48.4923742324,-4.5040442141,144.3404
261140000,13058,48.492374013,-4.5040439772,144.3404
261160000,13059,48.4923737936,-4.5040437404,144.3404
261180000,13060,48.4923735741,-4.5040435035,144.3404
261200000,13061,48.4923733547,-4.5040432666,144.3404
261220000,13062,48.4923731353,-4.5040430298,144.3404
261240000,13063,48.4923729159,-4.5040427929,144.3404
261260000,13064,48.4923726964,-4.504042556,144.3404
261280000,13065,48.492372477,-4.5040423192,144.3404
261300000,13066,48.4923722576,-4.5040420823,144.3404
261320000,13067,48.4923720381,-4.5040418454,144.3404
261340000,13068,48.4923718187,-4.5040416086,144.3404
261360000,13069,48.4923715993,-4.5040413717,144.3404
261380000,13070,48.4923713798,-4.5040411348,144.3404
261400000,13071,48.4923711604,-4.504040898,144.3404
261420000,13072,48.492370941,-4.5040406611,144.3404
261440000,13073,48.4923707216,-4.5040404242,144.3404
261460000,13074,48.4923705021,-4.5040401873,144.3404
261480000,13075,48.4923702827,-4.5040399505,144.3404
261500000,13076,48.4923700633,-4.5040397136,144.3404
261520000,13077,48.4923698438,-4.5040394767,144.3404
261540000,13078,48.4923696244,-4.5040392399,144.3404
261560000,13079,48.492369405,-4.504039003,144.3404
261580000,13080,48.4923691856,-4.5040387661,144.3404
261600000,13081,48.4923689661,-4.5040385293,144.3404
261620000,13082,48.4923687467,-4.5040382924,144.3404
261640000,13083,48.4923685273,-4.5040380555,144.3404
261660000,13084,48.4923683078,-4.5040378187,144.3404
261680000,13085,48.4923680884,-4.5040375818,144.3404
261700000,13086,48.492367869,-4.5040373449,144.3404
261720000,13087,48.4923676495,-4.5040371081,144.3404
261740000,13088,48.4923674301,-4.5040368712,144.3404
261760000,13089,48.4923672107,-4.5040366343,144.3404
261780000,13090,48.4923669913,-4.5040363975,144.3404
261800000,13091,48.4923667718,-4.5040361606,144.3404
261820000,13092,48.4923665524,-4.5040359237,144.3404
261840000,13093,48.492366333,-4.5040356869,144.3404
261860000,13094,48.4923661135,-4.50403545,144.3404
261880000,13095,48.4923658941,-4.5040352131,144.3404
261900000,13096,48.4923656747,-4.5040349763,144.3404
261920000,13097,48.4923654552,-4.5040347394,144.3404
261940000,13098,48.4923652358,-4.5040345025,144.3404
261960000,13099,48.4923650164,-4.5040342657,144.3404
261980000,13100,48.492364797,-4.5040340288,144.3404
262000000,13101,48.4923645775,-4.5040337919,144.3404
262020000,13102,48.4923643581,-4.5040335551,144.3404
262040000,13103,48.4923641387,-4.5040333182,144.3404
262060000,13104,48.4923639192,-4.5040330813,144.3404
262080000,13105,48.4923636998,-4.5040328445,144.3404
262100000,13106,48.4923634804,-4.5040326076,144.3404
262120000,13107,48.4923632609,-4.5040323707,144.3404
262140000,13108,48.4923630415,-4.5040321339,144.3404
262160000,13109,48.4923628221,-4.504031897,144.3404
262180000,13110,48.4923626027,-4.5040316601,144.3404
262200000,13111,48.4923623832,-4.5040314233,144.3404
262220000,13112,48.4923621638,-4.5040311864,144.3404
262240000,13113,48.4923619444,-4.5040309495,144.3404
262260000,13114,48.4923617249,-4.5040307126,144.3404
262280000,13115,48.4923615055,-4.5040304758,144.3404
262300000,13116,48.4923612861,-4.5040302389,144.3404
262320000,13117,48.4923610666,-4.504030002,144.3404
262340000,13118,48.4923608472,-4.5040297652,144.3404
262360000,13119,48.4923606278,-4.5040295283,144.3404
262380000,13120,48.4923604084,-4.5040292914,144.3404
262400000,13121,48.4923601889,-4.5040290546,144.3404
262420000,13122,48.4923599695,-4.5040288177,144.3404
262440000,13123,48.4923597501,-4.5040285808,144.3404
262460000,13124,48.4923595306,-4.504028344,144.3404
262480000,13125,48.4923593112,-4.5040281071,144.3404
262500000,13126,48.4923590918,-4.5040278702,144.3404
262520000,13127,48.4923588723,-4.5040276334,144.3404
262540000,13128,48.4923586529,-4.5040273965,144.3404
262560000,13129,48.4923584335,-4.5040271596,144.3404
262580000,13130,48.4923582141,-4.5040269228,144.3404
262600000,13131,48.4923579946,-4.5040266859,144.3404
262620000,13132,48.4923577752,-4.504026449,144.3404
262640000,13133,48.4923575558,-4.5040262122,144.3404
262660000,13134,48.4923573363,-4.5040259753,144.3404
262680000,13135,48.4923571169,-4.5040257384,144.3404
262700000,13136,48.4923568975,-4.5040255016,144.3404
262720000,13137,48.492356678,-4.5040252647,144.3404
262740000,13138,48.4923564586,-4.5040250278,144.3404
262760000,13139,48.4923562392,-4.504024791,144.3404
262780000,13140,48.4923560198,-4.5040245541,144.3404
262800000,13141,48.4923558003,-4.5040243172,144.3404
262820000,13142,48.4923555809,-4.5040240804,144.3404
262840000,13143,48.4923553615,-4.5040238435,144.3404
262860000,13144,48.492355142,-4.5040236066,144.3404
262880000,13145,48.4923549226,-4.5040233698,144.3404
262900000,13146,48.4923547032,-4.5040231329,144.3404
262920000,13147,48.4923544837,-4.504022896,144.3404
262940000,13148,48.4923542643,-4.5040226592,144.3404
262960000,13149,48.4923540449,-4.5040224223,144.3404
262980000,13150,48.4923538255,-4.5040221854,144.3404
263000000,13151,48.492353606,-4.5040219486,144.3404
263020000,13152,48.4923533866,-4.5040217117,144.3404
263040000,13153,48.4923531672,-4.5040214748,144.3404
263060000,13154,48.4923529477,-4.504021238,144.3404
263080000,13155,48.4923527283,-4.5040210011,144.3404
263100000,13156,48.4923525089,-4.5040207642,144.3404
263120000,13157,48.4923522894,-4.5040205274,144.3404
263140000,13158,48.49235207,-4.5040202905,144.3404
263160000,13159,48.4923518506,-4.5040200536,144.3404
263180000,13160,48.4923516312,-4.5040198167,144.3404
263200000,13161,48.4923514117,-4.5040195799,144.3404
263220000,13162,48.4923511923,-4.504019343,144.3404
263240000,13163,48.4923509729,-4.5040191061,144.3404
263260000,13164,48.4923507534,-4.5040188693,144.3404
263280000,13165,48.492350534,-4.5040186324,144.3404
263300000,13166,48.4923503146,-4.5040183955,144.3404
263320000,13167,48.4923500952,-4.5040181587,144.3404
263340000,13168,48.4923498757,-4.5040179218,144.3404
263360000,13169,48.4923496563,-4.5040176849,144.3404
263380000,13170,48.4923494369,-4.5040174481,144.3404
263400000,13171,48.4923492174,-4.5040172112,144.3404
263420000,13172,48.492348998,-4.5040169743,144.3404
263440000,13173,48.4923487786,-4.5040167375,144.3404
263460000,13174,48.4923485591,-4.5040165006,144.3404
263480000,13175,48.4923483397,-4.5040162637,144.3404
263500000,13176,48.4923481203,-4.5040160269,144.3404
263520000,13177,48.4923479009,-4.50401579,144.3404
263540000,13178,48.4923476814,-4.5040155531,144.3404
263560000,13179,48.492347462,-4.5040153163,144.3404
263580000,13180,48.4923472426,-4.5040150794,144.3404
263600000,13181,48.4923470231,-4.5040148425,144.3404
263620000,13182,48.4923468037,-4.5040146057,144.3404
263640000,13183,48.4923465843,-4.5040143688,144.3404
263660000,13184,48.4923463648,-4.5040141319,144.3404
263680000,13185,48.4923461454,-4.5040138951,144.3404
263700000,13186,48.492345926,-4.5040136582,144.3404
263720000,13187,48.4923457066,-4.5040134213,144.3404
263740000,13188,48.4923454871,-4.5040131845,144.3404
263760000,13189,48.4923452677,-4.5040129476,144.3404
263780000,13190,48.4923450483,-4.5040127107,144.3404
263800000,13191,48.4923448288,-4.5040124739,144.3404
263820000,13192,48.4923446094,-4.504012237,144.3404
263840000,13193,48.49234439,-4.5040120001,144.3404
263860000,13194,48.4923441705,-4.5040117633,144.3404
263880000,13195,48.4923439511,-4.5040115264,144.3404
263900000,13196,48.4923437317,-4.5040112895,144.3404
263920000,13197,48.4923435123,-4.5040110527,144.3404
263940000,13198,48.4923432928,-4.5040108158,144.3404
263960000,13199,48.4923430734,-4.5040105789,144.3404
263980000,13200,48.492342854,-4.5040103421,144.3404
264000000,13201,48.4923426345,-4.5040101052,144.3404
264020000,13202,48.4923424151,-4.5040098683,144.3404
264040000,13203,48.4923421957,-4.5040096315,144.3404
264060000,13204,48.4923419762,-4.5040093946,144.3404
264080000,13205,48.4923417568,-4.5040091577,144.3404
264100000,13206,48.4923415374,-4.5040089209,144.3404
264120000,13207,48.492341318,-4.504008684,144.3404
264140000,13208,48.4923410985,-4.5040084471,144.3404
264160000,13209,48.4923408791,-4.5040082103,144.3404
264180000,13210,48.4923406597,-4.5040079734,144.3404
264200000,13211,48.4923404402,-4.5040077365,144.3404
264220000,13212,48.4923402208,-4.5040074996,144.3404
264240000,13213,48.4923400014,-4.5040072628,144.3404
264260000,13214,48.4923397819,-4.5040070259,144.3404
264280000,13215,48.4923395625,-4.504006789,144.3404
264300000,13216,48.4923393431,-4.5040065522,144.3404
264320000,13217,48.4923391237,-4.5040063153,144.3404
264340000,13218,48.4923389042,-4.5040060784,144.3404
264360000,13219,48.4923386848,-4.5040058416,144.3404
264380000,13220,48.4923384654,-4.5040056047,144.3404
264400000,13221,48.4923382459,-4.5040053678,144.3404
264420000,13222,48.4923380265,-4.504005131,144.3404
264440000,13223,48.4923378071,-4.5040048941,144.3404
264460000,13224,48.4923375876,-4.5040046572,144.3404
264480000,13225,48.4923373682,-4.5040044204,144.3404
264500000,13226,48.4923371488,-4.5040041835,144.3404
264520000,13227,48.4923369294,-4.5040039466,144.3404
264540000,13228,48.4923367099,-4.5040037098,144.3404
264560000,13229,48.4923364905,-4.5040034729,144.3404
264580000,13230,48.4923362711,-4.504003236,144.3404
264600000,13231,48.4923360516,-4.5040029992,144.3404
264620000,13232,48.4923358322,-4.5040027623,144.3404
264640000,13233,48.4923356128,-4.5040025254,144.3404
264660000,13234,48.4923353933,-4.5040022886,144.3404
264680000,13235,48.4923351739,-4.5040020517,144.3404
264700000,13236,48.4923349545,-4.5040018148,144.3404
264720000,13237,48.4923347351,-4.504001578,144.3404
264740000,13238,48.4923345156,-4.5040013411,144.3404
264760000,13239,48.4923342962,-4.5040011042,144.3404
264780000,13240,48.4923340768,-4.5040008674,144.3404
264800000,13241,48.4923338573,-4.5040006305,144.3404
264820000,13242,48.4923336379,-4.5040003936,144.3404
264840000,13243,48.4923334185,-4.5040001568,144.3404
264860000,13244,48.492333199,-4.5039999199,144.3404
264880000,13245,48.4923329796,-4.503999683,144.3404
264900000,13246,48.4923327602,-4.5039994462,144.3404
264920000,13247,48.4923325408,-4.5039992093,144.3404
264940000,13248,48.4923323213,-4.5039989724,144.3404
264960000,13249,48.4923321019,-4.5039987356,144.3404
264980000,13250,48.4923318825,-4.5039984987,144.3404
265000000,13251,48.492331663,-4.5039982618,144.3404
265020000,13252,48.4923314436,-4.503998025,144.3404
265040000,13253,48.4923312242,-4.5039977881,144.3404
265060000,13254,48.4923310047,-4.5039975512,144.3404
265080000,13255,48.4923307853,-4.5039973144,144.3404
265100000,13256,48.4923305659,-4.5039970775,144.3404
265120000,13257,48.4923303465,-4.5039968406,144.3404
265140000,13258,48.492330127,-4.5039966038,144.3404
265160000,13259,48.4923299076,-4.5039963669,144.3404
265180000,13260,48.4923296882,-4.50399613,144.3404
265200000,13261,48.4923294687,-4.5039958932,144.3404
265220000,13262,48.4923292493,-4.5039956563,144.3404
265240000,13263,48.4923290299,-4.5039954194,144.3404
265260000,13264,48.4923288104,-4.5039951826,144.3404
265280000,13265,48.492328591,-4.5039949457,144.3404
265300000,13266,48.4923283716,-4.5039947088,144.3404
265320000,13267,48.4923281522,-4.503994472,144.3404
265340000,13268,48.4923279327,-4.5039942351,144.3404
265360000,13269,48.4923277133,-4.5039939982,144.3404
265380000,13270,48.4923274939,-4.5039937614,144.3404
265400000,13271,48.4923272744,-4.5039935245,144.3404
265420000,13272,48.492327055,-4.5039932876,144.3404
265440000,13273,48.4923268356,-4.5039930508,144.3404
265460000,13274,48.4923266161,-4.5039928139,144.3404
265480000,13275,48.4923263967,-4.503992577,144.3404
265500000,13276,48.4923261773,-4.5039923401,144.3404
265520000,13277,48.4923259579,-4.5039921033,144.3404
265540000,13278,48.4923257384,-4.5039918664,144.3404
265560000,13279,48.492325519,-4.5039916295,144.3404
265580000,13280,48.4923252996,-4.5039913927,144.3404
265600000,13281,48.4923250801,-4.5039911558,144.3404
265620000,13282,48.4923248607,-4.5039909189,144.3404
265640000,13283,48.4923246413,-4.5039906821,144.3404
265660000,13284,48.4923244218,-4.5039904452,144.3404
265680000,13285,48.4923242024,-4.5039902083,144.3404
265700000,13286,48.492323983,-4.5039899715,144.3404
265720000,13287,48.4923237636,-4.5039897346,144.3404
265740000,13288,48.4923235441,-4.5039894977,144.3404
265760000,13289,48.4923233247,-4.5039892609,144.3404
265780000,13290,48.4923231053,-4.503989024,144.3404
265800000,13291,48.4923228858,-4.5039887871,144.3404
265820000,13292,48.4923226664,-4.5039885503,144.3404
265840000,13293,48.492322447,-4.5039883134,144.3404
265860000,13294,48.4923222275,-4.5039880765,144.3404
265880000,13295,48.4923220081,-4.5039878397,144.3404
265900000,13296,48.4923217887,-4.5039876028,144.3404
265920000,13297,48.4923215693,-4.5039873659,144.3404
265940000,13298,48.4923213498,-4.5039871291,144.3404
265960000,13299,48.4923211304,-4.5039868922,144.3404
265980000,13300,48.492320911,-4.5039866553,144.3404
266000000,13301,48.4923206915,-4.5039864185,144.3404
266020000,13302,48.4923204721,-4.5039861816,144.3404
266040000,13303,48.4923202527,-4.5039859447,144.3404
266060000,13304,48.4923200332,-4.5039857079,144.3404
266080000,13305,48.4923198138,-4.503985471,144.3404
266100000,13306,48.4923195944,-4.5039852341,144.3404
266120000,13307,48.492319375,-4.5039849973,144.3404
266140000,13308,48.4923191555,-4.5039847604,144.3404
266160000,13309,48.4923189361,-4.5039845235,144.3404
266180000,13310,48.4923187167,-4.5039842867,144.3404
266200000,13311,48.4923184972,-4.5039840498,144.3404
266220000,13312,48.4923182778,-4.5039838129,144.3404
266240000,13313,48.4923180584,-4.5039835761,144.3404
266260000,13314,48.4923178389,-4.5039833392,144.3404
266280000,13315,48.4923176195,-4.5039831023,144.3404
266300000,13316,48.4923174001,-4.5039828655,144.3404
266320000,13317,48.4923171807,-4.5039826286,144.3404
266340000,13318,48.4923169612,-4.5039823917,144.3404
266360000,13319,48.4923167418,-4.5039821549,144.3404
266380000,13320,48.4923165224,-4.503981918,144.3404
266400000,13321,48.4923163029,-4.5039816811,144.3404
266420000,13322,48.4923160835,-4.5039814443,144.3404
266440000,13323,48.4923158641,-4.5039812074,144.3404
266460000,13324,48.4923156446,-4.5039809705,144.3404
266480000,13325,48.4923154252,-4.5039807337,144.3404
266500000,13326,48.4923152058,-4.5039804968,144.3404
266520000,13327,48.4923149864,-4.5039802599,144.3404
266540000,13328,48.4923147669,-4.5039800231,144.3404
266560000,13329,48.4923145475,-4.5039797862,144.3404
266580000,13330,48.4923143281,-4.5039795493,144.3404
266600000,13331,48.4923141086,-4.5039793125,144.3404
266620000,13332,48.4923138892,-4.5039790756,144.3404
266640000,13333,48.4923136698,-4.5039788387,144.3404
266660000,13334,48.4923134503,-4.5039786019,144.3404
266680000,13335,48.4923132309,-4.503978365,144.3404
266700000,13336,48.4923130115,-4.5039781281,144.3404
266720000,13337,48.4923127921,-4.5039778913,144.3404
266740000,13338,48.4923125726,-4.5039776544,144.3404
266760000,13339,48.4923123532,-4.5039774175,144.3404
266780000,13340,48.4923121338,-4.5039771807,144.3404
266800000,13341,48.4923119143,-4.5039769438,144.3404
266820000,13342,48.4923116949,-4.5039767069,144.3404
266840000,13343,48.4923114755,-4.5039764701,144.3404
266860000,13344,48.492311256,-4.5039762332,144.3404
266880000,13345,48.4923110366,-4.5039759963,144.3404
266900000,13346,48.4923108172,-4.5039757595,144.3404
266920000,13347,48.4923105978,-4.5039755226,144.3404
266940000,13348,48.4923103783,-4.5039752857,144.3404
266960000,13349,48.4923101589,-4.5039750489,144.3404
266980000,13350,48.4923099395,-4.503974812,144.3404
267000000,13351,48.49230972,-4.5039745751,144.3404
267020000,13352,48.4923095006,-4.5039743383,144.3404
267040000,13353,48.4923092812,-4.5039741014,144.3404
267060000,13354,48.4923090617,-4.5039738645,144.3404
267080000,13355,48.4923088423,-4.5039736277,144.3404
267100000,13356,48.4923086229,-4.5039733908,144.3404
267120000,13357,48.4923084035,-4.5039731539,144.3404
267140000,13358,48.492308184,-4.5039729171,144.3404
267160000,13359,48.4923079646,-4.5039726802,144.3404
267180000,13360,48.4923077452,-4.5039724433,144.3404
267200000,13361,48.4923075257,-4.5039722065,144.3404
267220000,13362,48.4923073063,-4.5039719696,144.3404
267240000,13363,48.4923070869,-4.5039717327,144.3404
267260000,13364,48.4923068674,-4.5039714959,144.3404
267280000,13365,48.492306648,-4.503971259,144.3404
267300000,13366,48.4923064286,-4.5039710221,144.3404
267320000,13367,48.4923062092,-4.5039707853,144.3404
267340000,13368,48.4923059897,-4.5039705484,144.3404
267360000,13369,48.4923057703,-4.5039703115,144.3404
267380000,13370,48.4923055509,-4.5039700747,144.3404
267400000,13371,48.4923053314,-4.5039698378,144.3404
267420000,13372,48.492305112,-4.5039696009,144.3404
267440000,13373,48.4923048926,-4.503969364,144.3404
267460000,13374,48.4923046731,-4.5039691272,144.3404
267480000,13375,48.4923044537,-4.5039688903,144.3404
267500000,13376,48.4923042343,-4.5039686534,144.3404
267520000,13377,48.4923040149,-4.5039684166,144.3404
267540000,13378,48.4923037954,-4.5039681797,144.3404
267560000,13379,48.492303576,-4.5039679428,144.3404
267580000,13380,48.4923033566,-4.503967706,144.3404
267600000,13381,48.4923031371,-4.5039674691,144.3404
267620000,13382,48.4923029177,-4.5039672322,144.3404
267640000,13383,48.4923026983,-4.5039669954,144.3404
267660000,13384,48.4923024788,-4.5039667585,144.3404
267680000,13385,48.4923022594,-4.5039665216,144.3404
267700000,13386,48.49230204,-4.5039662848,144.3404
267720000,13387,48.4923018206,-4.5039660479,144.3404
267740000,13388,48.4923016011,-4.503965811,144.3404
267760000,13389,48.4923013817,-4.5039655742,144.3404
267780000,13390,48.4923011623,-4.5039653373,144.3404
267800000,13391,48.4923009428,-4.5039651004,144.3404
267820000,13392,48.4923007234,-4.5039648636,144.3404
267840000,13393,48.492300504,-4.5039646267,144.3404
267860000,13394,48.4923002845,-4.5039643898,144.3404
267880000,13395,48.4923000651,-4.503964153,144.3404
267900000,13396,48.4922998457,-4.5039639161,144.3404
267920000,13397,48.4922996263,-4.5039636792,144.3404
267940000,13398,48.4922994068,-4.5039634424,144.3404
267960000,13399,48.4922991874,-4.5039632055,144.3404
267980000,13400,48.492298968,-4.5039629686,144.3404
268000000,13401,48.4922987485,-4.5039627318,144.3404
268020000,13402,48.4922985291,-4.5039624949,144.3404
268040000,13403,48.4922983097,-4.503962258,144.3404
268060000,13404,48.4922980902,-4.5039620212,144.3404
268080000,13405,48.4922978708,-4.5039617843,144.3404
268100000,13406,48.4922976514,-4.5039615474,144.3404
268120000,13407,48.492297432,-4.5039613106,144.3404
268140000,13408,48.4922972125,-4.5039610737,144.3404
268160000,13409,48.4922969931,-4.5039608368,144.3404
268180000,13410,48.4922967737,-4.5039606,144.3404
268200000,13411,48.4922965542,-4.5039603631,144.3404
268220000,13412,48.4922963348,-4.5039601262,144.3404
268240000,13413,48.4922961154,-4.5039598894,144.3404
268260000,13414,48.4922958959,-4.5039596525,144.3404
268280000,13415,48.4922956765,-4.5039594156,144.3404
268300000,13416,48.4922954571,-4.5039591788,144.3404
268320000,13417,48.4922952377,-4.5039589419,144.3404
268340000,13418,48.4922950182,-4.503958705,144.3404
268360000,13419,48.4922947988,-4.5039584682,144.3404
268380000,13420,48.4922945794,-4.5039582313,144.3404
268400000,13421,48.4922943599,-4.5039579944,144.3404
268420000,13422,48.4922941405,-4.5039577576,144.3404
268440000,13423,48.4922939211,-4.5039575207,144.3404
268460000,13424,48.4922937016,-4.5039572838,144.3404
268480000,13425,48.4922934822,-4.503957047,144.3404
268500000,13426,48.4922932628,-4.5039568101,144.3404
268520000,13427,48.4922930434,-4.5039565732,144.3404
268540000,13428,48.4922928239,-4.5039563364,144.3404
268560000,13429,48.4922926045,-4.5039560995,144.3404
268580000,13430,48.4922923851,-4.5039558626,144.3404
268600000,13431,48.4922921656,-4.5039556258,144.3404
268620000,13432,48.4922919462,-4.5039553889,144.3404
268640000,13433,48.4922917268,-4.503955152,144.3404
268660000,13434,48.4922915073,-4.5039549152,144.3404
268680000,13435,48.4922912879,-4.5039546783,144.3404
268700000,13436,48.4922910685,-4.5039544414,144.3404
268720000,13437,48.4922908491,-4.5039542046,144.3404
268740000,13438,48.4922906296,-4.5039539677,144.3404
268760000,13439,48.4922904102,-4.5039537308,144.3404
268780000,13440,48.4922901908,-4.503953494,144.3404
268800000,13441,48.4922899713,-4.5039532571,144.3404
268820000,13442,48.4922897519,-4.5039530202,144.3404
268840000,13443,48.4922895325,-4.5039527834,144.3404
268860000,13444,48.492289313,-4.5039525465,144.3404
268880000,13445,48.4922890936,-4.5039523096,144.3404
268900000,13446,48.4922888742,-4.5039520728,144.3404
268920000,13447,48.4922886548,-4.5039518359,144.3404
268940000,13448,48.4922884353,-4.503951599,144.3404
268960000,13449,48.4922882159,-4.5039513622,144.3404
268980000,13450,48.4922879965,-4.5039511253,144.3404
269000000,13451,48.492287777,-4.5039508884,144.3404
269020000,13452,48.4922875576,-4.5039506516,144.3404
269040000,13453,48.4922873382,-4.5039504147,144.3404
269060000,13454,48.4922871187,-4.5039501778,144.3404
269080000,13455,48.4922868993,-4.503949941,144.3404
269100000,13456,48.4922866799,-4.5039497041,144.3404
269120000,13457,48.4922864605,-4.5039494672,144.3404
269140000,13458,48.492286241,-4.5039492304,144.3404
269160000,13459,48.4922860216,-4.5039489935,144.3404
269180000,13460,48.4922858022,-4.5039487566,144.3404
269200000,13461,48.4922855827,-4.5039485198,144.3404
269220000,13462,48.4922853633,-4.5039482829,144.3404
269240000,13463,48.4922851439,-4.503948046,144.3404
269260000,13464,48.4922849244,-4.5039478092,144.3404
269280000,13465,48.492284705,-4.5039475723,144.3404
269300000,13466,48.4922844856,-4.5039473354,144.3404
269320000,13467,48.4922842662,-4.5039470986,144.3404
269340000,13468,48.4922840467,-4.5039468617,144.3404
269360000,13469,48.4922838273,-4.5039466248,144.3404
269380000,13470,48.4922836079,-4.503946388,144.3404
269400000,13471,48.4922833884,-4.5039461511,144.3404
269420000,13472,48.492283169,-4.5039459142,144.3404
269440000,13473,48.4922829496,-4.5039456774,144.3404
269460000,13474,48.4922827301,-4.5039454405,144.3404
269480000,13475,48.4922825107,-4.5039452036,144.3404
269500000,13476,48.4922822913,-4.5039449668,144.3404
269520000,13477,48.4922820719,-4.5039447299,144.3404
269540000,13478,48.4922818524,-4.503944493,144.3404
269560000,13479,48.492281633,-4.5039442562,144.3404
269580000,13480,48.4922814136,-4.5039440193,144.3404
269600000,13481,48.4922811941,-4.5039437824,144.3404
269620000,13482,48.4922809747,-4.5039435456,144.3404
269640000,13483,48.4922807553,-4.5039433087,144.3404
269660000,13484,48.4922805358,-4.5039430718,144.3404
269680000,13485,48.4922803164,-4.503942835,144.3404
269700000,13486,48.492280097,-4.5039425981,144.3404
269720000,13487,48.4922798776,-4.5039423612,144.3404
269740000,13488,48.4922796581,-4.5039421244,144.3404
269760000,13489,48.4922794387,-4.5039418875,144.3404
269780000,13490,48.4922792193,-4.5039416506,144.3404
269800000,13491,48.4922789998,-4.5039414138,144.3404
269820000,13492,48.4922787804,-4.5039411769,144.3404
269840000,13493,48.492278561,-4.50394094,144.3404
269860000,13494,48.4922783415,-4.5039407032,144.3404
269880000,13495,48.4922781221,-4.5039404663,144.3404
269900000,13496,48.4922779027,-4.5039402294,144.3404
269920000,13497,48.4922776833,-4.5039399926,144.3404
269940000,13498,48.4922774638,-4.5039397557,144.3404
269960000,13499,48.4922772444,-4.5039395188,144.3404
269980000,13500,48.492277025,-4.503939282,144.3404
270000000,13501,48.4922768055,-4.5039390451,144.3404
270020000,13502,48.4922765861,-4.5039388082,144.3404
270040000,13503,48.4922763667,-4.5039385714,144.3404
270060000,13504,48.4922761472,-4.5039383345,144.3404
270080000,13505,48.4922759278,-4.5039380976,144.3404
270100000,13506,48.4922757084,-4.5039378608,144.3404
270120000,13507,48.492275489,-4.5039376239,144.3404
270140000,13508,48.4922752695,-4.503937387,144.3404
270160000,13509,48.4922750501,-4.5039371502,144.3404
270180000,13510,48.4922748307,-4.5039369133,144.3404
270200000,13511,48.4922746112,-4.5039366764,144.3404
270220000,13512,48.4922743918,-4.5039364396,144.3404
270240000,13513,48.4922741724,-4.5039362027,144.3404
270260000,13514,48.4922739529,-4.5039359658,144.3404
270280000,13515,48.4922737335,-4.503935729,144.3404
270300000,13516,48.4922735141,-4.5039354921,144.3404
270320000,13517,48.4922732947,-4.5039352552,144.3404
270340000,13518,48.4922730752,-4.5039350184,144.3404
270360000,13519,48.4922728558,-4.5039347815,144.3404
270380000,13520,48.4922726364,-4.5039345446,144.3404
270400000,13521,48.4922724169,-4.5039343078,144.3404
270420000,13522,48.4922721975,-4.5039340709,144.3404
270440000,13523,48.4922719781,-4.503933834,144.3404
270460000,13524,48.4922717586,-4.5039335972,144.3404
270480000,13525,48.4922715392,-4.5039333603,144.3404
270500000,13526,48.4922713198,-4.5039331234,144.3404
270520000,13527,48.4922711004,-4.5039328866,144.3404
270540000,13528,48.4922708809,-4.5039326497,144.3404
270560000,13529,48.4922706615,-4.5039324128,144.3404
270580000,13530,48.4922704421,-4.503932176,144.3404
270600000,13531,48.4922702226,-4.5039319391,144.3404
270620000,13532,48.4922700032,-4.5039317022,144.3404
270640000,13533,48.4922697838,-4.5039314654,144.3404
270660000,13534,48.4922695643,-4.5039312285,144.3404
270680000,13535,48.4922693449,-4.5039309916,144.3404
270700000,13536,48.4922691255,-4.5039307548,144.3404
270720000,13537,48.4922689061,-4.5039305179,144.3404
270740000,13538,48.4922686866,-4.503930281,144.3404
270760000,13539,48.4922684672,-4.5039300442,144.3404
270780000,13540,48.4922682478,-4.5039298073,144.3404
270800000,13541,48.4922680283,-4.5039295704,144.3404
270820000,13542,48.4922678089,-4.5039293336,144.3404
270840000,13543,48.4922675895,-4.5039290967,144.3404
270860000,13544,48.49226737,-4.5039288598,144.3404
270880000,13545,48.4922671506,-4.503928623,144.3404
270900000,13546,48.4922669312,-4.5039283861,144.3404
270920000,13547,48.4922667117,-4.5039281492,144.3404
270940000,13548,48.4922664923,-4.5039279124,144.3404
270960000,13549,48.4922662729,-4.5039276755,144.3404
270980000,13550,48.4922660535,-4.5039274386,144.3404
271000000,13551,48.492265834,-4.5039272018,144.3404
271020000,13552,48.4922656146,-4.5039269649,144.3404
271040000,13553,48.4922653952,-4.503926728,144.3404
271060000,13554,48.4922651757,-4.5039264912,144.3404
271080000,13555,48.4922649563,-4.5039262543,144.3404
271100000,13556,48.4922647369,-4.5039260174,144.3404
271120000,13557,48.4922645174,-4.5039257806,144.3404
271140000,13558,48.492264298,-4.5039255437,144.3404
271160000,13559,48.4922640786,-4.5039253068,144.3404
271180000,13560,48.4922638592,-4.50392507,144.3404
271200000,13561,48.4922636397,-4.5039248331,144.3404
271220000,13562,48.4922634203,-4.5039245962,144.3404
271240000,13563,48.4922632009,-4.5039243594,144.3404
271260000,13564,48.4922629814,-4.5039241225,144.3404
271280000,13565,48.492262762,-4.5039238856,144.3404
271300000,13566,48.4922625426,-4.5039236488,144.3404
271320000,13567,48.4922623231,-4.5039234119,144.3404
271340000,13568,48.4922621037,-4.503923175,144.3404
271360000,13569,48.4922618843,-4.5039229382,144.3404
271380000,13570,48.4922616649,-4.5039227013,144.3404
271400000,13571,48.4922614454,-4.5039224644,144.3404
271420000,13572,48.492261226,-4.5039222276,144.3404
271440000,13573,48.4922610066,-4.5039219907,144.3404
271460000,13574,48.4922607871,-4.5039217538,144.3404
271480000,13575,48.4922605677,-4.503921517,144.3404
271500000,13576,48.4922603483,-4.5039212801,144.3404
271520000,13577,48.4922601288,-4.5039210432,144.3404
271540000,13578,48.4922599094,-4.5039208064,144.3404
271560000,13579,48.49225969,-4.5039205695,144.3404
271580000,13580,48.4922594706,-4.5039203326,144.3404
271600000,13581,48.4922592511,-4.5039200958,144.3404
271620000,13582,48.4922590317,-4.5039198589,144.3404
271640000,13583,48.4922588123,-4.503919622,144.3404
271660000,13584,48.4922585928,-4.5039193852,144.3404
271680000,13585,48.4922583734,-4.5039191483,144.3404
271700000,13586,48.492258154,-4.5039189114,144.3404
271720000,13587,48.4922579345,-4.5039186746,144.3404
271740000,13588,48.4922577151,-4.5039184377,144.3404
271760000,13589,48.4922574957,-4.5039182008,144.3404
271780000,13590,48.4922572763,-4.503917964,144.3404
271800000,13591,48.4922570568,-4.5039177271,144.3404
271820000,13592,48.4922568374,-4.5039174902,144.3404
271840000,13593,48.492256618,-4.5039172534,144.3404
271860000,13594,48.4922563985,-4.5039170165,144.3404
271880000,13595,48.4922561791,-4.5039167796,144.3404
271900000,13596,48.4922559597,-4.5039165428,144.3404
271920000,13597,48.4922557402,-4.5039163059,144.3404
271940000,13598,48.4922555208,-4.503916069,144.3404
271960000,13599,48.4922553014,-4.5039158322,144.3404
271980000,13600,48.492255082,-4.5039155953,144.3404
272000000,13601,48.4922548625,-4.5039153584,144.3404
272020000,13602,48.4922546431,-4.5039151216,144.3404
272040000,13603,48.4922544237,-4.5039148847,144.3404
272060000,13604,48.4922542042,-4.5039146478,144.3404
272080000,13605,48.4922539848,-4.503914411,144.3404
272100000,13606,48.4922537654,-4.5039141741,144.3404
272120000,13607,48.4922535459,-4.5039139372,144.3404
272140000,13608,48.4922533265,-4.5039137004,144.3404
272160000,13609,48.4922531071,-4.5039134635,144.3404
272180000,13610,48.4922528877,-4.5039132266,144.3404
272200000,13611,48.4922526682,-4.5039129898,144.3404
272220000,13612,48.4922524488,-4.5039127529,144.3404
272240000,13613,48.4922522294,-4.503912516,144.3404
272260000,13614,48.4922520099,-4.5039122792,144.3404
272280000,13615,48.4922517905,-4.5039120423,144.3404
272300000,13616,48.4922515711,-4.5039118055,144.3404
272320000,13617,48.4922513516,-4.5039115686,144.3404
272340000,13618,48.4922511322,-4.5039113317,144.3404
272360000,13619,48.4922509128,-4.5039110949,144.3404
272380000,13620,48.4922506934,-4.503910858,144.3404
272400000,13621,48.4922504739,-4.5039106211,144.3404
272420000,13622,48.4922502545,-4.5039103843,144.3404
272440000,13623,48.4922500351,-4.5039101474,144.3404
272460000,13624,48.4922498156,-4.5039099105,144.3404
272480000,13625,48.4922495962,-4.5039096737,144.3404
272500000,13626,48.4922493768,-4.5039094368,144.3404
272520000,13627,48.4922491573,-4.5039091999,144.3404
272540000,13628,48.4922489379,-4.5039089631,144.3404
272560000,13629,48.4922487185,-4.5039087262,144.3404
272580000,13630,48.492248499,-4.5039084893,144.3404
272600000,13631,48.4922482796,-4.5039082525,144.3404
272620000,13632,48.4922480602,-4.5039080156,144.3404
272640000,13633,48.4922478408,-4.5039077787,144.3404
272660000,13634,48.4922476213,-4.5039075419,144.3404
272680000,13635,48.4922474019,-4.503907305,144.3404
272700000,13636,48.4922471825,-4.5039070681,144.3404
272720000,13637,48.492246963,-4.5039068313,144.3404
272740000,13638,48.4922467436,-4.5039065944,144.3404
272760000,13639,48.4922465242,-4.5039063575,144.3404
272780000,13640,48.4922463047,-4.5039061207,144.3404
272800000,13641,48.4922460853,-4.5039058838,144.3404
272820000,13642,48.4922458659,-4.5039056469,144.3404
272840000,13643,48.4922456465,-4.5039054101,144.3404
272860000,13644,48.492245427,-4.5039051732,144.3404
272880000,13645,48.4922452076,-4.5039049363,144.3404
272900000,13646,48.4922449882,-4.5039046995,144.3404
272920000,13647,48.4922447687,-4.5039044626,144.3404
272940000,13648,48.4922445493,-4.5039042257,144.3404
272960000,13649,48.4922443299,-4.5039039889,144.3404
272980000,13650,48.4922441104,-4.503903752,144.3404
273000000,13651,48.492243891,-4.5039035151,144.3404
273020000,13652,48.4922436716,-4.5039032783,144.3404
273040000,13653,48.4922434522,-4.5039030414,144.3404
273060000,13654,48.4922432327,-4.5039028045,144.3404
273080000,13655,48.4922430133,-4.5039025677,144.3404
273100000,13656,48.4922427939,-4.5039023308,144.3404
273120000,13657,48.4922425744,-4.5039020939,144.3404
273140000,13658,48.492242355,-4.5039018571,144.3404
273160000,13659,48.4922421356,-4.5039016202,144.3404
273180000,13660,48.4922419161,-4.5039013833,144.3404
273200000,13661,48.4922416967,-4.5039011465,144.3404
273220000,13662,48.4922414773,-4.5039009096,144.3404
273240000,13663,48.4922412579,-4.5039006727,144.3404
273260000,13664,48.4922410384,-4.5039004359,144.3404
273280000,13665,48.492240819,-4.503900199,144.3404
273300000,13666,48.4922405996,-4.5038999621,144.3404
273320000,13667,48.4922403801,-4.5038997253,144.3404
273340000,13668,48.4922401607,-4.5038994884,144.3404
273360000,13669,48.4922399413,-4.5038992515,144.3404
273380000,13670,48.4922397218,-4.5038990147,144.3404
273400000,13671,48.4922395024,-4.5038987778,144.3404
273420000,13672,48.492239283,-4.5038985409,144.3404
273440000,13673,48.4922390636,-4.5038983041,144.3404
273460000,13674,48.4922388441,-4.5038980672,144.3404
273480000,13675,48.4922386247,-4.5038978303,144.3404
273500000,13676,48.4922384053,-4.5038975935,144.3404
273520000,13677,48.4922381858,-4.5038973566,144.3404
273540000,13678,48.4922379664,-4.5038971197,144.3404
273560000,13679,48.492237747,-4.5038968829,144.3404
273580000,13680,48.4922375275,-4.503896646,144.3404
273600000,13681,48.4922373081,-4.5038964091,144.3404
273620000,13682,48.4922370887,-4.5038961723,144.3404
273640000,13683,48.4922368693,-4.5038959354,144.3404
273660000,13684,48.4922366498,-4.5038956985,144.3404
273680000,13685,48.4922364304,-4.5038954617,144.3404
273700000,13686,48.492236211,-4.5038952248,144.3404
273720000,13687,48.4922359915,-4.5038949879,144.3404
273740000,13688,48.4922357721,-4.5038947511,144.3404
273760000,13689,48.4922355527,-4.5038945142,144.3404
273780000,13690,48.4922353332,-4.5038942773,144.3404
273800000,13691,48.4922351138,-4.5038940405,144.3404
273820000,13692,48.4922348944,-4.5038938036,144.3404
273840000,13693,48.492234675,-4.5038935667,144.3404
273860000,13694,48.4922344555,-4.5038933299,144.3404
273880000,13695,48.4922342361,-4.503893093,144.3404
273900000,13696,48.4922340167,-4.5038928561,144.3404
273920000,13697,48.4922337972,-4.5038926193,144.3404
273940000,13698,48.4922335778,-4.5038923824,144.3404
273960000,13699,48.4922333584,-4.5038921455,144.3404
273980000,13700,48.4922331389,-4.5038919087,144.3404
274000000,13701,48.4922329195,-4.5038916718,144.3404
274020000,13702,48.4922327001,-4.5038914349,144.3404
274040000,13703,48.4922324806,-4.5038911981,144.3404
274060000,13704,48.4922322612,-4.5038909612,144.3404
274080000,13705,48.4922320418,-4.5038907243,144.3404
274100000,13706,48.4922318224,-4.5038904875,144.3404
274120000,13707,48.4922316029,-4.5038902506,144.3404
274140000,13708,48.4922313835,-4.5038900137,144.3404
274160000,13709,48.4922311641,-4.5038897769,144.3404
274180000,13710,48.4922309446,-4.50388954,144.3404
274200000,13711,48.4922307252,-4.5038893032,144.3404
274220000,13712,48.4922305058,-4.5038890663,144.3404
274240000,13713,48.4922302863,-4.5038888294,144.3404
274260000,13714,48.4922300669,-4.5038885926,144.3404
274280000,13715,48.4922298475,-4.5038883557,144.3404
274300000,13716,48.4922296281,-4.5038881188,144.3404
274320000,13717,48.4922294086,-4.503887882,144.3404
274340000,13718,48.4922291892,-4.5038876451,144.3404
274360000,13719,48.4922289698,-4.5038874082,144.3404
274380000,13720,48.4922287503,-4.5038871714,144.3404
274400000,13721,48.4922285309,-4.5038869345,144.3404
274420000,13722,48.4922283115,-4.5038866976,144.3404
274440000,13723,48.492228092,-4.5038864608,144.3404
274460000,13724,48.4922278726,-4.5038862239,144.3404
274480000,13725,48.4922276532,-4.503885987,144.3404
274500000,13726,48.4922274338,-4.5038857502,144.3404
274520000,13727,48.4922272143,-4.5038855133,144.3404
274540000,13728,48.4922269949,-4.5038852764,144.3404
274560000,13729,48.4922267755,-4.5038850396,144.3404
274580000,13730,48.492226556,-4.5038848027,144.3404
274600000,13731,48.4922263366,-4.5038845658,144.3404
274620000,13732,48.4922261172,-4.503884329,144.3404
274640000,13733,48.4922258977,-4.5038840921,144.3404
274660000,13734,48.4922256783,-4.5038838552,144.3404
274680000,13735,48.4922254589,-4.5038836184,144.3404
274700000,13736,48.4922252395,-4.5038833815,144.3404
274720000,13737,48.49222502,-4.5038831446,144.3404
274740000,13738,48.4922248006,-4.5038829078,144.3404
274760000,13739,48.4922245812,-4.5038826709,144.3404
274780000,13740,48.4922243617,-4.503882434,144.3404
274800000,13741,48.4922241423,-4.5038821972,144.3404
274820000,13742,48.4922239229,-4.5038819603,144.3404
274840000,13743,48.4922237034,-4.5038817234,144.3404
274860000,13744,48.492223484,-4.5038814866,144.3404
274880000,13745,48.4922232646,-4.5038812497,144.3404
274900000,13746,48.4922230452,-4.5038810128,144.3404
274920000,13747,48.4922228257,-4.503880776,144.3404
274940000,13748,48.4922226063,-4.5038805391,144.3404
274960000,13749,48.4922223869,-4.5038803022,144.3404
274980000,13750,48.4922221674,-4.5038800654,144.3404
275000000,13751,48.492221948,-4.5038798285,144.3404
275020000,13752,48.4922217286,-4.5038795916,144.3404
275040000,13753,48.4922215091,-4.5038793548,144.3404
275060000,13754,48.4922212897,-4.5038791179,144.3404
275080000,13755,48.4922210703,-4.503878881,144.3404
275100000,13756,48.4922208508,-4.5038786442,144.3404
275120000,13757,48.4922206314,-4.5038784073,144.3404
275140000,13758,48.492220412,-4.5038781704,144.3404
275160000,13759,48.4922201926,-4.5038779336,144.3404
275180000,13760,48.4922199731,-4.5038776967,144.3404
275200000,13761,48.4922197537,-4.5038774598,144.3404
275220000,13762,48.4922195343,-4.503877223,144.3404
275240000,13763,48.4922193148,-4.5038769861,144.3404
275260000,13764,48.4922190954,-4.5038767492,144.3404
275280000,13765,48.492218876,-4.5038765124,144.3404
275300000,13766,48.4922186565,-4.5038762755,144.3404
275320000,13767,48.4922184371,-4.5038760386,144.3404
275340000,13768,48.4922182177,-4.5038758018,144.3404
275360000,13769,48.4922179983,-4.5038755649,144.3404
275380000,13770,48.4922177788,-4.503875328,144.3404
275400000,13771,48.4922175594,-4.5038750912,144.3404
275420000,13772,48.49221734,-4.5038748543,144.3404
275440000,13773,48.4922171205,-4.5038746174,144.3404
275460000,13774,48.4922169011,-4.5038743806,144.3404
275480000,13775,48.4922166817,-4.5038741437,144.3404
275500000,13776,48.4922164622,-4.5038739069,144.3404
275520000,13777,48.4922162428,-4.50387367,144.3404
275540000,13778,48.4922160234,-4.5038734331,144.3404
275560000,13779,48.492215804,-4.5038731963,144.3404
275580000,13780,48.4922155845,-4.5038729594,144.3404
275600000,13781,48.4922153651,-4.5038727225,144.3404
275620000,13782,48.4922151457,-4.5038724857,144.3404
275640000,13783,48.4922149262,-4.5038722488,144.3404
275660000,13784,48.4922147068,-4.5038720119,144.3404
275680000,13785,48.4922144874,-4.5038717751,144.3404
275700000,13786,48.4922142679,-4.5038715382,144.3404
275720000,13787,48.4922140485,-4.5038713013,144.3404
275740000,13788,48.4922138291,-4.5038710645,144.3404
275760000,13789,48.4922136097,-4.5038708276,144.3404
275780000,13790,48.4922133902,-4.5038705907,144.3404
275800000,13791,48.4922131708,-4.5038703539,144.3404
275820000,13792,48.4922129514,-4.503870117,144.3404
275840000,13793,48.4922127319,-4.5038698801,144.3404
275860000,13794,48.4922125125,-4.5038696433,144.3404
275880000,13795,48.4922122931,-4.5038694064,144.3404
275900000,13796,48.4922120736,-4.5038691695,144.3404
275920000,13797,48.4922118542,-4.5038689327,144.3404
275940000,13798,48.4922116348,-4.5038686958,144.3404
275960000,13799,48.4922114153,-4.5038684589,144.3404
275980000,13800,48.4922111959,-4.5038682221,144.3404
276000000,13801,48.4922109765,-4.5038679852,144.3404
276020000,13802,48.4922107571,-4.5038677483,144.3404
276040000,13803,48.4922105376,-4.5038675115,144.3404
276060000,13804,48.4922103182,-4.5038672746,144.3404
276080000,13805,48.4922100988,-4.5038670377,144.3404
276100000,13806,48.4922098793,-4.5038668009,144.3404
276120000,13807,48.4922096599,-4.503866564,144.3404
276140000,13808,48.4922094405,-4.5038663271,144.3404
276160000,13809,48.492209221,-4.5038660903,144.3404
276180000,13810,48.4922090016,-4.5038658534,144.3404
276200000,13811,48.4922087822,-4.5038656165,144.3404
276220000,13812,48.4922085628,-4.5038653797,144.3404
276240000,13813,48.4922083433,-4.5038651428,144.3404
276260000,13814,48.4922081239,-4.5038649059,144.3404
276280000,13815,48.4922079045,-4.5038646691,144.3404
276300000,13816,48.492207685,-4.5038644322,144.3404
276320000,13817,48.4922074656,-4.5038641953,144.3404
276340000,13818,48.4922072462,-4.5038639585,144.3404
276360000,13819,48.4922070267,-4.5038637216,144.3404
276380000,13820,48.4922068073,-4.5038634847,144.3404
276400000,13821,48.4922065879,-4.5038632479,144.3404
276420000,13822,48.4922063685,-4.503863011,144.3404
276440000,13823,48.492206149,-4.5038627741,144.3404
276460000,13824,48.4922059296,-4.5038625373,144.3404
276480000,13825,48.4922057102,-4.5038623004,144.3404
276500000,13826,48.4922054907,-4.5038620635,144.3404
276520000,13827,48.4922052713,-4.5038618267,144.3404
276540000,13828,48.4922050519,-4.5038615898,144.3404
276560000,13829,48.4922048324,-4.503861353,144.3404
276580000,13830,48.492204613,-4.5038611161,144.3404
276600000,13831,48.4922043936,-4.5038608792,144.3404
276620000,13832,48.4922041742,-4.5038606424,144.3404
276640000,13833,48.4922039547,-4.5038604055,144.3404
276660000,13834,48.4922037353,-4.5038601686,144.3404
276680000,13835,48.4922035159,-4.5038599318,144.3404
276700000,13836,48.4922032964,-4.5038596949,144.3404
276720000,13837,48.492203077,-4.503859458,144.3404
276740000,13838,48.4922028576,-4.5038592212,144.3404
276760000,13839,48.4922026381,-4.5038589843,144.3404
276780000,13840,48.4922024187,-4.5038587474,144.3404
276800000,13841,48.4922021993,-4.5038585106,144.3404
276820000,13842,48.4922019798,-4.5038582737,144.3404
276840000,13843,48.4922017604,-4.5038580368,144.3404
276860000,13844,48.492201541,-4.5038578,144.3404
276880000,13845,48.4922013216,-4.5038575631,144.3404
276900000,13846,48.4922011021,-4.5038573262,144.3404
276920000,13847,48.4922008827,-4.5038570894,144.3404
276940000,13848,48.4922006633,-4.5038568525,144.3404
276960000,13849,48.4922004438,-4.5038566156,144.3404
276980000,13850,48.4922002244,-4.5038563788,144.3404
277000000,13851,48.492200005,-4.5038561419,144.3404
277020000,13852,48.4921997855,-4.503855905,144.3404
277040000,13853,48.4921995661,-4.5038556682,144.3404
277060000,13854,48.4921993467,-4.5038554313,144.3404
277080000,13855,48.4921991273,-4.5038551944,144.3404
277100000,13856,48.4921989078,-4.5038549576,144.3404
277120000,13857,48.4921986884,-4.5038547207,144.3404
277140000,13858,48.492198469,-4.5038544838,144.3404
277160000,13859,48.4921982495,-4.503854247,144.3404
277180000,13860,48.4921980301,-4.5038540101,144.3404
277200000,13861,48.4921978107,-4.5038537732,144.3404
277220000,13862,48.4921975912,-4.5038535364,144.3404
277240000,13863,48.4921973718,-4.5038532995,144.3404
277260000,13864,48.4921971524,-4.5038530626,144.3404
277280000,13865,48.492196933,-4.5038528258,144.3404
277300000,13866,48.4921967135,-4.5038525889,144.3404
277320000,13867,48.4921964941,-4.503852352,144.3404
277340000,13868,48.4921962747,-4.5038521152,144.3404
277360000,13869,48.4921960552,-4.5038518783,144.3404
277380000,13870,48.4921958358,-4.5038516414,144.3404
277400000,13871,48.4921956164,-4.5038514046,144.3404
277420000,13872,48.4921953969,-4.5038511677,144.3404
277440000,13873,48.4921951775,-4.5038509308,144.3404
277460000,13874,48.4921949581,-4.503850694,144.3404
277480000,13875,48.4921947387,-4.5038504571,144.3404
277500000,13876,48.4921945192,-4.5038502203,144.3404
277520000,13877,48.4921942998,-4.5038499834,144.3404
277540000,13878,48.4921940804,-4.5038497465,144.3404
277560000,13879,48.4921938609,-4.5038495097,144.3404
277580000,13880,48.4921936415,-4.5038492728,144.3404
277600000,13881,48.4921934221,-4.5038490359,144.3404
277620000,13882,48.4921932026,-4.5038487991,144.3404
277640000,13883,48.4921929832,-4.5038485622,144.3404
277660000,13884,48.4921927638,-4.5038483253,144.3404
277680000,13885,48.4921925443,-4.5038480885,144.3404
277700000,13886,48.4921923249,-4.5038478516,144.3404
277720000,13887,48.4921921055,-4.5038476147,144.3404
277740000,13888,48.4921918861,-4.5038473779,144.3404
277760000,13889,48.4921916666,-4.503847141,144.3404
277780000,13890,48.4921914472,-4.5038469041,144.3404
277800000,13891,48.4921912278,-4.5038466673,144.3404
277820000,13892,48.4921910083,-4.5038464304,144.3404
277840000,13893,48.4921907889,-4.5038461935,144.3404
277860000,13894,48.4921905695,-4.5038459567,144.3404
277880000,13895,48.49219035,-4.5038457198,144.3404
277900000,13896,48.4921901306,-4.5038454829,144.3404
277920000,13897,48.4921899112,-4.5038452461,144.3404
277940000,13898,48.4921896918,-4.5038450092,144.3404
277960000,13899,48.4921894723,-4.5038447723,144.3404
277980000,13900,48.4921892529,-4.5038445355,144.3404
278000000,13901,48.4921890335,-4.5038442986,144.3404
278020000,13902,48.492188814,-4.5038440617,144.3404
278040000,13903,48.4921885946,-4.5038438249,144.3404
278060000,13904,48.4921883752,-4.503843588,144.3404
278080000,13905,48.4921881557,-4.5038433511,144.3404
278100000,13906,48.4921879363,-4.5038431143,144.3404
278120000,13907,48.4921877169,-4.5038428774,144.3404
278140000,13908,48.4921874975,-4.5038426405,144.3404
278160000,13909,48.492187278,-4.5038424037,144.3404
278180000,13910,48.4921870586,-4.5038421668,144.3404
278200000,13911,48.4921868392,-4.5038419299,144.3404
278220000,13912,48.4921866197,-4.5038416931,144.3404
278240000,13913,48.4921864003,-4.5038414562,144.3404
278260000,13914,48.4921861809,-4.5038412193,144.3404
278280000,13915,48.4921859614,-4.5038409825,144.3404
278300000,13916,48.492185742,-4.5038407456,144.3404
278320000,13917,48.4921855226,-4.5038405088,144.3404
278340000,13918,48.4921853031,-4.5038402719,144.3404
278360000,13919,48.4921850837,-4.503840035,144.3404
278380000,13920,48.4921848643,-4.5038397982,144.3404
278400000,13921,48.4921846449,-4.5038395613,144.3404
278420000,13922,48.4921844254,-4.5038393244,144.3404
278440000,13923,48.492184206,-4.5038390876,144.3404
278460000,13924,48.4921839866,-4.5038388507,144.3404
278480000,13925,48.4921837671,-4.5038386138,144.3404
278500000,13926,48.4921835477,-4.503838377,144.3404
278520000,13927,48.4921833283,-4.5038381401,144.3404
278540000,13928,48.4921831088,-4.5038379032,144.3404
278560000,13929,48.4921828894,-4.5038376664,144.3404
278580000,13930,48.49218267,-4.5038374295,144.3404
278600000,13931,48.4921824506,-4.5038371926,144.3404
278620000,13932,48.4921822311,-4.5038369558,144.3404
278640000,13933,48.4921820117,-4.5038367189,144.3404
278660000,13934,48.4921817923,-4.503836482,144.3404
278680000,13935,48.4921815728,-4.5038362452,144.3404
278700000,13936,48.4921813534,-4.5038360083,144.3404
278720000,13937,48.492181134,-4.5038357714,144.3404
278740000,13938,48.4921809145,-4.5038355346,144.3404
278760000,13939,48.4921806951,-4.5038352977,144.3404
278780000,13940,48.4921804757,-4.5038350608,144.3404
278800000,13941,48.4921802563,-4.503834824,144.3404
278820000,13942,48.4921800368,-4.5038345871,144.3404
278840000,13943,48.4921798174,-4.5038343502,144.3404
278860000,13944,48.492179598,-4.5038341134,144.3404
278880000,13945,48.4921793785,-4.5038338765,144.3404
278900000,13946,48.4921791591,-4.5038336396,144.3404
278920000,13947,48.4921789397,-4.5038334028,144.3404
278940000,13948,48.4921787202,-4.5038331659,144.3404
278960000,13949,48.4921785008,-4.503832929,144.3404
278980000,13950,48.4921782814,-4.5038326922,144.3404
279000000,13951,48.492178062,-4.5038324553,144.3404
279020000,13952,48.4921778425,-4.5038322185,144.3404
279040000,13953,48.4921776231,-4.5038319816,144.3404
279060000,13954,48.4921774037,-4.5038317447,144.3404
279080000,13955,48.4921771842,-4.5038315079,144.3404
279100000,13956,48.4921769648,-4.503831271,144.3404
279120000,13957,48.4921767454,-4.5038310341,144.3404
279140000,13958,48.4921765259,-4.5038307973,144.3404
279160000,13959,48.4921763065,-4.5038305604,144.3404
279180000,13960,48.4921760871,-4.5038303235,144.3404
279200000,13961,48.4921758676,-4.5038300867,144.3404
279220000,13962,48.4921756482,-4.5038298498,144.3404
279240000,13963,48.4921754288,-4.5038296129,144.3404
279260000,13964,48.4921752094,-4.5038293761,144.3404
279280000,13965,48.4921749899,-4.5038291392,144.3404
279300000,13966,48.4921747705,-4.5038289023,144.3404
279320000,13967,48.4921745511,-4.5038286655,144.3404
279340000,13968,48.4921743316,-4.5038284286,144.3404
279360000,13969,48.4921741122,-4.5038281917,144.3404
279380000,13970,48.4921738928,-4.5038279549,144.3404
279400000,13971,48.4921736733,-4.503827718,144.3404
279420000,13972,48.4921734539,-4.5038274811,144.3404
279440000,13973,48.4921732345,-4.5038272443,144.3404
279460000,13974,48.4921730151,-4.5038270074,144.3404
279480000,13975,48.4921727956,-4.5038267705,144.3404
279500000,13976,48.4921725762,-4.5038265337,144.3404
279520000,13977,48.4921723568,-4.5038262968,144.3404
279540000,13978,48.4921721373,-4.5038260599,144.3404
279560000,13979,48.4921719179,-4.5038258231,144.3404
279580000,13980,48.4921716985,-4.5038255862,144.3404
279600000,13981,48.492171479,-4.5038253493,144.3404
279620000,13982,48.4921712596,-4.5038251125,144.3404
279640000,13983,48.4921710402,-4.5038248756,144.3404
279660000,13984,48.4921708208,-4.5038246387,144.3404
279680000,13985,48.4921706013,-4.5038244019,144.3404
279700000,13986,48.4921703819,-4.503824165,144.3404
279720000,13987,48.4921701625,-4.5038239282,144.3404
279740000,13988,48.492169943,-4.5038236913,144.3404
279760000,13989,48.4921697236,-4.5038234544,144.3404
279780000,13990,48.4921695042,-4.5038232176,144.3404
279800000,13991,48.4921692847,-4.5038229807,144.3404
279820000,13992,48.4921690653,-4.5038227438,144.3404
279840000,13993,48.4921688459,-4.503822507,144.3404
279860000,13994,48.4921686264,-4.5038222701,144.3404
279880000,13995,48.492168407,-4.5038220332,144.3404
279900000,13996,48.4921681876,-4.5038217964,144.3404
279920000,13997,48.4921679682,-4.5038215595,144.3404
279940000,13998,48.4921677487,-4.5038213226,144.3404
279960000,13999,48.4921675293,-4.5038210858,144.3404
279980000,14000,48.4921673099,-4.5038208489,144.3404
280000000,14001,48.4921670904,-4.503820612,144.3404
280020000,14002,48.492166871,-4.5038203752,144.3404
280040000,14003,48.4921666516,-4.5038201383,144.3404
280060000,14004,48.4921664321,-4.5038199014,144.3404
280080000,14005,48.4921662127,-4.5038196646,144.3404
280100000,14006,48.4921659933,-4.5038194277,144.3404
280120000,14007,48.4921657739,-4.5038191908,144.3404
280140000,14008,48.4921655544,-4.503818954,144.3404
280160000,14009,48.492165335,-4.5038187171,144.3404
280180000,14010,48.4921651156,-4.5038184802,144.3404
280200000,14011,48.4921648961,-4.5038182434,144.3404
280220000,14012,48.4921646767,-4.5038180065,144.3404
280240000,14013,48.4921644573,-4.5038177696,144.3404
280260000,14014,48.4921642378,-4.5038175328,144.3404
280280000,14015,48.4921640184,-4.5038172959,144.3404
280300000,14016,48.492163799,-4.503817059,144.3404
280320000,14017,48.4921635795,-4.5038168222,144.3404
280340000,14018,48.4921633601,-4.5038165853,144.3404
280360000,14019,48.4921631407,-4.5038163485,144.3404
280380000,14020,48.4921629213,-4.5038161116,144.3404
280400000,14021,48.4921627018,-4.5038158747,144.3404
280420000,14022,48.4921624824,-4.5038156379,144.3404
280440000,14023,48.492162263,-4.503815401,144.3404
280460000,14024,48.4921620435,-4.5038151641,144.3404
280480000,14025,48.4921618241,-4.5038149273,144.3404
280500000,14026,48.4921616047,-4.5038146904,144.3404
280520000,14027,48.4921613852,-4.5038144535,144.3404
280540000,14028,48.4921611658,-4.5038142167,144.3404
280560000,14029,48.4921609464,-4.5038139798,144.3404
280580000,14030,48.492160727,-4.5038137429,144.3404
280600000,14031,48.4921605075,-4.5038135061,144.3404
280620000,14032,48.4921602881,-4.5038132692,144.3404
280640000,14033,48.4921600687,-4.5038130323,144.3404
280660000,14034,48.4921598492,-4.5038127955,144.3404
280680000,14035,48.4921596298,-4.5038125586,144.3404
280700000,14036,48.4921594104,-4.5038123217,144.3404
280720000,14037,48.4921591909,-4.5038120849,144.3404
280740000,14038,48.4921589715,-4.503811848,144.3404
280760000,14039,48.4921587521,-4.5038116111,144.3404
280780000,14040,48.4921585327,-4.5038113743,144.3404
280800000,14041,48.4921583132,-4.5038111374,144.3404
280820000,14042,48.4921580938,-4.5038109005,144.3404
280840000,14043,48.4921578744,-4.5038106637,144.3404
280860000,14044,48.4921576549,-4.5038104268,144.3404
280880000,14045,48.4921574355,-4.5038101899,144.3404
280900000,14046,48.4921572161,-4.5038099531,144.3404
280920000,14047,48.4921569966,-4.5038097162,144.3404
280940000,14048,48.4921567772,-4.5038094794,144.3404
280960000,14049,48.4921565578,-4.5038092425,144.3404
280980000,14050,48.4921563383,-4.5038090056,144.3404
281000000,14051,48.4921561189,-4.5038087688,144.3404
281020000,14052,48.4921558995,-4.5038085319,144.3404
281040000,14053,48.4921556801,-4.503808295,144.3404
281060000,14054,48.4921554606,-4.5038080582,144.3404
281080000,14055,48.4921552412,-4.5038078213,144.3404
281100000,14056,48.4921550218,-4.5038075844,144.3404
281120000,14057,48.4921548023,-4.5038073476,144.3404
281140000,14058,48.4921545829,-4.5038071107,144.3404
281160000,14059,48.4921543635,-4.5038068738,144.3404
281180000,14060,48.492154144,-4.503806637,144.3404
281200000,14061,48.4921539246,-4.5038064001,144.3404
281220000,14062,48.4921537052,-4.5038061632,144.3404
281240000,14063,48.4921534858,-4.5038059264,144.3404
281260000,14064,48.4921532663,-4.5038056895,144.3404
281280000,14065,48.4921530469,-4.5038054526,144.3404
281300000,14066,48.4921528275,-4.5038052158,144.3404
281320000,14067,48.492152608,-4.5038049789,144.3404
281340000,14068,48.4921523886,-4.503804742,144.3404
281360000,14069,48.4921521692,-4.5038045052,144.3404
281380000,14070,48.4921519497,-4.5038042683,144.3404
281400000,14071,48.4921517303,-4.5038040314,144.3404
281420000,14072,48.4921515109,-4.5038037946,144.3404
281440000,14073,48.4921512915,-4.5038035577,144.3404
281460000,14074,48.492151072,-4.5038033208,144.3404
281480000,14075,48.4921508526,-4.503803084,144.3404
281500000,14076,48.4921506332,-4.5038028471,144.3404
281520000,14077,48.4921504137,-4.5038026103,144.3404
281540000,14078,48.4921501943,-4.5038023734,144.3404
281560000,14079,48.4921499749,-4.5038021365,144.3404
281580000,14080,48.4921497554,-4.5038018997,144.3404
281600000,14081,48.492149536,-4.5038016628,144.3404
281620000,14082,48.4921493166,-4.5038014259,144.3404
281640000,14083,48.4921493166,-4.5038014259,144.3404
281660000,14084,48.49214917,-4.5038012627,142.6396
281680000,14085,48.4921490258,-4.503801092,140.9798
281700000,14086,48.4921488839,-4.5038009139,139.3618
281720000,14087,48.4921487443,-4.5038007286,137.7863
281740000,14088,48.492148607,-4.5038005361,136.2536
281760000,14089,48.4921484721,-4.5038003365,134.7637
281780000,14090,48.4921483393,-4.50380013,133.3164
281800000,14091,48.4921482089,-4.5037999167,131.9114
281820000,14092,48.4921480808,-4.5037996966,130.5482
281840000,14093,48.4921479549,-4.50379947,129.2261
281860000,14094,48.4921478312,-4.5037992368,127.9443
281880000,14095,48.4921477098,-4.5037989972,126.7018
281900000,14096,48.4921475907,-4.5037987514,125.4978
281920000,14097,48.4921474738,-4.5037984994,124.3311
281940000,14098,48.4921473591,-4.5037982413,123.2007
281960000,14099,48.4921472466,-4.5037979772,122.1054
281980000,14100,48.4921471364,-4.5037977073,121.0442
282000000,14101,48.4921470284,-4.5037974317,120.0157
282020000,14102,48.4921469225,-4.5037971504,119.019
282040000,14103,48.4921468189,-4.5037968636,118.0527
282060000,14104,48.4921467174,-4.5037965714,117.1158
282080000,14105,48.4921466181,-4.5037962739,116.2072
282100000,14106,48.492146521,-4.5037959711,115.3257
282120000,14107,48.4921464261,-4.5037956633,114.4702
282140000,14108,48.4921463333,-4.5037953506,113.6398
282160000,14109,48.4921462426,-4.5037950329,112.8333
282180000,14110,48.4921461541,-4.5037947105,112.0498
282200000,14111,48.4921460678,-4.5037943835,111.2883
282220000,14112,48.4921459835,-4.5037940519,110.548
282240000,14113,48.4921459014,-4.5037937159,109.8278
282260000,14114,48.4921458214,-4.5037933755,109.1269
282280000,14115,48.4921457435,-4.503793031,108.4446
282300000,14116,48.4921456677,-4.5037926823,107.7799
282320000,14117,48.492145594,-4.5037923296,107.1322
282340000,14118,48.4921455224,-4.5037919731,106.5006
282360000,14119,48.4921454529,-4.5037916128,105.8845
282380000,14120,48.4921453854,-4.5037912488,105.2832
282400000,14121,48.49214532,-4.5037908812,104.696
282420000,14122,48.4921452566,-4.5037905102,104.1222
282440000,14123,48.4921451953,-4.5037901359,103.5614
282460000,14124,48.4921451361,-4.5037897584,103.0128
282480000,14125,48.4921450789,-4.5037893777,102.476
282500000,14126,48.4921450237,-4.503788994,101.9503
282520000,14127,48.4921449705,-4.5037886074,101.4354
282540000,14128,48.4921449193,-4.503788218,100.9306
282560000,14129,48.4921448702,-4.5037878259,100.4355
282580000,14130,48.492144823,-4.5037874312,99.9496
282600000,14131,48.4921447778,-4.5037870341,99.4725
282620000,14132,48.4921447346,-4.5037866346,99.0038
282640000,14133,48.4921446934,-4.5037862329,98.543
282660000,14134,48.4921446542,-4.503785829,98.0898
282680000,14135,48.4921446169,-4.5037854231,97.6437
282700000,14136,48.4921445816,-4.5037850153,97.2044
282720000,14137,48.4921445482,-4.5037846056,96.7716
282740000,14138,48.4921445168,-4.5037841943,96.3448
282760000,14139,48.4921444873,-4.5037837814,95.9237
282780000,14140,48.4921444597,-4.5037833669,95.5081
282800000,14141,48.4921444341,-4.5037829512,95.0975
282820000,14142,48.4921444103,-4.5037825341,94.6917
282840000,14143,48.4921443885,-4.5037821159,94.2904
282860000,14144,48.4921443686,-4.5037816966,93.8932
282880000,14145,48.4921443505,-4.5037812764,93.4999
282900000,14146,48.4921443344,-4.5037808554,93.1102
282920000,14147,48.4921443201,-4.5037804336,92.7238
282940000,14148,48.4921443077,-4.5037800112,92.3405
282960000,14149,48.4921442971,-4.5037795884,91.9599
282980000,14150,48.4921442884,-4.5037791651,91.5818
283000000,14151,48.4921442816,-4.5037787415,91.206
283020000,14152,48.4921442766,-4.5037783178,90.8321
283040000,14153,48.4921442734,-4.503777894,90.46
283060000,14154,48.492144272,-4.5037774703,90.0893
283080000,14155,48.4921442725,-4.5037770467,89.7199
283100000,14156,48.4921442748,-4.5037766233,89.3514
283120000,14157,48.4921442789,-4.5037762004,88.9836
283140000,14158,48.4921442847,-4.5037757779,88.6162
283160000,14159,48.4921442924,-4.503775356,88.2491
283180000,14160,48.4921443019,-4.5037749348,87.8819
283200000,14161,48.4921443131,-4.5037745144,87.5144
283220000,14162,48.4921443261,-4.5037740949,87.1463
283240000,14163,48.4921443409,-4.5037736764,86.7774
283260000,14164,48.4921443574,-4.5037732591,86.4074
283280000,14165,48.4921443756,-4.503772843,86.036
283300000,14166,48.4921443956,-4.5037724283,85.663
283320000,14167,48.4921444174,-4.503772015,85.2881
283340000,14168,48.4921444408,-4.5037716033,84.9109
283360000,14169,48.492144466,-4.5037711933,84.5313
283380000,14170,48.4921444929,-4.5037707851,84.1489
283400000,14171,48.4921445215,-4.5037703788,83.7633
283420000,14172,48.4921445518,-4.5037699744,83.3744
283440000,14173,48.4921445838,-4.5037695722,82.9817
283460000,14174,48.4921446174,-4.5037691722,82.5849
283480000,14175,48.4921446528,-4.5037687746,82.1837
283500000,14176,48.4921446898,-4.5037683794,81.7777
283520000,14177,48.4921447284,-4.5037679867,81.3665
283540000,14178,48.4921447687,-4.5037675967,80.9498
283560000,14179,48.4921448107,-4.5037672095,80.5272
283580000,14180,48.4921448543,-4.5037668252,80.0982
283600000,14181,48.4921448996,-4.5037664438,79.6623
283620000,14182,48.4921449464,-4.5037660656,79.2192
283640000,14183,48.4921449949,-4.5037656905,78.7684
283660000,14184,48.492145045,-4.5037653188,78.3093
283680000,14185,48.4921450967,-4.5037649505,77.8414
283700000,14186,48.49214515,-4.5037645857,77.3642
283720000,14187,48.4921452048,-4.5037642246,76.8771
283740000,14188,48.4921452613,-4.5037638672,76.3795
283760000,14189,48.4921453193,-4.5037635137,75.8707
283780000,14190,48.4921453789,-4.5037631642,75.35
283800000,14191,48.4921454401,-4.5037628187,74.8167
283820000,14192,48.4921455028,-4.5037624774,74.2702
283840000,14193,48.4921455671,-4.5037621405,73.7094
283860000,14194,48.4921456329,-4.5037618079,73.1337
283880000,14195,48.4921457002,-4.5037614798,72.5421
283900000,14196,48.4921457691,-4.5037611564,71.9337
283920000,14197,48.4921458394,-4.5037608377,71.3073
283940000,14198,48.4921459113,-4.5037605239,70.6621
283960000,14199,48.4921459847,-4.503760215,69.9967
283980000,14200,48.4921460596,-4.5037599112,69.31
284000000,14201,48.4921461359,-4.5037596125,68.6007
284020000,14202,48.4921462138,-4.5037593191,67.8675
284040000,14203,48.4921462931,-4.5037590311,67.1088
284060000,14204,48.4921463739,-4.5037587487,66.3231
284080000,14205,48.4921464562,-4.5037584718,65.5087
284100000,14206,48.4921465399,-4.5037582006,64.664
284120000,14207,48.492146625,-4.5037579353,63.7869
284140000,14208,48.4921467116,-4.5037576759,62.8756
284160000,14209,48.4921467996,-4.5037574225,61.928
284180000,14210,48.492146889,-4.5037571753,60.9417
284200000,14211,48.4921469799,-4.5037569344,59.9146
284220000,14212,48.4921470722,-4.5037566998,58.844
284240000,14213,48.4921471658,-4.5037564717,57.7273
284260000,14214,48.4921472609,-4.5037562502,56.5619
284280000,14215,48.4921473573,-4.5037560354,55.3448
284300000,14216,48.4921474552,-4.5037558274,54.0731
284320000,14217,48.4921475544,-4.5037556263,52.7436
284340000,14218,48.4921476549,-4.5037554323,51.3533
284360000,14219,48.4921477569,-4.5037552454,49.8988
284380000,14220,48.4921478601,-4.5037550657,48.377
284400000,14221,48.4921479648,-4.5037548934,46.7847
284420000,14222,48.4921480707,-4.5037547285,45.1185
284440000,14223,48.492148178,-4.5037545712,43.3757
284460000,14224,48.4921482866,-4.5037544216,41.5534
284480000,14225,48.4921483966,-4.5037542798,39.6492
284500000,14226,48.4921485078,-4.5037541459,37.6611
284520000,14227,48.4921486204,-4.50375402,35.5877
284540000,14228,48.4921487342,-4.5037539022,33.4284
284560000,14229,48.4921488493,-4.5037537927,31.1833
284580000,14230,48.4921489657,-4.5037536915,28.8536
284600000,14231,48.4921490834,-4.5037535987,26.4416
284620000,14232,48.4921492023,-4.5037535145,23.9511
284640000,14233,48.4921493225,-4.5037534389,21.3871
284660000,14234,48.492149444,-4.5037533721,18.756
284680000,14235,48.4921495667,-4.5037533142,16.0658
284700000,14236,48.4921496906,-4.5037532653,13.3258
284720000,14237,48.4921498158,-4.5037532255,10.5464
284740000,14238,48.4921499421,-4.5037531949,7.7394
284760000,14239,48.4921500697,-4.5037531736,4.9169
284780000,14240,48.4921501985,-4.5037531617,2.0918
284800000,14241,48.4921503285,-4.5037531594,359.277
284820000,14242,48.4921504597,-4.5037531667,356.485
284840000,14243,48.4921505921,-4.5037531838,353.7278
284860000,14244,48.4921507257,-4.5037532107,351.0166
284880000,14245,48.4921508604,-4.5037532476,348.3612
284900000,14246,48.4921509963,-4.5037532946,345.7704
284920000,14247,48.4921511334,-4.5037533518,343.2513
284940000,14248,48.4921512716,-4.5037534193,340.8097
284960000,14249,48.4921514109,-4.5037534972,338.45
284980000,14250,48.4921515514,-4.5037535856,336.1752
285000000,14251,48.4921516931,-4.5037536846,333.987
285020000,14252,48.4921518358,-4.5037537944,331.8862
285040000,14253,48.4921519796,-4.503753915,329.8725
285060000,14254,48.4921521246,-4.5037540466,327.9449
285080000,14255,48.4921522707,-4.5037541892,326.1016
285100000,14256,48.4921524178,-4.503754343,324.3404
285120000,14257,48.4921524178,-4.503754343,324.3404
285140000,14258,48.4921526373,-4.5037545799,324.3404
285160000,14259,48.4921528567,-4.5037548168,324.3404
285180000,14260,48.4921530761,-4.5037550536,324.3404
285200000,14261,48.4921532955,-4.5037552905,324.3404
285220000,14262,48.492153515,-4.5037555274,324.3404
285240000,14263,48.4921537344,-4.5037557642,324.3404
285260000,14264,48.4921539538,-4.5037560011,324.3404
285280000,14265,48.4921541733,-4.503756238,324.3404
285300000,14266,48.4921543927,-4.5037564748,324.3404
285320000,14267,48.4921546121,-4.5037567117,324.3404
285340000,14268,48.4921548316,-4.5037569486,324.3404
285360000,14269,48.492155051,-4.5037571854,324.3404
285380000,14270,48.4921552704,-4.5037574223,324.3404
285400000,14271,48.4921554899,-4.5037576592,324.3404
285420000,14272,48.4921557093,-4.503757896,324.3404
285440000,14273,48.4921559287,-4.5037581329,324.3404
285460000,14274,48.4921561481,-4.5037583698,324.3404
285480000,14275,48.4921563676,-4.5037586066,324.3404
285500000,14276,48.492156587,-4.5037588435,324.3404
285520000,14277,48.4921568064,-4.5037590804,324.3404
285540000,14278,48.4921570259,-4.5037593172,324.3404
285560000,14279,48.4921572453,-4.5037595541,324.3404
285580000,14280,48.4921574647,-4.503759791,324.3404
285600000,14281,48.4921576842,-4.5037600278,324.3404
285620000,14282,48.4921579036,-4.5037602647,324.3404
285640000,14283,48.492158123,-4.5037605015,324.3404
285660000,14284,48.4921583424,-4.5037607384,324.3404
285680000,14285,48.4921585619,-4.5037609753,324.3404
285700000,14286,48.4921587813,-4.5037612121,324.3404
285720000,14287,48.4921590007,-4.503761449,324.3404
285740000,14288,48.4921592202,-4.5037616859,324.3404
285760000,14289,48.4921594396,-4.5037619227,324.3404
285780000,14290,48.492159659,-4.5037621596,324.3404
285800000,14291,48.4921598785,-4.5037623965,324.3404
285820000,14292,48.4921600979,-4.5037626333,324.3404
285840000,14293,48.4921603173,-4.5037628702,324.3404
285860000,14294,48.4921605368,-4.5037631071,324.3404
285880000,14295,48.4921607562,-4.5037633439,324.3404
285900000,14296,48.4921609756,-4.5037635808,324.3404
285920000,14297,48.492161195,-4.5037638177,324.3404
285940000,14298,48.4921614145,-4.5037640545,324.3404
285960000,14299,48.4921616339,-4.5037642914,324.3404
285980000,14300,48.4921618533,-4.5037645283,324.3404
286000000,14301,48.4921620728,-4.5037647651,324.3404
286020000,14302,48.4921622922,-4.503765002,324.3404
286040000,14303,48.4921625116,-4.5037652389,324.3404
286060000,14304,48.4921627311,-4.5037654757,324.3404
286080000,14305,48.4921629505,-4.5037657126,324.3404
286100000,14306,48.4921631699,-4.5037659495,324.3404
286120000,14307,48.4921633893,-4.5037661863,324.3404
286140000,14308,48.4921636088,-4.5037664232,324.3404
286160000,14309,48.4921638282,-4.50376666,324.3404
286180000,14310,48.4921640476,-4.5037668969,324.3404
286200000,14311,48.4921642671,-4.5037671338,324.3404
286220000,14312,48.4921644865,-4.5037673706,324.3404
286240000,14313,48.4921647059,-4.5037676075,324.3404
286260000,14314,48.4921649254,-4.5037678444,324.3404
286280000,14315,48.4921651448,-4.5037680812,324.3404
286300000,14316,48.4921653642,-4.5037683181,324.3404
286320000,14317,48.4921655837,-4.503768555,324.3404
286340000,14318,48.4921658031,-4.5037687918,324.3404
286360000,14319,48.4921660225,-4.5037690287,324.3404
286380000,14320,48.4921662419,-4.5037692656,324.3404
286400000,14321,48.4921664614,-4.5037695024,324.3404
286420000,14322,48.4921666808,-4.5037697393,324.3404
286440000,14323,48.4921669002,-4.5037699762,324.3404
286460000,14324,48.4921671197,-4.503770213,324.3404
286480000,14325,48.4921673391,-4.5037704499,324.3404
286500000,14326,48.4921675585,-4.5037706868,324.3404
286520000,14327,48.492167778,-4.5037709236,324.3404
286540000,14328,48.4921679974,-4.5037711605,324.3404
286560000,14329,48.4921682168,-4.5037713974,324.3404
286580000,14330,48.4921684362,-4.5037716342,324.3404
286600000,14331,48.4921686557,-4.5037718711,324.3404
286620000,14332,48.4921688751,-4.503772108,324.3404
286640000,14333,48.4921690945,-4.5037723448,324.3404
286660000,14334,48.492169314,-4.5037725817,324.3404
286680000,14335,48.4921695334,-4.5037728185,324.3404
286700000,14336,48.4921697528,-4.5037730554,324.3404
286720000,14337,48.4921699723,-4.5037732923,324.3404
286740000,14338,48.4921701917,-4.5037735291,324.3404
286760000,14339,48.4921704111,-4.503773766,324.3404
286780000,14340,48.4921706306,-4.5037740029,324.3404
286800000,14341,48.49217085,-4.5037742397,324.3404
286820000,14342,48.4921710694,-4.5037744766,324.3404
286840000,14343,48.4921712888,-4.5037747135,324.3404
286860000,14344,48.4921715083,-4.5037749503,324.3404
286880000,14345,48.4921717277,-4.5037751872,324.3404
286900000,14346,48.4921719471,-4.5037754241,324.3404
286920000,14347,48.4921721666,-4.5037756609,324.3404
286940000,14348,48.492172386,-4.5037758978,324.3404
286960000,14349,48.4921726054,-4.5037761347,324.3404
286980000,14350,48.4921728249,-4.5037763715,324.3404
287000000,14351,48.4921730443,-4.5037766084,324.3404
287020000,14352,48.4921732637,-4.5037768453,324.3404
287040000,14353,48.4921734831,-4.5037770821,324.3404
287060000,14354,48.4921737026,-4.503777319,324.3404
287080000,14355,48.492173922,-4.5037775559,324.3404
287100000,14356,48.4921741414,-4.5037777927,324.3404
287120000,14357,48.4921743609,-4.5037780296,324.3404
287140000,14358,48.4921745803,-4.5037782665,324.3404
287160000,14359,48.4921747997,-4.5037785033,324.3404
287180000,14360,48.4921750192,-4.5037787402,324.3404
287200000,14361,48.4921752386,-4.503778977,324.3404
287220000,14362,48.492175458,-4.5037792139,324.3404
287240000,14363,48.4921756775,-4.5037794508,324.3404
287260000,14364,48.4921758969,-4.5037796876,324.3404
287280000,14365,48.4921761163,-4.5037799245,324.3404
287300000,14366,48.4921763357,-4.5037801614,324.3404
287320000,14367,48.4921765552,-4.5037803982,324.3404
287340000,14368,48.4921767746,-4.5037806351,324.3404
287360000,14369,48.492176994,-4.503780872,324.3404
287380000,14370,48.4921772135,-4.5037811088,324.3404
287400000,14371,48.4921774329,-4.5037813457,324.3404
287420000,14372,48.4921776523,-4.5037815826,324.3404
287440000,14373,48.4921778718,-4.5037818194,324.3404
287460000,14374,48.4921780912,-4.5037820563,324.3404
287480000,14375,48.4921783106,-4.5037822932,324.3404
287500000,14376,48.49217853,-4.50378253,324.3404
287520000,14377,48.4921787495,-4.5037827669,324.3404
287540000,14378,48.4921789689,-4.5037830038,324.3404
287560000,14379,48.4921791883,-4.5037832406,324.3404
287580000,14380,48.4921794078,-4.5037834775,324.3404
287600000,14381,48.4921796272,-4.5037837144,324.3404
287620000,14382,48.4921798466,-4.5037839512,324.3404
287640000,14383,48.4921800661,-4.5037841881,324.3404
287660000,14384,48.4921802855,-4.503784425,324.3404
287680000,14385,48.4921805049,-4.5037846618,324.3404
287700000,14386,48.4921807243,-4.5037848987,324.3404
287720000,14387,48.4921809438,-4.5037851356,324.3404
287740000,14388,48.4921811632,-4.5037853724,324.3404
287760000,14389,48.4921813826,-4.5037856093,324.3404
287780000,14390,48.4921816021,-4.5037858461,324.3404
287800000,14391,48.4921818215,-4.503786083,324.3404
287820000,14392,48.4921820409,-4.5037863199,324.3404
287840000,14393,48.4921822604,-4.5037865567,324.3404
287860000,14394,48.4921824798,-4.5037867936,324.3404
287880000,14395,48.4921826992,-4.5037870305,324.3404
287900000,14396,48.4921829187,-4.5037872673,324.3404
287920000,14397,48.4921831381,-4.5037875042,324.3404
287940000,14398,48.4921833575,-4.5037877411,324.3404
287960000,14399,48.4921835769,-4.5037879779,324.3404
287980000,14400,48.4921837964,-4.5037882148,324.3404
288000000,14401,48.4921840158,-4.5037884517,324.3404
288020000,14402,48.4921842352,-4.5037886885,324.3404
288040000,14403,48.4921844547,-4.5037889254,324.3404
288060000,14404,48.4921846741,-4.5037891623,324.3404
288080000,14405,48.4921848935,-4.5037893991,324.3404
288100000,14406,48.492185113,-4.503789636,324.3404
288120000,14407,48.4921853324,-4.5037898729,324.3404
288140000,14408,48.4921855518,-4.5037901097,324.3404
288160000,14409,48.4921857712,-4.5037903466,324.3404
288180000,14410,48.4921859907,-4.5037905835,324.3404
288200000,14411,48.4921862101,-4.5037908203,324.3404
288220000,14412,48.4921864295,-4.5037910572,324.3404
288240000,14413,48.492186649,-4.5037912941,324.3404
288260000,14414,48.4921868684,-4.5037915309,324.3404
288280000,14415,48.4921870878,-4.5037917678,324.3404
288300000,14416,48.4921873073,-4.5037920047,324.3404
288320000,14417,48.4921875267,-4.5037922415,324.3404
288340000,14418,48.4921877461,-4.5037924784,324.3404
288360000,14419,48.4921879656,-4.5037927153,324.3404
288380000,14420,48.492188185,-4.5037929521,324.3404
288400000,14421,48.4921884044,-4.503793189,324.3404
288420000,14422,48.4921886238,-4.5037934258,324.3404
288440000,14423,48.4921888433,-4.5037936627,324.3404
288460000,14424,48.4921890627,-4.5037938996,324.3404
288480000,14425,48.4921892821,-4.5037941364,324.3404
288500000,14426,48.4921895016,-4.5037943733,324.3404
288520000,14427,48.492189721,-4.5037946102,324.3404
288540000,14428,48.4921899404,-4.503794847,324.3404
288560000,14429,48.4921901599,-4.5037950839,324.3404
288580000,14430,48.4921903793,-4.5037953208,324.3404
288600000,14431,48.4921905987,-4.5037955576,324.3404
288620000,14432,48.4921908181,-4.5037957945,324.3404
288640000,14433,48.4921910376,-4.5037960314,324.3404
288660000,14434,48.492191257,-4.5037962682,324.3404
288680000,14435,48.4921914764,-4.5037965051,324.3404
288700000,14436,48.4921916959,-4.503796742,324.3404
288720000,14437,48.4921919153,-4.5037969788,324.3404
288740000,14438,48.4921921347,-4.5037972157,324.3404
288760000,14439,48.4921923542,-4.5037974526,324.3404
288780000,14440,48.4921925736,-4.5037976894,324.3404
288800000,14441,48.492192793,-4.5037979263,324.3404
288820000,14442,48.4921930125,-4.5037981632,324.3404
288840000,14443,48.4921932319,-4.5037984,324.3404
288860000,14444,48.4921934513,-4.5037986369,324.3404
288880000,14445,48.4921936707,-4.5037988738,324.3404
288900000,14446,48.4921938902,-4.5037991106,324.3404
288920000,14447,48.4921941096,-4.5037993475,324.3404
288940000,14448,48.492194329,-4.5037995844,324.3404
288960000,14449,48.4921945485,-4.5037998212,324.3404
288980000,14450,48.4921947679,-4.5038000581,324.3404
289000000,14451,48.4921949873,-4.503800295,324.3404
289020000,14452,48.4921952068,-4.5038005318,324.3404
289040000,14453,48.4921954262,-4.5038007687,324.3404
289060000,14454,48.4921956456,-4.5038010055,324.3404
289080000,14455,48.492195865,-4.5038012424,324.3404
289100000,14456,48.4921960845,-4.5038014793,324.3404
289120000,14457,48.4921963039,-4.5038017161,324.3404
289140000,14458,48.4921965233,-4.503801953,324.3404
289160000,14459,48.4921967428,-4.5038021899,324.3404
289180000,14460,48.4921969622,-4.5038024267,324.3404
289200000,14461,48.4921971816,-4.5038026636,324.3404
289220000,14462,48.4921974011,-4.5038029005,324.3404
289240000,14463,48.4921976205,-4.5038031373,324.3404
289260000,14464,48.4921978399,-4.5038033742,324.3404
289280000,14465,48.4921980593,-4.5038036111,324.3404
289300000,14466,48.4921982788,-4.5038038479,324.3404
289320000,14467,48.4921984982,-4.5038040848,324.3404
289340000,14468,48.4921987176,-4.5038043217,324.3404
289360000,14469,48.4921989371,-4.5038045585,324.3404
289380000,14470,48.4921991565,-4.5038047954,324.3404
289400000,14471,48.4921993759,-4.5038050323,324.3404
289420000,14472,48.4921995954,-4.5038052691,324.3404
289440000,14473,48.4921998148,-4.503805506,324.3404
289460000,14474,48.4922000342,-4.5038057429,324.3404
289480000,14475,48.4922002537,-4.5038059797,324.3404
289500000,14476,48.4922004731,-4.5038062166,324.3404
289520000,14477,48.4922006925,-4.5038064535,324.3404
289540000,14478,48.4922009119,-4.5038066903,324.3404
289560000,14479,48.4922011314,-4.5038069272,324.3404
289580000,14480,48.4922013508,-4.5038071641,324.3404
289600000,14481,48.4922015702,-4.5038074009,324.3404
289620000,14482,48.4922017897,-4.5038076378,324.3404
289640000,14483,48.4922020091,-4.5038078747,324.3404
289660000,14484,48.4922022285,-4.5038081115,324.3404
289680000,14485,48.492202448,-4.5038083484,324.3404
289700000,14486,48.4922026674,-4.5038085853,324.3404
289720000,14487,48.4922028868,-4.5038088221,324.3404
289740000,14488,48.4922031062,-4.503809059,324.3404
289760000,14489,48.4922033257,-4.5038092958,324.3404
289780000,14490,48.4922035451,-4.5038095327,324.3404
289800000,14491,48.4922037645,-4.5038097696,324.3404
289820000,14492,48.492203984,-4.5038100064,324.3404
289840000,14493,48.4922042034,-4.5038102433,324.3404
289860000,14494,48.4922044228,-4.5038104802,324.3404
289880000,14495,48.4922046423,-4.503810717,324.3404
289900000,14496,48.4922048617,-4.5038109539,324.3404
289920000,14497,48.4922050811,-4.5038111908,324.3404
289940000,14498,48.4922053006,-4.5038114276,324.3404
289960000,14499,48.49220552,-4.5038116645,324.3404
289980000,14500,48.4922057394,-4.5038119014,324.3404
290000000,14501,48.4922059588,-4.5038121382,324.3404
290020000,14502,48.4922061783,-4.5038123751,324.3404
290040000,14503,48.4922063977,-4.503812612,324.3404
290060000,14504,48.4922066171,-4.5038128488,324.3404
290080000,14505,48.4922068366,-4.5038130857,324.3404
290100000,14506,48.492207056,-4.5038133226,324.3404
290120000,14507,48.4922072754,-4.5038135594,324.3404
290140000,14508,48.4922074949,-4.5038137963,324.3404
290160000,14509,48.4922077143,-4.5038140332,324.3404
290180000,14510,48.4922079337,-4.50381427,324.3404
290200000,14511,48.4922081531,-4.5038145069,324.3404
290220000,14512,48.4922083726,-4.5038147438,324.3404
290240000,14513,48.492208592,-4.5038149806,324.3404
290260000,14514,48.4922088114,-4.5038152175,324.3404
290280000,14515,48.4922090309,-4.5038154544,324.3404
290300000,14516,48.4922092503,-4.5038156912,324.3404
290320000,14517,48.4922094697,-4.5038159281,324.3404
290340000,14518,48.4922096892,-4.503816165,324.3404
290360000,14519,48.4922099086,-4.5038164018,324.3404
290380000,14520,48.492210128,-4.5038166387,324.3404
290400000,14521,48.4922103474,-4.5038168756,324.3404
290420000,14522,48.4922105669,-4.5038171124,324.3404
290440000,14523,48.4922107863,-4.5038173493,324.3404
290460000,14524,48.4922110057,-4.5038175862,324.3404
290480000,14525,48.4922112252,-4.503817823,324.3404
290500000,14526,48.4922114446,-4.5038180599,324.3404
290520000,14527,48.492211664,-4.5038182967,324.3404
290540000,14528,48.4922118835,-4.5038185336,324.3404
290560000,14529,48.4922121029,-4.5038187705,324.3404
290580000,14530,48.4922123223,-4.5038190073,324.3404
290600000,14531,48.4922125418,-4.5038192442,324.3404
290620000,14532,48.4922127612,-4.5038194811,324.3404
290640000,14533,48.4922129806,-4.5038197179,324.3404
290660000,14534,48.4922132,-4.5038199548,324.3404
290680000,14535,48.4922134195,-4.5038201917,324.3404
290700000,14536,48.4922136389,-4.5038204285,324.3404
290720000,14537,48.4922138583,-4.5038206654,324.3404
290740000,14538,48.4922140778,-4.5038209023,324.3404
290760000,14539,48.4922142972,-4.5038211391,324.3404
290780000,14540,48.4922145166,-4.503821376,324.3404
290800000,14541,48.4922147361,-4.5038216129,324.3404
290820000,14542,48.4922149555,-4.5038218497,324.3404
290840000,14543,48.4922151749,-4.5038220866,324.3404
290860000,14544,48.4922153943,-4.5038223235,324.3404
290880000,14545,48.4922156138,-4.5038225603,324.3404
290900000,14546,48.4922158332,-4.5038227972,324.3404
290920000,14547,48.4922160526,-4.5038230341,324.3404
290940000,14548,48.4922162721,-4.5038232709,324.3404
290960000,14549,48.4922164915,-4.5038235078,324.3404
290980000,14550,48.4922167109,-4.5038237447,324.3404
291000000,14551,48.4922169304,-4.5038239815,324.3404
291020000,14552,48.4922171498,-4.5038242184,324.3404
291040000,14553,48.4922173692,-4.5038244553,324.3404
291060000,14554,48.4922175886,-4.5038246921,324.3404
291080000,14555,48.4922178081,-4.503824929,324.3404
291100000,14556,48.4922180275,-4.5038251659,324.3404
291120000,14557,48.4922182469,-4.5038254027,324.3404
291140000,14558,48.4922184664,-4.5038256396,324.3404
291160000,14559,48.4922186858,-4.5038258765,324.3404
291180000,14560,48.4922189052,-4.5038261133,324.3404
291200000,14561,48.4922191247,-4.5038263502,324.3404
291220000,14562,48.4922193441,-4.5038265871,324.3404
291240000,14563,48.4922195635,-4.5038268239,324.3404
291260000,14564,48.492219783,-4.5038270608,324.3404
291280000,14565,48.4922200024,-4.5038272977,324.3404
291300000,14566,48.4922202218,-4.5038275345,324.3404
291320000,14567,48.4922204412,-4.5038277714,324.3404
291340000,14568,48.4922206607,-4.5038280082,324.3404
291360000,14569,48.4922208801,-4.5038282451,324.3404
291380000,14570,48.4922210995,-4.503828482,324.3404
291400000,14571,48.492221319,-4.5038287188,324.3404
291420000,14572,48.4922215384,-4.5038289557,324.3404
291440000,14573,48.4922217578,-4.5038291926,324.3404
291460000,14574,48.4922219773,-4.5038294294,324.3404
291480000,14575,48.4922221967,-4.5038296663,324.3404
291500000,14576,48.4922224161,-4.5038299032,324.3404
291520000,14577,48.4922226355,-4.50383014,324.3404
291540000,14578,48.492222855,-4.5038303769,324.3404
291560000,14579,48.4922230744,-4.5038306138,324.3404
291580000,14580,48.4922232938,-4.5038308506,324.3404
291600000,14581,48.4922235133,-4.5038310875,324.3404
291620000,14582,48.4922237327,-4.5038313244,324.3404
291640000,14583,48.4922239521,-4.5038315612,324.3404
291660000,14584,48.4922241716,-4.5038317981,324.3404
291680000,14585,48.492224391,-4.503832035,324.3404
291700000,14586,48.4922246104,-4.5038322718,324.3404
291720000,14587,48.4922248298,-4.5038325087,324.3404
291740000,14588,48.4922250493,-4.5038327456,324.3404
291760000,14589,48.4922252687,-4.5038329824,324.3404
291780000,14590,48.4922254881,-4.5038332193,324.3404
291800000,14591,48.4922257076,-4.5038334562,324.3404
291820000,14592,48.492225927,-4.503833693,324.3404
291840000,14593,48.4922261464,-4.5038339299,324.3404
291860000,14594,48.4922263659,-4.5038341668,324.3404
291880000,14595,48.4922265853,-4.5038344036,324.3404
291900000,14596,48.4922268047,-4.5038346405,324.3404
291920000,14597,48.4922270242,-4.5038348774,324.3404
291940000,14598,48.4922272436,-4.5038351142,324.3404
291960000,14599,48.492227463,-4.5038353511,324.3404
291980000,14600,48.4922276824,-4.503835588,324.3404
292000000,14601,48.4922279019,-4.5038358248,324.3404
292020000,14602,48.4922281213,-4.5038360617,324.3404
292040000,14603,48.4922283407,-4.5038362986,324.3404
292060000,14604,48.4922285602,-4.5038365354,324.3404
292080000,14605,48.4922287796,-4.5038367723,324.3404
292100000,14606,48.492228999,-4.5038370092,324.3404
292120000,14607,48.4922292185,-4.503837246,324.3404
292140000,14608,48.4922294379,-4.5038374829,324.3404
292160000,14609,48.4922296573,-4.5038377198,324.3404
292180000,14610,48.4922298767,-4.5038379566,324.3404
292200000,14611,48.4922300962,-4.5038381935,324.3404
292220000,14612,48.4922303156,-4.5038384304,324.3404
292240000,14613,48.492230535,-4.5038386672,324.3404
292260000,14614,48.4922307545,-4.5038389041,324.3404
292280000,14615,48.4922309739,-4.5038391409,324.3404
292300000,14616,48.4922311933,-4.5038393778,324.3404
292320000,14617,48.4922314128,-4.5038396147,324.3404
292340000,14618,48.4922316322,-4.5038398515,324.3404
292360000,14619,48.4922318516,-4.5038400884,324.3404
292380000,14620,48.492232071,-4.5038403253,324.3404
292400000,14621,48.4922322905,-4.5038405621,324.3404
292420000,14622,48.4922325099,-4.503840799,324.3404
292440000,14623,48.4922327293,-4.5038410359,324.3404
292460000,14624,48.4922329488,-4.5038412727,324.3404
292480000,14625,48.4922331682,-4.5038415096,324.3404
292500000,14626,48.4922333876,-4.5038417465,324.3404
292520000,14627,48.4922336071,-4.5038419833,324.3404
292540000,14628,48.4922338265,-4.5038422202,324.3404
292560000,14629,48.4922340459,-4.5038424571,324.3404
292580000,14630,48.4922342654,-4.5038426939,324.3404
292600000,14631,48.4922344848,-4.5038429308,324.3404
292620000,14632,48.4922347042,-4.5038431677,324.3404
292640000,14633,48.4922349236,-4.5038434045,324.3404
292660000,14634,48.4922351431,-4.5038436414,324.3404
292680000,14635,48.4922353625,-4.5038438783,324.3404
292700000,14636,48.4922355819,-4.5038441151,324.3404
292720000,14637,48.4922358014,-4.503844352,324.3404
292740000,14638,48.4922360208,-4.5038445889,324.3404
292760000,14639,48.4922362402,-4.5038448257,324.3404
292780000,14640,48.4922364597,-4.5038450626,324.3404
292800000,14641,48.4922366791,-4.5038452995,324.3404
292820000,14642,48.4922368985,-4.5038455363,324.3404
292840000,14643,48.4922371179,-4.5038457732,324.3404
292860000,14644,48.4922373374,-4.5038460101,324.3404
292880000,14645,48.4922375568,-4.5038462469,324.3404
292900000,14646,48.4922377762,-4.5038464838,324.3404
292920000,14647,48.4922379957,-4.5038467207,324.3404
292940000,14648,48.4922382151,-4.5038469575,324.3404
292960000,14649,48.4922384345,-4.5038471944,324.3404
292980000,14650,48.492238654,-4.5038474313,324.3404
293000000,14651,48.4922388734,-4.5038476681,324.3404
293020000,14652,48.4922390928,-4.503847905,324.3404
293040000,14653,48.4922393122,-4.5038481419,324.3404
293060000,14654,48.4922395317,-4.5038483787,324.3404
293080000,14655,48.4922397511,-4.5038486156,324.3404
293100000,14656,48.4922399705,-4.5038488525,324.3404
293120000,14657,48.49224019,-4.5038490893,324.3404
293140000,14658,48.4922404094,-4.5038493262,324.3404
293160000,14659,48.4922406288,-4.5038495631,324.3404
293180000,14660,48.4922408483,-4.5038497999,324.3404
293200000,14661,48.4922410677,-4.5038500368,324.3404
293220000,14662,48.4922412871,-4.5038502737,324.3404
293240000,14663,48.4922415066,-4.5038505105,324.3404
293260000,14664,48.492241726,-4.5038507474,324.3404
293280000,14665,48.4922419454,-4.5038509843,324.3404
293300000,14666,48.4922421648,-4.5038512211,324.3404
293320000,14667,48.4922423843,-4.503851458,324.3404
293340000,14668,48.4922426037,-4.5038516948,324.3404
293360000,14669,48.4922428231,-4.5038519317,324.3404
293380000,14670,48.4922430426,-4.5038521686,324.3404
293400000,14671,48.492243262,-4.5038524054,324.3404
293420000,14672,48.4922434814,-4.5038526423,324.3404
293440000,14673,48.4922437009,-4.5038528792,324.3404
293460000,14674,48.4922439203,-4.503853116,324.3404
293480000,14675,48.4922441397,-4.5038533529,324.3404
293500000,14676,48.4922443591,-4.5038535898,324.3404
293520000,14677,48.4922445786,-4.5038538266,324.3404
293540000,14678,48.492244798,-4.5038540635,324.3404
293560000,14679,48.4922450174,-4.5038543004,324.3404
293580000,14680,48.4922452369,-4.5038545372,324.3404
293600000,14681,48.4922454563,-4.5038547741,324.3404
293620000,14682,48.4922456757,-4.503855011,324.3404
293640000,14683,48.4922458952,-4.5038552478,324.3404
293660000,14684,48.4922461146,-4.5038554847,324.3404
293680000,14685,48.492246334,-4.5038557216,324.3404
293700000,14686,48.4922465534,-4.5038559584,324.3404
293720000,14687,48.4922467729,-4.5038561953,324.3404
293740000,14688,48.4922469923,-4.5038564322,324.3404
293760000,14689,48.4922472117,-4.503856669,324.3404
293780000,14690,48.4922474312,-4.5038569059,324.3404
293800000,14691,48.4922476506,-4.5038571428,324.3404
293820000,14692,48.49224787,-4.5038573796,324.3404
293840000,14693,48.4922480895,-4.5038576165,324.3404
293860000,14694,48.4922483089,-4.5038578534,324.3404
293880000,14695,48.4922485283,-4.5038580902,324.3404
293900000,14696,48.4922487477,-4.5038583271,324.3404
293920000,14697,48.4922489672,-4.503858564,324.3404
293940000,14698,48.4922491866,-4.5038588008,324.3404
293960000,14699,48.492249406,-4.5038590377,324.3404
293980000,14700,48.4922496255,-4.5038592746,324.3404
294000000,14701,48.4922498449,-4.5038595114,324.3404
294020000,14702,48.4922500643,-4.5038597483,324.3404
294040000,14703,48.4922502838,-4.5038599852,324.3404
294060000,14704,48.4922505032,-4.503860222,324.3404
294080000,14705,48.4922507226,-4.5038604589,324.3404
294100000,14706,48.4922509421,-4.5038606958,324.3404
294120000,14707,48.4922511615,-4.5038609326,324.3404
294140000,14708,48.4922513809,-4.5038611695,324.3404
294160000,14709,48.4922516003,-4.5038614064,324.3404
294180000,14710,48.4922518198,-4.5038616432,324.3404
294200000,14711,48.4922520392,-4.5038618801,324.3404
294220000,14712,48.4922522586,-4.503862117,324.3404
294240000,14713,48.4922524781,-4.5038623538,324.3404
294260000,14714,48.4922526975,-4.5038625907,324.3404
294280000,14715,48.4922529169,-4.5038628276,324.3404
294300000,14716,48.4922531364,-4.5038630644,324.3404
294320000,14717,48.4922533558,-4.5038633013,324.3404
294340000,14718,48.4922535752,-4.5038635382,324.3404
294360000,14719,48.4922537946,-4.503863775,324.3404
294380000,14720,48.4922540141,-4.5038640119,324.3404
294400000,14721,48.4922542335,-4.5038642488,324.3404
294420000,14722,48.4922544529,-4.5038644856,324.3404
294440000,14723,48.4922546724,-4.5038647225,324.3404
294460000,14724,48.4922548918,-4.5038649594,324.3404
294480000,14725,48.4922551112,-4.5038651962,324.3404
294500000,14726,48.4922553307,-4.5038654331,324.3404
294520000,14727,48.4922555501,-4.50386567,324.3404
294540000,14728,48.4922557695,-4.5038659068,324.3404
294560000,14729,48.4922559889,-4.5038661437,324.3404
294580000,14730,48.4922562084,-4.5038663806,324.3404
294600000,14731,48.4922564278,-4.5038666174,324.3404
294620000,14732,48.4922566472,-4.5038668543,324.3404
294640000,14733,48.4922568667,-4.5038670912,324.3404
294660000,14734,48.4922570861,-4.503867328,324.3404
294680000,14735,48.4922573055,-4.5038675649,324.3404
294700000,14736,48.492257525,-4.5038678017,324.3404
294720000,14737,48.4922577444,-4.5038680386,324.3404
294740000,14738,48.4922579638,-4.5038682755,324.3404
294760000,14739,48.4922581832,-4.5038685123,324.3404
294780000,14740,48.4922584027,-4.5038687492,324.3404
294800000,14741,48.4922586221,-4.5038689861,324.3404
294820000,14742,48.4922588415,-4.5038692229,324.3404
294840000,14743,48.492259061,-4.5038694598,324.3404
294860000,14744,48.4922592804,-4.5038696967,324.3404
294880000,14745,48.4922594998,-4.5038699335,324.3404
294900000,14746,48.4922597193,-4.5038701704,324.3404
294920000,14747,48.4922599387,-4.5038704073,324.3404
294940000,14748,48.4922601581,-4.5038706441,324.3404
294960000,14749,48.4922603776,-4.503870881,324.3404
294980000,14750,48.492260597,-4.5038711179,324.3404
295000000,14751,48.4922608164,-4.5038713547,324.3404
295020000,14752,48.4922610358,-4.5038715916,324.3404
295040000,14753,48.4922612553,-4.5038718285,324.3404
295060000,14754,48.4922614747,-4.5038720653,324.3404
295080000,14755,48.4922616941,-4.5038723022,324.3404
295100000,14756,48.4922619136,-4.5038725391,324.3404
295120000,14757,48.492262133,-4.5038727759,324.3404
295140000,14758,48.4922623524,-4.5038730128,324.3404
295160000,14759,48.4922625719,-4.5038732497,324.3404
295180000,14760,48.4922627913,-4.5038734865,324.3404
295200000,14761,48.4922630107,-4.5038737234,324.3404
295220000,14762,48.4922632301,-4.5038739603,324.3404
295240000,14763,48.4922634496,-4.5038741971,324.3404
295260000,14764,48.492263669,-4.503874434,324.3404
295280000,14765,48.4922638884,-4.5038746709,324.3404
295300000,14766,48.4922641079,-4.5038749077,324.3404
295320000,14767,48.4922643273,-4.5038751446,324.3404
295340000,14768,48.4922645467,-4.5038753815,324.3404
295360000,14769,48.4922647662,-4.5038756183,324.3404
295380000,14770,48.4922649856,-4.5038758552,324.3404
295400000,14771,48.492265205,-4.5038760921,324.3404
295420000,14772,48.4922654244,-4.5038763289,324.3404
295440000,14773,48.4922656439,-4.5038765658,324.3404
295460000,14774,48.4922658633,-4.5038768027,324.3404
295480000,14775,48.4922660827,-4.5038770395,324.3404
295500000,14776,48.4922663022,-4.5038772764,324.3404
295520000,14777,48.4922665216,-4.5038775133,324.3404
295540000,14778,48.492266741,-4.5038777501,324.3404
295560000,14779,48.4922669605,-4.503877987,324.3404
295580000,14780,48.4922671799,-4.5038782239,324.3404
295600000,14781,48.4922673993,-4.5038784607,324.3404
295620000,14782,48.4922676187,-4.5038786976,324.3404
295640000,14783,48.4922678382,-4.5038789345,324.3404
295660000,14784,48.4922680576,-4.5038791713,324.3404
295680000,14785,48.492268277,-4.5038794082,324.3404
295700000,14786,48.4922684965,-4.5038796451,324.3404
295720000,14787,48.4922687159,-4.5038798819,324.3404
295740000,14788,48.4922689353,-4.5038801188,324.3404
295760000,14789,48.4922691548,-4.5038803557,324.3404
295780000,14790,48.4922693742,-4.5038805925,324.3404
295800000,14791,48.4922695936,-4.5038808294,324.3404
295820000,14792,48.492269813,-4.5038810663,324.3404
295840000,14793,48.4922700325,-4.5038813031,324.3404
295860000,14794,48.4922702519,-4.50388154,324.3404
295880000,14795,48.4922704713,-4.5038817769,324.3404
295900000,14796,48.4922706908,-4.5038820137,324.3404
295920000,14797,48.4922709102,-4.5038822506,324.3404
295940000,14798,48.4922711296,-4.5038824875,324.3404
295960000,14799,48.4922713491,-4.5038827243,324.3404
295980000,14800,48.4922715685,-4.5038829612,324.3404
296000000,14801,48.4922717879,-4.5038831981,324.3404
296020000,14802,48.4922720074,-4.5038834349,324.3404
296040000,14803,48.4922722268,-4.5038836718,324.3404
296060000,14804,48.4922724462,-4.5038839087,324.3404
296080000,14805,48.4922726656,-4.5038841455,324.3404
296100000,14806,48.4922728851,-4.5038843824,324.3404
296120000,14807,48.4922731045,-4.5038846193,324.3404
296140000,14808,48.4922733239,-4.5038848561,324.3404
296160000,14809,48.4922735434,-4.503885093,324.3404
296180000,14810,48.4922737628,-4.5038853299,324.3404
296200000,14811,48.4922739822,-4.5038855667,324.3404
296220000,14812,48.4922742017,-4.5038858036,324.3404
296240000,14813,48.4922744211,-4.5038860405,324.3404
296260000,14814,48.4922746405,-4.5038862773,324.3404
296280000,14815,48.4922748599,-4.5038865142,324.3404
296300000,14816,48.4922750794,-4.5038867511,324.3404
296320000,14817,48.4922752988,-4.5038869879,324.3404
296340000,14818,48.4922755182,-4.5038872248,324.3404
296360000,14819,48.4922757377,-4.5038874617,324.3404
296380000,14820,48.4922759571,-4.5038876985,324.3404
296400000,14821,48.4922761765,-4.5038879354,324.3404
296420000,14822,48.492276396,-4.5038881723,324.3404
296440000,14823,48.4922766154,-4.5038884091,324.3404
296460000,14824,48.4922768348,-4.503888646,324.3404
296480000,14825,48.4922770542,-4.5038888829,324.3404
296500000,14826,48.4922772737,-4.5038891197,324.3404
296520000,14827,48.4922774931,-4.5038893566,324.3404
296540000,14828,48.4922777125,-4.5038895935,324.3404
296560000,14829,48.492277932,-4.5038898303,324.3404
296580000,14830,48.4922781514,-4.5038900672,324.3404
296600000,14831,48.4922783708,-4.5038903041,324.3404
296620000,14832,48.4922785903,-4.5038905409,324.3404
296640000,14833,48.4922788097,-4.5038907778,324.3404
296660000,14834,48.4922790291,-4.5038910147,324.3404
296680000,14835,48.4922792485,-4.5038912515,324.3404
296700000,14836,48.492279468,-4.5038914884,324.3404
296720000,14837,48.4922796874,-4.5038917253,324.3404
296740000,14838,48.4922799068,-4.5038919621,324.3404
296760000,14839,48.4922801263,-4.503892199,324.3404
296780000,14840,48.4922803457,-4.5038924359,324.3404
296800000,14841,48.4922805651,-4.5038926727,324.3404
296820000,14842,48.4922807846,-4.5038929096,324.3404
296840000,14843,48.492281004,-4.5038931465,324.3404
296860000,14844,48.4922812234,-4.5038933833,324.3404
296880000,14845,48.4922814428,-4.5038936202,324.3404
296900000,14846,48.4922816623,-4.503893857,324.3404
296920000,14847,48.4922818817,-4.5038940939,324.3404
296940000,14848,48.4922821011,-4.5038943308,324.3404
296960000,14849,48.4922823206,-4.5038945676,324.3404
296980000,14850,48.49228254,-4.5038948045,324.3404
297000000,14851,48.4922827594,-4.5038950414,324.3404
297020000,14852,48.4922829789,-4.5038952782,324.3404
297040000,14853,48.4922831983,-4.5038955151,324.3404
297060000,14854,48.4922834177,-4.503895752,324.3404
297080000,14855,48.4922836372,-4.5038959888,324.3404
297100000,14856,48.4922838566,-4.5038962257,324.3404
297120000,14857,48.492284076,-4.5038964626,324.3404
297140000,14858,48.4922842954,-4.5038966994,324.3404
297160000,14859,48.4922845149,-4.5038969363,324.3404
297180000,14860,48.4922847343,-4.5038971732,324.3404
297200000,14861,48.4922849537,-4.50389741,324.3404
297220000,14862,48.4922851732,-4.5038976469,324.3404
297240000,14863,48.4922853926,-4.5038978838,324.3404
297260000,14864,48.492285612,-4.5038981206,324.3404
297280000,14865,48.4922858315,-4.5038983575,324.3404
297300000,14866,48.4922860509,-4.5038985944,324.3404
297320000,14867,48.4922862703,-4.5038988312,324.3404
297340000,14868,48.4922864897,-4.5038990681,324.3404
297360000,14869,48.4922867092,-4.503899305,324.3404
297380000,14870,48.4922869286,-4.5038995418,324.3404
297400000,14871,48.492287148,-4.5038997787,324.3404
297420000,14872,48.4922873675,-4.5039000156,324.3404
297440000,14873,48.4922875869,-4.5039002524,324.3404
297460000,14874,48.4922878063,-4.5039004893,324.3404
297480000,14875,48.4922880258,-4.5039007262,324.3404
297500000,14876,48.4922882452,-4.503900963,324.3404
297520000,14877,48.4922884646,-4.5039011999,324.3404
297540000,14878,48.492288684,-4.5039014368,324.3404
297560000,14879,48.4922889035,-4.5039016736,324.3404
297580000,14880,48.4922891229,-4.5039019105,324.3404
297600000,14881,48.4922893423,-4.5039021474,324.3404
297620000,14882,48.4922895618,-4.5039023842,324.3404
297640000,14883,48.4922897812,-4.5039026211,324.3404
297660000,14884,48.4922900006,-4.503902858,324.3404
297680000,14885,48.4922902201,-4.5039030948,324.3404
297700000,14886,48.4922904395,-4.5039033317,324.3404
297720000,14887,48.4922906589,-4.5039035686,324.3404
297740000,14888,48.4922908783,-4.5039038054,324.3404
297760000,14889,48.4922910978,-4.5039040423,324.3404
297780000,14890,48.4922913172,-4.5039042792,324.3404
297800000,14891,48.4922915366,-4.503904516,324.3404
297820000,14892,48.4922917561,-4.5039047529,324.3404
297840000,14893,48.4922919755,-4.5039049898,324.3404
297860000,14894,48.4922921949,-4.5039052266,324.3404
297880000,14895,48.4922924144,-4.5039054635,324.3404
297900000,14896,48.4922926338,-4.5039057004,324.3404
297920000,14897,48.4922928532,-4.5039059372,324.3404
297940000,14898,48.4922930726,-4.5039061741,324.3404
297960000,14899,48.4922932921,-4.503906411,324.3404
297980000,14900,48.4922935115,-4.5039066478,324.3404
298000000,14901,48.4922937309,-4.5039068847,324.3404
298020000,14902,48.4922939504,-4.5039071216,324.3404
298040000,14903,48.4922941698,-4.5039073584,324.3404
298060000,14904,48.4922943892,-4.5039075953,324.3404
298080000,14905,48.4922946087,-4.5039078322,324.3404
298100000,14906,48.4922948281,-4.503908069,324.3404
298120000,14907,48.4922950475,-4.5039083059,324.3404
298140000,14908,48.4922952669,-4.5039085428,324.3404
298160000,14909,48.4922954864,-4.5039087796,324.3404
298180000,14910,48.4922957058,-4.5039090165,324.3404
298200000,14911,48.4922959252,-4.5039092534,324.3404
298220000,14912,48.4922961447,-4.5039094902,324.3404
298240000,14913,48.4922963641,-4.5039097271,324.3404
298260000,14914,48.4922965835,-4.503909964,324.3404
298280000,14915,48.492296803,-4.5039102008,324.3404
298300000,14916,48.4922970224,-4.5039104377,324.3404
298320000,14917,48.4922972418,-4.5039106746,324.3404
298340000,14918,48.4922974612,-4.5039109114,324.3404
298360000,14919,48.4922976807,-4.5039111483,324.3404
298380000,14920,48.4922979001,-4.5039113852,324.3404
298400000,14921,48.4922981195,-4.503911622,324.3404
298420000,14922,48.492298339,-4.5039118589,324.3404
298440000,14923,48.4922985584,-4.5039120958,324.3404
298460000,14924,48.4922987778,-4.5039123326,324.3404
298480000,14925,48.4922989973,-4.5039125695,324.3404
298500000,14926,48.4922992167,-4.5039128064,324.3404
298520000,14927,48.4922994361,-4.5039130432,324.3404
298540000,14928,48.4922996556,-4.5039132801,324.3404
298560000,14929,48.492299875,-4.503913517,324.3404
298580000,14930,48.4923000944,-4.5039137538,324.3404
298600000,14931,48.4923003138,-4.5039139907,324.3404
298620000,14932,48.4923005333,-4.5039142276,324.3404
298640000,14933,48.4923007527,-4.5039144644,324.3404
298660000,14934,48.4923009721,-4.5039147013,324.3404
298680000,14935,48.4923011916,-4.5039149382,324.3404
298700000,14936,48.492301411,-4.503915175,324.3404
298720000,14937,48.4923016304,-4.5039154119,324.3404
298740000,14938,48.4923018499,-4.5039156488,324.3404
298760000,14939,48.4923020693,-4.5039158856,324.3404
298780000,14940,48.4923022887,-4.5039161225,324.3404
298800000,14941,48.4923025081,-4.5039163594,324.3404
298820000,14942,48.4923027276,-4.5039165962,324.3404
298840000,14943,48.492302947,-4.5039168331,324.3404
298860000,14944,48.4923031664,-4.50391707,324.3404
298880000,14945,48.4923033859,-4.5039173068,324.3404
298900000,14946,48.4923036053,-4.5039175437,324.3404
298920000,14947,48.4923038247,-4.5039177806,324.3404
298940000,14948,48.4923040442,-4.5039180174,324.3404
298960000,14949,48.4923042636,-4.5039182543,324.3404
298980000,14950,48.492304483,-4.5039184912,324.3404
299000000,14951,48.4923047024,-4.503918728,324.3404
299020000,14952,48.4923049219,-4.5039189649,324.3404
299040000,14953,48.4923051413,-4.5039192018,324.3404
299060000,14954,48.4923053607,-4.5039194386,324.3404
299080000,14955,48.4923055802,-4.5039196755,324.3404
299100000,14956,48.4923057996,-4.5039199124,324.3404
299120000,14957,48.492306019,-4.5039201492,324.3404
299140000,14958,48.4923062385,-4.5039203861,324.3404
299160000,14959,48.4923064579,-4.503920623,324.3404
299180000,14960,48.4923066773,-4.5039208598,324.3404
299200000,14961,48.4923068967,-4.5039210967,324.3404
299220000,14962,48.4923071162,-4.5039213336,324.3404
299240000,14963,48.4923073356,-4.5039215704,324.3404
299260000,14964,48.492307555,-4.5039218073,324.3404
299280000,14965,48.4923077745,-4.5039220442,324.3404
299300000,14966,48.4923079939,-4.503922281,324.3404
299320000,14967,48.4923082133,-4.5039225179,324.3404
299340000,14968,48.4923084328,-4.5039227548,324.3404
299360000,14969,48.4923086522,-4.5039229916,324.3404
299380000,14970,48.4923088716,-4.5039232285,324.3404
299400000,14971,48.492309091,-4.5039234654,324.3404
299420000,14972,48.4923093105,-4.5039237022,324.3404
299440000,14973,48.4923095299,-4.5039239391,324.3404
299460000,14974,48.4923097493,-4.503924176,324.3404
299480000,14975,48.4923099688,-4.5039244128,324.3404
299500000,14976,48.4923101882,-4.5039246497,324.3404
299520000,14977,48.4923104076,-4.5039248866,324.3404
299540000,14978,48.4923106271,-4.5039251234,324.3404
299560000,14979,48.4923108465,-4.5039253603,324.3404
299580000,14980,48.4923110659,-4.5039255972,324.3404
299600000,14981,48.4923112853,-4.503925834,324.3404
299620000,14982,48.4923115048,-4.5039260709,324.3404
299640000,14983,48.4923117242,-4.5039263078,324.3404
299660000,14984,48.4923119436,-4.5039265446,324.3404
299680000,14985,48.4923121631,-4.5039267815,324.3404
299700000,14986,48.4923123825,-4.5039270184,324.3404
299720000,14987,48.4923126019,-4.5039272552,324.3404
299740000,14988,48.4923128214,-4.5039274921,324.3404
299760000,14989,48.4923130408,-4.503927729,324.3404
299780000,14990,48.4923132602,-4.5039279658,324.3404
299800000,14991,48.4923134796,-4.5039282027,324.3404
299820000,14992,48.4923136991,-4.5039284396,324.3404
299840000,14993,48.4923139185,-4.5039286764,324.3404
299860000,14994,48.4923141379,-4.5039289133,324.3404
299880000,14995,48.4923143574,-4.5039291502,324.3404
299900000,14996,48.4923145768,-4.503929387,324.3404
299920000,14997,48.4923147962,-4.5039296239,324.3404
299940000,14998,48.4923150157,-4.5039298608,324.3404
299960000,14999,48.4923152351,-4.5039300976,324.3404
299980000,15000,48.4923154545,-4.5039303345,324.3404
300000000,15001,48.4923156739,-4.5039305714,324.3404
300020000,15002,48.4923158934,-4.5039308082,324.3404
300040000,15003,48.4923161128,-4.5039310451,324.3404
300060000,15004,48.4923163322,-4.503931282,324.3404
300080000,15005,48.4923165517,-4.5039315188,324.3404
300100000,15006,48.4923167711,-4.5039317557,324.3404
300120000,15007,48.4923169905,-4.5039319926,324.3404
300140000,15008,48.49231721,-4.5039322294,324.3404
300160000,15009,48.4923174294,-4.5039324663,324.3404
300180000,15010,48.4923176488,-4.5039327032,324.3404
300200000,15011,48.4923178682,-4.50393294,324.3404
300220000,15012,48.4923180877,-4.5039331769,324.3404
300240000,15013,48.4923183071,-4.5039334138,324.3404
300260000,15014,48.4923185265,-4.5039336506,324.3404
300280000,15015,48.492318746,-4.5039338875,324.3404
300300000,15016,48.4923189654,-4.5039341244,324.3404
300320000,15017,48.4923191848,-4.5039343612,324.3404
300340000,15018,48.4923194043,-4.5039345981,324.3404
300360000,15019,48.4923196237,-4.503934835,324.3404
300380000,15020,48.4923198431,-4.5039350718,324.3404
300400000,15021,48.4923200626,-4.5039353087,324.3404
300420000,15022,48.492320282,-4.5039355456,324.3404
300440000,15023,48.4923205014,-4.5039357824,324.3404
300460000,15024,48.4923207208,-4.5039360193,324.3404
300480000,15025,48.4923209403,-4.5039362562,324.3404
300500000,15026,48.4923211597,-4.503936493,324.3404
300520000,15027,48.4923213791,-4.5039367299,324.3404
300540000,15028,48.4923215986,-4.5039369668,324.3404
300560000,15029,48.492321818,-4.5039372036,324.3404
300580000,15030,48.4923220374,-4.5039374405,324.3404
300600000,15031,48.4923222569,-4.5039376774,324.3404
300620000,15032,48.4923224763,-4.5039379143,324.3404
300640000,15033,48.4923226957,-4.5039381511,324.3404
300660000,15034,48.4923229151,-4.503938388,324.3404
300680000,15035,48.4923231346,-4.5039386249,324.3404
300700000,15036,48.492323354,-4.5039388617,324.3404
300720000,15037,48.4923235734,-4.5039390986,324.3404
300740000,15038,48.4923237929,-4.5039393355,324.3404
300760000,15039,48.4923240123,-4.5039395723,324.3404
300780000,15040,48.4923242317,-4.5039398092,324.3404
300800000,15041,48.4923244512,-4.5039400461,324.3404
300820000,15042,48.4923246706,-4.5039402829,324.3404
300840000,15043,48.49232489,-4.5039405198,324.3404
300860000,15044,48.4923251094,-4.5039407567,324.3404
300880000,15045,48.4923253289,-4.5039409935,324.3404
300900000,15046,48.4923255483,-4.5039412304,324.3404
300920000,15047,48.4923257677,-4.5039414673,324.3404
300940000,15048,48.4923259872,-4.5039417041,324.3404
300960000,15049,48.4923262066,-4.503941941,324.3404
300980000,15050,48.492326426,-4.5039421779,324.3404
301000000,15051,48.4923266455,-4.5039424147,324.3404
301020000,15052,48.4923268649,-4.5039426516,324.3404
301040000,15053,48.4923270843,-4.5039428885,324.3404
301060000,15054,48.4923273037,-4.5039431253,324.3404
301080000,15055,48.4923275232,-4.5039433622,324.3404
301100000,15056,48.4923277426,-4.5039435991,324.3404
301120000,15057,48.492327962,-4.5039438359,324.3404
301140000,15058,48.4923281815,-4.5039440728,324.3404
301160000,15059,48.4923284009,-4.5039443097,324.3404
301180000,15060,48.4923286203,-4.5039445465,324.3404
301200000,15061,48.4923288398,-4.5039447834,324.3404
301220000,15062,48.4923290592,-4.5039450203,324.3404
301240000,15063,48.4923292786,-4.5039452571,324.3404
301260000,15064,48.492329498,-4.503945494,324.3404
301280000,15065,48.4923297175,-4.5039457309,324.3404
301300000,15066,48.4923299369,-4.5039459677,324.3404
301320000,15067,48.4923301563,-4.5039462046,324.3404
301340000,15068,48.4923303758,-4.5039464415,324.3404
301360000,15069,48.4923305952,-4.5039466783,324.3404
301380000,15070,48.4923308146,-4.5039469152,324.3404
301400000,15071,48.4923310341,-4.5039471521,324.3404
301420000,15072,48.4923312535,-4.5039473889,324.3404
301440000,15073,48.4923314729,-4.5039476258,324.3404
301460000,15074,48.4923316923,-4.5039478627,324.3404
301480000,15075,48.4923319118,-4.5039480995,324.3404
301500000,15076,48.4923321312,-4.5039483364,324.3404
301520000,15077,48.4923323506,-4.5039485733,324.3404
301540000,15078,48.4923325701,-4.5039488101,324.3404
301560000,15079,48.4923327895,-4.503949047,324.3404
301580000,15080,48.4923330089,-4.5039492839,324.3404
301600000,15081,48.4923332284,-4.5039495207,324.3404
301620000,15082,48.4923334478,-4.5039497576,324.3404
301640000,15083,48.4923336672,-4.5039499945,324.3404
301660000,15084,48.4923338866,-4.5039502313,324.3404
301680000,15085,48.4923341061,-4.5039504682,324.3404
301700000,15086,48.4923343255,-4.5039507051,324.3404
301720000,15087,48.4923345449,-4.5039509419,324.3404
301740000,15088,48.4923347644,-4.5039511788,324.3404
301760000,15089,48.4923349838,-4.5039514157,324.3404
301780000,15090,48.4923352032,-4.5039516525,324.3404
301800000,15091,48.4923354227,-4.5039518894,324.3404
301820000,15092,48.4923356421,-4.5039521263,324.3404
301840000,15093,48.4923358615,-4.5039523631,324.3404
301860000,15094,48.4923360809,-4.5039526,324.3404
301880000,15095,48.4923363004,-4.5039528369,324.3404
301900000,15096,48.4923365198,-4.5039530737,324.3404
301920000,15097,48.4923367392,-4.5039533106,324.3404
301940000,15098,48.4923369587,-4.5039535475,324.3404
301960000,15099,48.4923371781,-4.5039537843,324.3404
301980000,15100,48.4923373975,-4.5039540212,324.3404
302000000,15101,48.492337617,-4.5039542581,324.3404
302020000,15102,48.4923378364,-4.5039544949,324.3404
302040000,15103,48.4923380558,-4.5039547318,324.3404
302060000,15104,48.4923382752,-4.5039549687,324.3404
302080000,15105,48.4923384947,-4.5039552055,324.3404
302100000,15106,48.4923387141,-4.5039554424,324.3404
302120000,15107,48.4923389335,-4.5039556793,324.3404
302140000,15108,48.492339153,-4.5039559161,324.3404
302160000,15109,48.4923393724,-4.503956153,324.3404
302180000,15110,48.4923395918,-4.5039563899,324.3404
302200000,15111,48.4923398113,-4.5039566267,324.3404
302220000,15112,48.4923400307,-4.5039568636,324.3404
302240000,15113,48.4923402501,-4.5039571005,324.3404
302260000,15114,48.4923404695,-4.5039573373,324.3404
302280000,15115,48.492340689,-4.5039575742,324.3404
302300000,15116,48.4923409084,-4.5039578111,324.3404
302320000,15117,48.4923411278,-4.5039580479,324.3404
302340000,15118,48.4923413473,-4.5039582848,324.3404
302360000,15119,48.4923415667,-4.5039585217,324.3404
302380000,15120,48.4923417861,-4.5039587585,324.3404
302400000,15121,48.4923420056,-4.5039589954,324.3404
302420000,15122,48.492342225,-4.5039592323,324.3404
302440000,15123,48.4923424444,-4.5039594691,324.3404
302460000,15124,48.4923426638,-4.503959706,324.3404
302480000,15125,48.4923428833,-4.5039599429,324.3404
302500000,15126,48.4923431027,-4.5039601797,324.3404
302520000,15127,48.4923433221,-4.5039604166,324.3404
302540000,15128,48.4923435416,-4.5039606535,324.3404
302560000,15129,48.492343761,-4.5039608903,324.3404
302580000,15130,48.4923439804,-4.5039611272,324.3404
302600000,15131,48.4923441999,-4.5039613641,324.3404
302620000,15132,48.4923444193,-4.5039616009,324.3404
302640000,15133,48.4923446387,-4.5039618378,324.3404
302660000,15134,48.4923448581,-4.5039620747,324.3404
302680000,15135,48.4923450776,-4.5039623115,324.3404
302700000,15136,48.492345297,-4.5039625484,324.3404
302720000,15137,48.4923455164,-4.5039627853,324.3404
302740000,15138,48.4923457359,-4.5039630221,324.3404
302760000,15139,48.4923459553,-4.503963259,324.3404
302780000,15140,48.4923461747,-4.5039634959,324.3404
302800000,15141,48.4923463942,-4.5039637327,324.3404
302820000,15142,48.4923466136,-4.5039639696,324.3404
302840000,15143,48.492346833,-4.5039642065,324.3404
302860000,15144,48.4923470524,-4.5039644434,324.3404
302880000,15145,48.4923472719,-4.5039646802,324.3404
302900000,15146,48.4923474913,-4.5039649171,324.3404
302920000,15147,48.4923477107,-4.503965154,324.3404
302940000,15148,48.4923479302,-4.5039653908,324.3404
302960000,15149,48.4923481496,-4.5039656277,324.3404
302980000,15150,48.492348369,-4.5039658646,324.3404
303000000,15151,48.4923485885,-4.5039661014,324.3404
303020000,15152,48.4923488079,-4.5039663383,324.3404
303040000,15153,48.4923490273,-4.5039665752,324.3404
303060000,15154,48.4923492467,-4.503966812,324.3404
303080000,15155,48.4923494662,-4.5039670489,324.3404
303100000,15156,48.4923496856,-4.5039672858,324.3404
303120000,15157,48.492349905,-4.5039675226,324.3404
303140000,15158,48.4923501245,-4.5039677595,324.3404
303160000,15159,48.4923503439,-4.5039679964,324.3404
303180000,15160,48.4923505633,-4.5039682332,324.3404
303200000,15161,48.4923507828,-4.5039684701,324.3404
303220000,15162,48.4923510022,-4.503968707,324.3404
303240000,15163,48.4923512216,-4.5039689438,324.3404
303260000,15164,48.492351441,-4.5039691807,324.3404
303280000,15165,48.4923516605,-4.5039694176,324.3404
303300000,15166,48.4923518799,-4.5039696544,324.3404
303320000,15167,48.4923520993,-4.5039698913,324.3404
303340000,15168,48.4923523188,-4.5039701282,324.3404
303360000,15169,48.4923525382,-4.503970365,324.3404
303380000,15170,48.4923527576,-4.5039706019,324.3404
303400000,15171,48.4923529771,-4.5039708388,324.3404
303420000,15172,48.4923531965,-4.5039710756,324.3404
303440000,15173,48.4923534159,-4.5039713125,324.3404
303460000,15174,48.4923536353,-4.5039715494,324.3404
303480000,15175,48.4923538548,-4.5039717862,324.3404
303500000,15176,48.4923540742,-4.5039720231,324.3404
303520000,15177,48.4923542936,-4.50397226,324.3404
303540000,15178,48.4923545131,-4.5039724968,324.3404
303560000,15179,48.4923547325,-4.5039727337,324.3404
303580000,15180,48.4923549519,-4.5039729706,324.3404
303600000,15181,48.4923551714,-4.5039732074,324.3404
303620000,15182,48.4923553908,-4.5039734443,324.3404
303640000,15183,48.4923556102,-4.5039736812,324.3404
303660000,15184,48.4923558296,-4.503973918,324.3404
303680000,15185,48.4923560491,-4.5039741549,324.3404
303700000,15186,48.4923562685,-4.5039743918,324.3404
303720000,15187,48.4923564879,-4.5039746286,324.3404
303740000,15188,48.4923567074,-4.5039748655,324.3404
303760000,15189,48.4923569268,-4.5039751024,324.3404
303780000,15190,48.4923571462,-4.5039753392,324.3404
303800000,15191,48.4923573657,-4.5039755761,324.3404
303820000,15192,48.4923575851,-4.503975813,324.3404
303840000,15193,48.4923578045,-4.5039760498,324.3404
303860000,15194,48.4923580239,-4.5039762867,324.3404
303880000,15195,48.4923582434,-4.5039765236,324.3404
303900000,15196,48.4923584628,-4.5039767604,324.3404
303920000,15197,48.4923586822,-4.5039769973,324.3404
303940000,15198,48.4923589017,-4.5039772342,324.3404
303960000,15199,48.4923591211,-4.503977471,324.3404
303980000,15200,48.4923593405,-4.5039777079,324.3404
304000000,15201,48.49235956,-4.5039779448,324.3404
304020000,15202,48.4923597794,-4.5039781816,324.3404
304040000,15203,48.4923599988,-4.5039784185,324.3404
304060000,15204,48.4923602182,-4.5039786554,324.3404
304080000,15205,48.4923604377,-4.5039788922,324.3404
304100000,15206,48.4923606571,-4.5039791291,324.3404
304120000,15207,48.4923608765,-4.503979366,324.3404
304140000,15208,48.492361096,-4.5039796028,324.3404
304160000,15209,48.4923613154,-4.5039798397,324.3404
304180000,15210,48.4923615348,-4.5039800766,324.3404
304200000,15211,48.4923617543,-4.5039803135,324.3404
304220000,15212,48.4923619737,-4.5039805503,324.3404
304240000,15213,48.4923621931,-4.5039807872,324.3404
304260000,15214,48.4923624125,-4.5039810241,324.3404
304280000,15215,48.492362632,-4.5039812609,324.3404
304300000,15216,48.4923628514,-4.5039814978,324.3404
304320000,15217,48.4923630708,-4.5039817347,324.3404
304340000,15218,48.4923632903,-4.5039819715,324.3404
304360000,15219,48.4923635097,-4.5039822084,324.3404
304380000,15220,48.4923637291,-4.5039824453,324.3404
304400000,15221,48.4923639486,-4.5039826821,324.3404
304420000,15222,48.492364168,-4.503982919,324.3404
304440000,15223,48.4923643874,-4.5039831559,324.3404
304460000,15224,48.4923646068,-4.5039833927,324.3404
304480000,15225,48.4923648263,-4.5039836296,324.3404
304500000,15226,48.4923650457,-4.5039838665,324.3404
304520000,15227,48.4923652651,-4.5039841033,324.3404
304540000,15228,48.4923654846,-4.5039843402,324.3404
304560000,15229,48.492365704,-4.5039845771,324.3404
304580000,15230,48.4923659234,-4.5039848139,324.3404
304600000,15231,48.4923661429,-4.5039850508,324.3404
304620000,15232,48.4923663623,-4.5039852877,324.3404
304640000,15233,48.4923665817,-4.5039855245,324.3404
304660000,15234,48.4923668011,-4.5039857614,324.3404
304680000,15235,48.4923670206,-4.5039859983,324.3404
304700000,15236,48.49236724,-4.5039862351,324.3404
304720000,15237,48.4923674594,-4.503986472,324.3404
304740000,15238,48.4923676789,-4.5039867089,324.3404
304760000,15239,48.4923678983,-4.5039869457,324.3404
304780000,15240,48.4923681177,-4.5039871826,324.3404
304800000,15241,48.4923683372,-4.5039874195,324.3404
304820000,15242,48.4923685566,-4.5039876563,324.3404
304840000,15243,48.492368776,-4.5039878932,324.3404
304860000,15244,48.4923689954,-4.5039881301,324.3404
304880000,15245,48.4923692149,-4.5039883669,324.3404
304900000,15246,48.4923694343,-4.5039886038,324.3404
304920000,15247,48.4923696537,-4.5039888407,324.3404
304940000,15248,48.4923698732,-4.5039890775,324.3404
304960000,15249,48.4923700926,-4.5039893144,324.3404
304980000,15250,48.492370312,-4.5039895513,324.3404
305000000,15251,48.4923705315,-4.5039897881,324.3404
305020000,15252,48.4923707509,-4.503990025,324.3404
305040000,15253,48.4923709703,-4.5039902619,324.3404
305060000,15254,48.4923711897,-4.5039904987,324.3404
305080000,15255,48.4923714092,-4.5039907356,324.3404
305100000,15256,48.4923716286,-4.5039909725,324.3404
305120000,15257,48.492371848,-4.5039912093,324.3404
305140000,15258,48.4923720675,-4.5039914462,324.3404
305160000,15259,48.4923722869,-4.5039916831,324.3404
305180000,15260,48.4923725063,-4.5039919199,324.3404
305200000,15261,48.4923727258,-4.5039921568,324.3404
305220000,15262,48.4923729452,-4.5039923937,324.3404
305240000,15263,48.4923731646,-4.5039926305,324.3404
305260000,15264,48.492373384,-4.5039928674,324.3404
305280000,15265,48.4923736035,-4.5039931043,324.3404
305300000,15266,48.4923738229,-4.5039933412,324.3404
305320000,15267,48.4923740423,-4.503993578,324.3404
305340000,15268,48.4923742618,-4.5039938149,324.3404
305360000,15269,48.4923744812,-4.5039940518,324.3404
305380000,15270,48.4923747006,-4.5039942886,324.3404
305400000,15271,48.4923749201,-4.5039945255,324.3404
305420000,15272,48.4923751395,-4.5039947624,324.3404
305440000,15273,48.4923753589,-4.5039949992,324.3404
305460000,15274,48.4923755783,-4.5039952361,324.3404
305480000,15275,48.4923757978,-4.503995473,324.3404
305500000,15276,48.4923760172,-4.5039957098,324.3404
305520000,15277,48.4923762366,-4.5039959467,324.3404
305540000,15278,48.4923764561,-4.5039961836,324.3404
305560000,15279,48.4923766755,-4.5039964204,324.3404
305580000,15280,48.4923768949,-4.5039966573,324.3404
305600000,15281,48.4923771144,-4.5039968942,324.3404
305620000,15282,48.4923773338,-4.503997131,324.3404
305640000,15283,48.4923775532,-4.5039973679,324.3404
305660000,15284,48.4923777726,-4.5039976048,324.3404
305680000,15285,48.4923779921,-4.5039978416,324.3404
305700000,15286,48.4923782115,-4.5039980785,324.3404
305720000,15287,48.4923784309,-4.5039983154,324.3404
305740000,15288,48.4923786504,-4.5039985522,324.3404
305760000,15289,48.4923788698,-4.5039987891,324.3404
305780000,15290,48.4923790892,-4.503999026,324.3404
305800000,15291,48.4923793087,-4.5039992628,324.3404
305820000,15292,48.4923795281,-4.5039994997,324.3404
305840000,15293,48.4923797475,-4.5039997366,324.3404
305860000,15294,48.4923799669,-4.5039999734,324.3404
305880000,15295,48.4923801864,-4.5040002103,324.3404
305900000,15296,48.4923804058,-4.5040004472,324.3404
305920000,15297,48.4923806252,-4.504000684,324.3404
305940000,15298,48.4923808447,-4.5040009209,324.3404
305960000,15299,48.4923810641,-4.5040011578,324.3404
305980000,15300,48.4923812835,-4.5040013946,324.3404
306000000,15301,48.492381503,-4.5040016315,324.3404
306020000,15302,48.4923817224,-4.5040018684,324.3404
306040000,15303,48.4923819418,-4.5040021052,324.3404
306060000,15304,48.4923821612,-4.5040023421,324.3404
306080000,15305,48.4923823807,-4.504002579,324.3404
306100000,15306,48.4923826001,-4.5040028158,324.3404
306120000,15307,48.4923828195,-4.5040030527,324.3404
306140000,15308,48.492383039,-4.5040032896,324.3404
306160000,15309,48.4923832584,-4.5040035264,324.3404
306180000,15310,48.4923834778,-4.5040037633,324.3404
306200000,15311,48.4923836973,-4.5040040002,324.3404
306220000,15312,48.4923839167,-4.5040042371,324.3404
306240000,15313,48.4923841361,-4.5040044739,324.3404
306260000,15314,48.4923843555,-4.5040047108,324.3404
306280000,15315,48.492384575,-4.5040049477,324.3404
306300000,15316,48.4923847944,-4.5040051845,324.3404
306320000,15317,48.4923850138,-4.5040054214,324.3404
306340000,15318,48.4923852333,-4.5040056583,324.3404
306360000,15319,48.4923854527,-4.5040058951,324.3404
306380000,15320,48.4923856721,-4.504006132,324.3404
306400000,15321,48.4923858916,-4.5040063689,324.3404
306420000,15322,48.492386111,-4.5040066057,324.3404
306440000,15323,48.4923863304,-4.5040068426,324.3404
306460000,15324,48.4923865498,-4.5040070795,324.3404
306480000,15325,48.4923867693,-4.5040073163,324.3404
306500000,15326,48.4923869887,-4.5040075532,324.3404
306520000,15327,48.4923872081,-4.5040077901,324.3404
306540000,15328,48.4923874276,-4.5040080269,324.3404
306560000,15329,48.492387647,-4.5040082638,324.3404
306580000,15330,48.4923878664,-4.5040085007,324.3404
306600000,15331,48.4923880859,-4.5040087375,324.3404
306620000,15332,48.4923883053,-4.5040089744,324.3404
306640000,15333,48.4923885247,-4.5040092113,324.3404
306660000,15334,48.4923887441,-4.5040094481,324.3404
306680000,15335,48.4923889636,-4.504009685,324.3404
306700000,15336,48.492389183,-4.5040099219,324.3404
306720000,15337,48.4923894024,-4.5040101587,324.3404
306740000,15338,48.4923896219,-4.5040103956,324.3404
306760000,15339,48.4923898413,-4.5040106325,324.3404
306780000,15340,48.4923900607,-4.5040108693,324.3404
306800000,15341,48.4923902802,-4.5040111062,324.3404
306820000,15342,48.4923904996,-4.5040113431,324.3404
306840000,15343,48.492390719,-4.5040115799,324.3404
306860000,15344,48.4923909384,-4.5040118168,324.3404
306880000,15345,48.4923911579,-4.5040120537,324.3404
306900000,15346,48.4923913773,-4.5040122905,324.3404
306920000,15347,48.4923915967,-4.5040125274,324.3404
306940000,15348,48.4923918162,-4.5040127643,324.3404
306960000,15349,48.4923920356,-4.5040130011,324.3404
306980000,15350,48.492392255,-4.504013238,324.3404
307000000,15351,48.4923924744,-4.5040134749,324.3404
307020000,15352,48.4923926939,-4.5040137117,324.3404
307040000,15353,48.4923929133,-4.5040139486,324.3404
307060000,15354,48.4923931327,-4.5040141855,324.3404
307080000,15355,48.4923933522,-4.5040144224,324.3404
307100000,15356,48.4923935716,-4.5040146592,324.3404
307120000,15357,48.492393791,-4.5040148961,324.3404
307140000,15358,48.4923940105,-4.504015133,324.3404
307160000,15359,48.4923942299,-4.5040153698,324.3404
307180000,15360,48.4923944493,-4.5040156067,324.3404
307200000,15361,48.4923946687,-4.5040158436,324.3404
307220000,15362,48.4923948882,-4.5040160804,324.3404
307240000,15363,48.4923951076,-4.5040163173,324.3404
307260000,15364,48.492395327,-4.5040165542,324.3404
307280000,15365,48.4923955465,-4.504016791,324.3404
307300000,15366,48.4923957659,-4.5040170279,324.3404
307320000,15367,48.4923959853,-4.5040172648,324.3404
307340000,15368,48.4923962048,-4.5040175016,324.3404
307360000,15369,48.4923964242,-4.5040177385,324.3404
307380000,15370,48.4923966436,-4.5040179754,324.3404
307400000,15371,48.492396863,-4.5040182122,324.3404
307420000,15372,48.4923970825,-4.5040184491,324.3404
307440000,15373,48.4923973019,-4.504018686,324.3404
307460000,15374,48.4923975213,-4.5040189228,324.3404
307480000,15375,48.4923977408,-4.5040191597,324.3404
307500000,15376,48.4923979602,-4.5040193966,324.3404
307520000,15377,48.4923981796,-4.5040196334,324.3404
307540000,15378,48.4923983991,-4.5040198703,324.3404
307560000,15379,48.4923986185,-4.5040201072,324.3404
307580000,15380,48.4923988379,-4.504020344,324.3404
307600000,15381,48.4923990573,-4.5040205809,324.3404
307620000,15382,48.4923992768,-4.5040208178,324.3404
307640000,15383,48.4923994962,-4.5040210546,324.3404
307660000,15384,48.4923997156,-4.5040212915,324.3404
307680000,15385,48.4923999351,-4.5040215284,324.3404
307700000,15386,48.4924001545,-4.5040217652,324.3404
307720000,15387,48.4924003739,-4.5040220021,324.3404
307740000,15388,48.4924005934,-4.504022239,324.3404
307760000,15389,48.4924008128,-4.5040224758,324.3404
307780000,15390,48.4924010322,-4.5040227127,324.3404
307800000,15391,48.4924012516,-4.5040229496,324.3404
307820000,15392,48.4924014711,-4.5040231865,324.3404
307840000,15393,48.4924016905,-4.5040234233,324.3404
307860000,15394,48.4924019099,-4.5040236602,324.3404
307880000,15395,48.4924021294,-4.5040238971,324.3404
307900000,15396,48.4924023488,-4.5040241339,324.3404
307920000,15397,48.4924025682,-4.5040243708,324.3404
307940000,15398,48.4924027877,-4.5040246077,324.3404
307960000,15399,48.4924030071,-4.5040248445,324.3404
307980000,15400,48.4924032265,-4.5040250814,324.3404
308000000,15401,48.4924034459,-4.5040253183,324.3404
308020000,15402,48.4924036654,-4.5040255551,324.3404
308040000,15403,48.4924038848,-4.504025792,324.3404
308060000,15404,48.4924041042,-4.5040260289,324.3404
308080000,15405,48.4924043237,-4.5040262657,324.3404
308100000,15406,48.4924045431,-4.5040265026,324.3404
308120000,15407,48.4924047625,-4.5040267395,324.3404
308140000,15408,48.492404982,-4.5040269763,324.3404
308160000,15409,48.4924052014,-4.5040272132,324.3404
308180000,15410,48.4924054208,-4.5040274501,324.3404
308200000,15411,48.4924056402,-4.5040276869,324.3404
308220000,15412,48.4924058597,-4.5040279238,324.3404
308240000,15413,48.4924060791,-4.5040281607,324.3404
308260000,15414,48.4924062985,-4.5040283975,324.3404
308280000,15415,48.492406518,-4.5040286344,324.3404
308300000,15416,48.4924067374,-4.5040288713,324.3404
308320000,15417,48.4924069568,-4.5040291081,324.3404
308340000,15418,48.4924071763,-4.504029345,324.3404
308360000,15419,48.4924073957,-4.5040295819,324.3404
308380000,15420,48.4924076151,-4.5040298187,324.3404
308400000,15421,48.4924078345,-4.5040300556,324.3404
308420000,15422,48.492408054,-4.5040302925,324.3404
308440000,15423,48.4924082734,-4.5040305293,324.3404
308460000,15424,48.4924084928,-4.5040307662,324.3404
308480000,15425,48.4924087123,-4.5040310031,324.3404
308500000,15426,48.4924089317,-4.50403124,324.3404
308520000,15427,48.4924091511,-4.5040314768,324.3404
308540000,15428,48.4924093706,-4.5040317137,324.3404
308560000,15429,48.49240959,-4.5040319506,324.3404
308580000,15430,48.4924098094,-4.5040321874,324.3404
308600000,15431,48.4924100288,-4.5040324243,324.3404
308620000,15432,48.4924102483,-4.5040326612,324.3404
308640000,15433,48.4924104677,-4.504032898,324.3404
308660000,15434,48.4924106871,-4.5040331349,324.3404
308680000,15435,48.4924109066,-4.5040333718,324.3404
308700000,15436,48.492411126,-4.5040336086,324.3404
308720000,15437,48.4924113454,-4.5040338455,324.3404
308740000,15438,48.4924115649,-4.5040340824,324.3404
308760000,15439,48.4924117843,-4.5040343192,324.3404
308780000,15440,48.4924120037,-4.5040345561,324.3404
308800000,15441,48.4924122231,-4.504034793,324.3404
308820000,15442,48.4924124426,-4.5040350298,324.3404
308840000,15443,48.492412662,-4.5040352667,324.3404
308860000,15444,48.4924128814,-4.5040355036,324.3404
308880000,15445,48.4924131009,-4.5040357404,324.3404
308900000,15446,48.4924133203,-4.5040359773,324.3404
308920000,15447,48.4924135397,-4.5040362142,324.3404
308940000,15448,48.4924137591,-4.504036451,324.3404
308960000,15449,48.4924139786,-4.5040366879,324.3404
308980000,15450,48.492414198,-4.5040369248,324.3404
309000000,15451,48.4924144174,-4.5040371616,324.3404
309020000,15452,48.4924146369,-4.5040373985,324.3404
309040000,15453,48.4924148563,-4.5040376354,324.3404
309060000,15454,48.4924150757,-4.5040378722,324.3404
309080000,15455,48.4924152952,-4.5040381091,324.3404
309100000,15456,48.4924155146,-4.504038346,324.3404
309120000,15457,48.492415734,-4.5040385828,324.3404
309140000,15458,48.4924159534,-4.5040388197,324.3404
309160000,15459,48.4924161729,-4.5040390566,324.3404
309180000,15460,48.4924163923,-4.5040392935,324.3404
309200000,15461,48.4924166117,-4.5040395303,324.3404
309220000,15462,48.4924168312,-4.5040397672,324.3404
309240000,15463,48.4924170506,-4.5040400041,324.3404
309260000,15464,48.49241727,-4.5040402409,324.3404
309280000,15465,48.4924174895,-4.5040404778,324.3404
309300000,15466,48.4924177089,-4.5040407147,324.3404
309320000,15467,48.4924179283,-4.5040409515,324.3404
309340000,15468,48.4924181477,-4.5040411884,324.3404
309360000,15469,48.4924183672,-4.5040414253,324.3404
309380000,15470,48.4924185866,-4.5040416621,324.3404
309400000,15471,48.492418806,-4.504041899,324.3404
309420000,15472,48.4924190255,-4.5040421359,324.3404
309440000,15473,48.4924192449,-4.5040423727,324.3404
309460000,15474,48.4924194643,-4.5040426096,324.3404
309480000,15475,48.4924196838,-4.5040428465,324.3404
309500000,15476,48.4924199032,-4.5040430833,324.3404
309520000,15477,48.4924201226,-4.5040433202,324.3404
309540000,15478,48.492420342,-4.5040435571,324.3404
309560000,15479,48.4924205615,-4.5040437939,324.3404
309580000,15480,48.4924207809,-4.5040440308,324.3404
309600000,15481,48.4924210003,-4.5040442677,324.3404
309620000,15482,48.4924212198,-4.5040445045,324.3404
309640000,15483,48.4924214392,-4.5040447414,324.3404
309660000,15484,48.4924216586,-4.5040449783,324.3404
309680000,15485,48.4924218781,-4.5040452151,324.3404
309700000,15486,48.4924220975,-4.504045452,324.3404
309720000,15487,48.4924223169,-4.5040456889,324.3404
309740000,15488,48.4924225363,-4.5040459257,324.3404
309760000,15489,48.4924227558,-4.5040461626,324.3404
309780000,15490,48.4924229752,-4.5040463995,324.3404
309800000,15491,48.4924231946,-4.5040466364,324.3404
309820000,15492,48.4924234141,-4.5040468732,324.3404
309840000,15493,48.4924236335,-4.5040471101,324.3404
309860000,15494,48.4924238529,-4.504047347,324.3404
309880000,15495,48.4924240724,-4.5040475838,324.3404
309900000,15496,48.4924242918,-4.5040478207,324.3404
309920000,15497,48.4924245112,-4.5040480576,324.3404
309940000,15498,48.4924247306,-4.5040482944,324.3404
309960000,15499,48.4924249501,-4.5040485313,324.3404
309980000,15500,48.4924251695,-4.5040487682,324.3404
310000000,15501,48.4924253889,-4.504049005,324.3404
310020000,15502,48.4924256084,-4.5040492419,324.3404
310040000,15503,48.4924258278,-4.5040494788,324.3404
310060000,15504,48.4924260472,-4.5040497156,324.3404
310080000,15505,48.4924262667,-4.5040499525,324.3404
310100000,15506,48.4924264861,-4.5040501894,324.3404
310120000,15507,48.4924267055,-4.5040504262,324.3404
310140000,15508,48.4924269249,-4.5040506631,324.3404
310160000,15509,48.4924271444,-4.5040509,324.3404
310180000,15510,48.4924273638,-4.5040511368,324.3404
310200000,15511,48.4924275832,-4.5040513737,324.3404
310220000,15512,48.4924278027,-4.5040516106,324.3404
310240000,15513,48.4924280221,-4.5040518474,324.3404
310260000,15514,48.4924282415,-4.5040520843,324.3404
310280000,15515,48.4924284609,-4.5040523212,324.3404
310300000,15516,48.4924286804,-4.504052558,324.3404
310320000,15517,48.4924288998,-4.5040527949,324.3404
310340000,15518,48.4924291192,-4.5040530318,324.3404
310360000,15519,48.4924293387,-4.5040532687,324.3404
310380000,15520,48.4924295581,-4.5040535055,324.3404
310400000,15521,48.4924297775,-4.5040537424,324.3404
310420000,15522,48.492429997,-4.5040539793,324.3404
310440000,15523,48.4924302164,-4.5040542161,324.3404
310460000,15524,48.4924304358,-4.504054453,324.3404
310480000,15525,48.4924306552,-4.5040546899,324.3404
310500000,15526,48.4924308747,-4.5040549267,324.3404
310520000,15527,48.4924310941,-4.5040551636,324.3404
310540000,15528,48.4924313135,-4.5040554005,324.3404
310560000,15529,48.492431533,-4.5040556373,324.3404
310580000,15530,48.4924317524,-4.5040558742,324.3404
310600000,15531,48.4924319718,-4.5040561111,324.3404
310620000,15532,48.4924321913,-4.5040563479,324.3404
310640000,15533,48.4924324107,-4.5040565848,324.3404
310660000,15534,48.4924326301,-4.5040568217,324.3404
310680000,15535,48.4924328495,-4.5040570585,324.3404
310700000,15536,48.492433069,-4.5040572954,324.3404
310720000,15537,48.4924332884,-4.5040575323,324.3404
310740000,15538,48.4924335078,-4.5040577691,324.3404
310760000,15539,48.4924337273,-4.504058006,324.3404
310780000,15540,48.4924339467,-4.5040582429,324.3404
310800000,15541,48.4924341661,-4.5040584797,324.3404
310820000,15542,48.4924343856,-4.5040587166,324.3404
310840000,15543,48.492434605,-4.5040589535,324.3404
310860000,15544,48.4924348244,-4.5040591903,324.3404
310880000,15545,48.4924350438,-4.5040594272,324.3404
310900000,15546,48.4924352633,-4.5040596641,324.3404
310920000,15547,48.4924354827,-4.504059901,324.3404
310940000,15548,48.4924357021,-4.5040601378,324.3404
310960000,15549,48.4924359216,-4.5040603747,324.3404
310980000,15550,48.492436141,-4.5040606116,324.3404
311000000,15551,48.4924363604,-4.5040608484,324.3404
311020000,15552,48.4924365799,-4.5040610853,324.3404
311040000,15553,48.4924367993,-4.5040613222,324.3404
311060000,15554,48.4924370187,-4.504061559,324.3404
311080000,15555,48.4924372381,-4.5040617959,324.3404
311100000,15556,48.4924374576,-4.5040620328,324.3404
311120000,15557,48.492437677,-4.5040622696,324.3404
311140000,15558,48.4924378964,-4.5040625065,324.3404
311160000,15559,48.4924381159,-4.5040627434,324.3404
311180000,15560,48.4924383353,-4.5040629802,324.3404
311200000,15561,48.4924385547,-4.5040632171,324.3404
311220000,15562,48.4924387742,-4.504063454,324.3404
311240000,15563,48.4924389936,-4.5040636908,324.3404
311260000,15564,48.492439213,-4.5040639277,324.3404
311280000,15565,48.4924394324,-4.5040641646,324.3404
311300000,15566,48.4924396519,-4.5040644014,324.3404
311320000,15567,48.4924398713,-4.5040646383,324.3404
311340000,15568,48.4924400907,-4.5040648752,324.3404
311360000,15569,48.4924403102,-4.504065112,324.3404
311380000,15570,48.4924405296,-4.5040653489,324.3404
311400000,15571,48.492440749,-4.5040655858,324.3404
311420000,15572,48.4924409684,-4.5040658227,324.3404
311440000,15573,48.4924411879,-4.5040660595,324.3404
311460000,15574,48.4924414073,-4.5040662964,324.3404
311480000,15575,48.4924416267,-4.5040665333,324.3404
311500000,15576,48.4924418462,-4.5040667701,324.3404
311520000,15577,48.4924420656,-4.504067007,324.3404
311540000,15578,48.492442285,-4.5040672439,324.3404
311560000,15579,48.4924425045,-4.5040674807,324.3404
311580000,15580,48.4924427239,-4.5040677176,324.3404
311600000,15581,48.4924429433,-4.5040679545,324.3404
311620000,15582,48.4924431627,-4.5040681913,324.3404
311640000,15583,48.4924433822,-4.5040684282,324.3404
311660000,15584,48.4924436016,-4.5040686651,324.3404
311680000,15585,48.492443821,-4.5040689019,324.3404
311700000,15586,48.4924440405,-4.5040691388,324.3404
311720000,15587,48.4924442599,-4.5040693757,324.3404
311740000,15588,48.4924444793,-4.5040696125,324.3404
311760000,15589,48.4924446988,-4.5040698494,324.3404
311780000,15590,48.4924449182,-4.5040700863,324.3404
311800000,15591,48.4924451376,-4.5040703231,324.3404
311820000,15592,48.492445357,-4.50407056,324.3404
311840000,15593,48.4924455765,-4.5040707969,324.3404
311860000,15594,48.4924457959,-4.5040710337,324.3404
311880000,15595,48.4924460153,-4.5040712706,324.3404
311900000,15596,48.4924462348,-4.5040715075,324.3404
311920000,15597,48.4924464542,-4.5040717444,324.3404
311940000,15598,48.4924466736,-4.5040719812,324.3404
311960000,15599,48.4924468931,-4.5040722181,324.3404
311980000,15600,48.4924471125,-4.504072455,324.3404
312000000,15601,48.4924473319,-4.5040726918,324.3404
312020000,15602,48.4924475513,-4.5040729287,324.3404
312040000,15603,48.4924477708,-4.5040731656,324.3404
312060000,15604,48.4924479902,-4.5040734024,324.3404
312080000,15605,48.4924482096,-4.5040736393,324.3404
312100000,15606,48.4924484291,-4.5040738762,324.3404
312120000,15607,48.4924486485,-4.504074113,324.3404
312140000,15608,48.4924488679,-4.5040743499,324.3404
312160000,15609,48.4924490874,-4.5040745868,324.3404
312180000,15610,48.4924493068,-4.5040748236,324.3404
312200000,15611,48.4924495262,-4.5040750605,324.3404
312220000,15612,48.4924497456,-4.5040752974,324.3404
312240000,15613,48.4924499651,-4.5040755342,324.3404
312260000,15614,48.4924501845,-4.5040757711,324.3404
312280000,15615,48.4924504039,-4.504076008,324.3404
312300000,15616,48.4924506234,-4.5040762448,324.3404
312320000,15617,48.4924508428,-4.5040764817,324.3404
312340000,15618,48.4924510622,-4.5040767186,324.3404
312360000,15619,48.4924512816,-4.5040769554,324.3404
312380000,15620,48.4924515011,-4.5040771923,324.3404
312400000,15621,48.4924517205,-4.5040774292,324.3404
312420000,15622,48.4924519399,-4.5040776661,324.3404
312440000,15623,48.4924521594,-4.5040779029,324.3404
312460000,15624,48.4924523788,-4.5040781398,324.3404
312480000,15625,48.4924525982,-4.5040783767,324.3404
312500000,15626,48.4924528177,-4.5040786135,324.3404
312520000,15627,48.4924530371,-4.5040788504,324.3404
312540000,15628,48.4924532565,-4.5040790873,324.3404
312560000,15629,48.4924534759,-4.5040793241,324.3404
312580000,15630,48.4924536954,-4.504079561,324.3404
312600000,15631,48.4924539148,-4.5040797979,324.3404
312620000,15632,48.4924541342,-4.5040800347,324.3404
312640000,15633,48.4924543537,-4.5040802716,324.3404
312660000,15634,48.4924545731,-4.5040805085,324.3404
312680000,15635,48.4924547925,-4.5040807453,324.3404
312700000,15636,48.492455012,-4.5040809822,324.3404
312720000,15637,48.4924552314,-4.5040812191,324.3404
312740000,15638,48.4924554508,-4.5040814559,324.3404
312760000,15639,48.4924556702,-4.5040816928,324.3404
312780000,15640,48.4924558897,-4.5040819297,324.3404
312800000,15641,48.4924561091,-4.5040821665,324.3404
312820000,15642,48.4924563285,-4.5040824034,324.3404
312840000,15643,48.492456548,-4.5040826403,324.3404
312860000,15644,48.4924567674,-4.5040828771,324.3404
312880000,15645,48.4924569868,-4.504083114,324.3404
312900000,15646,48.4924572063,-4.5040833509,324.3404
312920000,15647,48.4924574257,-4.5040835878,324.3404
312940000,15648,48.4924576451,-4.5040838246,324.3404
312960000,15649,48.4924578645,-4.5040840615,324.3404
312980000,15650,48.492458084,-4.5040842984,324.3404
313000000,15651,48.4924583034,-4.5040845352,324.3404
313020000,15652,48.4924585228,-4.5040847721,324.3404
313040000,15653,48.4924587423,-4.504085009,324.3404
313060000,15654,48.4924589617,-4.5040852458,324.3404
313080000,15655,48.4924591811,-4.5040854827,324.3404
313100000,15656,48.4924594006,-4.5040857196,324.3404
313120000,15657,48.49245962,-4.5040859564,324.3404
313140000,15658,48.4924598394,-4.5040861933,324.3404
313160000,15659,48.4924600588,-4.5040864302,324.3404
313180000,15660,48.4924602783,-4.504086667,324.3404
313200000,15661,48.4924604977,-4.5040869039,324.3404
313220000,15662,48.4924607171,-4.5040871408,324.3404
313240000,15663,48.4924609366,-4.5040873776,324.3404
313260000,15664,48.492461156,-4.5040876145,324.3404
313280000,15665,48.4924613754,-4.5040878514,324.3404
313300000,15666,48.4924615948,-4.5040880882,324.3404
313320000,15667,48.4924615948,-4.5040880882,324.3404
313340000,15668,48.492461742,-4.5040882421,326.1016
313360000,15669,48.4924618881,-4.5040883847,327.9449
313380000,15670,48.492462033,-4.5040885163,329.8725
313400000,15671,48.4924621769,-4.5040886369,331.8862
313420000,15672,48.4924623196,-4.5040887467,333.987
313440000,15673,48.4924624612,-4.5040888457,336.1752
313460000,15674,48.4924626017,-4.5040889341,338.45
313480000,15675,48.4924627411,-4.504089012,340.8097
313500000,15676,48.4924628793,-4.5040890795,343.2513
313520000,15677,48.4924630163,-4.5040891367,345.7704
313540000,15678,48.4924631522,-4.5040891837,348.3612
313560000,15679,48.492463287,-4.5040892206,351.0166
313580000,15680,48.4924634205,-4.5040892475,353.7278
313600000,15681,48.4924635529,-4.5040892646,356.485
313620000,15682,48.4924636841,-4.5040892719,359.277
313640000,15683,48.4924638141,-4.5040892696,2.0918
313660000,15684,48.4924639429,-4.5040892577,4.9169
313680000,15685,48.4924640705,-4.5040892365,7.7394
313700000,15686,48.4924641969,-4.5040892058,10.5464
313720000,15687,48.4924643221,-4.504089166,13.3258
313740000,15688,48.492464446,-4.5040891171,16.0658
313760000,15689,48.4924645687,-4.5040890592,18.756
313780000,15690,48.4924646902,-4.5040889924,21.3871
313800000,15691,48.4924648103,-4.5040889169,23.9511
313820000,15692,48.4924649293,-4.5040888326,26.4416
313840000,15693,48.492465047,-4.5040887399,28.8536
313860000,15694,48.4924651634,-4.5040886386,31.1833
313880000,15695,48.4924652785,-4.5040885291,33.4284
313900000,15696,48.4924653923,-4.5040884113,35.5877
313920000,15697,48.4924655049,-4.5040882854,37.6611
313940000,15698,48.4924656161,-4.5040881515,39.6492
313960000,15699,48.492465726,-4.5040880097,41.5534
313980000,15700,48.4924658346,-4.5040878601,43.3757
314000000,15701,48.4924659419,-4.5040877028,45.1185
314020000,15702,48.4924660479,-4.5040875379,46.7847
314040000,15703,48.4924661525,-4.5040873656,48.377
314060000,15704,48.4924662558,-4.504087186,49.8988
314080000,15705,48.4924663577,-4.504086999,51.3533
314100000,15706,48.4924664583,-4.504086805,52.7436
314120000,15707,48.4924665575,-4.5040866039,54.0731
314140000,15708,48.4924666553,-4.5040863959,55.3448
314160000,15709,48.4924667518,-4.5040861811,56.5619
314180000,15710,48.4924668468,-4.5040859596,57.7273
314200000,15711,48.4924669405,-4.5040857315,58.844
314220000,15712,48.4924670328,-4.504085497,59.9146
314240000,15713,48.4924671236,-4.504085256,60.9417
314260000,15714,48.4924672131,-4.5040850088,61.928
314280000,15715,48.4924673011,-4.5040847554,62.8756
314300000,15716,48.4924673877,-4.504084496,63.7869
314320000,15717,48.4924674728,-4.5040842307,64.664
314340000,15718,48.4924675565,-4.5040839595,65.5087
314360000,15719,48.4924676388,-4.5040836827,66.3231
314380000,15720,48.4924677196,-4.5040834002,67.1088
314400000,15721,48.4924677989,-4.5040831122,67.8675
314420000,15722,48.4924678767,-4.5040828188,68.6007
314440000,15723,48.4924679531,-4.5040825201,69.31
314460000,15724,48.492468028,-4.5040822163,69.9967
314480000,15725,48.4924681014,-4.5040819074,70.6621
314500000,15726,48.4924681733,-4.5040815936,71.3073
314520000,15727,48.4924682436,-4.5040812749,71.9337
314540000,15728,48.4924683125,-4.5040809515,72.5421
314560000,15729,48.4924683798,-4.5040806234,73.1337
314580000,15730,48.4924684456,-4.5040802908,73.7094
314600000,15731,48.4924685099,-4.5040799539,74.2702
314620000,15732,48.4924685726,-4.5040796126,74.8167
314640000,15733,48.4924686338,-4.5040792671,75.35
314660000,15734,48.4924686934,-4.5040789176,75.8707
314680000,15735,48.4924687514,-4.5040785641,76.3795
314700000,15736,48.4924688079,-4.5040782067,76.8771
314720000,15737,48.4924688627,-4.5040778456,77.3642
314740000,15738,48.492468916,-4.5040774808,77.8414
314760000,15739,48.4924689677,-4.5040771125,78.3093
314780000,15740,48.4924690178,-4.5040767407,78.7684
314800000,15741,48.4924690663,-4.5040763657,79.2192
314820000,15742,48.4924691132,-4.5040759874,79.6623
314840000,15743,48.4924691584,-4.5040756061,80.0982
314860000,15744,48.492469202,-4.5040752217,80.5272
314880000,15745,48.492469244,-4.5040748345,80.9498
314900000,15746,48.4924692843,-4.5040744445,81.3665
314920000,15747,48.4924693229,-4.5040740519,81.7777
314940000,15748,48.49246936,-4.5040736567,82.1837
314960000,15749,48.4924693953,-4.504073259,82.5849
314980000,15750,48.492469429,-4.504072859,82.9817
315000000,15751,48.4924694609,-4.5040724568,83.3744
315020000,15752,48.4924694912,-4.5040720525,83.7633
315040000,15753,48.4924695198,-4.5040716462,84.1489
315060000,15754,48.4924695467,-4.5040712379,84.5313
315080000,15755,48.4924695719,-4.5040708279,84.9109
315100000,15756,48.4924695954,-4.5040704162,85.2881
315120000,15757,48.4924696171,-4.5040700029,85.663
315140000,15758,48.4924696371,-4.5040695882,86.036
315160000,15759,48.4924696554,-4.5040691721,86.4074
315180000,15760,48.4924696719,-4.5040687548,86.7774
315200000,15761,48.4924696866,-4.5040683363,87.1463
315220000,15762,48.4924696996,-4.5040679169,87.5144
315240000,15763,48.4924697109,-4.5040674965,87.8819
315260000,15764,48.4924697203,-4.5040670753,88.2491
315280000,15765,48.492469728,-4.5040666534,88.6162
315300000,15766,48.4924697339,-4.5040662309,88.9836
315320000,15767,48.492469738,-4.5040658079,89.3514
315340000,15768,48.4924697402,-4.5040653845,89.7199
315360000,15769,48.4924697407,-4.5040649609,90.0893
315380000,15770,48.4924697394,-4.5040645372,90.46
315400000,15771,48.4924697362,-4.5040641134,90.8321
315420000,15772,48.4924697312,-4.5040636897,91.206
315440000,15773,48.4924697243,-4.5040632661,91.5818
315460000,15774,48.4924697156,-4.5040628428,91.9599
315480000,15775,48.4924697051,-4.50406242,92.3405
315500000,15776,48.4924696927,-4.5040619976,92.7238
315520000,15777,48.4924696784,-4.5040615758,93.1102
315540000,15778,48.4924696622,-4.5040611548,93.4999
315560000,15779,48.4924696442,-4.5040607346,93.8932
315580000,15780,48.4924696242,-4.5040603153,94.2904
315600000,15781,48.4924696024,-4.5040598971,94.6917
315620000,15782,48.4924695787,-4.50405948,95.0975
315640000,15783,48.492469553,-4.5040590642,95.5081
315660000,15784,48.4924695255,-4.5040586498,95.9237
315680000,15785,48.492469496,-4.5040582369,96.3448
315700000,15786,48.4924694645,-4.5040578255,96.7716
315720000,15787,48.4924694312,-4.5040574159,97.2044
315740000,15788,48.4924693958,-4.504057008,97.6437
315760000,15789,48.4924693586,-4.5040566021,98.0898
315780000,15790,48.4924693193,-4.5040561983,98.543
315800000,15791,48.4924692781,-4.5040557965,99.0038
315820000,15792,48.4924692349,-4.504055397,99.4725
315840000,15793,48.4924691898,-4.5040549999,99.9496
315860000,15794,48.4924691426,-4.5040546053,100.4355
315880000,15795,48.4924690934,-4.5040542132,100.9306
315900000,15796,48.4924690423,-4.5040538238,101.4354
315920000,15797,48.4924689891,-4.5040534372,101.9503
315940000,15798,48.4924689339,-4.5040530535,102.476
315960000,15799,48.4924688767,-4.5040526728,103.0128
315980000,15800,48.4924688174,-4.5040522952,103.5614
316000000,15801,48.4924687561,-4.5040519209,104.1222
316020000,15802,48.4924686928,-4.5040515499,104.696
316040000,15803,48.4924686274,-4.5040511823,105.2832
316060000,15804,48.4924685599,-4.5040508183,105.8845
316080000,15805,48.4924684904,-4.504050458,106.5006
316100000,15806,48.4924684187,-4.5040501015,107.1322
316120000,15807,48.492468345,-4.5040497488,107.7799
316140000,15808,48.4924682692,-4.5040494001,108.4446
316160000,15809,48.4924681913,-4.5040490556,109.1269
316180000,15810,48.4924681113,-4.5040487152,109.8278
316200000,15811,48.4924680292,-4.5040483792,110.548
316220000,15812,48.492467945,-4.5040480476,111.2883
316240000,15813,48.4924678586,-4.5040477206,112.0498
316260000,15814,48.4924677701,-4.5040473982,112.8333
316280000,15815,48.4924676795,-4.5040470805,113.6398
316300000,15816,48.4924675867,-4.5040467677,114.4702
316320000,15817,48.4924674918,-4.5040464599,115.3257
316340000,15818,48.4924673947,-4.5040461572,116.2072
316360000,15819,48.4924672954,-4.5040458597,117.1158
316380000,15820,48.4924671939,-4.5040455675,118.0527
316400000,15821,48.4924670903,-4.5040452807,119.019
316420000,15822,48.4924669844,-4.5040449994,120.0157
316440000,15823,48.4924668764,-4.5040447238,121.0442
316460000,15824,48.4924667661,-4.5040444538,122.1054
316480000,15825,48.4924666537,-4.5040441898,123.2007
316500000,15826,48.492466539,-4.5040439317,124.3311
316520000,15827,48.4924664221,-4.5040436797,125.4978
316540000,15828,48.492466303,-4.5040434338,126.7018
316560000,15829,48.4924661816,-4.5040431942,127.9443
316580000,15830,48.4924660579,-4.5040429611,129.2261
316600000,15831,48.492465932,-4.5040427344,130.5482
316620000,15832,48.4924658039,-4.5040425143,131.9114
316640000,15833,48.4924656734,-4.504042301,133.3164
316660000,15834,48.4924655407,-4.5040420945,134.7637
316680000,15835,48.4924654057,-4.504041895,136.2536
316700000,15836,48.4924652684,-4.5040417024,137.7863
316720000,15837,48.4924651289,-4.5040415171,139.3618
316740000,15838,48.492464987,-4.504041339,140.9798
316760000,15839,48.4924648427,-4.5040411683,142.6396
316780000,15840,48.4924646962,-4.5040410051,144.3404
316800000,15841,48.4924646962,-4.5040410051,144.3404
316820000,15842,48.4924644768,-4.5040407682,144.3404
316840000,15843,48.4924642574,-4.5040405314,144.3404
316860000,15844,48.4924640379,-4.5040402945,144.3404
316880000,15845,48.4924638185,-4.5040400576,144.3404
316900000,15846,48.4924635991,-4.5040398208,144.3404
316920000,15847,48.4924633796,-4.5040395839,144.3404
316940000,15848,48.4924631602,-4.504039347,144.3404
316960000,15849,48.4924629408,-4.5040391102,144.3404
316980000,15850,48.4924627213,-4.5040388733,144.3404
317000000,15851,48.4924625019,-4.5040386364,144.3404
317020000,15852,48.4924622825,-4.5040383996,144.3404
317040000,15853,48.4924620631,-4.5040381627,144.3404
317060000,15854,48.4924618436,-4.5040379258,144.3404
317080000,15855,48.4924616242,-4.504037689,144.3404
317100000,15856,48.4924614048,-4.5040374521,144.3404
317120000,15857,48.4924611853,-4.5040372152,144.3404
317140000,15858,48.4924609659,-4.5040369783,144.3404
317160000,15859,48.4924607465,-4.5040367415,144.3404
317180000,15860,48.492460527,-4.5040365046,144.3404
317200000,15861,48.4924603076,-4.5040362677,144.3404
317220000,15862,48.4924600882,-4.5040360309,144.3404
317240000,15863,48.4924598688,-4.504035794,144.3404
317260000,15864,48.4924596493,-4.5040355571,144.3404
317280000,15865,48.4924594299,-4.5040353203,144.3404
317300000,15866,48.4924592105,-4.5040350834,144.3404
317320000,15867,48.492458991,-4.5040348465,144.3404
317340000,15868,48.4924587716,-4.5040346097,144.3404
317360000,15869,48.4924585522,-4.5040343728,144.3404
317380000,15870,48.4924583327,-4.5040341359,144.3404
317400000,15871,48.4924581133,-4.5040338991,144.3404
317420000,15872,48.4924578939,-4.5040336622,144.3404
317440000,15873,48.4924576745,-4.5040334253,144.3404
317460000,15874,48.492457455,-4.5040331885,144.3404
317480000,15875,48.4924572356,-4.5040329516,144.3404
317500000,15876,48.4924570162,-4.5040327147,144.3404
317520000,15877,48.4924567967,-4.5040324779,144.3404
317540000,15878,48.4924565773,-4.504032241,144.3404
317560000,15879,48.4924563579,-4.5040320041,144.3404
317580000,15880,48.4924561384,-4.5040317673,144.3404
317600000,15881,48.492455919,-4.5040315304,144.3404
317620000,15882,48.4924556996,-4.5040312935,144.3404
317640000,15883,48.4924554802,-4.5040310567,144.3404
317660000,15884,48.4924552607,-4.5040308198,144.3404
317680000,15885,48.4924550413,-4.5040305829,144.3404
317700000,15886,48.4924548219,-4.504030346,144.3404
317720000,15887,48.4924546024,-4.5040301092,144.3404
317740000,15888,48.492454383,-4.5040298723,144.3404
317760000,15889,48.4924541636,-4.5040296354,144.3404
317780000,15890,48.4924539441,-4.5040293986,144.3404
317800000,15891,48.4924537247,-4.5040291617,144.3404
317820000,15892,48.4924535053,-4.5040289248,144.3404
317840000,15893,48.4924532859,-4.504028688,144.3404
317860000,15894,48.4924530664,-4.5040284511,144.3404
317880000,15895,48.492452847,-4.5040282142,144.3404
317900000,15896,48.4924526276,-4.5040279774,144.3404
317920000,15897,48.4924524081,-4.5040277405,144.3404
317940000,15898,48.4924521887,-4.5040275036,144.3404
317960000,15899,48.4924519693,-4.5040272668,144.3404
317980000,15900,48.4924517499,-4.5040270299,144.3404
318000000,15901,48.4924515304,-4.504026793,144.3404
318020000,15902,48.492451311,-4.5040265562,144.3404
318040000,15903,48.4924510916,-4.5040263193,144.3404
318060000,15904,48.4924508721,-4.5040260824,144.3404
318080000,15905,48.4924506527,-4.5040258456,144.3404
318100000,15906,48.4924504333,-4.5040256087,144.3404
318120000,15907,48.4924502138,-4.5040253718,144.3404
318140000,15908,48.4924499944,-4.504025135,144.3404
318160000,15909,48.492449775,-4.5040248981,144.3404
318180000,15910,48.4924495556,-4.5040246612,144.3404
318200000,15911,48.4924493361,-4.5040244244,144.3404
318220000,15912,48.4924491167,-4.5040241875,144.3404
318240000,15913,48.4924488973,-4.5040239506,144.3404
318260000,15914,48.4924486778,-4.5040237137,144.3404
318280000,15915,48.4924484584,-4.5040234769,144.3404
318300000,15916,48.492448239,-4.50402324,144.3404
318320000,15917,48.4924480195,-4.5040230031,144.3404
318340000,15918,48.4924478001,-4.5040227663,144.3404
318360000,15919,48.4924475807,-4.5040225294,144.3404
318380000,15920,48.4924473613,-4.5040222925,144.3404
318400000,15921,48.4924471418,-4.5040220557,144.3404
318420000,15922,48.4924469224,-4.5040218188,144.3404
318440000,15923,48.492446703,-4.5040215819,144.3404
318460000,15924,48.4924464835,-4.5040213451,144.3404
318480000,15925,48.4924462641,-4.5040211082,144.3404
318500000,15926,48.4924460447,-4.5040208713,144.3404
318520000,15927,48.4924458252,-4.5040206345,144.3404
318540000,15928,48.4924456058,-4.5040203976,144.3404
318560000,15929,48.4924453864,-4.5040201607,144.3404
318580000,15930,48.492445167,-4.5040199239,144.3404
318600000,15931,48.4924449475,-4.504019687,144.3404
318620000,15932,48.4924447281,-4.5040194501,144.3404
318640000,15933,48.4924445087,-4.5040192133,144.3404
318660000,15934,48.4924442892,-4.5040189764,144.3404
318680000,15935,48.4924440698,-4.5040187395,144.3404
318700000,15936,48.4924438504,-4.5040185027,144.3404
318720000,15937,48.4924436309,-4.5040182658,144.3404
318740000,15938,48.4924434115,-4.5040180289,144.3404
318760000,15939,48.4924431921,-4.5040177921,144.3404
318780000,15940,48.4924429727,-4.5040175552,144.3404
318800000,15941,48.4924427532,-4.5040173183,144.3404
318820000,15942,48.4924425338,-4.5040170814,144.3404
318840000,15943,48.4924423144,-4.5040168446,144.3404
318860000,15944,48.4924420949,-4.5040166077,144.3404
318880000,15945,48.4924418755,-4.5040163708,144.3404
318900000,15946,48.4924416561,-4.504016134,144.3404
318920000,15947,48.4924414366,-4.5040158971,144.3404
318940000,15948,48.4924412172,-4.5040156602,144.3404
318960000,15949,48.4924409978,-4.5040154234,144.3404
318980000,15950,48.4924407784,-4.5040151865,144.3404
319000000,15951,48.4924405589,-4.5040149496,144.3404
319020000,15952,48.4924403395,-4.5040147128,144.3404
319040000,15953,48.4924401201,-4.5040144759,144.3404
319060000,15954,48.4924399006,-4.504014239,144.3404
319080000,15955,48.4924396812,-4.5040140022,144.3404
319100000,15956,48.4924394618,-4.5040137653,144.3404
319120000,15957,48.4924392423,-4.5040135284,144.3404
319140000,15958,48.4924390229,-4.5040132916,144.3404
319160000,15959,48.4924388035,-4.5040130547,144.3404
319180000,15960,48.4924385841,-4.5040128178,144.3404
319200000,15961,48.4924383646,-4.504012581,144.3404
319220000,15962,48.4924381452,-4.5040123441,144.3404
319240000,15963,48.4924379258,-4.5040121072,144.3404
319260000,15964,48.4924377063,-4.5040118704,144.3404
319280000,15965,48.4924374869,-4.5040116335,144.3404
319300000,15966,48.4924372675,-4.5040113966,144.3404
319320000,15967,48.492437048,-4.5040111598,144.3404
319340000,15968,48.4924368286,-4.5040109229,144.3404
319360000,15969,48.4924366092,-4.504010686,144.3404
319380000,15970,48.4924363898,-4.5040104492,144.3404
319400000,15971,48.4924361703,-4.5040102123,144.3404
319420000,15972,48.4924359509,-4.5040099754,144.3404
319440000,15973,48.4924357315,-4.5040097385,144.3404
319460000,15974,48.492435512,-4.5040095017,144.3404
319480000,15975,48.4924352926,-4.5040092648,144.3404
319500000,15976,48.4924350732,-4.5040090279,144.3404
319520000,15977,48.4924348537,-4.5040087911,144.3404
319540000,15978,48.4924346343,-4.5040085542,144.3404
319560000,15979,48.4924344149,-4.5040083173,144.3404
319580000,15980,48.4924341955,-4.5040080805,144.3404
319600000,15981,48.492433976,-4.5040078436,144.3404
319620000,15982,48.4924337566,-4.5040076067,144.3404
319640000,15983,48.4924335372,-4.5040073699,144.3404
319660000,15984,48.4924333177,-4.504007133,144.3404
319680000,15985,48.4924330983,-4.5040068961,144.3404
319700000,15986,48.4924328789,-4.5040066593,144.3404
319720000,15987,48.4924326594,-4.5040064224,144.3404
319740000,15988,48.49243244,-4.5040061855,144.3404
319760000,15989,48.4924322206,-4.5040059487,144.3404
319780000,15990,48.4924320012,-4.5040057118,144.3404
319800000,15991,48.4924317817,-4.5040054749,144.3404
319820000,15992,48.4924315623,-4.5040052381,144.3404
319840000,15993,48.4924313429,-4.5040050012,144.3404
319860000,15994,48.4924311234,-4.5040047643,144.3404
319880000,15995,48.492430904,-4.5040045275,144.3404
319900000,15996,48.4924306846,-4.5040042906,144.3404
319920000,15997,48.4924304651,-4.5040040537,144.3404
319940000,15998,48.4924302457,-4.5040038169,144.3404
319960000,15999,48.4924300263,-4.50400358,144.3404
319980000,16000,48.4924298069,-4.5040033431,144.3404
320000000,16001,48.4924295874,-4.5040031063,144.3404
320020000,16002,48.492429368,-4.5040028694,144.3404
320040000,16003,48.4924291486,-4.5040026325,144.3404
320060000,16004,48.4924289291,-4.5040023957,144.3404
320080000,16005,48.4924287097,-4.5040021588,144.3404
320100000,16006,48.4924284903,-4.5040019219,144.3404
320120000,16007,48.4924282709,-4.504001685,144.3404
320140000,16008,48.4924280514,-4.5040014482,144.3404
320160000,16009,48.492427832,-4.5040012113,144.3404
320180000,16010,48.4924276126,-4.5040009744,144.3404
320200000,16011,48.4924273931,-4.5040007376,144.3404
320220000,16012,48.4924271737,-4.5040005007,144.3404
320240000,16013,48.4924269543,-4.5040002638,144.3404
320260000,16014,48.4924267348,-4.504000027,144.3404
320280000,16015,48.4924265154,-4.5039997901,144.3404
320300000,16016,48.492426296,-4.5039995532,144.3404
320320000,16017,48.4924260766,-4.5039993164,144.3404
320340000,16018,48.4924258571,-4.5039990795,144.3404
320360000,16019,48.4924256377,-4.5039988426,144.3404
320380000,16020,48.4924254183,-4.5039986058,144.3404
320400000,16021,48.4924251988,-4.5039983689,144.3404
320420000,16022,48.4924249794,-4.503998132,144.3404
320440000,16023,48.49242476,-4.5039978952,144.3404
320460000,16024,48.4924245405,-4.5039976583,144.3404
320480000,16025,48.4924243211,-4.5039974214,144.3404
320500000,16026,48.4924241017,-4.5039971846,144.3404
320520000,16027,48.4924238823,-4.5039969477,144.3404
320540000,16028,48.4924236628,-4.5039967108,144.3404
320560000,16029,48.4924234434,-4.503996474,144.3404
320580000,16030,48.492423224,-4.5039962371,144.3404
320600000,16031,48.4924230045,-4.5039960002,144.3404
320620000,16032,48.4924227851,-4.5039957634,144.3404
320640000,16033,48.4924225657,-4.5039955265,144.3404
320660000,16034,48.4924223462,-4.5039952896,144.3404
320680000,16035,48.4924221268,-4.5039950528,144.3404
320700000,16036,48.4924219074,-4.5039948159,144.3404
320720000,16037,48.492421688,-4.503994579,144.3404
320740000,16038,48.4924214685,-4.5039943422,144.3404
320760000,16039,48.4924212491,-4.5039941053,144.3404
320780000,16040,48.4924210297,-4.5039938684,144.3404
320800000,16041,48.4924208102,-4.5039936316,144.3404
320820000,16042,48.4924205908,-4.5039933947,144.3404
320840000,16043,48.4924203714,-4.5039931578,144.3404
320860000,16044,48.4924201519,-4.5039929209,144.3404
320880000,16045,48.4924199325,-4.5039926841,144.3404
320900000,16046,48.4924197131,-4.5039924472,144.3404
320920000,16047,48.4924194937,-4.5039922103,144.3404
320940000,16048,48.4924192742,-4.5039919735,144.3404
320960000,16049,48.4924190548,-4.5039917366,144.3404
320980000,16050,48.4924188354,-4.5039914997,144.3404
321000000,16051,48.4924186159,-4.5039912629,144.3404
321020000,16052,48.4924183965,-4.503991026,144.3404
321040000,16053,48.4924181771,-4.5039907891,144.3404
321060000,16054,48.4924179576,-4.5039905523,144.3404
321080000,16055,48.4924177382,-4.5039903154,144.3404
321100000,16056,48.4924175188,-4.5039900785,144.3404
321120000,16057,48.4924172994,-4.5039898417,144.3404
321140000,16058,48.4924170799,-4.5039896048,144.3404
321160000,16059,48.4924168605,-4.5039893679,144.3404
321180000,16060,48.4924166411,-4.5039891311,144.3404
321200000,16061,48.4924164216,-4.5039888942,144.3404
321220000,16062,48.4924162022,-4.5039886573,144.3404
321240000,16063,48.4924159828,-4.5039884205,144.3404
321260000,16064,48.4924157633,-4.5039881836,144.3404
321280000,16065,48.4924155439,-4.5039879467,144.3404
321300000,16066,48.4924153245,-4.5039877099,144.3404
321320000,16067,48.4924151051,-4.503987473,144.3404
321340000,16068,48.4924148856,-4.5039872361,144.3404
321360000,16069,48.4924146662,-4.5039869993,144.3404
321380000,16070,48.4924144468,-4.5039867624,144.3404
321400000,16071,48.4924142273,-4.5039865255,144.3404
321420000,16072,48.4924140079,-4.5039862887,144.3404
321440000,16073,48.4924137885,-4.5039860518,144.3404
321460000,16074,48.492413569,-4.5039858149,144.3404
321480000,16075,48.4924133496,-4.5039855781,144.3404
321500000,16076,48.4924131302,-4.5039853412,144.3404
321520000,16077,48.4924129108,-4.5039851043,144.3404
321540000,16078,48.4924126913,-4.5039848675,144.3404
321560000,16079,48.4924124719,-4.5039846306,144.3404
321580000,16080,48.4924122525,-4.5039843937,144.3404
321600000,16081,48.492412033,-4.5039841569,144.3404
321620000,16082,48.4924118136,-4.50398392,144.3404
321640000,16083,48.4924115942,-4.5039836831,144.3404
321660000,16084,48.4924113747,-4.5039834462,144.3404
321680000,16085,48.4924111553,-4.5039832094,144.3404
321700000,16086,48.4924109359,-4.5039829725,144.3404
321720000,16087,48.4924107165,-4.5039827356,144.3404
321740000,16088,48.492410497,-4.5039824988,144.3404
321760000,16089,48.4924102776,-4.5039822619,144.3404
321780000,16090,48.4924100582,-4.503982025,144.3404
321800000,16091,48.4924098387,-4.5039817882,144.3404
321820000,16092,48.4924096193,-4.5039815513,144.3404
321840000,16093,48.4924093999,-4.5039813144,144.3404
321860000,16094,48.4924091804,-4.5039810776,144.3404
321880000,16095,48.492408961,-4.5039808407,144.3404
321900000,16096,48.4924087416,-4.5039806038,144.3404
321920000,16097,48.4924085222,-4.503980367,144.3404
321940000,16098,48.4924083027,-4.5039801301,144.3404
321960000,16099,48.4924080833,-4.5039798932,144.3404
321980000,16100,48.4924078639,-4.5039796564,144.3404
322000000,16101,48.4924076444,-4.5039794195,144.3404
322020000,16102,48.492407425,-4.5039791826,144.3404
322040000,16103,48.4924072056,-4.5039789458,144.3404
322060000,16104,48.4924069861,-4.5039787089,144.3404
322080000,16105,48.4924067667,-4.503978472,144.3404
322100000,16106,48.4924065473,-4.5039782352,144.3404
322120000,16107,48.4924063279,-4.5039779983,144.3404
322140000,16108,48.4924061084,-4.5039777614,144.3404
322160000,16109,48.492405889,-4.5039775246,144.3404
322180000,16110,48.4924056696,-4.5039772877,144.3404
322200000,16111,48.4924054501,-4.5039770508,144.3404
322220000,16112,48.4924052307,-4.503976814,144.3404
322240000,16113,48.4924050113,-4.5039765771,144.3404
322260000,16114,48.4924047918,-4.5039763402,144.3404
322280000,16115,48.4924045724,-4.5039761034,144.3404
322300000,16116,48.492404353,-4.5039758665,144.3404
322320000,16117,48.4924041336,-4.5039756296,144.3404
322340000,16118,48.4924039141,-4.5039753928,144.3404
322360000,16119,48.4924036947,-4.5039751559,144.3404
322380000,16120,48.4924034753,-4.503974919,144.3404
322400000,16121,48.4924032558,-4.5039746822,144.3404
322420000,16122,48.4924030364,-4.5039744453,144.3404
322440000,16123,48.492402817,-4.5039742084,144.3404
322460000,16124,48.4924025975,-4.5039739716,144.3404
322480000,16125,48.4924023781,-4.5039737347,144.3404
322500000,16126,48.4924021587,-4.5039734978,144.3404
322520000,16127,48.4924019393,-4.5039732609,144.3404
322540000,16128,48.4924017198,-4.5039730241,144.3404
322560000,16129,48.4924015004,-4.5039727872,144.3404
322580000,16130,48.492401281,-4.5039725503,144.3404
322600000,16131,48.4924010615,-4.5039723135,144.3404
322620000,16132,48.4924008421,-4.5039720766,144.3404
322640000,16133,48.4924006227,-4.5039718397,144.3404
322660000,16134,48.4924004032,-4.5039716029,144.3404
322680000,16135,48.4924001838,-4.503971366,144.3404
322700000,16136,48.4923999644,-4.5039711291,144.3404
322720000,16137,48.492399745,-4.5039708923,144.3404
322740000,16138,48.4923995255,-4.5039706554,144.3404
322760000,16139,48.4923993061,-4.5039704185,144.3404
322780000,16140,48.4923990867,-4.5039701817,144.3404
322800000,16141,48.4923988672,-4.5039699448,144.3404
322820000,16142,48.4923986478,-4.5039697079,144.3404
322840000,16143,48.4923984284,-4.5039694711,144.3404
322860000,16144,48.4923982089,-4.5039692342,144.3404
322880000,16145,48.4923979895,-4.5039689973,144.3404
322900000,16146,48.4923977701,-4.5039687605,144.3404
322920000,16147,48.4923975507,-4.5039685236,144.3404
322940000,16148,48.4923973312,-4.5039682867,144.3404
322960000,16149,48.4923971118,-4.5039680499,144.3404
322980000,16150,48.4923968924,-4.503967813,144.3404
323000000,16151,48.4923966729,-4.5039675761,144.3404
323020000,16152,48.4923964535,-4.5039673393,144.3404
323040000,16153,48.4923962341,-4.5039671024,144.3404
323060000,16154,48.4923960146,-4.5039668655,144.3404
323080000,16155,48.4923957952,-4.5039666287,144.3404
323100000,16156,48.4923955758,-4.5039663918,144.3404
323120000,16157,48.4923953564,-4.5039661549,144.3404
323140000,16158,48.4923951369,-4.5039659181,144.3404
323160000,16159,48.4923949175,-4.5039656812,144.3404
323180000,16160,48.4923946981,-4.5039654443,144.3404
323200000,16161,48.4923944786,-4.5039652075,144.3404
323220000,16162,48.4923942592,-4.5039649706,144.3404
323240000,16163,48.4923940398,-4.5039647337,144.3404
323260000,16164,48.4923938203,-4.5039644969,144.3404
323280000,16165,48.4923936009,-4.50396426,144.3404
323300000,16166,48.4923933815,-4.5039640231,144.3404
323320000,16167,48.4923931621,-4.5039637863,144.3404
323340000,16168,48.4923929426,-4.5039635494,144.3404
323360000,16169,48.4923927232,-4.5039633125,144.3404
323380000,16170,48.4923925038,-4.5039630757,144.3404
323400000,16171,48.4923922843,-4.5039628388,144.3404
323420000,16172,48.4923920649,-4.5039626019,144.3404
323440000,16173,48.4923918455,-4.5039623651,144.3404
323460000,16174,48.492391626,-4.5039621282,144.3404
323480000,16175,48.4923914066,-4.5039618913,144.3404
323500000,16176,48.4923911872,-4.5039616544,144.3404
323520000,16177,48.4923909678,-4.5039614176,144.3404
323540000,16178,48.4923907483,-4.5039611807,144.3404
323560000,16179,48.4923905289,-4.5039609438,144.3404
323580000,16180,48.4923903095,-4.503960707,144.3404
323600000,16181,48.49239009,-4.5039604701,144.3404
323620000,16182,48.4923898706,-4.5039602332,144.3404
323640000,16183,48.4923896512,-4.5039599964,144.3404
323660000,16184,48.4923894317,-4.5039597595,144.3404
323680000,16185,48.4923892123,-4.5039595226,144.3404
323700000,16186,48.4923889929,-4.5039592858,144.3404
323720000,16187,48.4923887735,-4.5039590489,144.3404
323740000,16188,48.492388554,-4.503958812,144.3404
323760000,16189,48.4923883346,-4.5039585752,144.3404
323780000,16190,48.4923881152,-4.5039583383,144.3404
323800000,16191,48.4923878957,-4.5039581014,144.3404
323820000,16192,48.4923876763,-4.5039578646,144.3404
323840000,16193,48.4923874569,-4.5039576277,144.3404
323860000,16194,48.4923872374,-4.5039573908,144.3404
323880000,16195,48.492387018,-4.503957154,144.3404
323900000,16196,48.4923867986,-4.5039569171,144.3404
323920000,16197,48.4923865792,-4.5039566802,144.3404
323940000,16198,48.4923863597,-4.5039564434,144.3404
323960000,16199,48.4923861403,-4.5039562065,144.3404
323980000,16200,48.4923859209,-4.5039559696,144.3404
324000000,16201,48.4923857014,-4.5039557328,144.3404
324020000,16202,48.492385482,-4.5039554959,144.3404
324040000,16203,48.4923852626,-4.503955259,144.3404
324060000,16204,48.4923850431,-4.5039550222,144.3404
324080000,16205,48.4923848237,-4.5039547853,144.3404
324100000,16206,48.4923846043,-4.5039545484,144.3404
324120000,16207,48.4923843849,-4.5039543116,144.3404
324140000,16208,48.4923841654,-4.5039540747,144.3404
324160000,16209,48.492383946,-4.5039538378,144.3404
324180000,16210,48.4923837266,-4.503953601,144.3404
324200000,16211,48.4923835071,-4.5039533641,144.3404
324220000,16212,48.4923832877,-4.5039531272,144.3404
324240000,16213,48.4923830683,-4.5039528904,144.3404
324260000,16214,48.4923828488,-4.5039526535,144.3404
324280000,16215,48.4923826294,-4.5039524166,144.3404
324300000,16216,48.49238241,-4.5039521798,144.3404
324320000,16217,48.4923821906,-4.5039519429,144.3404
324340000,16218,48.4923819711,-4.503951706,144.3404
324360000,16219,48.4923817517,-4.5039514692,144.3404
324380000,16220,48.4923815323,-4.5039512323,144.3404
324400000,16221,48.4923813128,-4.5039509954,144.3404
324420000,16222,48.4923810934,-4.5039507586,144.3404
324440000,16223,48.492380874,-4.5039505217,144.3404
324460000,16224,48.4923806545,-4.5039502848,144.3404
324480000,16225,48.4923804351,-4.503950048,144.3404
324500000,16226,48.4923802157,-4.5039498111,144.3404
324520000,16227,48.4923799963,-4.5039495742,144.3404
324540000,16228,48.4923797768,-4.5039493374,144.3404
324560000,16229,48.4923795574,-4.5039491005,144.3404
324580000,16230,48.492379338,-4.5039488636,144.3404
324600000,16231,48.4923791185,-4.5039486268,144.3404
324620000,16232,48.4923788991,-4.5039483899,144.3404
324640000,16233,48.4923786797,-4.503948153,144.3404
324660000,16234,48.4923784602,-4.5039479162,144.3404
324680000,16235,48.4923782408,-4.5039476793,144.3404
324700000,16236,48.4923780214,-4.5039474424,144.3404
324720000,16237,48.492377802,-4.5039472055,144.3404
324740000,16238,48.4923775825,-4.5039469687,144.3404
324760000,16239,48.4923773631,-4.5039467318,144.3404
324780000,16240,48.4923771437,-4.5039464949,144.3404
324800000,16241,48.4923769242,-4.5039462581,144.3404
324820000,16242,48.4923767048,-4.5039460212,144.3404
324840000,16243,48.4923764854,-4.5039457843,144.3404
324860000,16244,48.4923762659,-4.5039455475,144.3404
324880000,16245,48.4923760465,-4.5039453106,144.3404
324900000,16246,48.4923758271,-4.5039450737,144.3404
324920000,16247,48.4923756077,-4.5039448369,144.3404
324940000,16248,48.4923753882,-4.5039446,144.3404
324960000,16249,48.4923751688,-4.5039443631,144.3404
324980000,16250,48.4923749494,-4.5039441263,144.3404
325000000,16251,48.4923747299,-4.5039438894,144.3404
325020000,16252,48.4923745105,-4.5039436525,144.3404
325040000,16253,48.4923742911,-4.5039434157,144.3404
325060000,16254,48.4923740716,-4.5039431788,144.3404
325080000,16255,48.4923738522,-4.5039429419,144.3404
325100000,16256,48.4923736328,-4.5039427051,144.3404
325120000,16257,48.4923734134,-4.5039424682,144.3404
325140000,16258,48.4923731939,-4.5039422313,144.3404
325160000,16259,48.4923729745,-4.5039419945,144.3404
325180000,16260,48.4923727551,-4.5039417576,144.3404
325200000,16261,48.4923725356,-4.5039415207,144.3404
325220000,16262,48.4923723162,-4.5039412839,144.3404
325240000,16263,48.4923720968,-4.503941047,144.3404
325260000,16264,48.4923718773,-4.5039408101,144.3404
325280000,16265,48.4923716579,-4.5039405733,144.3404
325300000,16266,48.4923714385,-4.5039403364,144.3404
325320000,16267,48.492371219,-4.5039400995,144.3404
325340000,16268,48.4923709996,-4.5039398627,144.3404
325360000,16269,48.4923707802,-4.5039396258,144.3404
325380000,16270,48.4923705608,-4.5039393889,144.3404
325400000,16271,48.4923703413,-4.5039391521,144.3404
325420000,16272,48.4923701219,-4.5039389152,144.3404
325440000,16273,48.4923699025,-4.5039386783,144.3404
325460000,16274,48.492369683,-4.5039384415,144.3404
325480000,16275,48.4923694636,-4.5039382046,144.3404
325500000,16276,48.4923692442,-4.5039379677,144.3404
325520000,16277,48.4923690247,-4.5039377309,144.3404
325540000,16278,48.4923688053,-4.503937494,144.3404
325560000,16279,48.4923685859,-4.5039372571,144.3404
325580000,16280,48.4923683665,-4.5039370203,144.3404
325600000,16281,48.492368147,-4.5039367834,144.3404
325620000,16282,48.4923679276,-4.5039365465,144.3404
325640000,16283,48.4923677082,-4.5039363097,144.3404
325660000,16284,48.4923674887,-4.5039360728,144.3404
325680000,16285,48.4923672693,-4.5039358359,144.3404
325700000,16286,48.4923670499,-4.5039355991,144.3404
325720000,16287,48.4923668304,-4.5039353622,144.3404
325740000,16288,48.492366611,-4.5039351253,144.3404
325760000,16289,48.4923663916,-4.5039348885,144.3404
325780000,16290,48.4923661722,-4.5039346516,144.3404
325800000,16291,48.4923659527,-4.5039344147,144.3404
325820000,16292,48.4923657333,-4.5039341779,144.3404
325840000,16293,48.4923655139,-4.503933941,144.3404
325860000,16294,48.4923652944,-4.5039337041,144.3404
325880000,16295,48.492365075,-4.5039334673,144.3404
325900000,16296,48.4923648556,-4.5039332304,144.3404
325920000,16297,48.4923646361,-4.5039329935,144.3404
325940000,16298,48.4923644167,-4.5039327567,144.3404
325960000,16299,48.4923641973,-4.5039325198,144.3404
325980000,16300,48.4923639779,-4.5039322829,144.3404
326000000,16301,48.4923637584,-4.5039320461,144.3404
326020000,16302,48.492363539,-4.5039318092,144.3404
326040000,16303,48.4923633196,-4.5039315723,144.3404
326060000,16304,48.4923631001,-4.5039313355,144.3404
326080000,16305,48.4923628807,-4.5039310986,144.3404
326100000,16306,48.4923626613,-4.5039308617,144.3404
326120000,16307,48.4923624418,-4.5039306249,144.3404
326140000,16308,48.4923622224,-4.503930388,144.3404
326160000,16309,48.492362003,-4.5039301511,144.3404
326180000,16310,48.4923617836,-4.5039299143,144.3404
326200000,16311,48.4923615641,-4.5039296774,144.3404
326220000,16312,48.4923613447,-4.5039294405,144.3404
326240000,16313,48.4923611253,-4.5039292037,144.3404
326260000,16314,48.4923609058,-4.5039289668,144.3404
326280000,16315,48.4923606864,-4.5039287299,144.3404
326300000,16316,48.492360467,-4.5039284931,144.3404
326320000,16317,48.4923602475,-4.5039282562,144.3404
326340000,16318,48.4923600281,-4.5039280193,144.3404
326360000,16319,48.4923598087,-4.5039277824,144.3404
326380000,16320,48.4923595893,-4.5039275456,144.3404
326400000,16321,48.4923593698,-4.5039273087,144.3404
326420000,16322,48.4923591504,-4.5039270718,144.3404
326440000,16323,48.492358931,-4.503926835,144.3404
326460000,16324,48.4923587115,-4.5039265981,144.3404
326480000,16325,48.4923584921,-4.5039263612,144.3404
326500000,16326,48.4923582727,-4.5039261244,144.3404
326520000,16327,48.4923580532,-4.5039258875,144.3404
326540000,16328,48.4923578338,-4.5039256506,144.3404
326560000,16329,48.4923576144,-4.5039254138,144.3404
326580000,16330,48.492357395,-4.5039251769,144.3404
326600000,16331,48.4923571755,-4.50392494,144.3404
326620000,16332,48.4923569561,-4.5039247032,144.3404
326640000,16333,48.4923567367,-4.5039244663,144.3404
326660000,16334,48.4923565172,-4.5039242294,144.3404
326680000,16335,48.4923562978,-4.5039239926,144.3404
326700000,16336,48.4923560784,-4.5039237557,144.3404
326720000,16337,48.4923558589,-4.5039235188,144.3404
326740000,16338,48.4923556395,-4.503923282,144.3404
326760000,16339,48.4923554201,-4.5039230451,144.3404
326780000,16340,48.4923552007,-4.5039228082,144.3404
326800000,16341,48.4923549812,-4.5039225714,144.3404
326820000,16342,48.4923547618,-4.5039223345,144.3404
326840000,16343,48.4923545424,-4.5039220976,144.3404
326860000,16344,48.4923543229,-4.5039218608,144.3404
326880000,16345,48.4923541035,-4.5039216239,144.3404
326900000,16346,48.4923538841,-4.503921387,144.3404
326920000,16347,48.4923536646,-4.5039211502,144.3404
326940000,16348,48.4923534452,-4.5039209133,144.3404
326960000,16349,48.4923532258,-4.5039206764,144.3404
326980000,16350,48.4923530064,-4.5039204396,144.3404
327000000,16351,48.4923527869,-4.5039202027,144.3404
327020000,16352,48.4923525675,-4.5039199658,144.3404
327040000,16353,48.4923523481,-4.503919729,144.3404
327060000,16354,48.4923521286,-4.5039194921,144.3404
327080000,16355,48.4923519092,-4.5039192552,144.3404
327100000,16356,48.4923516898,-4.5039190184,144.3404
327120000,16357,48.4923514703,-4.5039187815,144.3404
327140000,16358,48.4923512509,-4.5039185446,144.3404
327160000,16359,48.4923510315,-4.5039183078,144.3404
327180000,16360,48.4923508121,-4.5039180709,144.3404
327200000,16361,48.4923505926,-4.503917834,144.3404
327220000,16362,48.4923503732,-4.5039175972,144.3404
327240000,16363,48.4923501538,-4.5039173603,144.3404
327260000,16364,48.4923499343,-4.5039171234,144.3404
327280000,16365,48.4923497149,-4.5039168866,144.3404
327300000,16366,48.4923494955,-4.5039166497,144.3404
327320000,16367,48.492349276,-4.5039164128,144.3404
327340000,16368,48.4923490566,-4.503916176,144.3404
327360000,16369,48.4923488372,-4.5039159391,144.3404
327380000,16370,48.4923486177,-4.5039157022,144.3404
327400000,16371,48.4923483983,-4.5039154654,144.3404
327420000,16372,48.4923481789,-4.5039152285,144.3404
327440000,16373,48.4923479595,-4.5039149916,144.3404
327460000,16374,48.49234774,-4.5039147548,144.3404
327480000,16375,48.4923475206,-4.5039145179,144.3404
327500000,16376,48.4923473012,-4.503914281,144.3404
327520000,16377,48.4923470817,-4.5039140442,144.3404
327540000,16378,48.4923468623,-4.5039138073,144.3404
327560000,16379,48.4923466429,-4.5039135704,144.3404
327580000,16380,48.4923464234,-4.5039133336,144.3404
327600000,16381,48.492346204,-4.5039130967,144.3404
327620000,16382,48.4923459846,-4.5039128598,144.3404
327640000,16383,48.4923457652,-4.503912623,144.3404
327660000,16384,48.4923455457,-4.5039123861,144.3404
327680000,16385,48.4923453263,-4.5039121492,144.3404
327700000,16386,48.4923451069,-4.5039119124,144.3404
327720000,16387,48.4923448874,-4.5039116755,144.3404
327740000,16388,48.492344668,-4.5039114386,144.3404
327760000,16389,48.4923444486,-4.5039112018,144.3404
327780000,16390,48.4923442291,-4.5039109649,144.3404
327800000,16391,48.4923440097,-4.503910728,144.3404
327820000,16392,48.4923437903,-4.5039104912,144.3404
327840000,16393,48.4923435709,-4.5039102543,144.3404
327860000,16394,48.4923433514,-4.5039100174,144.3404
327880000,16395,48.492343132,-4.5039097806,144.3404
327900000,16396,48.4923429126,-4.5039095437,144.3404
327920000,16397,48.4923426931,-4.5039093068,144.3404
327940000,16398,48.4923424737,-4.50390907,144.3404
327960000,16399,48.4923422543,-4.5039088331,144.3404
327980000,16400,48.4923420348,-4.5039085962,144.3404
328000000,16401,48.4923418154,-4.5039083594,144.3404
328020000,16402,48.492341596,-4.5039081225,144.3404
328040000,16403,48.4923413766,-4.5039078856,144.3404
328060000,16404,48.4923411571,-4.5039076488,144.3404
328080000,16405,48.4923409377,-4.5039074119,144.3404
328100000,16406,48.4923407183,-4.503907175,144.3404
328120000,16407,48.4923404988,-4.5039069382,144.3404
328140000,16408,48.4923402794,-4.5039067013,144.3404
328160000,16409,48.49234006,-4.5039064644,144.3404
328180000,16410,48.4923398405,-4.5039062276,144.3404
328200000,16411,48.4923396211,-4.5039059907,144.3404
328220000,16412,48.4923394017,-4.5039057538,144.3404
328240000,16413,48.4923391823,-4.503905517,144.3404
328260000,16414,48.4923389628,-4.5039052801,144.3404
328280000,16415,48.4923387434,-4.5039050432,144.3404
328300000,16416,48.492338524,-4.5039048064,144.3404
328320000,16417,48.4923383045,-4.5039045695,144.3404
328340000,16418,48.4923380851,-4.5039043326,144.3404
328360000,16419,48.4923378657,-4.5039040958,144.3404
328380000,16420,48.4923376462,-4.5039038589,144.3404
328400000,16421,48.4923374268,-4.503903622,144.3404
328420000,16422,48.4923372074,-4.5039033852,144.3404
328440000,16423,48.492336988,-4.5039031483,144.3404
328460000,16424,48.4923367685,-4.5039029114,144.3404
328480000,16425,48.4923365491,-4.5039026746,144.3404
328500000,16426,48.4923363297,-4.5039024377,144.3404
328520000,16427,48.4923361102,-4.5039022008,144.3404
328540000,16428,48.4923358908,-4.503901964,144.3404
328560000,16429,48.4923356714,-4.5039017271,144.3404
328580000,16430,48.4923354519,-4.5039014902,144.3404
328600000,16431,48.4923352325,-4.5039012534,144.3404
328620000,16432,48.4923350131,-4.5039010165,144.3404
328640000,16433,48.4923347937,-4.5039007796,144.3404
328660000,16434,48.4923345742,-4.5039005428,144.3404
328680000,16435,48.4923343548,-4.5039003059,144.3404
328700000,16436,48.4923341354,-4.503900069,144.3404
328720000,16437,48.4923339159,-4.5038998322,144.3404
328740000,16438,48.4923336965,-4.5038995953,144.3404
328760000,16439,48.4923334771,-4.5038993584,144.3404
328780000,16440,48.4923332576,-4.5038991216,144.3404
328800000,16441,48.4923330382,-4.5038988847,144.3404
328820000,16442,48.4923328188,-4.5038986478,144.3404
328840000,16443,48.4923325993,-4.503898411,144.3404
328860000,16444,48.4923323799,-4.5038981741,144.3404
328880000,16445,48.4923321605,-4.5038979372,144.3404
328900000,16446,48.4923319411,-4.5038977004,144.3404
328920000,16447,48.4923317216,-4.5038974635,144.3404
328940000,16448,48.4923315022,-4.5038972266,144.3404
328960000,16449,48.4923312828,-4.5038969898,144.3404
328980000,16450,48.4923310633,-4.5038967529,144.3404
329000000,16451,48.4923308439,-4.503896516,144.3404
329020000,16452,48.4923306245,-4.5038962792,144.3404
329040000,16453,48.492330405,-4.5038960423,144.3404
329060000,16454,48.4923301856,-4.5038958054,144.3404
329080000,16455,48.4923299662,-4.5038955686,144.3404
329100000,16456,48.4923297468,-4.5038953317,144.3404
329120000,16457,48.4923295273,-4.5038950948,144.3404
329140000,16458,48.4923293079,-4.503894858,144.3404
329160000,16459,48.4923290885,-4.5038946211,144.3404
329180000,16460,48.492328869,-4.5038943842,144.3404
329200000,16461,48.4923286496,-4.5038941474,144.3404
329220000,16462,48.4923284302,-4.5038939105,144.3404
329240000,16463,48.4923282107,-4.5038936736,144.3404
329260000,16464,48.4923279913,-4.5038934368,144.3404
329280000,16465,48.4923277719,-4.5038931999,144.3404
329300000,16466,48.4923275525,-4.503892963,144.3404
329320000,16467,48.492327333,-4.5038927262,144.3404
329340000,16468,48.4923271136,-4.5038924893,144.3404
329360000,16469,48.4923268942,-4.5038922524,144.3404
329380000,16470,48.4923266747,-4.5038920156,144.3404
329400000,16471,48.4923264553,-4.5038917787,144.3404
329420000,16472,48.4923262359,-4.5038915418,144.3404
329440000,16473,48.4923260164,-4.503891305,144.3404
329460000,16474,48.492325797,-4.5038910681,144.3404
329480000,16475,48.4923255776,-4.5038908312,144.3404
329500000,16476,48.4923253582,-4.5038905944,144.3404
329520000,16477,48.4923251387,-4.5038903575,144.3404
329540000,16478,48.4923249193,-4.5038901206,144.3404
329560000,16479,48.4923246999,-4.5038898838,144.3404
329580000,16480,48.4923244804,-4.5038896469,144.3404
329600000,16481,48.492324261,-4.50388941,144.3404
329620000,16482,48.4923240416,-4.5038891732,144.3404
329640000,16483,48.4923238221,-4.5038889363,144.3404
329660000,16484,48.4923236027,-4.5038886994,144.3404
329680000,16485,48.4923233833,-4.5038884626,144.3404
329700000,16486,48.4923231639,-4.5038882257,144.3404
329720000,16487,48.4923229444,-4.5038879888,144.3404
329740000,16488,48.492322725,-4.503887752,144.3404
329760000,16489,48.4923225056,-4.5038875151,144.3404
329780000,16490,48.4923222861,-4.5038872782,144.3404
329800000,16491,48.4923220667,-4.5038870414,144.3404
329820000,16492,48.4923218473,-4.5038868045,144.3404
329840000,16493,48.4923216278,-4.5038865676,144.3404
329860000,16494,48.4923214084,-4.5038863308,144.3404
329880000,16495,48.492321189,-4.5038860939,144.3404
329900000,16496,48.4923209696,-4.503885857,144.3404
329920000,16497,48.4923207501,-4.5038856202,144.3404
329940000,16498,48.4923205307,-4.5038853833,144.3404
329960000,16499,48.4923203113,-4.5038851464,144.3404
329980000,16500,48.4923200918,-4.5038849096,144.3404
330000000,16501,48.4923198724,-4.5038846727,144.3404
330020000,16502,48.492319653,-4.5038844358,144.3404
330040000,16503,48.4923194335,-4.503884199,144.3404
330060000,16504,48.4923192141,-4.5038839621,144.3404
330080000,16505,48.4923189947,-4.5038837252,144.3404
330100000,16506,48.4923187752,-4.5038834884,144.3404
330120000,16507,48.4923185558,-4.5038832515,144.3404
330140000,16508,48.4923183364,-4.5038830146,144.3404
330160000,16509,48.492318117,-4.5038827778,144.3404
330180000,16510,48.4923178975,-4.5038825409,144.3404
330200000,16511,48.4923176781,-4.503882304,144.3404
330220000,16512,48.4923174587,-4.5038820672,144.3404
330240000,16513,48.4923172392,-4.5038818303,144.3404
330260000,16514,48.4923170198,-4.5038815934,144.3404
330280000,16515,48.4923168004,-4.5038813566,144.3404
330300000,16516,48.4923165809,-4.5038811197,144.3404
330320000,16517,48.4923163615,-4.5038808828,144.3404
330340000,16518,48.4923161421,-4.503880646,144.3404
330360000,16519,48.4923159227,-4.5038804091,144.3404
330380000,16520,48.4923157032,-4.5038801722,144.3404
330400000,16521,48.4923154838,-4.5038799354,144.3404
330420000,16522,48.4923152644,-4.5038796985,144.3404
330440000,16523,48.4923150449,-4.5038794616,144.3404
330460000,16524,48.4923148255,-4.5038792248,144.3404
330480000,16525,48.4923146061,-4.5038789879,144.3404
330500000,16526,48.4923143866,-4.503878751,144.3404
330520000,16527,48.4923141672,-4.5038785142,144.3404
330540000,16528,48.4923139478,-4.5038782773,144.3404
330560000,16529,48.4923137284,-4.5038780404,144.3404
330580000,16530,48.4923135089,-4.5038778036,144.3404
330600000,16531,48.4923132895,-4.5038775667,144.3404
330620000,16532,48.4923130701,-4.5038773298,144.3404
330640000,16533,48.4923128506,-4.503877093,144.3404
330660000,16534,48.4923126312,-4.5038768561,144.3404
330680000,16535,48.4923124118,-4.5038766192,144.3404
330700000,16536,48.4923121923,-4.5038763824,144.3404
330720000,16537,48.4923119729,-4.5038761455,144.3404
330740000,16538,48.4923117535,-4.5038759086,144.3404
330760000,16539,48.4923115341,-4.5038756718,144.3404
330780000,16540,48.4923113146,-4.5038754349,144.3404
330800000,16541,48.4923110952,-4.503875198,144.3404
330820000,16542,48.4923108758,-4.5038749612,144.3404
330840000,16543,48.4923106563,-4.5038747243,144.3404
330860000,16544,48.4923104369,-4.5038744874,144.3404
330880000,16545,48.4923102175,-4.5038742506,144.3404
330900000,16546,48.492309998,-4.5038740137,144.3404
330920000,16547,48.4923097786,-4.5038737768,144.3404
330940000,16548,48.4923095592,-4.50387354,144.3404
330960000,16549,48.4923093398,-4.5038733031,144.3404
330980000,16550,48.4923091203,-4.5038730662,144.3404
331000000,16551,48.4923089009,-4.5038728294,144.3404
331020000,16552,48.4923086815,-4.5038725925,144.3404
331040000,16553,48.492308462,-4.5038723556,144.3404
331060000,16554,48.4923082426,-4.5038721188,144.3404
331080000,16555,48.4923080232,-4.5038718819,144.3404
331100000,16556,48.4923078037,-4.503871645,144.3404
331120000,16557,48.4923075843,-4.5038714082,144.3404
331140000,16558,48.4923073649,-4.5038711713,144.3404
331160000,16559,48.4923071454,-4.5038709344,144.3404
331180000,16560,48.492306926,-4.5038706976,144.3404
331200000,16561,48.4923067066,-4.5038704607,144.3404
331220000,16562,48.4923064872,-4.5038702238,144.3404
331240000,16563,48.4923062677,-4.503869987,144.3404
331260000,16564,48.4923060483,-4.5038697501,144.3404
331280000,16565,48.4923058289,-4.5038695132,144.3404
331300000,16566,48.4923056094,-4.5038692764,144.3404
331320000,16567,48.49230539,-4.5038690395,144.3404
331340000,16568,48.4923051706,-4.5038688026,144.3404
331360000,16569,48.4923049511,-4.5038685658,144.3404
331380000,16570,48.4923047317,-4.5038683289,144.3404
331400000,16571,48.4923045123,-4.503868092,144.3404
331420000,16572,48.4923042929,-4.5038678552,144.3404
331440000,16573,48.4923040734,-4.5038676183,144.3404
331460000,16574,48.492303854,-4.5038673814,144.3404
331480000,16575,48.4923036346,-4.5038671446,144.3404
331500000,16576,48.4923034151,-4.5038669077,144.3404
331520000,16577,48.4923031957,-4.5038666708,144.3404
331540000,16578,48.4923029763,-4.503866434,144.3404
331560000,16579,48.4923027568,-4.5038661971,144.3404
331580000,16580,48.4923025374,-4.5038659602,144.3404
331600000,16581,48.492302318,-4.5038657234,144.3404
331620000,16582,48.4923020986,-4.5038654865,144.3404
331640000,16583,48.4923018791,-4.5038652496,144.3404
331660000,16584,48.4923016597,-4.5038650128,144.3404
331680000,16585,48.4923014403,-4.5038647759,144.3404
331700000,16586,48.4923012208,-4.503864539,144.3404
331720000,16587,48.4923010014,-4.5038643022,144.3404
331740000,16588,48.492300782,-4.5038640653,144.3404
331760000,16589,48.4923005625,-4.5038638284,144.3404
331780000,16590,48.4923003431,-4.5038635916,144.3404
331800000,16591,48.4923001237,-4.5038633547,144.3404
331820000,16592,48.4922999043,-4.5038631178,144.3404
331840000,16593,48.4922996848,-4.503862881,144.3404
331860000,16594,48.4922994654,-4.5038626441,144.3404
331880000,16595,48.492299246,-4.5038624072,144.3404
331900000,16596,48.4922990265,-4.5038621704,144.3404
331920000,16597,48.4922988071,-4.5038619335,144.3404
331940000,16598,48.4922985877,-4.5038616966,144.3404
331960000,16599,48.4922983682,-4.5038614598,144.3404
331980000,16600,48.4922981488,-4.5038612229,144.3404
332000000,16601,48.4922979294,-4.503860986,144.3404
332020000,16602,48.4922977099,-4.5038607492,144.3404
332040000,16603,48.4922974905,-4.5038605123,144.3404
332060000,16604,48.4922972711,-4.5038602754,144.3404
332080000,16605,48.4922970517,-4.5038600386,144.3404
332100000,16606,48.4922968322,-4.5038598017,144.3404
332120000,16607,48.4922966128,-4.5038595648,144.3404
332140000,16608,48.4922963934,-4.503859328,144.3404
332160000,16609,48.4922961739,-4.5038590911,144.3404
332180000,16610,48.4922959545,-4.5038588542,144.3404
332200000,16611,48.4922957351,-4.5038586174,144.3404
332220000,16612,48.4922955156,-4.5038583805,144.3404
332240000,16613,48.4922952962,-4.5038581436,144.3404
332260000,16614,48.4922950768,-4.5038579068,144.3404
332280000,16615,48.4922948574,-4.5038576699,144.3404
332300000,16616,48.4922946379,-4.503857433,144.3404
332320000,16617,48.4922944185,-4.5038571962,144.3404
332340000,16618,48.4922941991,-4.5038569593,144.3404
332360000,16619,48.4922939796,-4.5038567224,144.3404
332380000,16620,48.4922937602,-4.5038564856,144.3404
332400000,16621,48.4922935408,-4.5038562487,144.3404
332420000,16622,48.4922933213,-4.5038560118,144.3404
332440000,16623,48.4922931019,-4.503855775,144.3404
332460000,16624,48.4922928825,-4.5038555381,144.3404
332480000,16625,48.4922926631,-4.5038553012,144.3404
332500000,16626,48.4922924436,-4.5038550644,144.3404
332520000,16627,48.4922922242,-4.5038548275,144.3404
332540000,16628,48.4922920048,-4.5038545906,144.3404
332560000,16629,48.4922917853,-4.5038543538,144.3404
332580000,16630,48.4922915659,-4.5038541169,144.3404
332600000,16631,48.4922913465,-4.50385388,144.3404
332620000,16632,48.492291127,-4.5038536432,144.3404
332640000,16633,48.4922909076,-4.5038534063,144.3404
332660000,16634,48.4922906882,-4.5038531694,144.3404
332680000,16635,48.4922904688,-4.5038529326,144.3404
332700000,16636,48.4922902493,-4.5038526957,144.3404
332720000,16637,48.4922900299,-4.5038524589,144.3404
332740000,16638,48.4922898105,-4.503852222,144.3404
332760000,16639,48.492289591,-4.5038519851,144.3404
332780000,16640,48.4922893716,-4.5038517483,144.3404
332800000,16641,48.4922891522,-4.5038515114,144.3404
332820000,16642,48.4922889327,-4.5038512745,144.3404
332840000,16643,48.4922887133,-4.5038510377,144.3404
332860000,16644,48.4922884939,-4.5038508008,144.3404
332880000,16645,48.4922882744,-4.5038505639,144.3404
332900000,16646,48.492288055,-4.5038503271,144.3404
332920000,16647,48.4922878356,-4.5038500902,144.3404
332940000,16648,48.4922876162,-4.5038498533,144.3404
332960000,16649,48.4922873967,-4.5038496165,144.3404
332980000,16650,48.4922871773,-4.5038493796,144.3404
333000000,16651,48.4922869579,-4.5038491427,144.3404
333020000,16652,48.4922867384,-4.5038489059,144.3404
333040000,16653,48.492286519,-4.503848669,144.3404
333060000,16654,48.4922862996,-4.5038484321,144.3404
333080000,16655,48.4922860801,-4.5038481953,144.3404
333100000,16656,48.4922858607,-4.5038479584,144.3404
333120000,16657,48.4922856413,-4.5038477215,144.3404
333140000,16658,48.4922854219,-4.5038474847,144.3404
333160000,16659,48.4922852024,-4.5038472478,144.3404
333180000,16660,48.492284983,-4.5038470109,144.3404
333200000,16661,48.4922847636,-4.5038467741,144.3404
333220000,16662,48.4922845441,-4.5038465372,144.3404
333240000,16663,48.4922843247,-4.5038463003,144.3404
333260000,16664,48.4922841053,-4.5038460635,144.3404
333280000,16665,48.4922838858,-4.5038458266,144.3404
333300000,16666,48.4922836664,-4.5038455897,144.3404
333320000,16667,48.492283447,-4.5038453529,144.3404
333340000,16668,48.4922832276,-4.503845116,144.3404
333360000,16669,48.4922830081,-4.5038448791,144.3404
333380000,16670,48.4922827887,-4.5038446423,144.3404
333400000,16671,48.4922825693,-4.5038444054,144.3404
333420000,16672,48.4922823498,-4.5038441685,144.3404
333440000,16673,48.4922821304,-4.5038439317,144.3404
333460000,16674,48.492281911,-4.5038436948,144.3404
333480000,16675,48.4922816915,-4.5038434579,144.3404
333500000,16676,48.4922814721,-4.5038432211,144.3404
333520000,16677,48.4922812527,-4.5038429842,144.3404
333540000,16678,48.4922810332,-4.5038427473,144.3404
333560000,16679,48.4922808138,-4.5038425105,144.3404
333580000,16680,48.4922805944,-4.5038422736,144.3404
333600000,16681,48.492280375,-4.5038420367,144.3404
333620000,16682,48.4922801555,-4.5038417999,144.3404
333640000,16683,48.4922799361,-4.503841563,144.3404
333660000,16684,48.4922797167,-4.5038413261,144.3404
333680000,16685,48.4922794972,-4.5038410893,144.3404
333700000,16686,48.4922792778,-4.5038408524,144.3404
333720000,16687,48.4922790584,-4.5038406155,144.3404
333740000,16688,48.4922788389,-4.5038403787,144.3404
333760000,16689,48.4922786195,-4.5038401418,144.3404
333780000,16690,48.4922784001,-4.5038399049,144.3404
333800000,16691,48.4922781807,-4.5038396681,144.3404
333820000,16692,48.4922779612,-4.5038394312,144.3404
333840000,16693,48.4922777418,-4.5038391943,144.3404
333860000,16694,48.4922775224,-4.5038389575,144.3404
333880000,16695,48.4922773029,-4.5038387206,144.3404
333900000,16696,48.4922770835,-4.5038384837,144.3404
333920000,16697,48.4922768641,-4.5038382469,144.3404
333940000,16698,48.4922766446,-4.50383801,144.3404
333960000,16699,48.4922764252,-4.5038377731,144.3404
333980000,16700,48.4922762058,-4.5038375363,144.3404
334000000,16701,48.4922759864,-4.5038372994,144.3404
334020000,16702,48.4922757669,-4.5038370625,144.3404
334040000,16703,48.4922755475,-4.5038368257,144.3404
334060000,16704,48.4922753281,-4.5038365888,144.3404
334080000,16705,48.4922751086,-4.5038363519,144.3404
334100000,16706,48.4922748892,-4.5038361151,144.3404
334120000,16707,48.4922746698,-4.5038358782,144.3404
334140000,16708,48.4922744503,-4.5038356413,144.3404
334160000,16709,48.4922742309,-4.5038354045,144.3404
334180000,16710,48.4922740115,-4.5038351676,144.3404
334200000,16711,48.4922737921,-4.5038349307,144.3404
334220000,16712,48.4922735726,-4.5038346939,144.3404
334240000,16713,48.4922733532,-4.503834457,144.3404
334260000,16714,48.4922731338,-4.5038342201,144.3404
334280000,16715,48.4922729143,-4.5038339833,144.3404
334300000,16716,48.4922726949,-4.5038337464,144.3404
334320000,16717,48.4922724755,-4.5038335096,144.3404
334340000,16718,48.492272256,-4.5038332727,144.3404
334360000,16719,48.4922720366,-4.5038330358,144.3404
334380000,16720,48.4922718172,-4.503832799,144.3404
334400000,16721,48.4922715977,-4.5038325621,144.3404
334420000,16722,48.4922713783,-4.5038323252,144.3404
334440000,16723,48.4922711589,-4.5038320884,144.3404
334460000,16724,48.4922709395,-4.5038318515,144.3404
334480000,16725,48.49227072,-4.5038316146,144.3404
334500000,16726,48.4922705006,-4.5038313778,144.3404
334520000,16727,48.4922702812,-4.5038311409,144.3404
334540000,16728,48.4922700617,-4.503830904,144.3404
334560000,16729,48.4922698423,-4.5038306672,144.3404
334580000,16730,48.4922696229,-4.5038304303,144.3404
334600000,16731,48.4922694034,-4.5038301934,144.3404
334620000,16732,48.492269184,-4.5038299566,144.3404
334640000,16733,48.4922689646,-4.5038297197,144.3404
334660000,16734,48.4922687452,-4.5038294828,144.3404
334680000,16735,48.4922685257,-4.503829246,144.3404
334700000,16736,48.4922683063,-4.5038290091,144.3404
334720000,16737,48.4922680869,-4.5038287722,144.3404
334740000,16738,48.4922678674,-4.5038285354,144.3404
334760000,16739,48.492267648,-4.5038282985,144.3404
334780000,16740,48.4922674286,-4.5038280616,144.3404
334800000,16741,48.4922672091,-4.5038278248,144.3404
334820000,16742,48.4922669897,-4.5038275879,144.3404
334840000,16743,48.4922667703,-4.503827351,144.3404
334860000,16744,48.4922665509,-4.5038271142,144.3404
334880000,16745,48.4922663314,-4.5038268773,144.3404
334900000,16746,48.492266112,-4.5038266404,144.3404
334920000,16747,48.4922658926,-4.5038264036,144.3404
334940000,16748,48.4922656731,-4.5038261667,144.3404
334960000,16749,48.4922654537,-4.5038259298,144.3404
334980000,16750,48.4922652343,-4.503825693,144.3404
335000000,16751,48.4922650148,-4.5038254561,144.3404
335020000,16752,48.4922647954,-4.5038252192,144.3404
335040000,16753,48.492264576,-4.5038249824,144.3404
335060000,16754,48.4922643565,-4.5038247455,144.3404
335080000,16755,48.4922641371,-4.5038245086,144.3404
335100000,16756,48.4922639177,-4.5038242718,144.3404
335120000,16757,48.4922636983,-4.5038240349,144.3404
335140000,16758,48.4922634788,-4.503823798,144.3404
335160000,16759,48.4922632594,-4.5038235612,144.3404
335180000,16760,48.49226304,-4.5038233243,144.3404
335200000,16761,48.4922628205,-4.5038230874,144.3404
335220000,16762,48.4922626011,-4.5038228506,144.3404
335240000,16763,48.4922623817,-4.5038226137,144.3404
335260000,16764,48.4922621622,-4.5038223768,144.3404
335280000,16765,48.4922619428,-4.50382214,144.3404
335300000,16766,48.4922617234,-4.5038219031,144.3404
335320000,16767,48.492261504,-4.5038216662,144.3404
335340000,16768,48.4922612845,-4.5038214294,144.3404
335360000,16769,48.4922610651,-4.5038211925,144.3404
335380000,16770,48.4922608457,-4.5038209556,144.3404
335400000,16771,48.4922606262,-4.5038207188,144.3404
335420000,16772,48.4922604068,-4.5038204819,144.3404
335440000,16773,48.4922601874,-4.503820245,144.3404
335460000,16774,48.4922599679,-4.5038200082,144.3404
335480000,16775,48.4922597485,-4.5038197713,144.3404
335500000,16776,48.4922595291,-4.5038195344,144.3404
335520000,16777,48.4922593097,-4.5038192976,144.3404
335540000,16778,48.4922590902,-4.5038190607,144.3404
335560000,16779,48.4922588708,-4.5038188239,144.3404
335580000,16780,48.4922586514,-4.503818587,144.3404
335600000,16781,48.4922584319,-4.5038183501,144.3404
335620000,16782,48.4922582125,-4.5038181133,144.3404
335640000,16783,48.4922579931,-4.5038178764,144.3404
335660000,16784,48.4922577736,-4.5038176395,144.3404
335680000,16785,48.4922575542,-4.5038174027,144.3404
335700000,16786,48.4922573348,-4.5038171658,144.3404
335720000,16787,48.4922571153,-4.5038169289,144.3404
335740000,16788,48.4922568959,-4.5038166921,144.3404
335760000,16789,48.4922566765,-4.5038164552,144.3404
335780000,16790,48.4922564571,-4.5038162183,144.3404
335800000,16791,48.4922562376,-4.5038159815,144.3404
335820000,16792,48.4922560182,-4.5038157446,144.3404
335840000,16793,48.4922557988,-4.5038155077,144.3404
335860000,16794,48.4922555793,-4.5038152709,144.3404
335880000,16795,48.4922553599,-4.503815034,144.3404
335900000,16796,48.4922551405,-4.5038147971,144.3404
335920000,16797,48.492254921,-4.5038145603,144.3404
335940000,16798,48.4922547016,-4.5038143234,144.3404
335960000,16799,48.4922544822,-4.5038140865,144.3404
335980000,16800,48.4922542628,-4.5038138497,144.3404
336000000,16801,48.4922540433,-4.5038136128,144.3404
336020000,16802,48.4922538239,-4.5038133759,144.3404
336040000,16803,48.4922536045,-4.5038131391,144.3404
336060000,16804,48.492253385,-4.5038129022,144.3404
336080000,16805,48.4922531656,-4.5038126653,144.3404
336100000,16806,48.4922529462,-4.5038124285,144.3404
336120000,16807,48.4922527267,-4.5038121916,144.3404
336140000,16808,48.4922525073,-4.5038119547,144.3404
336160000,16809,48.4922522879,-4.5038117179,144.3404
336180000,16810,48.4922520684,-4.503811481,144.3404
336200000,16811,48.492251849,-4.5038112441,144.3404
336220000,16812,48.4922516296,-4.5038110073,144.3404
336240000,16813,48.4922514102,-4.5038107704,144.3404
336260000,16814,48.4922511907,-4.5038105335,144.3404
336280000,16815,48.4922509713,-4.5038102967,144.3404
336300000,16816,48.4922507519,-4.5038100598,144.3404
336320000,16817,48.4922505324,-4.5038098229,144.3404
336340000,16818,48.492250313,-4.5038095861,144.3404
336360000,16819,48.4922500936,-4.5038093492,144.3404
336380000,16820,48.4922498741,-4.5038091123,144.3404
336400000,16821,48.4922496547,-4.5038088755,144.3404
336420000,16822,48.4922494353,-4.5038086386,144.3404
336440000,16823,48.4922492159,-4.5038084017,144.3404
336460000,16824,48.4922489964,-4.5038081649,144.3404
336480000,16825,48.492248777,-4.503807928,144.3404
336500000,16826,48.4922485576,-4.5038076911,144.3404
336520000,16827,48.4922483381,-4.5038074543,144.3404
336540000,16828,48.4922481187,-4.5038072174,144.3404
336560000,16829,48.4922478993,-4.5038069806,144.3404
336580000,16830,48.4922476798,-4.5038067437,144.3404
336600000,16831,48.4922474604,-4.5038065068,144.3404
336620000,16832,48.492247241,-4.50380627,144.3404
336640000,16833,48.4922470216,-4.5038060331,144.3404
336660000,16834,48.4922468021,-4.5038057962,144.3404
336680000,16835,48.4922465827,-4.5038055594,144.3404
336700000,16836,48.4922463633,-4.5038053225,144.3404
336720000,16837,48.4922461438,-4.5038050856,144.3404
336740000,16838,48.4922459244,-4.5038048488,144.3404
336760000,16839,48.492245705,-4.5038046119,144.3404
336780000,16840,48.4922454855,-4.503804375,144.3404
336800000,16841,48.4922452661,-4.5038041382,144.3404
336820000,16842,48.4922450467,-4.5038039013,144.3404
336840000,16843,48.4922448272,-4.5038036644,144.3404
336860000,16844,48.4922446078,-4.5038034276,144.3404
336880000,16845,48.4922443884,-4.5038031907,144.3404
336900000,16846,48.492244169,-4.5038029538,144.3404
336920000,16847,48.4922439495,-4.503802717,144.3404
336940000,16848,48.4922437301,-4.5038024801,144.3404
336960000,16849,48.4922435107,-4.5038022432,144.3404
336980000,16850,48.4922432912,-4.5038020064,144.3404
337000000,16851,48.4922430718,-4.5038017695,144.3404
337020000,16852,48.4922428524,-4.5038015326,144.3404
337040000,16853,48.4922426329,-4.5038012958,144.3404
337060000,16854,48.4922424135,-4.5038010589,144.3404
337080000,16855,48.4922421941,-4.503800822,144.3404
337100000,16856,48.4922419747,-4.5038005852,144.3404
337120000,16857,48.4922417552,-4.5038003483,144.3404
337140000,16858,48.4922415358,-4.5038001114,144.3404
337160000,16859,48.4922413164,-4.5037998746,144.3404
337180000,16860,48.4922410969,-4.5037996377,144.3404
337200000,16861,48.4922408775,-4.5037994008,144.3404
337220000,16862,48.4922406581,-4.503799164,144.3404
337240000,16863,48.4922404386,-4.5037989271,144.3404
337260000,16864,48.4922402192,-4.5037986902,144.3404
337280000,16865,48.4922399998,-4.5037984534,144.3404
337300000,16866,48.4922397804,-4.5037982165,144.3404
337320000,16867,48.4922395609,-4.5037979796,144.3404
337340000,16868,48.4922393415,-4.5037977428,144.3404
337360000,16869,48.4922391221,-4.5037975059,144.3404
337380000,16870,48.4922389026,-4.503797269,144.3404
337400000,16871,48.4922386832,-4.5037970322,144.3404
337420000,16872,48.4922384638,-4.5037967953,144.3404
337440000,16873,48.4922382443,-4.5037965585,144.3404
337460000,16874,48.4922380249,-4.5037963216,144.3404
337480000,16875,48.4922378055,-4.5037960847,144.3404
337500000,16876,48.492237586,-4.5037958479,144.3404
337520000,16877,48.4922373666,-4.503795611,144.3404
337540000,16878,48.4922371472,-4.5037953741,144.3404
337560000,16879,48.4922369278,-4.5037951373,144.3404
337580000,16880,48.4922367083,-4.5037949004,144.3404
337600000,16881,48.4922364889,-4.5037946635,144.3404
337620000,16882,48.4922362695,-4.5037944267,144.3404
337640000,16883,48.49223605,-4.5037941898,144.3404
337660000,16884,48.4922358306,-4.5037939529,144.3404
337680000,16885,48.4922356112,-4.5037937161,144.3404
337700000,16886,48.4922353917,-4.5037934792,144.3404
337720000,16887,48.4922351723,-4.5037932423,144.3404
337740000,16888,48.4922349529,-4.5037930055,144.3404
337760000,16889,48.4922347335,-4.5037927686,144.3404
337780000,16890,48.492234514,-4.5037925317,144.3404
337800000,16891,48.4922342946,-4.5037922949,144.3404
337820000,16892,48.4922340752,-4.503792058,144.3404
337840000,16893,48.4922338557,-4.5037918211,144.3404
337860000,16894,48.4922336363,-4.5037915843,144.3404
337880000,16895,48.4922334169,-4.5037913474,144.3404
337900000,16896,48.4922331974,-4.5037911105,144.3404
337920000,16897,48.492232978,-4.5037908737,144.3404
337940000,16898,48.4922327586,-4.5037906368,144.3404
337960000,16899,48.4922325391,-4.5037903999,144.3404
337980000,16900,48.4922323197,-4.5037901631,144.3404
338000000,16901,48.4922321003,-4.5037899262,144.3404
338020000,16902,48.4922318809,-4.5037896893,144.3404
338040000,16903,48.4922316614,-4.5037894525,144.3404
338060000,16904,48.492231442,-4.5037892156,144.3404
338080000,16905,48.4922312226,-4.5037889787,144.3404
338100000,16906,48.4922310031,-4.5037887419,144.3404
338120000,16907,48.4922307837,-4.503788505,144.3404
338140000,16908,48.4922305643,-4.5037882681,144.3404
338160000,16909,48.4922303448,-4.5037880313,144.3404
338180000,16910,48.4922301254,-4.5037877944,144.3404
338200000,16911,48.492229906,-4.5037875576,144.3404
338220000,16912,48.4922296866,-4.5037873207,144.3404
338240000,16913,48.4922294671,-4.5037870838,144.3404
338260000,16914,48.4922292477,-4.503786847,144.3404
338280000,16915,48.4922290283,-4.5037866101,144.3404
338300000,16916,48.4922288088,-4.5037863732,144.3404
338320000,16917,48.4922285894,-4.5037861364,144.3404
338340000,16918,48.49222837,-4.5037858995,144.3404
338360000,16919,48.4922281505,-4.5037856626,144.3404
338380000,16920,48.4922279311,-4.5037854258,144.3404
338400000,16921,48.4922277117,-4.5037851889,144.3404
338420000,16922,48.4922274922,-4.503784952,144.3404
338440000,16923,48.4922272728,-4.5037847152,144.3404
338460000,16924,48.4922270534,-4.5037844783,144.3404
338480000,16925,48.492226834,-4.5037842414,144.3404
338500000,16926,48.4922266145,-4.5037840046,144.3404
338520000,16927,48.4922263951,-4.5037837677,144.3404
338540000,16928,48.4922261757,-4.5037835308,144.3404
338560000,16929,48.4922259562,-4.503783294,144.3404
338580000,16930,48.4922257368,-4.5037830571,144.3404
338600000,16931,48.4922255174,-4.5037828202,144.3404
338620000,16932,48.4922252979,-4.5037825834,144.3404
338640000,16933,48.4922250785,-4.5037823465,144.3404
338660000,16934,48.4922248591,-4.5037821096,144.3404
338680000,16935,48.4922246397,-4.5037818728,144.3404
338700000,16936,48.4922244202,-4.5037816359,144.3404
338720000,16937,48.4922242008,-4.503781399,144.3404
338740000,16938,48.4922239814,-4.5037811622,144.3404
338760000,16939,48.4922237619,-4.5037809253,144.3404
338780000,16940,48.4922235425,-4.5037806884,144.3404
338800000,16941,48.4922233231,-4.5037804516,144.3404
338820000,16942,48.4922231036,-4.5037802147,144.3404
338840000,16943,48.4922228842,-4.5037799778,144.3404
338860000,16944,48.4922226648,-4.503779741,144.3404
338880000,16945,48.4922224453,-4.5037795041,144.3404
338900000,16946,48.4922222259,-4.5037792672,144.3404
338920000,16947,48.4922220065,-4.5037790304,144.3404
338940000,16948,48.4922217871,-4.5037787935,144.3404
338960000,16949,48.4922215676,-4.5037785567,144.3404
338980000,16950,48.4922213482,-4.5037783198,144.3404
339000000,16951,48.4922211288,-4.5037780829,144.3404
339020000,16952,48.4922209093,-4.5037778461,144.3404
339040000,16953,48.4922206899,-4.5037776092,144.3404
339060000,16954,48.4922204705,-4.5037773723,144.3404
339080000,16955,48.492220251,-4.5037771355,144.3404
339100000,16956,48.4922200316,-4.5037768986,144.3404
339120000,16957,48.4922198122,-4.5037766617,144.3404
339140000,16958,48.4922195928,-4.5037764249,144.3404
339160000,16959,48.4922193733,-4.503776188,144.3404
339180000,16960,48.4922191539,-4.5037759511,144.3404
339200000,16961,48.4922189345,-4.5037757143,144.3404
339220000,16962,48.492218715,-4.5037754774,144.3404
339240000,16963,48.4922184956,-4.5037752405,144.3404
339260000,16964,48.4922182762,-4.5037750037,144.3404
339280000,16965,48.4922180567,-4.5037747668,144.3404
339300000,16966,48.4922178373,-4.5037745299,144.3404
339320000,16967,48.4922176179,-4.5037742931,144.3404
339340000,16968,48.4922173985,-4.5037740562,144.3404
339360000,16969,48.492217179,-4.5037738193,144.3404
339380000,16970,48.4922169596,-4.5037735825,144.3404
339400000,16971,48.4922167402,-4.5037733456,144.3404
339420000,16972,48.4922165207,-4.5037731087,144.3404
339440000,16973,48.4922163013,-4.5037728719,144.3404
339460000,16974,48.4922160819,-4.503772635,144.3404
339480000,16975,48.4922158624,-4.5037723981,144.3404
339500000,16976,48.492215643,-4.5037721613,144.3404
339520000,16977,48.4922154236,-4.5037719244,144.3404
339540000,16978,48.4922152041,-4.5037716875,144.3404
339560000,16979,48.4922149847,-4.5037714507,144.3404
339580000,16980,48.4922147653,-4.5037712138,144.3404
339600000,16981,48.4922145459,-4.503770977,144.3404
339620000,16982,48.4922143264,-4.5037707401,144.3404
339640000,16983,48.492214107,-4.5037705032,144.3404
339660000,16984,48.4922138876,-4.5037702664,144.3404
339680000,16985,48.4922136681,-4.5037700295,144.3404
339700000,16986,48.4922134487,-4.5037697926,144.3404
339720000,16987,48.4922132293,-4.5037695558,144.3404
339740000,16988,48.4922130098,-4.5037693189,144.3404
339760000,16989,48.4922127904,-4.503769082,144.3404
339780000,16990,48.492212571,-4.5037688452,144.3404
339800000,16991,48.4922123516,-4.5037686083,144.3404
339820000,16992,48.4922121321,-4.5037683714,144.3404
339840000,16993,48.4922119127,-4.5037681346,144.3404
339860000,16994,48.4922116933,-4.5037678977,144.3404
339880000,16995,48.4922114738,-4.5037676608,144.3404
339900000,16996,48.4922112544,-4.503767424,144.3404
339920000,16997,48.492211035,-4.5037671871,144.3404
339940000,16998,48.4922108155,-4.5037669502,144.3404
339960000,16999,48.4922105961,-4.5037667134,144.3404
339980000,17000,48.4922103767,-4.5037664765,144.3404
340000000,17001,48.4922101572,-4.5037662396,144.3404
340020000,17002,48.4922099378,-4.5037660028,144.3404
340040000,17003,48.4922097184,-4.5037657659,144.3404
340060000,17004,48.492209499,-4.503765529,144.3404
340080000,17005,48.4922092795,-4.5037652922,144.3404
340100000,17006,48.4922090601,-4.5037650553,144.3404
340120000,17007,48.4922088407,-4.5037648184,144.3404
340140000,17008,48.4922086212,-4.5037645816,144.3404
340160000,17009,48.4922084018,-4.5037643447,144.3404
340180000,17010,48.4922081824,-4.5037641078,144.3404
340200000,17011,48.4922079629,-4.503763871,144.3404
340220000,17012,48.4922077435,-4.5037636341,144.3404
340240000,17013,48.4922075241,-4.5037633973,144.3404
340260000,17014,48.4922073047,-4.5037631604,144.3404
340280000,17015,48.4922070852,-4.5037629235,144.3404
340300000,17016,48.4922068658,-4.5037626867,144.3404
340320000,17017,48.4922066464,-4.5037624498,144.3404
340340000,17018,48.4922064269,-4.5037622129,144.3404
340360000,17019,48.4922062075,-4.5037619761,144.3404
340380000,17020,48.4922059881,-4.5037617392,144.3404
340400000,17021,48.4922057686,-4.5037615023,144.3404
340420000,17022,48.4922055492,-4.5037612655,144.3404
340440000,17023,48.4922053298,-4.5037610286,144.3404
340460000,17024,48.4922051103,-4.5037607917,144.3404
340480000,17025,48.4922048909,-4.5037605549,144.3404
340500000,17026,48.4922046715,-4.503760318,144.3404
340520000,17027,48.4922044521,-4.5037600811,144.3404
340540000,17028,48.4922042326,-4.5037598443,144.3404
340560000,17029,48.4922040132,-4.5037596074,144.3404
340580000,17030,48.4922037938,-4.5037593705,144.3404
340600000,17031,48.4922035743,-4.5037591337,144.3404
340620000,17032,48.4922033549,-4.5037588968,144.3404
340640000,17033,48.4922031355,-4.5037586599,144.3404
340660000,17034,48.492202916,-4.5037584231,144.3404
340680000,17035,48.4922026966,-4.5037581862,144.3404
340700000,17036,48.4922024772,-4.5037579493,144.3404
340720000,17037,48.4922022578,-4.5037577125,144.3404
340740000,17038,48.4922020383,-4.5037574756,144.3404
340760000,17039,48.4922018189,-4.5037572387,144.3404
340780000,17040,48.4922015995,-4.5037570019,144.3404
340800000,17041,48.49220138,-4.503756765,144.3404
340820000,17042,48.4922011606,-4.5037565282,144.3404
340840000,17043,48.4922009412,-4.5037562913,144.3404
340860000,17044,48.4922007217,-4.5037560544,144.3404
340880000,17045,48.4922005023,-4.5037558176,144.3404
340900000,17046,48.4922002829,-4.5037555807,144.3404
340920000,17047,48.4922000634,-4.5037553438,144.3404
340940000,17048,48.492199844,-4.503755107,144.3404
340960000,17049,48.4921996246,-4.5037548701,144.3404
340980000,17050,48.4921994052,-4.5037546332,144.3404
341000000,17051,48.4921991857,-4.5037543964,144.3404
341020000,17052,48.4921989663,-4.5037541595,144.3404
341040000,17053,48.4921987469,-4.5037539226,144.3404
341060000,17054,48.4921985274,-4.5037536858,144.3404
341080000,17055,48.492198308,-4.5037534489,144.3404
341100000,17056,48.4921980886,-4.503753212,144.3404
341120000,17057,48.4921978691,-4.5037529752,144.3404
341140000,17058,48.4921976497,-4.5037527383,144.3404
341160000,17059,48.4921974303,-4.5037525014,144.3404
341180000,17060,48.4921972108,-4.5037522646,144.3404
341200000,17061,48.4921969914,-4.5037520277,144.3404
341220000,17062,48.492196772,-4.5037517908,144.3404
341240000,17063,48.4921965526,-4.503751554,144.3404
341260000,17064,48.4921963331,-4.5037513171,144.3404
341280000,17065,48.4921961137,-4.5037510802,144.3404
341300000,17066,48.4921958943,-4.5037508434,144.3404
341320000,17067,48.4921956748,-4.5037506065,144.3404
341340000,17068,48.4921954554,-4.5037503696,144.3404
341360000,17069,48.492195236,-4.5037501328,144.3404
341380000,17070,48.4921950165,-4.5037498959,144.3404
341400000,17071,48.4921947971,-4.5037496591,144.3404
341420000,17072,48.4921945777,-4.5037494222,144.3404
341440000,17073,48.4921943583,-4.5037491853,144.3404
341460000,17074,48.4921941388,-4.5037489485,144.3404
341480000,17075,48.4921939194,-4.5037487116,144.3404
341500000,17076,48.4921937,-4.5037484747,144.3404
341520000,17077,48.4921934805,-4.5037482379,144.3404
341540000,17078,48.4921932611,-4.503748001,144.3404
341560000,17079,48.4921930417,-4.5037477641,144.3404
341580000,17080,48.4921928222,-4.5037475273,144.3404
341600000,17081,48.4921926028,-4.5037472904,144.3404
341620000,17082,48.4921923834,-4.5037470535,144.3404
341640000,17083,48.4921921639,-4.5037468167,144.3404
341660000,17084,48.4921919445,-4.5037465798,144.3404
341680000,17085,48.4921917251,-4.5037463429,144.3404
341700000,17086,48.4921915057,-4.5037461061,144.3404
341720000,17087,48.4921912862,-4.5037458692,144.3404
341740000,17088,48.4921910668,-4.5037456323,144.3404
341760000,17089,48.4921908474,-4.5037453955,144.3404
341780000,17090,48.4921906279,-4.5037451586,144.3404
341800000,17091,48.4921904085,-4.5037449217,144.3404
341820000,17092,48.4921901891,-4.5037446849,144.3404
341840000,17093,48.4921899696,-4.503744448,144.3404
341860000,17094,48.4921897502,-4.5037442111,144.3404
341880000,17095,48.4921895308,-4.5037439743,144.3404
341900000,17096,48.4921893114,-4.5037437374,144.3404
341920000,17097,48.4921890919,-4.5037435006,144.3404
341940000,17098,48.4921888725,-4.5037432637,144.3404
341960000,17099,48.4921886531,-4.5037430268,144.3404
341980000,17100,48.4921884336,-4.50374279,144.3404
342000000,17101,48.4921882142,-4.5037425531,144.3404
342020000,17102,48.4921879948,-4.5037423162,144.3404
342040000,17103,48.4921877753,-4.5037420794,144.3404
342060000,17104,48.4921875559,-4.5037418425,144.3404
342080000,17105,48.4921873365,-4.5037416056,144.3404
342100000,17106,48.492187117,-4.5037413688,144.3404
342120000,17107,48.4921868976,-4.5037411319,144.3404
342140000,17108,48.4921866782,-4.503740895,144.3404
342160000,17109,48.4921864588,-4.5037406582,144.3404
342180000,17110,48.4921862393,-4.5037404213,144.3404
342200000,17111,48.4921860199,-4.5037401844,144.3404
342220000,17112,48.4921858005,-4.5037399476,144.3404
342240000,17113,48.492185581,-4.5037397107,144.3404
342260000,17114,48.4921853616,-4.5037394738,144.3404
342280000,17115,48.4921851422,-4.503739237,144.3404
342300000,17116,48.4921849227,-4.5037390001,144.3404
342320000,17117,48.4921847033,-4.5037387632,144.3404
342340000,17118,48.4921844839,-4.5037385264,144.3404
342360000,17119,48.4921842645,-4.5037382895,144.3404
342380000,17120,48.492184045,-4.5037380526,144.3404
342400000,17121,48.4921838256,-4.5037378158,144.3404
342420000,17122,48.4921836062,-4.5037375789,144.3404
342440000,17123,48.4921833867,-4.5037373421,144.3404
342460000,17124,48.4921831673,-4.5037371052,144.3404
342480000,17125,48.4921829479,-4.5037368683,144.3404
342500000,17126,48.4921827284,-4.5037366315,144.3404
342520000,17127,48.492182509,-4.5037363946,144.3404
342540000,17128,48.4921822896,-4.5037361577,144.3404
342560000,17129,48.4921820701,-4.5037359209,144.3404
342580000,17130,48.4921818507,-4.503735684,144.3404
342600000,17131,48.4921816313,-4.5037354471,144.3404
342620000,17132,48.4921814119,-4.5037352103,144.3404
342640000,17133,48.4921811924,-4.5037349734,144.3404
342660000,17134,48.492180973,-4.5037347365,144.3404
342680000,17135,48.4921807536,-4.5037344997,144.3404
342700000,17136,48.4921805341,-4.5037342628,144.3404
342720000,17137,48.4921803147,-4.5037340259,144.3404
342740000,17138,48.4921800953,-4.5037337891,144.3404
342760000,17139,48.4921798758,-4.5037335522,144.3404
342780000,17140,48.4921796564,-4.5037333153,144.3404
342800000,17141,48.492179437,-4.5037330785,144.3404
342820000,17142,48.4921792176,-4.5037328416,144.3404
342840000,17143,48.4921789981,-4.5037326047,144.3404
342860000,17144,48.4921787787,-4.5037323679,144.3404
342880000,17145,48.4921785593,-4.503732131,144.3404
342900000,17146,48.4921783398,-4.5037318941,144.3404
342920000,17147,48.4921781204,-4.5037316573,144.3404
342940000,17148,48.492177901,-4.5037314204,144.3404
342960000,17149,48.4921776815,-4.5037311836,144.3404
342980000,17150,48.4921774621,-4.5037309467,144.3404
343000000,17151,48.4921772427,-4.5037307098,144.3404
343020000,17152,48.4921770232,-4.503730473,144.3404
343040000,17153,48.4921768038,-4.5037302361,144.3404
343060000,17154,48.4921765844,-4.5037299992,144.3404
343080000,17155,48.492176365,-4.5037297624,144.3404
343100000,17156,48.4921761455,-4.5037295255,144.3404
343120000,17157,48.4921759261,-4.5037292886,144.3404
343140000,17158,48.4921757067,-4.5037290518,144.3404
343160000,17159,48.4921754872,-4.5037288149,144.3404
343180000,17160,48.4921752678,-4.503728578,144.3404
343200000,17161,48.4921750484,-4.5037283412,144.3404
343220000,17162,48.4921748289,-4.5037281043,144.3404
343240000,17163,48.4921746095,-4.5037278674,144.3404
343260000,17164,48.4921743901,-4.5037276306,144.3404
343280000,17165,48.4921741706,-4.5037273937,144.3404
343300000,17166,48.4921739512,-4.5037271568,144.3404
343320000,17167,48.4921737318,-4.50372692,144.3404
343340000,17168,48.4921735124,-4.5037266831,144.3404
343360000,17169,48.4921732929,-4.5037264462,144.3404
343380000,17170,48.4921730735,-4.5037262094,144.3404
343400000,17171,48.4921728541,-4.5037259725,144.3404
343420000,17172,48.4921726346,-4.5037257357,144.3404
343440000,17173,48.4921724152,-4.5037254988,144.3404
343460000,17174,48.4921721958,-4.5037252619,144.3404
343480000,17175,48.4921719763,-4.5037250251,144.3404
343500000,17176,48.4921717569,-4.5037247882,144.3404
343520000,17177,48.4921715375,-4.5037245513,144.3404
343540000,17178,48.4921713181,-4.5037243145,144.3404
343560000,17179,48.4921710986,-4.5037240776,144.3404
343580000,17180,48.4921708792,-4.5037238407,144.3404
343600000,17181,48.4921706598,-4.5037236039,144.3404
343620000,17182,48.4921704403,-4.503723367,144.3404
343640000,17183,48.4921702209,-4.5037231301,144.3404
343660000,17184,48.4921700015,-4.5037228933,144.3404
343680000,17185,48.492169782,-4.5037226564,144.3404
343700000,17186,48.4921695626,-4.5037224195,144.3404
343720000,17187,48.4921693432,-4.5037221827,144.3404
343740000,17188,48.4921691237,-4.5037219458,144.3404
343760000,17189,48.4921689043,-4.5037217089,144.3404
343780000,17190,48.4921686849,-4.5037214721,144.3404
343800000,17191,48.4921684655,-4.5037212352,144.3404
343820000,17192,48.492168246,-4.5037209983,144.3404
343840000,17193,48.4921680266,-4.5037207615,144.3404
343860000,17194,48.4921678072,-4.5037205246,144.3404
343880000,17195,48.4921675877,-4.5037202878,144.3404
343900000,17196,48.4921673683,-4.5037200509,144.3404
343920000,17197,48.4921671489,-4.503719814,144.3404
343940000,17198,48.4921669294,-4.5037195772,144.3404
343960000,17199,48.49216671,-4.5037193403,144.3404
343980000,17200,48.4921664906,-4.5037191034,144.3404
344000000,17201,48.4921662712,-4.5037188666,144.3404
344020000,17202,48.4921660517,-4.5037186297,144.3404
344040000,17203,48.4921658323,-4.5037183928,144.3404
344060000,17204,48.4921656129,-4.503718156,144.3404
344080000,17205,48.4921653934,-4.5037179191,144.3404
344100000,17206,48.492165174,-4.5037176822,144.3404
344120000,17207,48.4921649546,-4.5037174454,144.3404
344140000,17208,48.4921647351,-4.5037172085,144.3404
344160000,17209,48.4921645157,-4.5037169716,144.3404
344180000,17210,48.4921642963,-4.5037167348,144.3404
344200000,17211,48.4921640768,-4.5037164979,144.3404
344220000,17212,48.4921638574,-4.503716261,144.3404
344240000,17213,48.492163638,-4.5037160242,144.3404
344260000,17214,48.4921634186,-4.5037157873,144.3404
344280000,17215,48.4921631991,-4.5037155504,144.3404
344300000,17216,48.4921629797,-4.5037153136,144.3404
344320000,17217,48.4921627603,-4.5037150767,144.3404
344340000,17218,48.4921625408,-4.5037148399,144.3404
344360000,17219,48.4921623214,-4.503714603,144.3404
344380000,17220,48.492162102,-4.5037143661,144.3404
344400000,17221,48.4921618825,-4.5037141293,144.3404
344420000,17222,48.4921616631,-4.5037138924,144.3404
344440000,17223,48.4921614437,-4.5037136555,144.3404
344460000,17224,48.4921612242,-4.5037134187,144.3404
344480000,17225,48.4921610048,-4.5037131818,144.3404
344500000,17226,48.4921607854,-4.5037129449,144.3404
344520000,17227,48.492160566,-4.5037127081,144.3404
344540000,17228,48.4921603465,-4.5037124712,144.3404
344560000,17229,48.4921601271,-4.5037122343,144.3404
344580000,17230,48.4921599077,-4.5037119975,144.3404
344600000,17231,48.4921596882,-4.5037117606,144.3404
344620000,17232,48.4921594688,-4.5037115237,144.3404
344640000,17233,48.4921592494,-4.5037112869,144.3404
344660000,17234,48.4921590299,-4.50371105,144.3404
344680000,17235,48.4921588105,-4.5037108131,144.3404
344700000,17236,48.4921585911,-4.5037105763,144.3404
344720000,17237,48.4921583717,-4.5037103394,144.3404
344740000,17238,48.4921581522,-4.5037101026,144.3404
344760000,17239,48.4921579328,-4.5037098657,144.3404
344780000,17240,48.4921577134,-4.5037096288,144.3404
344800000,17241,48.4921574939,-4.503709392,144.3404
344820000,17242,48.4921572745,-4.5037091551,144.3404
344840000,17243,48.4921570551,-4.5037089182,144.3404
344860000,17244,48.4921568356,-4.5037086814,144.3404
344880000,17245,48.4921566162,-4.5037084445,144.3404
344900000,17246,48.4921563968,-4.5037082076,144.3404
344920000,17247,48.4921561773,-4.5037079708,144.3404
344940000,17248,48.4921559579,-4.5037077339,144.3404
344960000,17249,48.4921557385,-4.503707497,144.3404
344980000,17250,48.4921555191,-4.5037072602,144.3404
345000000,17251,48.4921555191,-4.5037072602,144.3404
345020000,17252,48.4921553725,-4.503707097,142.6396
345040000,17253,48.4921552283,-4.5037069263,140.9798
345060000,17254,48.4921550864,-4.5037067482,139.3618
345080000,17255,48.4921549468,-4.5037065628,137.7863
345100000,17256,48.4921548095,-4.5037063703,136.2536
345120000,17257,48.4921546745,-4.5037061708,134.7637
345140000,17258,48.4921545418,-4.5037059643,133.3164
345160000,17259,48.4921544114,-4.5037057509,131.9114
345180000,17260,48.4921542832,-4.5037055309,130.5482
345200000,17261,48.4921541573,-4.5037053042,129.2261
345220000,17262,48.4921540337,-4.5037050711,127.9443
345240000,17263,48.4921539123,-4.5037048315,126.7018
345260000,17264,48.4921537932,-4.5037045856,125.4978
345280000,17265,48.4921536762,-4.5037043336,124.3311
345300000,17266,48.4921535616,-4.5037040755,123.2007
345320000,17267,48.4921534491,-4.5037038115,122.1054
345340000,17268,48.4921533389,-4.5037035416,121.0442
345360000,17269,48.4921532308,-4.5037032659,120.0157
345380000,17270,48.492153125,-4.5037029846,119.019
345400000,17271,48.4921530213,-4.5037026978,118.0527
345420000,17272,48.4921529199,-4.5037024056,117.1158
345440000,17273,48.4921528206,-4.5037021081,116.2072
345460000,17274,48.4921527235,-4.5037018054,115.3257
345480000,17275,48.4921526285,-4.5037014976,114.4702
345500000,17276,48.4921525357,-4.5037011848,113.6398
345520000,17277,48.4921524451,-4.5037008672,112.8333
345540000,17278,48.4921523566,-4.5037005448,112.0498
345560000,17279,48.4921522702,-4.5037002177,111.2883
345580000,17280,48.492152186,-4.5036998861,110.548
345600000,17281,48.4921521039,-4.5036995501,109.8278
345620000,17282,48.4921520239,-4.5036992098,109.1269
345640000,17283,48.492151946,-4.5036988652,108.4446
345660000,17284,48.4921518702,-4.5036985165,107.7799
345680000,17285,48.4921517965,-4.5036981639,107.1322
345700000,17286,48.4921517249,-4.5036978073,106.5006
345720000,17287,48.4921516553,-4.503697447,105.8845
345740000,17288,48.4921515879,-4.503697083,105.2832
345760000,17289,48.4921515225,-4.5036967155,104.696
345780000,17290,48.4921514591,-4.5036963445,104.1222
345800000,17291,48.4921513978,-4.5036959702,103.5614
345820000,17292,48.4921513386,-4.5036955926,103.0128
345840000,17293,48.4921512813,-4.5036952119,102.476
345860000,17294,48.4921512261,-4.5036948282,101.9503
345880000,17295,48.4921511729,-4.5036944416,101.4354
345900000,17296,48.4921511218,-4.5036940522,100.9306
345920000,17297,48.4921510726,-4.5036936601,100.4355
345940000,17298,48.4921510255,-4.5036932655,99.9496
345960000,17299,48.4921509803,-4.5036928683,99.4725
345980000,17300,48.4921509371,-4.5036924689,99.0038
346000000,17301,48.4921508959,-4.5036920671,98.543
346020000,17302,48.4921508567,-4.5036916633,98.0898
346040000,17303,48.4921508194,-4.5036912574,97.6437
346060000,17304,48.4921507841,-4.5036908495,97.2044
346080000,17305,48.4921507507,-4.5036904399,96.7716
346100000,17306,48.4921507193,-4.5036900286,96.3448
346120000,17307,48.4921506898,-4.5036896156,95.9237
346140000,17308,48.4921506622,-4.5036892012,95.5081
346160000,17309,48.4921506365,-4.5036887854,95.0975
346180000,17310,48.4921506128,-4.5036883683,94.6917
346200000,17311,48.492150591,-4.5036879501,94.2904
346220000,17312,48.492150571,-4.5036875309,93.8932
346240000,17313,48.492150553,-4.5036871106,93.4999
346260000,17314,48.4921505368,-4.5036866896,93.1102
346280000,17315,48.4921505225,-4.5036862679,92.7238
346300000,17316,48.4921505101,-4.5036858455,92.3405
346320000,17317,48.4921504996,-4.5036854226,91.9599
346340000,17318,48.4921504909,-4.5036849993,91.5818
346360000,17319,48.492150484,-4.5036845758,91.206
346380000,17320,48.492150479,-4.5036841521,90.8321
346400000,17321,48.4921504758,-4.5036837283,90.46
346420000,17322,48.4921504745,-4.5036833045,90.0893
346440000,17323,48.492150475,-4.5036828809,89.7199
346460000,17324,48.4921504772,-4.5036824576,89.3514
346480000,17325,48.4921504813,-4.5036820346,88.9836
346500000,17326,48.4921504872,-4.5036816121,88.6162
346520000,17327,48.4921504949,-4.5036811902,88.2491
346540000,17328,48.4921505043,-4.503680769,87.8819
346560000,17329,48.4921505156,-4.5036803486,87.5144
346580000,17330,48.4921505286,-4.5036799291,87.1463
346600000,17331,48.4921505433,-4.5036795107,86.7774
346620000,17332,48.4921505598,-4.5036790934,86.4074
346640000,17333,48.4921505781,-4.5036786773,86.036
346660000,17334,48.4921505981,-4.5036782625,85.663
346680000,17335,48.4921506198,-4.5036778493,85.2881
346700000,17336,48.4921506433,-4.5036774376,84.9109
346720000,17337,48.4921506685,-4.5036770276,84.5313
346740000,17338,48.4921506953,-4.5036766193,84.1489
346760000,17339,48.4921507239,-4.503676213,83.7633
346780000,17340,48.4921507542,-4.5036758087,83.3744
346800000,17341,48.4921507862,-4.5036754065,82.9817
346820000,17342,48.4921508199,-4.5036750065,82.5849
346840000,17343,48.4921508552,-4.5036746088,82.1837
346860000,17344,48.4921508922,-4.5036742136,81.7777
346880000,17345,48.4921509309,-4.503673821,81.3665
346900000,17346,48.4921509712,-4.503673431,80.9498
346920000,17347,48.4921510132,-4.5036730438,80.5272
346940000,17348,48.4921510568,-4.5036726594,80.0982
346960000,17349,48.492151102,-4.5036722781,79.6623
346980000,17350,48.4921511489,-4.5036718998,79.2192
347000000,17351,48.4921511973,-4.5036715248,78.7684
347020000,17352,48.4921512474,-4.503671153,78.3093
347040000,17353,48.4921512991,-4.5036707847,77.8414
347060000,17354,48.4921513524,-4.50367042,77.3642
347080000,17355,48.4921514073,-4.5036700588,76.8771
347100000,17356,48.4921514637,-4.5036697015,76.3795
347120000,17357,48.4921515218,-4.503669348,75.8707
347140000,17358,48.4921515814,-4.5036689984,75.35
347160000,17359,48.4921516425,-4.503668653,74.8167
347180000,17360,48.4921517053,-4.5036683117,74.2702
347200000,17361,48.4921517695,-4.5036679747,73.7094
347220000,17362,48.4921518353,-4.5036676421,73.1337
347240000,17363,48.4921519026,-4.5036673141,72.5421
347260000,17364,48.4921519715,-4.5036669907,71.9337
347280000,17365,48.4921520419,-4.503666672,71.3073
347300000,17366,48.4921521138,-4.5036663581,70.6621
347320000,17367,48.4921521871,-4.5036660492,69.9967
347340000,17368,48.492152262,-4.5036657454,69.31
347360000,17369,48.4921523384,-4.5036654468,68.6007
347380000,17370,48.4921524162,-4.5036651534,67.8675
347400000,17371,48.4921524956,-4.5036648654,67.1088
347420000,17372,48.4921525763,-4.5036645829,66.3231
347440000,17373,48.4921526586,-4.503664306,65.5087
347460000,17374,48.4921527423,-4.5036640349,64.664
347480000,17375,48.4921528274,-4.5036637695,63.7869
347500000,17376,48.492152914,-4.5036635101,62.8756
347520000,17377,48.492153002,-4.5036632568,61.928
347540000,17378,48.4921530915,-4.5036630095,60.9417
347560000,17379,48.4921531823,-4.5036627686,59.9146
347580000,17380,48.4921532746,-4.503662534,58.844
347600000,17381,48.4921533683,-4.5036623059,57.7273
347620000,17382,48.4921534633,-4.5036620844,56.5619
347640000,17383,48.4921535598,-4.5036618696,55.3448
347660000,17384,48.4921536576,-4.5036616616,54.0731
347680000,17385,48.4921537568,-4.5036614606,52.7436
347700000,17386,48.4921538574,-4.5036612665,51.3533
347720000,17387,48.4921539593,-4.5036610796,49.8988
347740000,17388,48.4921540626,-4.5036608999,48.377
347760000,17389,48.4921541672,-4.5036607276,46.7847
347780000,17390,48.4921542732,-4.5036605628,45.1185
347800000,17391,48.4921543805,-4.5036604055,43.3757
347820000,17392,48.4921544891,-4.5036602559,41.5534
347840000,17393,48.492154599,-4.5036601141,39.6492
347860000,17394,48.4921547102,-4.5036599802,37.6611
347880000,17395,48.4921548228,-4.5036598543,35.5877
347900000,17396,48.4921549366,-4.5036597365,33.4284
347920000,17397,48.4921550517,-4.5036596269,31.1833
347940000,17398,48.4921551681,-4.5036595257,28.8536
347960000,17399,48.4921552858,-4.5036594329,26.4416
347980000,17400,48.4921554048,-4.5036593487,23.9511
348000000,17401,48.492155525,-4.5036592731,21.3871
348020000,17402,48.4921556464,-4.5036592064,18.756
348040000,17403,48.4921557691,-4.5036591484,16.0658
348060000,17404,48.492155893,-4.5036590995,13.3258
348080000,17405,48.4921560182,-4.5036590597,10.5464
348100000,17406,48.4921561446,-4.5036590291,7.7394
348120000,17407,48.4921562722,-4.5036590078,4.9169
348140000,17408,48.492156401,-4.503658996,2.0918
348160000,17409,48.492156531,-4.5036589936,359.277
348180000,17410,48.4921566622,-4.503659001,356.485
348200000,17411,48.4921567946,-4.503659018,353.7278
348220000,17412,48.4921569281,-4.503659045,351.0166
348240000,17413,48.4921570629,-4.5036590819,348.3612
348260000,17414,48.4921571988,-4.5036591289,345.7704
348280000,17415,48.4921573358,-4.503659186,343.2513
348300000,17416,48.492157474,-4.5036592535,340.8097
348320000,17417,48.4921576134,-4.5036593314,338.45
348340000,17418,48.4921577539,-4.5036594198,336.1752
348360000,17419,48.4921578955,-4.5036595189,333.987
348380000,17420,48.4921580382,-4.5036596286,331.8862
348400000,17421,48.4921581821,-4.5036597493,329.8725
348420000,17422,48.492158327,-4.5036598808,327.9449
348440000,17423,48.4921584731,-4.5036600235,326.1016
348460000,17424,48.4921586203,-4.5036601773,324.3404
348480000,17425,48.4921586203,-4.5036601773,324.3404
348500000,17426,48.4921588397,-4.5036604141,324.3404
348520000,17427,48.4921590591,-4.503660651,324.3404
348540000,17428,48.4921592786,-4.5036608879,324.3404
348560000,17429,48.492159498,-4.5036611247,324.3404
348580000,17430,48.4921597174,-4.5036613616,324.3404
348600000,17431,48.4921599368,-4.5036615985,324.3404
348620000,17432,48.4921601563,-4.5036618353,324.3404
348640000,17433,48.4921603757,-4.5036620722,324.3404
348660000,17434,48.4921605951,-4.5036623091,324.3404
348680000,17435,48.4921608146,-4.5036625459,324.3404
348700000,17436,48.492161034,-4.5036627828,324.3404
348720000,17437,48.4921612534,-4.5036630197,324.3404
348740000,17438,48.4921614729,-4.5036632565,324.3404
348760000,17439,48.4921616923,-4.5036634934,324.3404
348780000,17440,48.4921619117,-4.5036637303,324.3404
348800000,17441,48.4921621312,-4.5036639671,324.3404
348820000,17442,48.4921623506,-4.503664204,324.3404
348840000,17443,48.49216257,-4.5036644409,324.3404
348860000,17444,48.4921627894,-4.5036646777,324.3404
348880000,17445,48.4921630089,-4.5036649146,324.3404
348900000,17446,48.4921632283,-4.5036651514,324.3404
348920000,17447,48.4921634477,-4.5036653883,324.3404
348940000,17448,48.4921636672,-4.5036656252,324.3404
348960000,17449,48.4921638866,-4.503665862,324.3404
348980000,17450,48.492164106,-4.5036660989,324.3404
349000000,17451,48.4921643255,-4.5036663358,324.3404
349020000,17452,48.4921645449,-4.5036665726,324.3404
349040000,17453,48.4921647643,-4.5036668095,324.3404
349060000,17454,48.4921649838,-4.5036670464,324.3404
349080000,17455,48.4921652032,-4.5036672832,324.3404
349100000,17456,48.4921654226,-4.5036675201,324.3404
349120000,17457,48.492165642,-4.503667757,324.3404
349140000,17458,48.4921658615,-4.5036679938,324.3404
349160000,17459,48.4921660809,-4.5036682307,324.3404
349180000,17460,48.4921663003,-4.5036684676,324.3404
349200000,17461,48.4921665198,-4.5036687044,324.3404
349220000,17462,48.4921667392,-4.5036689413,324.3404
349240000,17463,48.4921669586,-4.5036691782,324.3404
349260000,17464,48.4921671781,-4.503669415,324.3404
349280000,17465,48.4921673975,-4.5036696519,324.3404
349300000,17466,48.4921676169,-4.5036698887,324.3404
349320000,17467,48.4921678363,-4.5036701256,324.3404
349340000,17468,48.4921680558,-4.5036703625,324.3404
349360000,17469,48.4921682752,-4.5036705993,324.3404
349380000,17470,48.4921684946,-4.5036708362,324.3404
349400000,17471,48.4921687141,-4.5036710731,324.3404
349420000,17472,48.4921689335,-4.5036713099,324.3404
349440000,17473,48.4921691529,-4.5036715468,324.3404
349460000,17474,48.4921693724,-4.5036717837,324.3404
349480000,17475,48.4921695918,-4.5036720205,324.3404
349500000,17476,48.4921698112,-4.5036722574,324.3404
349520000,17477,48.4921700307,-4.5036724943,324.3404
349540000,17478,48.4921702501,-4.5036727311,324.3404
349560000,17479,48.4921704695,-4.503672968,324.3404
349580000,17480,48.4921706889,-4.5036732049,324.3404
349600000,17481,48.4921709084,-4.5036734417,324.3404
349620000,17482,48.4921711278,-4.5036736786,324.3404
349640000,17483,48.4921713472,-4.5036739155,324.3404
349660000,17484,48.4921715667,-4.5036741523,324.3404
349680000,17485,48.4921717861,-4.5036743892,324.3404
349700000,17486,48.4921720055,-4.503674626,324.3404
349720000,17487,48.492172225,-4.5036748629,324.3404
349740000,17488,48.4921724444,-4.5036750998,324.3404
349760000,17489,48.4921726638,-4.5036753366,324.3404
349780000,17490,48.4921728833,-4.5036755735,324.3404
349800000,17491,48.4921731027,-4.5036758104,324.3404
349820000,17492,48.4921733221,-4.5036760472,324.3404
349840000,17493,48.4921735415,-4.5036762841,324.3404
349860000,17494,48.492173761,-4.503676521,324.3404
349880000,17495,48.4921739804,-4.5036767578,324.3404
349900000,17496,48.4921741998,-4.5036769947,324.3404
349920000,17497,48.4921744193,-4.5036772316,324.3404
349940000,17498,48.4921746387,-4.5036774684,324.3404
349960000,17499,48.4921748581,-4.5036777053,324.3404
349980000,17500,48.4921750776,-4.5036779422,324.3404
350000000,17501,48.492175297,-4.503678179,324.3404
350020000,17502,48.4921755164,-4.5036784159,324.3404
350040000,17503,48.4921757359,-4.5036786528,324.3404
350060000,17504,48.4921759553,-4.5036788896,324.3404
350080000,17505,48.4921761747,-4.5036791265,324.3404
350100000,17506,48.4921763941,-4.5036793633,324.3404
350120000,17507,48.4921766136,-4.5036796002,324.3404
350140000,17508,48.492176833,-4.5036798371,324.3404
350160000,17509,48.4921770524,-4.5036800739,324.3404
350180000,17510,48.4921772719,-4.5036803108,324.3404
350200000,17511,48.4921774913,-4.5036805477,324.3404
350220000,17512,48.4921777107,-4.5036807845,324.3404
350240000,17513,48.4921779302,-4.5036810214,324.3404
350260000,17514,48.4921781496,-4.5036812583,324.3404
350280000,17515,48.492178369,-4.5036814951,324.3404
350300000,17516,48.4921785884,-4.503681732,324.3404
350320000,17517,48.4921788079,-4.5036819689,324.3404
350340000,17518,48.4921790273,-4.5036822057,324.3404
350360000,17519,48.4921792467,-4.5036824426,324.3404
350380000,17520,48.4921794662,-4.5036826795,324.3404
350400000,17521,48.4921796856,-4.5036829163,324.3404
350420000,17522,48.492179905,-4.5036831532,324.3404
350440000,17523,48.4921801245,-4.5036833901,324.3404
350460000,17524,48.4921803439,-4.5036836269,324.3404
350480000,17525,48.4921805633,-4.5036838638,324.3404
350500000,17526,48.4921807828,-4.5036841006,324.3404
350520000,17527,48.4921810022,-4.5036843375,324.3404
350540000,17528,48.4921812216,-4.5036845744,324.3404
350560000,17529,48.492181441,-4.5036848112,324.3404
350580000,17530,48.4921816605,-4.5036850481,324.3404
350600000,17531,48.4921818799,-4.503685285,324.3404
350620000,17532,48.4921820993,-4.5036855218,324.3404
350640000,17533,48.4921823188,-4.5036857587,324.3404
350660000,17534,48.4921825382,-4.5036859956,324.3404
350680000,17535,48.4921827576,-4.5036862324,324.3404
350700000,17536,48.4921829771,-4.5036864693,324.3404
350720000,17537,48.4921831965,-4.5036867062,324.3404
350740000,17538,48.4921834159,-4.503686943,324.3404
350760000,17539,48.4921836354,-4.5036871799,324.3404
350780000,17540,48.4921838548,-4.5036874168,324.3404
350800000,17541,48.4921840742,-4.5036876536,324.3404
350820000,17542,48.4921842936,-4.5036878905,324.3404
350840000,17543,48.4921845131,-4.5036881274,324.3404
350860000,17544,48.4921847325,-4.5036883642,324.3404
350880000,17545,48.4921849519,-4.5036886011,324.3404
350900000,17546,48.4921851714,-4.503688838,324.3404
350920000,17547,48.4921853908,-4.5036890748,324.3404
350940000,17548,48.4921856102,-4.5036893117,324.3404
350960000,17549,48.4921858297,-4.5036895485,324.3404
350980000,17550,48.4921860491,-4.5036897854,324.3404
351000000,17551,48.4921862685,-4.5036900223,324.3404
351020000,17552,48.492186488,-4.5036902591,324.3404
351040000,17553,48.4921867074,-4.503690496,324.3404
351060000,17554,48.4921869268,-4.5036907329,324.3404
351080000,17555,48.4921871462,-4.5036909697,324.3404
351100000,17556,48.4921873657,-4.5036912066,324.3404
351120000,17557,48.4921875851,-4.5036914435,324.3404
351140000,17558,48.4921878045,-4.5036916803,324.3404
351160000,17559,48.492188024,-4.5036919172,324.3404
351180000,17560,48.4921882434,-4.5036921541,324.3404
351200000,17561,48.4921884628,-4.5036923909,324.3404
351220000,17562,48.4921886823,-4.5036926278,324.3404
351240000,17563,48.4921889017,-4.5036928647,324.3404
351260000,17564,48.4921891211,-4.5036931015,324.3404
351280000,17565,48.4921893405,-4.5036933384,324.3404
351300000,17566,48.49218956,-4.5036935753,324.3404
351320000,17567,48.4921897794,-4.5036938121,324.3404
351340000,17568,48.4921899988,-4.503694049,324.3404
351360000,17569,48.4921902183,-4.5036942859,324.3404
351380000,17570,48.4921904377,-4.5036945227,324.3404
351400000,17571,48.4921906571,-4.5036947596,324.3404
351420000,17572,48.4921908766,-4.5036949964,324.3404
351440000,17573,48.492191096,-4.5036952333,324.3404
351460000,17574,48.4921913154,-4.5036954702,324.3404
351480000,17575,48.4921915349,-4.503695707,324.3404
351500000,17576,48.4921917543,-4.5036959439,324.3404
351520000,17577,48.4921919737,-4.5036961808,324.3404
351540000,17578,48.4921921931,-4.5036964176,324.3404
351560000,17579,48.4921924126,-4.5036966545,324.3404
351580000,17580,48.492192632,-4.5036968914,324.3404
351600000,17581,48.4921928514,-4.5036971282,324.3404
351620000,17582,48.4921930709,-4.5036973651,324.3404
351640000,17583,48.4921932903,-4.503697602,324.3404
351660000,17584,48.4921935097,-4.5036978388,324.3404
351680000,17585,48.4921937292,-4.5036980757,324.3404
351700000,17586,48.4921939486,-4.5036983126,324.3404
351720000,17587,48.492194168,-4.5036985494,324.3404
351740000,17588,48.4921943875,-4.5036987863,324.3404
351760000,17589,48.4921946069,-4.5036990232,324.3404
351780000,17590,48.4921948263,-4.50369926,324.3404
351800000,17591,48.4921950457,-4.5036994969,324.3404
351820000,17592,48.4921952652,-4.5036997338,324.3404
351840000,17593,48.4921954846,-4.5036999706,324.3404
351860000,17594,48.492195704,-4.5037002075,324.3404
351880000,17595,48.4921959235,-4.5037004443,324.3404
351900000,17596,48.4921961429,-4.5037006812,324.3404
351920000,17597,48.4921963623,-4.5037009181,324.3404
351940000,17598,48.4921965818,-4.5037011549,324.3404
351960000,17599,48.4921968012,-4.5037013918,324.3404
351980000,17600,48.4921970206,-4.5037016287,324.3404
352000000,17601,48.49219724,-4.5037018655,324.3404
352020000,17602,48.4921974595,-4.5037021024,324.3404
352040000,17603,48.4921976789,-4.5037023393,324.3404
352060000,17604,48.4921978983,-4.5037025761,324.3404
352080000,17605,48.4921981178,-4.503702813,324.3404
352100000,17606,48.4921983372,-4.5037030499,324.3404
352120000,17607,48.4921985566,-4.5037032867,324.3404
352140000,17608,48.4921987761,-4.5037035236,324.3404
352160000,17609,48.4921989955,-4.5037037605,324.3404
352180000,17610,48.4921992149,-4.5037039973,324.3404
352200000,17611,48.4921994344,-4.5037042342,324.3404
352220000,17612,48.4921996538,-4.5037044711,324.3404
352240000,17613,48.4921998732,-4.5037047079,324.3404
352260000,17614,48.4922000926,-4.5037049448,324.3404
352280000,17615,48.4922003121,-4.5037051817,324.3404
352300000,17616,48.4922005315,-4.5037054185,324.3404
352320000,17617,48.4922007509,-4.5037056554,324.3404
352340000,17618,48.4922009704,-4.5037058922,324.3404
352360000,17619,48.4922011898,-4.5037061291,324.3404
352380000,17620,48.4922014092,-4.503706366,324.3404
352400000,17621,48.4922016287,-4.5037066028,324.3404
352420000,17622,48.4922018481,-4.5037068397,324.3404
352440000,17623,48.4922020675,-4.5037070766,324.3404
352460000,17624,48.492202287,-4.5037073134,324.3404
352480000,17625,48.4922025064,-4.5037075503,324.3404
352500000,17626,48.4922027258,-4.5037077872,324.3404
352520000,17627,48.4922029452,-4.503708024,324.3404
352540000,17628,48.4922031647,-4.5037082609,324.3404
352560000,17629,48.4922033841,-4.5037084978,324.3404
352580000,17630,48.4922036035,-4.5037087346,324.3404
352600000,17631,48.492203823,-4.5037089715,324.3404
352620000,17632,48.4922040424,-4.5037092084,324.3404
352640000,17633,48.4922042618,-4.5037094452,324.3404
352660000,17634,48.4922044813,-4.5037096821,324.3404
352680000,17635,48.4922047007,-4.503709919,324.3404
352700000,17636,48.4922049201,-4.5037101558,324.3404
352720000,17637,48.4922051395,-4.5037103927,324.3404
352740000,17638,48.492205359,-4.5037106296,324.3404
352760000,17639,48.4922055784,-4.5037108664,324.3404
352780000,17640,48.4922057978,-4.5037111033,324.3404
352800000,17641,48.4922060173,-4.5037113401,324.3404
352820000,17642,48.4922062367,-4.503711577,324.3404
352840000,17643,48.4922064561,-4.5037118139,324.3404
352860000,17644,48.4922066756,-4.5037120507,324.3404
352880000,17645,48.492206895,-4.5037122876,324.3404
352900000,17646,48.4922071144,-4.5037125245,324.3404
352920000,17647,48.4922073339,-4.5037127613,324.3404
352940000,17648,48.4922075533,-4.5037129982,324.3404
352960000,17649,48.4922077727,-4.5037132351,324.3404
352980000,17650,48.4922079921,-4.5037134719,324.3404
353000000,17651,48.4922082116,-4.5037137088,324.3404
353020000,17652,48.492208431,-4.5037139457,324.3404
353040000,17653,48.4922086504,-4.5037141825,324.3404
353060000,17654,48.4922088699,-4.5037144194,324.3404
353080000,17655,48.4922090893,-4.5037146563,324.3404
353100000,17656,48.4922093087,-4.5037148931,324.3404
353120000,17657,48.4922095282,-4.50371513,324.3404
353140000,17658,48.4922097476,-4.5037153669,324.3404
353160000,17659,48.492209967,-4.5037156037,324.3404
353180000,17660,48.4922101865,-4.5037158406,324.3404
353200000,17661,48.4922104059,-4.5037160775,324.3404
353220000,17662,48.4922106253,-4.5037163143,324.3404
353240000,17663,48.4922108447,-4.5037165512,324.3404
353260000,17664,48.4922110642,-4.5037167881,324.3404
353280000,17665,48.4922112836,-4.5037170249,324.3404
353300000,17666,48.492211503,-4.5037172618,324.3404
353320000,17667,48.4922117225,-4.5037174986,324.3404
353340000,17668,48.4922119419,-4.5037177355,324.3404
353360000,17669,48.4922121613,-4.5037179724,324.3404
353380000,17670,48.4922123808,-4.5037182092,324.3404
353400000,17671,48.4922126002,-4.5037184461,324.3404
353420000,17672,48.4922128196,-4.503718683,324.3404
353440000,17673,48.492213039,-4.5037189198,324.3404
353460000,17674,48.4922132585,-4.5037191567,324.3404
353480000,17675,48.4922134779,-4.5037193936,324.3404
353500000,17676,48.4922136973,-4.5037196304,324.3404
353520000,17677,48.4922139168,-4.5037198673,324.3404
353540000,17678,48.4922141362,-4.5037201042,324.3404
353560000,17679,48.4922143556,-4.503720341,324.3404
353580000,17680,48.4922145751,-4.5037205779,324.3404
353600000,17681,48.4922147945,-4.5037208148,324.3404
353620000,17682,48.4922150139,-4.5037210516,324.3404
353640000,17683,48.4922152334,-4.5037212885,324.3404
353660000,17684,48.4922154528,-4.5037215254,324.3404
353680000,17685,48.4922156722,-4.5037217622,324.3404
353700000,17686,48.4922158916,-4.5037219991,324.3404
353720000,17687,48.4922161111,-4.503722236,324.3404
353740000,17688,48.4922163305,-4.5037224728,324.3404
353760000,17689,48.4922165499,-4.5037227097,324.3404
353780000,17690,48.4922167694,-4.5037229466,324.3404
353800000,17691,48.4922169888,-4.5037231834,324.3404
353820000,17692,48.4922172082,-4.5037234203,324.3404
353840000,17693,48.4922174277,-4.5037236571,324.3404
353860000,17694,48.4922176471,-4.503723894,324.3404
353880000,17695,48.4922178665,-4.5037241309,324.3404
353900000,17696,48.492218086,-4.5037243677,324.3404
353920000,17697,48.4922183054,-4.5037246046,324.3404
353940000,17698,48.4922185248,-4.5037248415,324.3404
353960000,17699,48.4922187442,-4.5037250783,324.3404
353980000,17700,48.4922189637,-4.5037253152,324.3404
354000000,17701,48.4922191831,-4.5037255521,324.3404
354020000,17702,48.4922194025,-4.5037257889,324.3404
354040000,17703,48.492219622,-4.5037260258,324.3404
354060000,17704,48.4922198414,-4.5037262627,324.3404
354080000,17705,48.4922200608,-4.5037264995,324.3404
354100000,17706,48.4922202803,-4.5037267364,324.3404
354120000,17707,48.4922204997,-4.5037269733,324.3404
354140000,17708,48.4922207191,-4.5037272101,324.3404
354160000,17709,48.4922209385,-4.503727447,324.3404
354180000,17710,48.492221158,-4.5037276839,324.3404
354200000,17711,48.4922213774,-4.5037279207,324.3404
354220000,17712,48.4922215968,-4.5037281576,324.3404
354240000,17713,48.4922218163,-4.5037283945,324.3404
354260000,17714,48.4922220357,-4.5037286313,324.3404
354280000,17715,48.4922222551,-4.5037288682,324.3404
354300000,17716,48.4922224746,-4.5037291051,324.3404
354320000,17717,48.492222694,-4.5037293419,324.3404
354340000,17718,48.4922229134,-4.5037295788,324.3404
354360000,17719,48.4922231329,-4.5037298157,324.3404
354380000,17720,48.4922233523,-4.5037300525,324.3404
354400000,17721,48.4922235717,-4.5037302894,324.3404
354420000,17722,48.4922237911,-4.5037305262,324.3404
354440000,17723,48.4922240106,-4.5037307631,324.3404
354460000,17724,48.49222423,-4.503731,324.3404
354480000,17725,48.4922244494,-4.5037312368,324.3404
354500000,17726,48.4922246689,-4.5037314737,324.3404
354520000,17727,48.4922248883,-4.5037317106,324.3404
354540000,17728,48.4922251077,-4.5037319474,324.3404
354560000,17729,48.4922253272,-4.5037321843,324.3404
354580000,17730,48.4922255466,-4.5037324212,324.3404
354600000,17731,48.492225766,-4.503732658,324.3404
354620000,17732,48.4922259854,-4.5037328949,324.3404
354640000,17733,48.4922262049,-4.5037331318,324.3404
354660000,17734,48.4922264243,-4.5037333686,324.3404
354680000,17735,48.4922266437,-4.5037336055,324.3404
354700000,17736,48.4922268632,-4.5037338424,324.3404
354720000,17737,48.4922270826,-4.5037340792,324.3404
354740000,17738,48.492227302,-4.5037343161,324.3404
354760000,17739,48.4922275215,-4.503734553,324.3404
354780000,17740,48.4922277409,-4.5037347898,324.3404
354800000,17741,48.4922279603,-4.5037350267,324.3404
354820000,17742,48.4922281798,-4.5037352636,324.3404
354840000,17743,48.4922283992,-4.5037355004,324.3404
354860000,17744,48.4922286186,-4.5037357373,324.3404
354880000,17745,48.492228838,-4.5037359742,324.3404
354900000,17746,48.4922290575,-4.503736211,324.3404
354920000,17747,48.4922292769,-4.5037364479,324.3404
354940000,17748,48.4922294963,-4.5037366848,324.3404
354960000,17749,48.4922297158,-4.5037369216,324.3404
354980000,17750,48.4922299352,-4.5037371585,324.3404
355000000,17751,48.4922301546,-4.5037373953,324.3404
355020000,17752,48.4922303741,-4.5037376322,324.3404
355040000,17753,48.4922305935,-4.5037378691,324.3404
355060000,17754,48.4922308129,-4.5037381059,324.3404
355080000,17755,48.4922310324,-4.5037383428,324.3404
355100000,17756,48.4922312518,-4.5037385797,324.3404
355120000,17757,48.4922314712,-4.5037388165,324.3404
355140000,17758,48.4922316906,-4.5037390534,324.3404
355160000,17759,48.4922319101,-4.5037392903,324.3404
355180000,17760,48.4922321295,-4.5037395271,324.3404
355200000,17761,48.4922323489,-4.503739764,324.3404
355220000,17762,48.4922325684,-4.5037400009,324.3404
355240000,17763,48.4922327878,-4.5037402377,324.3404
355260000,17764,48.4922330072,-4.5037404746,324.3404
355280000,17765,48.4922332267,-4.5037407115,324.3404
355300000,17766,48.4922334461,-4.5037409483,324.3404
355320000,17767,48.4922336655,-4.5037411852,324.3404
355340000,17768,48.4922338849,-4.5037414221,324.3404
355360000,17769,48.4922341044,-4.5037416589,324.3404
355380000,17770,48.4922343238,-4.5037418958,324.3404
355400000,17771,48.4922345432,-4.5037421327,324.3404
355420000,17772,48.4922347627,-4.5037423695,324.3404
355440000,17773,48.4922349821,-4.5037426064,324.3404
355460000,17774,48.4922352015,-4.5037428433,324.3404
355480000,17775,48.492235421,-4.5037430801,324.3404
355500000,17776,48.4922356404,-4.503743317,324.3404
355520000,17777,48.4922358598,-4.5037435539,324.3404
355540000,17778,48.4922360793,-4.5037437907,324.3404
355560000,17779,48.4922362987,-4.5037440276,324.3404
355580000,17780,48.4922365181,-4.5037442645,324.3404
355600000,17781,48.4922367375,-4.5037445013,324.3404
355620000,17782,48.492236957,-4.5037447382,324.3404
355640000,17783,48.4922371764,-4.503744975,324.3404
355660000,17784,48.4922373958,-4.5037452119,324.3404
355680000,17785,48.4922376153,-4.5037454488,324.3404
355700000,17786,48.4922378347,-4.5037456856,324.3404
355720000,17787,48.4922380541,-4.5037459225,324.3404
355740000,17788,48.4922382736,-4.5037461594,324.3404
355760000,17789,48.492238493,-4.5037463962,324.3404
355780000,17790,48.4922387124,-4.5037466331,324.3404
355800000,17791,48.4922389318,-4.50374687,324.3404
355820000,17792,48.4922391513,-4.5037471068,324.3404
355840000,17793,48.4922393707,-4.5037473437,324.3404
355860000,17794,48.4922395901,-4.5037475806,324.3404
355880000,17795,48.4922398096,-4.5037478174,324.3404
355900000,17796,48.492240029,-4.5037480543,324.3404
355920000,17797,48.4922402484,-4.5037482912,324.3404
355940000,17798,48.4922404679,-4.503748528,324.3404
355960000,17799,48.4922406873,-4.5037487649,324.3404
355980000,17800,48.4922409067,-4.5037490018,324.3404
356000000,17801,48.4922411262,-4.5037492386,324.3404
356020000,17802,48.4922413456,-4.5037494755,324.3404
356040000,17803,48.492241565,-4.5037497124,324.3404
356060000,17804,48.4922417844,-4.5037499492,324.3404
356080000,17805,48.4922420039,-4.5037501861,324.3404
356100000,17806,48.4922422233,-4.503750423,324.3404
356120000,17807,48.4922424427,-4.5037506598,324.3404
356140000,17808,48.4922426622,-4.5037508967,324.3404
356160000,17809,48.4922428816,-4.5037511336,324.3404
356180000,17810,48.492243101,-4.5037513704,324.3404
356200000,17811,48.4922433205,-4.5037516073,324.3404
356220000,17812,48.4922435399,-4.5037518442,324.3404
356240000,17813,48.4922437593,-4.503752081,324.3404
356260000,17814,48.4922439787,-4.5037523179,324.3404
356280000,17815,48.4922441982,-4.5037525547,324.3404
356300000,17816,48.4922444176,-4.5037527916,324.3404
356320000,17817,48.492244637,-4.5037530285,324.3404
356340000,17818,48.4922448565,-4.5037532653,324.3404
356360000,17819,48.4922450759,-4.5037535022,324.3404
356380000,17820,48.4922452953,-4.5037537391,324.3404
356400000,17821,48.4922455148,-4.5037539759,324.3404
356420000,17822,48.4922457342,-4.5037542128,324.3404
356440000,17823,48.4922459536,-4.5037544497,324.3404
356460000,17824,48.4922461731,-4.5037546865,324.3404
356480000,17825,48.4922463925,-4.5037549234,324.3404
356500000,17826,48.4922466119,-4.5037551603,324.3404
356520000,17827,48.4922468313,-4.5037553971,324.3404
356540000,17828,48.4922470508,-4.503755634,324.3404
356560000,17829,48.4922472702,-4.5037558709,324.3404
356580000,17830,48.4922474896,-4.5037561077,324.3404
356600000,17831,48.4922477091,-4.5037563446,324.3404
356620000,17832,48.4922479285,-4.5037565815,324.3404
356640000,17833,48.4922481479,-4.5037568183,324.3404
356660000,17834,48.4922483674,-4.5037570552,324.3404
356680000,17835,48.4922485868,-4.5037572921,324.3404
356700000,17836,48.4922488062,-4.5037575289,324.3404
356720000,17837,48.4922490256,-4.5037577658,324.3404
356740000,17838,48.4922492451,-4.5037580027,324.3404
356760000,17839,48.4922494645,-4.5037582395,324.3404
356780000,17840,48.4922496839,-4.5037584764,324.3404
356800000,17841,48.4922499034,-4.5037587133,324.3404
356820000,17842,48.4922501228,-4.5037589501,324.3404
356840000,17843,48.4922503422,-4.503759187,324.3404
356860000,17844,48.4922505617,-4.5037594239,324.3404
356880000,17845,48.4922507811,-4.5037596607,324.3404
356900000,17846,48.4922510005,-4.5037598976,324.3404
356920000,17847,48.49225122,-4.5037601345,324.3404
356940000,17848,48.4922514394,-4.5037603713,324.3404
356960000,17849,48.4922516588,-4.5037606082,324.3404
356980000,17850,48.4922518782,-4.503760845,324.3404
357000000,17851,48.4922520977,-4.5037610819,324.3404
357020000,17852,48.4922523171,-4.5037613188,324.3404
357040000,17853,48.4922525365,-4.5037615556,324.3404
357060000,17854,48.492252756,-4.5037617925,324.3404
357080000,17855,48.4922529754,-4.5037620294,324.3404
357100000,17856,48.4922531948,-4.5037622662,324.3404
357120000,17857,48.4922534143,-4.5037625031,324.3404
357140000,17858,48.4922536337,-4.50376274,324.3404
357160000,17859,48.4922538531,-4.5037629768,324.3404
357180000,17860,48.4922540725,-4.5037632137,324.3404
357200000,17861,48.492254292,-4.5037634506,324.3404
357220000,17862,48.4922545114,-4.5037636874,324.3404
357240000,17863,48.4922547308,-4.5037639243,324.3404
357260000,17864,48.4922549503,-4.5037641612,324.3404
357280000,17865,48.4922551697,-4.503764398,324.3404
357300000,17866,48.4922553891,-4.5037646349,324.3404
357320000,17867,48.4922556086,-4.5037648718,324.3404
357340000,17868,48.492255828,-4.5037651086,324.3404
357360000,17869,48.4922560474,-4.5037653455,324.3404
357380000,17870,48.4922562669,-4.5037655824,324.3404
357400000,17871,48.4922564863,-4.5037658192,324.3404
357420000,17872,48.4922567057,-4.5037660561,324.3404
357440000,17873,48.4922569251,-4.503766293,324.3404
357460000,17874,48.4922571446,-4.5037665298,324.3404
357480000,17875,48.492257364,-4.5037667667,324.3404
357500000,17876,48.4922575834,-4.5037670036,324.3404
357520000,17877,48.4922578029,-4.5037672404,324.3404
357540000,17878,48.4922580223,-4.5037674773,324.3404
357560000,17879,48.4922582417,-4.5037677142,324.3404
357580000,17880,48.4922584612,-4.503767951,324.3404
357600000,17881,48.4922586806,-4.5037681879,324.3404
357620000,17882,48.4922589,-4.5037684248,324.3404
357640000,17883,48.4922591194,-4.5037686616,324.3404
357660000,17884,48.4922593389,-4.5037688985,324.3404
357680000,17885,48.4922595583,-4.5037691354,324.3404
357700000,17886,48.4922597777,-4.5037693722,324.3404
357720000,17887,48.4922599972,-4.5037696091,324.3404
357740000,17888,48.4922602166,-4.5037698459,324.3404
357760000,17889,48.492260436,-4.5037700828,324.3404
357780000,17890,48.4922606555,-4.5037703197,324.3404
357800000,17891,48.4922608749,-4.5037705565,324.3404
357820000,17892,48.4922610943,-4.5037707934,324.3404
357840000,17893,48.4922613138,-4.5037710303,324.3404
357860000,17894,48.4922615332,-4.5037712671,324.3404
357880000,17895,48.4922617526,-4.503771504,324.3404
357900000,17896,48.492261972,-4.5037717409,324.3404
357920000,17897,48.4922621915,-4.5037719777,324.3404
357940000,17898,48.4922624109,-4.5037722146,324.3404
357960000,17899,48.4922626303,-4.5037724515,324.3404
357980000,17900,48.4922628498,-4.5037726883,324.3404
358000000,17901,48.4922630692,-4.5037729252,324.3404
358020000,17902,48.4922632886,-4.5037731621,324.3404
358040000,17903,48.4922635081,-4.5037733989,324.3404
358060000,17904,48.4922637275,-4.5037736358,324.3404
358080000,17905,48.4922639469,-4.5037738727,324.3404
358100000,17906,48.4922641663,-4.5037741095,324.3404
358120000,17907,48.4922643858,-4.5037743464,324.3404
358140000,17908,48.4922646052,-4.5037745833,324.3404
358160000,17909,48.4922648246,-4.5037748201,324.3404
358180000,17910,48.4922650441,-4.503775057,324.3404
358200000,17911,48.4922652635,-4.5037752939,324.3404
358220000,17912,48.4922654829,-4.5037755307,324.3404
358240000,17913,48.4922657024,-4.5037757676,324.3404
358260000,17914,48.4922659218,-4.5037760045,324.3404
358280000,17915,48.4922661412,-4.5037762413,324.3404
358300000,17916,48.4922663607,-4.5037764782,324.3404
358320000,17917,48.4922665801,-4.5037767151,324.3404
358340000,17918,48.4922667995,-4.5037769519,324.3404
358360000,17919,48.4922670189,-4.5037771888,324.3404
358380000,17920,48.4922672384,-4.5037774257,324.3404
358400000,17921,48.4922674578,-4.5037776625,324.3404
358420000,17922,48.4922676772,-4.5037778994,324.3404
358440000,17923,48.4922678967,-4.5037781363,324.3404
358460000,17924,48.4922681161,-4.5037783731,324.3404
358480000,17925,48.4922683355,-4.50377861,324.3404
358500000,17926,48.492268555,-4.5037788469,324.3404
358520000,17927,48.4922687744,-4.5037790837,324.3404
358540000,17928,48.4922689938,-4.5037793206,324.3404
358560000,17929,48.4922692132,-4.5037795575,324.3404
358580000,17930,48.4922694327,-4.5037797943,324.3404
358600000,17931,48.4922696521,-4.5037800312,324.3404
358620000,17932,48.4922698715,-4.503780268,324.3404
358640000,17933,48.492270091,-4.5037805049,324.3404
358660000,17934,48.4922703104,-4.5037807418,324.3404
358680000,17935,48.4922705298,-4.5037809786,324.3404
358700000,17936,48.4922707493,-4.5037812155,324.3404
358720000,17937,48.4922709687,-4.5037814524,324.3404
358740000,17938,48.4922711881,-4.5037816892,324.3404
358760000,17939,48.4922714076,-4.5037819261,324.3404
358780000,17940,48.492271627,-4.503782163,324.3404
358800000,17941,48.4922718464,-4.5037823998,324.3404
358820000,17942,48.4922720658,-4.5037826367,324.3404
358840000,17943,48.4922722853,-4.5037828736,324.3404
358860000,17944,48.4922725047,-4.5037831104,324.3404
358880000,17945,48.4922727241,-4.5037833473,324.3404
358900000,17946,48.4922729436,-4.5037835842,324.3404
358920000,17947,48.492273163,-4.503783821,324.3404
358940000,17948,48.4922733824,-4.5037840579,324.3404
358960000,17949,48.4922736019,-4.5037842948,324.3404
358980000,17950,48.4922738213,-4.5037845316,324.3404
359000000,17951,48.4922740407,-4.5037847685,324.3404
359020000,17952,48.4922742601,-4.5037850054,324.3404
359040000,17953,48.4922744796,-4.5037852422,324.3404
359060000,17954,48.492274699,-4.5037854791,324.3404
359080000,17955,48.4922749184,-4.503785716,324.3404
359100000,17956,48.4922751379,-4.5037859528,324.3404
359120000,17957,48.4922753573,-4.5037861897,324.3404
359140000,17958,48.4922755767,-4.5037864266,324.3404
359160000,17959,48.4922757962,-4.5037866634,324.3404
359180000,17960,48.4922760156,-4.5037869003,324.3404
359200000,17961,48.492276235,-4.5037871372,324.3404
359220000,17962,48.4922764545,-4.503787374,324.3404
359240000,17963,48.4922766739,-4.5037876109,324.3404
359260000,17964,48.4922768933,-4.5037878478,324.3404
359280000,17965,48.4922771127,-4.5037880846,324.3404
359300000,17966,48.4922773322,-4.5037883215,324.3404
359320000,17967,48.4922775516,-4.5037885584,324.3404
359340000,17968,48.492277771,-4.5037887952,324.3404
359360000,17969,48.4922779905,-4.5037890321,324.3404
359380000,17970,48.4922782099,-4.503789269,324.3404
359400000,17971,48.4922784293,-4.5037895058,324.3404
359420000,17972,48.4922786488,-4.5037897427,324.3404
359440000,17973,48.4922788682,-4.5037899796,324.3404
359460000,17974,48.4922790876,-4.5037902164,324.3404
359480000,17975,48.492279307,-4.5037904533,324.3404
359500000,17976,48.4922795265,-4.5037906902,324.3404
359520000,17977,48.4922797459,-4.503790927,324.3404
359540000,17978,48.4922799653,-4.5037911639,324.3404
359560000,17979,48.4922801848,-4.5037914008,324.3404
359580000,17980,48.4922804042,-4.5037916376,324.3404
359600000,17981,48.4922806236,-4.5037918745,324.3404
359620000,17982,48.4922808431,-4.5037921113,324.3404
359640000,17983,48.4922810625,-4.5037923482,324.3404
359660000,17984,48.4922812819,-4.5037925851,324.3404
359680000,17985,48.4922815014,-4.5037928219,324.3404
359700000,17986,48.4922817208,-4.5037930588,324.3404
359720000,17987,48.4922819402,-4.5037932957,324.3404
359740000,17988,48.4922821596,-4.5037935325,324.3404
359760000,17989,48.4922823791,-4.5037937694,324.3404
359780000,17990,48.4922825985,-4.5037940063,324.3404
359800000,17991,48.4922828179,-4.5037942431,324.3404
359820000,17992,48.4922830374,-4.50379448,324.3404
359840000,17993,48.4922832568,-4.5037947169,324.3404
359860000,17994,48.4922834762,-4.5037949537,324.3404
359880000,17995,48.4922836957,-4.5037951906,324.3404
359900000,17996,48.4922839151,-4.5037954275,324.3404
359920000,17997,48.4922841345,-4.5037956643,324.3404
359940000,17998,48.4922843539,-4.5037959012,324.3404
359960000,17999,48.4922845734,-4.5037961381,324.3404
359980000,18000,48.4922847928,-4.5037963749,324.3404
360000000,18001,48.4922850122,-4.5037966118,324.3404
360020000,18002,48.4922852317,-4.5037968487,324.3404
360040000,18003,48.4922854511,-4.5037970855,324.3404
360060000,18004,48.4922856705,-4.5037973224,324.3404
360080000,18005,48.49228589,-4.5037975593,324.3404
360100000,18006,48.4922861094,-4.5037977961,324.3404
360120000,18007,48.4922863288,-4.503798033,324.3404
360140000,18008,48.4922865482,-4.5037982699,324.3404
360160000,18009,48.4922867677,-4.5037985067,324.3404
360180000,18010,48.4922869871,-4.5037987436,324.3404
360200000,18011,48.4922872065,-4.5037989805,324.3404
360220000,18012,48.492287426,-4.5037992173,324.3404
360240000,18013,48.4922876454,-4.5037994542,324.3404
360260000,18014,48.4922878648,-4.5037996911,324.3404
360280000,18015,48.4922880843,-4.5037999279,324.3404
360300000,18016,48.4922883037,-4.5038001648,324.3404
360320000,18017,48.4922885231,-4.5038004017,324.3404
360340000,18018,48.4922887426,-4.5038006385,324.3404
360360000,18019,48.492288962,-4.5038008754,324.3404
360380000,18020,48.4922891814,-4.5038011123,324.3404
360400000,18021,48.4922894008,-4.5038013491,324.3404
360420000,18022,48.4922896203,-4.503801586,324.3404
360440000,18023,48.4922898397,-4.5038018229,324.3404
360460000,18024,48.4922900591,-4.5038020597,324.3404
360480000,18025,48.4922902786,-4.5038022966,324.3404
360500000,18026,48.492290498,-4.5038025335,324.3404
360520000,18027,48.4922907174,-4.5038027703,324.3404
360540000,18028,48.4922909369,-4.5038030072,324.3404
360560000,18029,48.4922911563,-4.5038032441,324.3404
360580000,18030,48.4922913757,-4.5038034809,324.3404
360600000,18031,48.4922915951,-4.5038037178,324.3404
360620000,18032,48.4922918146,-4.5038039547,324.3404
360640000,18033,48.492292034,-4.5038041915,324.3404
360660000,18034,48.4922922534,-4.5038044284,324.3404
360680000,18035,48.4922924729,-4.5038046653,324.3404
360700000,18036,48.4922926923,-4.5038049021,324.3404
360720000,18037,48.4922929117,-4.503805139,324.3404
360740000,18038,48.4922931312,-4.5038053758,324.3404
360760000,18039,48.4922933506,-4.5038056127,324.3404
360780000,18040,48.49229357,-4.5038058496,324.3404
360800000,18041,48.4922937895,-4.5038060864,324.3404
360820000,18042,48.4922940089,-4.5038063233,324.3404
360840000,18043,48.4922942283,-4.5038065602,324.3404
360860000,18044,48.4922944477,-4.503806797,324.3404
360880000,18045,48.4922946672,-4.5038070339,324.3404
360900000,18046,48.4922948866,-4.5038072708,324.3404
360920000,18047,48.492295106,-4.5038075076,324.3404
360940000,18048,48.4922953255,-4.5038077445,324.3404
360960000,18049,48.4922955449,-4.5038079814,324.3404
360980000,18050,48.4922957643,-4.5038082182,324.3404
361000000,18051,48.4922959838,-4.5038084551,324.3404
361020000,18052,48.4922962032,-4.503808692,324.3404
361040000,18053,48.4922964226,-4.5038089288,324.3404
361060000,18054,48.492296642,-4.5038091657,324.3404
361080000,18055,48.4922968615,-4.5038094026,324.3404
361100000,18056,48.4922970809,-4.5038096394,324.3404
361120000,18057,48.4922973003,-4.5038098763,324.3404
361140000,18058,48.4922975198,-4.5038101132,324.3404
361160000,18059,48.4922977392,-4.50381035,324.3404
361180000,18060,48.4922979586,-4.5038105869,324.3404
361200000,18061,48.4922981781,-4.5038108238,324.3404
361220000,18062,48.4922983975,-4.5038110606,324.3404
361240000,18063,48.4922986169,-4.5038112975,324.3404
361260000,18064,48.4922988363,-4.5038115344,324.3404
361280000,18065,48.4922990558,-4.5038117712,324.3404
361300000,18066,48.4922992752,-4.5038120081,324.3404
361320000,18067,48.4922994946,-4.503812245,324.3404
361340000,18068,48.4922997141,-4.5038124818,324.3404
361360000,18069,48.4922999335,-4.5038127187,324.3404
361380000,18070,48.4923001529,-4.5038129556,324.3404
361400000,18071,48.4923003724,-4.5038131924,324.3404
361420000,18072,48.4923005918,-4.5038134293,324.3404
361440000,18073,48.4923008112,-4.5038136662,324.3404
361460000,18074,48.4923010307,-4.503813903,324.3404
361480000,18075,48.4923012501,-4.5038141399,324.3404
361500000,18076,48.4923014695,-4.5038143768,324.3404
361520000,18077,48.4923016889,-4.5038146136,324.3404
361540000,18078,48.4923019084,-4.5038148505,324.3404
361560000,18079,48.4923021278,-4.5038150874,324.3404
361580000,18080,48.4923023472,-4.5038153242,324.3404
361600000,18081,48.4923025667,-4.5038155611,324.3404
361620000,18082,48.4923027861,-4.503815798,324.3404
361640000,18083,48.4923030055,-4.5038160348,324.3404
361660000,18084,48.492303225,-4.5038162717,324.3404
361680000,18085,48.4923034444,-4.5038165086,324.3404
361700000,18086,48.4923036638,-4.5038167454,324.3404
361720000,18087,48.4923038832,-4.5038169823,324.3404
361740000,18088,48.4923041027,-4.5038172192,324.3404
361760000,18089,48.4923043221,-4.503817456,324.3404
361780000,18090,48.4923045415,-4.5038176929,324.3404
361800000,18091,48.492304761,-4.5038179298,324.3404
361820000,18092,48.4923049804,-4.5038181666,324.3404
361840000,18093,48.4923051998,-4.5038184035,324.3404
361860000,18094,48.4923054193,-4.5038186404,324.3404
361880000,18095,48.4923056387,-4.5038188772,324.3404
361900000,18096,48.4923058581,-4.5038191141,324.3404
361920000,18097,48.4923060775,-4.503819351,324.3404
361940000,18098,48.492306297,-4.5038195878,324.3404
361960000,18099,48.4923065164,-4.5038198247,324.3404
361980000,18100,48.4923067358,-4.5038200616,324.3404
362000000,18101,48.4923069553,-4.5038202984,324.3404
362020000,18102,48.4923071747,-4.5038205353,324.3404
362040000,18103,48.4923073941,-4.5038207722,324.3404
362060000,18104,48.4923076136,-4.503821009,324.3404
362080000,18105,48.492307833,-4.5038212459,324.3404
362100000,18106,48.4923080524,-4.5038214828,324.3404
362120000,18107,48.4923082719,-4.5038217196,324.3404
362140000,18108,48.4923084913,-4.5038219565,324.3404
362160000,18109,48.4923087107,-4.5038221934,324.3404
362180000,18110,48.4923089301,-4.5038224302,324.3404
362200000,18111,48.4923091496,-4.5038226671,324.3404
362220000,18112,48.492309369,-4.5038229039,324.3404
362240000,18113,48.4923095884,-4.5038231408,324.3404
362260000,18114,48.4923098079,-4.5038233777,324.3404
362280000,18115,48.4923100273,-4.5038236145,324.3404
362300000,18116,48.4923102467,-4.5038238514,324.3404
362320000,18117,48.4923104662,-4.5038240883,324.3404
362340000,18118,48.4923106856,-4.5038243251,324.3404
362360000,18119,48.492310905,-4.503824562,324.3404
362380000,18120,48.4923111244,-4.5038247989,324.3404
362400000,18121,48.4923113439,-4.5038250357,324.3404
362420000,18122,48.4923115633,-4.5038252726,324.3404
362440000,18123,48.4923117827,-4.5038255095,324.3404
362460000,18124,48.4923120022,-4.5038257463,324.3404
362480000,18125,48.4923122216,-4.5038259832,324.3404
362500000,18126,48.492312441,-4.5038262201,324.3404
362520000,18127,48.4923126605,-4.5038264569,324.3404
362540000,18128,48.4923128799,-4.5038266938,324.3404
362560000,18129,48.4923130993,-4.5038269307,324.3404
362580000,18130,48.4923133187,-4.5038271675,324.3404
362600000,18131,48.4923135382,-4.5038274044,324.3404
362620000,18132,48.4923137576,-4.5038276413,324.3404
362640000,18133,48.492313977,-4.5038278781,324.3404
362660000,18134,48.4923141965,-4.503828115,324.3404
362680000,18135,48.4923144159,-4.5038283519,324.3404
362700000,18136,48.4923146353,-4.5038285887,324.3404
362720000,18137,48.4923148548,-4.5038288256,324.3404
362740000,18138,48.4923150742,-4.5038290625,324.3404
362760000,18139,48.4923152936,-4.5038292993,324.3404
362780000,18140,48.4923155131,-4.5038295362,324.3404
362800000,18141,48.4923157325,-4.5038297731,324.3404
362820000,18142,48.4923159519,-4.5038300099,324.3404
362840000,18143,48.4923161713,-4.5038302468,324.3404
362860000,18144,48.4923163908,-4.5038304837,324.3404
362880000,18145,48.4923166102,-4.5038307205,324.3404
362900000,18146,48.4923168296,-4.5038309574,324.3404
362920000,18147,48.4923170491,-4.5038311943,324.3404
362940000,18148,48.4923172685,-4.5038314311,324.3404
362960000,18149,48.4923174879,-4.503831668,324.3404
362980000,18150,48.4923177074,-4.5038319049,324.3404
363000000,18151,48.4923179268,-4.5038321417,324.3404
363020000,18152,48.4923181462,-4.5038323786,324.3404
363040000,18153,48.4923183656,-4.5038326155,324.3404
363060000,18154,48.4923185851,-4.5038328523,324.3404
363080000,18155,48.4923188045,-4.5038330892,324.3404
363100000,18156,48.4923190239,-4.5038333261,324.3404
363120000,18157,48.4923192434,-4.5038335629,324.3404
363140000,18158,48.4923194628,-4.5038337998,324.3404
363160000,18159,48.4923196822,-4.5038340367,324.3404
363180000,18160,48.4923199017,-4.5038342735,324.3404
363200000,18161,48.4923201211,-4.5038345104,324.3404
363220000,18162,48.4923203405,-4.5038347473,324.3404
363240000,18163,48.4923205599,-4.5038349841,324.3404
363260000,18164,48.4923207794,-4.503835221,324.3404
363280000,18165,48.4923209988,-4.5038354579,324.3404
363300000,18166,48.4923212182,-4.5038356947,324.3404
363320000,18167,48.4923214377,-4.5038359316,324.3404
363340000,18168,48.4923216571,-4.5038361685,324.3404
363360000,18169,48.4923218765,-4.5038364053,324.3404
363380000,18170,48.492322096,-4.5038366422,324.3404
363400000,18171,48.4923223154,-4.5038368791,324.3404
363420000,18172,48.4923225348,-4.5038371159,324.3404
363440000,18173,48.4923227543,-4.5038373528,324.3404
363460000,18174,48.4923229737,-4.5038375897,324.3404
363480000,18175,48.4923231931,-4.5038378265,324.3404
363500000,18176,48.4923234125,-4.5038380634,324.3404
363520000,18177,48.492323632,-4.5038383003,324.3404
363540000,18178,48.4923238514,-4.5038385371,324.3404
363560000,18179,48.4923240708,-4.503838774,324.3404
363580000,18180,48.4923242903,-4.5038390109,324.3404
363600000,18181,48.4923245097,-4.5038392477,324.3404
363620000,18182,48.4923247291,-4.5038394846,324.3404
363640000,18183,48.4923249486,-4.5038397215,324.3404
363660000,18184,48.492325168,-4.5038399583,324.3404
363680000,18185,48.4923253874,-4.5038401952,324.3404
363700000,18186,48.4923256068,-4.5038404321,324.3404
363720000,18187,48.4923258263,-4.5038406689,324.3404
363740000,18188,48.4923260457,-4.5038409058,324.3404
363760000,18189,48.4923262651,-4.5038411427,324.3404
363780000,18190,48.4923264846,-4.5038413795,324.3404
363800000,18191,48.492326704,-4.5038416164,324.3404
363820000,18192,48.4923269234,-4.5038418533,324.3404
363840000,18193,48.4923271429,-4.5038420901,324.3404
363860000,18194,48.4923273623,-4.503842327,324.3404
363880000,18195,48.4923275817,-4.5038425639,324.3404
363900000,18196,48.4923278011,-4.5038428007,324.3404
363920000,18197,48.4923280206,-4.5038430376,324.3404
363940000,18198,48.49232824,-4.5038432745,324.3404
363960000,18199,48.4923284594,-4.5038435113,324.3404
363980000,18200,48.4923286789,-4.5038437482,324.3404
364000000,18201,48.4923288983,-4.5038439851,324.3404
364020000,18202,48.4923291177,-4.5038442219,324.3404
364040000,18203,48.4923293372,-4.5038444588,324.3404
364060000,18204,48.4923295566,-4.5038446957,324.3404
364080000,18205,48.492329776,-4.5038449325,324.3404
364100000,18206,48.4923299955,-4.5038451694,324.3404
364120000,18207,48.4923302149,-4.5038454063,324.3404
364140000,18208,48.4923304343,-4.5038456431,324.3404
364160000,18209,48.4923306537,-4.50384588,324.3404
364180000,18210,48.4923308732,-4.5038461169,324.3404
364200000,18211,48.4923310926,-4.5038463537,324.3404
364220000,18212,48.492331312,-4.5038465906,324.3404
364240000,18213,48.4923315315,-4.5038468275,324.3404
364260000,18214,48.4923317509,-4.5038470643,324.3404
364280000,18215,48.4923319703,-4.5038473012,324.3404
364300000,18216,48.4923321898,-4.5038475381,324.3404
364320000,18217,48.4923324092,-4.5038477749,324.3404
364340000,18218,48.4923326286,-4.5038480118,324.3404
364360000,18219,48.492332848,-4.5038482487,324.3404
364380000,18220,48.4923330675,-4.5038484855,324.3404
364400000,18221,48.4923332869,-4.5038487224,324.3404
364420000,18222,48.4923335063,-4.5038489593,324.3404
364440000,18223,48.4923337258,-4.5038491961,324.3404
364460000,18224,48.4923339452,-4.503849433,324.3404
364480000,18225,48.4923341646,-4.5038496699,324.3404
364500000,18226,48.4923343841,-4.5038499067,324.3404
364520000,18227,48.4923346035,-4.5038501436,324.3404
364540000,18228,48.4923348229,-4.5038503805,324.3404
364560000,18229,48.4923350423,-4.5038506173,324.3404
364580000,18230,48.4923352618,-4.5038508542,324.3404
364600000,18231,48.4923354812,-4.5038510911,324.3404
364620000,18232,48.4923357006,-4.5038513279,324.3404
364640000,18233,48.4923359201,-4.5038515648,324.3404
364660000,18234,48.4923361395,-4.5038518017,324.3404
364680000,18235,48.4923363589,-4.5038520385,324.3404
364700000,18236,48.4923365784,-4.5038522754,324.3404
364720000,18237,48.4923367978,-4.5038525123,324.3404
364740000,18238,48.4923370172,-4.5038527491,324.3404
364760000,18239,48.4923372366,-4.503852986,324.3404
364780000,18240,48.4923374561,-4.5038532229,324.3404
364800000,18241,48.4923376755,-4.5038534597,324.3404
364820000,18242,48.4923378949,-4.5038536966,324.3404
364840000,18243,48.4923381144,-4.5038539335,324.3404
364860000,18244,48.4923383338,-4.5038541703,324.3404
364880000,18245,48.4923385532,-4.5038544072,324.3404
364900000,18246,48.4923387727,-4.5038546441,324.3404
364920000,18247,48.4923389921,-4.5038548809,324.3404
364940000,18248,48.4923392115,-4.5038551178,324.3404
364960000,18249,48.492339431,-4.5038553547,324.3404
364980000,18250,48.4923396504,-4.5038555915,324.3404
365000000,18251,48.4923398698,-4.5038558284,324.3404
365020000,18252,48.4923400892,-4.5038560653,324.3404
365040000,18253,48.4923403087,-4.5038563021,324.3404
365060000,18254,48.4923405281,-4.503856539,324.3404
365080000,18255,48.4923407475,-4.5038567759,324.3404
365100000,18256,48.492340967,-4.5038570127,324.3404
365120000,18257,48.4923411864,-4.5038572496,324.3404
365140000,18258,48.4923414058,-4.5038574865,324.3404
365160000,18259,48.4923416253,-4.5038577233,324.3404
365180000,18260,48.4923418447,-4.5038579602,324.3404
365200000,18261,48.4923420641,-4.5038581971,324.3404
365220000,18262,48.4923422835,-4.5038584339,324.3404
365240000,18263,48.492342503,-4.5038586708,324.3404
365260000,18264,48.4923427224,-4.5038589077,324.3404
365280000,18265,48.4923429418,-4.5038591445,324.3404
365300000,18266,48.4923431613,-4.5038593814,324.3404
365320000,18267,48.4923433807,-4.5038596183,324.3404
365340000,18268,48.4923436001,-4.5038598551,324.3404
365360000,18269,48.4923438196,-4.503860092,324.3404
365380000,18270,48.492344039,-4.5038603289,324.3404
365400000,18271,48.4923442584,-4.5038605657,324.3404
365420000,18272,48.4923444778,-4.5038608026,324.3404
365440000,18273,48.4923446973,-4.5038610395,324.3404
365460000,18274,48.4923449167,-4.5038612763,324.3404
365480000,18275,48.4923451361,-4.5038615132,324.3404
365500000,18276,48.4923453556,-4.5038617501,324.3404
365520000,18277,48.492345575,-4.5038619869,324.3404
365540000,18278,48.4923457944,-4.5038622238,324.3404
365560000,18279,48.4923460139,-4.5038624607,324.3404
365580000,18280,48.4923462333,-4.5038626975,324.3404
365600000,18281,48.4923464527,-4.5038629344,324.3404
365620000,18282,48.4923466721,-4.5038631713,324.3404
365640000,18283,48.4923468916,-4.5038634081,324.3404
365660000,18284,48.492347111,-4.503863645,324.3404
365680000,18285,48.4923473304,-4.5038638819,324.3404
365700000,18286,48.4923475499,-4.5038641187,324.3404
365720000,18287,48.4923477693,-4.5038643556,324.3404
365740000,18288,48.4923479887,-4.5038645925,324.3404
365760000,18289,48.4923482082,-4.5038648293,324.3404
365780000,18290,48.4923484276,-4.5038650662,324.3404
365800000,18291,48.492348647,-4.5038653031,324.3404
365820000,18292,48.4923488665,-4.5038655399,324.3404
365840000,18293,48.4923490859,-4.5038657768,324.3404
365860000,18294,48.4923493053,-4.5038660137,324.3404
365880000,18295,48.4923495247,-4.5038662505,324.3404
365900000,18296,48.4923497442,-4.5038664874,324.3404
365920000,18297,48.4923499636,-4.5038667243,324.3404
365940000,18298,48.492350183,-4.5038669611,324.3404
365960000,18299,48.4923504025,-4.503867198,324.3404
365980000,18300,48.4923506219,-4.5038674349,324.3404
366000000,18301,48.4923508413,-4.5038676717,324.3404
366020000,18302,48.4923510608,-4.5038679086,324.3404
366040000,18303,48.4923512802,-4.5038681455,324.3404
366060000,18304,48.4923514996,-4.5038683823,324.3404
366080000,18305,48.492351719,-4.5038686192,324.3404
366100000,18306,48.4923519385,-4.5038688561,324.3404
366120000,18307,48.4923521579,-4.5038690929,324.3404
366140000,18308,48.4923523773,-4.5038693298,324.3404
366160000,18309,48.4923525968,-4.5038695667,324.3404
366180000,18310,48.4923528162,-4.5038698035,324.3404
366200000,18311,48.4923530356,-4.5038700404,324.3404
366220000,18312,48.4923532551,-4.5038702773,324.3404
366240000,18313,48.4923534745,-4.5038705141,324.3404
366260000,18314,48.4923536939,-4.503870751,324.3404
366280000,18315,48.4923539133,-4.5038709879,324.3404
366300000,18316,48.4923541328,-4.5038712247,324.3404
366320000,18317,48.4923543522,-4.5038714616,324.3404
366340000,18318,48.4923545716,-4.5038716985,324.3404
366360000,18319,48.4923547911,-4.5038719353,324.3404
366380000,18320,48.4923550105,-4.5038721722,324.3404
366400000,18321,48.4923552299,-4.5038724091,324.3404
366420000,18322,48.4923554494,-4.5038726459,324.3404
366440000,18323,48.4923556688,-4.5038728828,324.3404
366460000,18324,48.4923558882,-4.5038731197,324.3404
366480000,18325,48.4923561076,-4.5038733565,324.3404
366500000,18326,48.4923563271,-4.5038735934,324.3404
366520000,18327,48.4923565465,-4.5038738303,324.3404
366540000,18328,48.4923567659,-4.5038740671,324.3404
366560000,18329,48.4923569854,-4.503874304,324.3404
366580000,18330,48.4923572048,-4.5038745409,324.3404
366600000,18331,48.4923574242,-4.5038747777,324.3404
366620000,18332,48.4923576437,-4.5038750146,324.3404
366640000,18333,48.4923578631,-4.5038752515,324.3404
366660000,18334,48.4923580825,-4.5038754883,324.3404
366680000,18335,48.492358302,-4.5038757252,324.3404
366700000,18336,48.4923585214,-4.5038759621,324.3404
366720000,18337,48.4923587408,-4.5038761989,324.3404
366740000,18338,48.4923589602,-4.5038764358,324.3404
366760000,18339,48.4923591797,-4.5038766727,324.3404
366780000,18340,48.4923593991,-4.5038769095,324.3404
366800000,18341,48.4923596185,-4.5038771464,324.3404
366820000,18342,48.492359838,-4.5038773833,324.3404
366840000,18343,48.4923600574,-4.5038776201,324.3404
366860000,18344,48.4923602768,-4.503877857,324.3404
366880000,18345,48.4923604963,-4.5038780939,324.3404
366900000,18346,48.4923607157,-4.5038783307,324.3404
366920000,18347,48.4923609351,-4.5038785676,324.3404
366940000,18348,48.4923611545,-4.5038788045,324.3404
366960000,18349,48.492361374,-4.5038790413,324.3404
366980000,18350,48.4923615934,-4.5038792782,324.3404
367000000,18351,48.4923618128,-4.5038795151,324.3404
367020000,18352,48.4923620323,-4.5038797519,324.3404
367040000,18353,48.4923622517,-4.5038799888,324.3404
367060000,18354,48.4923624711,-4.5038802257,324.3404
367080000,18355,48.4923626906,-4.5038804625,324.3404
367100000,18356,48.49236291,-4.5038806994,324.3404
367120000,18357,48.4923631294,-4.5038809363,324.3404
367140000,18358,48.4923633488,-4.5038811731,324.3404
367160000,18359,48.4923635683,-4.50388141,324.3404
367180000,18360,48.4923637877,-4.5038816469,324.3404
367200000,18361,48.4923640071,-4.5038818837,324.3404
367220000,18362,48.4923642266,-4.5038821206,324.3404
367240000,18363,48.492364446,-4.5038823575,324.3404
367260000,18364,48.4923646654,-4.5038825943,324.3404
367280000,18365,48.4923648849,-4.5038828312,324.3404
367300000,18366,48.4923651043,-4.5038830681,324.3404
367320000,18367,48.4923653237,-4.5038833049,324.3404
367340000,18368,48.4923655431,-4.5038835418,324.3404
367360000,18369,48.4923657626,-4.5038837787,324.3404
367380000,18370,48.492365982,-4.5038840155,324.3404
367400000,18371,48.4923662014,-4.5038842524,324.3404
367420000,18372,48.4923664209,-4.5038844893,324.3404
367440000,18373,48.4923666403,-4.5038847261,324.3404
367460000,18374,48.4923668597,-4.503884963,324.3404
367480000,18375,48.4923670792,-4.5038851999,324.3404
367500000,18376,48.4923672986,-4.5038854367,324.3404
367520000,18377,48.492367518,-4.5038856736,324.3404
367540000,18378,48.4923677374,-4.5038859105,324.3404
367560000,18379,48.4923679569,-4.5038861473,324.3404
367580000,18380,48.4923681763,-4.5038863842,324.3404
367600000,18381,48.4923683957,-4.5038866211,324.3404
367620000,18382,48.4923686152,-4.5038868579,324.3404
367640000,18383,48.4923688346,-4.5038870948,324.3404
367660000,18384,48.492369054,-4.5038873317,324.3404
367680000,18385,48.4923692735,-4.5038875685,324.3404
367700000,18386,48.4923694929,-4.5038878054,324.3404
367720000,18387,48.4923697123,-4.5038880423,324.3404
367740000,18388,48.4923699318,-4.5038882791,324.3404
367760000,18389,48.4923701512,-4.503888516,324.3404
367780000,18390,48.4923703706,-4.5038887529,324.3404
367800000,18391,48.49237059,-4.5038889897,324.3404
367820000,18392,48.4923708095,-4.5038892266,324.3404
367840000,18393,48.4923710289,-4.5038894635,324.3404
367860000,18394,48.4923712483,-4.5038897003,324.3404
367880000,18395,48.4923714678,-4.5038899372,324.3404
367900000,18396,48.4923716872,-4.5038901741,324.3404
367920000,18397,48.4923719066,-4.5038904109,324.3404
367940000,18398,48.4923721261,-4.5038906478,324.3404
367960000,18399,48.4923723455,-4.5038908847,324.3404
367980000,18400,48.4923725649,-4.5038911215,324.3404
368000000,18401,48.4923727843,-4.5038913584,324.3404
368020000,18402,48.4923730038,-4.5038915953,324.3404
368040000,18403,48.4923732232,-4.5038918321,324.3404
368060000,18404,48.4923734426,-4.503892069,324.3404
368080000,18405,48.4923736621,-4.5038923059,324.3404
368100000,18406,48.4923738815,-4.5038925427,324.3404
368120000,18407,48.4923741009,-4.5038927796,324.3404
368140000,18408,48.4923743204,-4.5038930165,324.3404
368160000,18409,48.4923745398,-4.5038932533,324.3404
368180000,18410,48.4923747592,-4.5038934902,324.3404
368200000,18411,48.4923749786,-4.5038937271,324.3404
368220000,18412,48.4923751981,-4.5038939639,324.3404
368240000,18413,48.4923754175,-4.5038942008,324.3404
368260000,18414,48.4923756369,-4.5038944377,324.3404
368280000,18415,48.4923758564,-4.5038946745,324.3404
368300000,18416,48.4923760758,-4.5038949114,324.3404
368320000,18417,48.4923762952,-4.5038951483,324.3404
368340000,18418,48.4923765147,-4.5038953851,324.3404
368360000,18419,48.4923767341,-4.503895622,324.3404
368380000,18420,48.4923769535,-4.5038958589,324.3404
368400000,18421,48.4923771729,-4.5038960957,324.3404
368420000,18422,48.4923773924,-4.5038963326,324.3404
368440000,18423,48.4923776118,-4.5038965695,324.3404
368460000,18424,48.4923778312,-4.5038968063,324.3404
368480000,18425,48.4923780507,-4.5038970432,324.3404
368500000,18426,48.4923782701,-4.5038972801,324.3404
368520000,18427,48.4923784895,-4.5038975169,324.3404
368540000,18428,48.492378709,-4.5038977538,324.3404
368560000,18429,48.4923789284,-4.5038979907,324.3404
368580000,18430,48.4923791478,-4.5038982275,324.3404
368600000,18431,48.4923793672,-4.5038984644,324.3404
368620000,18432,48.4923795867,-4.5038987013,324.3404
368640000,18433,48.4923798061,-4.5038989381,324.3404
368660000,18434,48.4923800255,-4.503899175,324.3404
368680000,18435,48.492380245,-4.5038994119,324.3404
368700000,18436,48.4923804644,-4.5038996487,324.3404
368720000,18437,48.4923806838,-4.5038998856,324.3404
368740000,18438,48.4923809033,-4.5039001225,324.3404
368760000,18439,48.4923811227,-4.5039003593,324.3404
368780000,18440,48.4923813421,-4.5039005962,324.3404
368800000,18441,48.4923815615,-4.5039008331,324.3404
368820000,18442,48.492381781,-4.5039010699,324.3404
368840000,18443,48.4923820004,-4.5039013068,324.3404
368860000,18444,48.4923822198,-4.5039015437,324.3404
368880000,18445,48.4923824393,-4.5039017805,324.3404
368900000,18446,48.4923826587,-4.5039020174,324.3404
368920000,18447,48.4923828781,-4.5039022543,324.3404
368940000,18448,48.4923830976,-4.5039024911,324.3404
368960000,18449,48.492383317,-4.503902728,324.3404
368980000,18450,48.4923835364,-4.5039029649,324.3404
369000000,18451,48.4923837559,-4.5039032017,324.3404
369020000,18452,48.4923839753,-4.5039034386,324.3404
369040000,18453,48.4923841947,-4.5039036755,324.3404
369060000,18454,48.4923844141,-4.5039039123,324.3404
369080000,18455,48.4923846336,-4.5039041492,324.3404
369100000,18456,48.492384853,-4.5039043861,324.3404
369120000,18457,48.4923850724,-4.5039046229,324.3404
369140000,18458,48.4923852919,-4.5039048598,324.3404
369160000,18459,48.4923855113,-4.5039050967,324.3404
369180000,18460,48.4923857307,-4.5039053335,324.3404
369200000,18461,48.4923859502,-4.5039055704,324.3404
369220000,18462,48.4923861696,-4.5039058073,324.3404
369240000,18463,48.492386389,-4.5039060441,324.3404
369260000,18464,48.4923866084,-4.503906281,324.3404
369280000,18465,48.4923868279,-4.5039065179,324.3404
369300000,18466,48.4923870473,-4.5039067547,324.3404
369320000,18467,48.4923872667,-4.5039069916,324.3404
369340000,18468,48.4923874862,-4.5039072285,324.3404
369360000,18469,48.4923877056,-4.5039074653,324.3404
369380000,18470,48.492387925,-4.5039077022,324.3404
369400000,18471,48.4923881445,-4.5039079391,324.3404
369420000,18472,48.4923883639,-4.503908176,324.3404
369440000,18473,48.4923885833,-4.5039084128,324.3404
369460000,18474,48.4923888027,-4.5039086497,324.3404
369480000,18475,48.4923890222,-4.5039088866,324.3404
369500000,18476,48.4923892416,-4.5039091234,324.3404
369520000,18477,48.492389461,-4.5039093603,324.3404
369540000,18478,48.4923896805,-4.5039095972,324.3404
369560000,18479,48.4923898999,-4.503909834,324.3404
369580000,18480,48.4923901193,-4.5039100709,324.3404
369600000,18481,48.4923903388,-4.5039103078,324.3404
369620000,18482,48.4923905582,-4.5039105446,324.3404
369640000,18483,48.4923907776,-4.5039107815,324.3404
369660000,18484,48.492390997,-4.5039110184,324.3404
369680000,18485,48.4923912165,-4.5039112552,324.3404
369700000,18486,48.4923914359,-4.5039114921,324.3404
369720000,18487,48.4923916553,-4.503911729,324.3404
369740000,18488,48.4923918748,-4.5039119658,324.3404
369760000,18489,48.4923920942,-4.5039122027,324.3404
369780000,18490,48.4923923136,-4.5039124396,324.3404
369800000,18491,48.4923925331,-4.5039126764,324.3404
369820000,18492,48.4923927525,-4.5039129133,324.3404
369840000,18493,48.4923929719,-4.5039131502,324.3404
369860000,18494,48.4923931913,-4.503913387,324.3404
369880000,18495,48.4923934108,-4.5039136239,324.3404
369900000,18496,48.4923936302,-4.5039138608,324.3404
369920000,18497,48.4923938496,-4.5039140976,324.3404
369940000,18498,48.4923940691,-4.5039143345,324.3404
369960000,18499,48.4923942885,-4.5039145714,324.3404
369980000,18500,48.4923945079,-4.5039148082,324.3404
370000000,18501,48.4923947274,-4.5039150451,324.3404
370020000,18502,48.4923949468,-4.503915282,324.3404
370040000,18503,48.4923951662,-4.5039155188,324.3404
370060000,18504,48.4923953856,-4.5039157557,324.3404
370080000,18505,48.4923956051,-4.5039159926,324.3404
370100000,18506,48.4923958245,-4.5039162294,324.3404
370120000,18507,48.4923960439,-4.5039164663,324.3404
370140000,18508,48.4923962634,-4.5039167032,324.3404
370160000,18509,48.4923964828,-4.50391694,324.3404
370180000,18510,48.4923967022,-4.5039171769,324.3404
370200000,18511,48.4923969217,-4.5039174138,324.3404
370220000,18512,48.4923971411,-4.5039176506,324.3404
370240000,18513,48.4923973605,-4.5039178875,324.3404
370260000,18514,48.4923975799,-4.5039181244,324.3404
370280000,18515,48.4923977994,-4.5039183612,324.3404
370300000,18516,48.4923980188,-4.5039185981,324.3404
370320000,18517,48.4923982382,-4.503918835,324.3404
370340000,18518,48.4923984577,-4.5039190718,324.3404
370360000,18519,48.4923986771,-4.5039193087,324.3404
370380000,18520,48.4923988965,-4.5039195456,324.3404
370400000,18521,48.492399116,-4.5039197824,324.3404
370420000,18522,48.4923993354,-4.5039200193,324.3404
370440000,18523,48.4923995548,-4.5039202562,324.3404
370460000,18524,48.4923997742,-4.503920493,324.3404
370480000,18525,48.4923999937,-4.5039207299,324.3404
370500000,18526,48.4924002131,-4.5039209668,324.3404
370520000,18527,48.4924004325,-4.5039212036,324.3404
370540000,18528,48.492400652,-4.5039214405,324.3404
370560000,18529,48.4924008714,-4.5039216774,324.3404
370580000,18530,48.4924010908,-4.5039219142,324.3404
370600000,18531,48.4924013103,-4.5039221511,324.3404
370620000,18532,48.4924015297,-4.503922388,324.3404
370640000,18533,48.4924017491,-4.5039226248,324.3404
370660000,18534,48.4924019686,-4.5039228617,324.3404
370680000,18535,48.492402188,-4.5039230986,324.3404
370700000,18536,48.4924024074,-4.5039233354,324.3404
370720000,18537,48.4924026268,-4.5039235723,324.3404
370740000,18538,48.4924028463,-4.5039238092,324.3404
370760000,18539,48.4924030657,-4.503924046,324.3404
370780000,18540,48.4924032851,-4.5039242829,324.3404
370800000,18541,48.4924035046,-4.5039245198,324.3404
370820000,18542,48.492403724,-4.5039247566,324.3404
370840000,18543,48.4924039434,-4.5039249935,324.3404
370860000,18544,48.4924041629,-4.5039252304,324.3404
370880000,18545,48.4924043823,-4.5039254672,324.3404
370900000,18546,48.4924046017,-4.5039257041,324.3404
370920000,18547,48.4924048211,-4.503925941,324.3404
370940000,18548,48.4924050406,-4.5039261779,324.3404
370960000,18549,48.49240526,-4.5039264147,324.3404
370980000,18550,48.4924054794,-4.5039266516,324.3404
371000000,18551,48.4924056989,-4.5039268885,324.3404
371020000,18552,48.4924059183,-4.5039271253,324.3404
371040000,18553,48.4924061377,-4.5039273622,324.3404
371060000,18554,48.4924063572,-4.5039275991,324.3404
371080000,18555,48.4924065766,-4.5039278359,324.3404
371100000,18556,48.492406796,-4.5039280728,324.3404
371120000,18557,48.4924070154,-4.5039283097,324.3404
371140000,18558,48.4924072349,-4.5039285465,324.3404
371160000,18559,48.4924074543,-4.5039287834,324.3404
371180000,18560,48.4924076737,-4.5039290203,324.3404
371200000,18561,48.4924078932,-4.5039292571,324.3404
371220000,18562,48.4924081126,-4.503929494,324.3404
371240000,18563,48.492408332,-4.5039297309,324.3404
371260000,18564,48.4924085515,-4.5039299677,324.3404
371280000,18565,48.4924087709,-4.5039302046,324.3404
371300000,18566,48.4924089903,-4.5039304415,324.3404
371320000,18567,48.4924092097,-4.5039306783,324.3404
371340000,18568,48.4924094292,-4.5039309152,324.3404
371360000,18569,48.4924096486,-4.5039311521,324.3404
371380000,18570,48.492409868,-4.5039313889,324.3404
371400000,18571,48.4924100875,-4.5039316258,324.3404
371420000,18572,48.4924103069,-4.5039318627,324.3404
371440000,18573,48.4924105263,-4.5039320995,324.3404
371460000,18574,48.4924107458,-4.5039323364,324.3404
371480000,18575,48.4924109652,-4.5039325733,324.3404
371500000,18576,48.4924111846,-4.5039328101,324.3404
371520000,18577,48.492411404,-4.503933047,324.3404
371540000,18578,48.4924116235,-4.5039332839,324.3404
371560000,18579,48.4924118429,-4.5039335207,324.3404
371580000,18580,48.4924120623,-4.5039337576,324.3404
371600000,18581,48.4924122818,-4.5039339945,324.3404
371620000,18582,48.4924125012,-4.5039342313,324.3404
371640000,18583,48.4924127206,-4.5039344682,324.3404
371660000,18584,48.4924129401,-4.5039347051,324.3404
371680000,18585,48.4924131595,-4.5039349419,324.3404
371700000,18586,48.4924133789,-4.5039351788,324.3404
371720000,18587,48.4924135983,-4.5039354157,324.3404
371740000,18588,48.4924138178,-4.5039356525,324.3404
371760000,18589,48.4924140372,-4.5039358894,324.3404
371780000,18590,48.4924142566,-4.5039361263,324.3404
371800000,18591,48.4924144761,-4.5039363631,324.3404
371820000,18592,48.4924146955,-4.5039366,324.3404
371840000,18593,48.4924149149,-4.5039368369,324.3404
371860000,18594,48.4924151344,-4.5039370737,324.3404
371880000,18595,48.4924153538,-4.5039373106,324.3404
371900000,18596,48.4924155732,-4.5039375475,324.3404
371920000,18597,48.4924157926,-4.5039377843,324.3404
371940000,18598,48.4924160121,-4.5039380212,324.3404
371960000,18599,48.4924162315,-4.5039382581,324.3404
371980000,18600,48.4924164509,-4.5039384949,324.3404
372000000,18601,48.4924166704,-4.5039387318,324.3404
372020000,18602,48.4924168898,-4.5039389687,324.3404
372040000,18603,48.4924171092,-4.5039392055,324.3404
372060000,18604,48.4924173287,-4.5039394424,324.3404
372080000,18605,48.4924175481,-4.5039396793,324.3404
372100000,18606,48.4924177675,-4.5039399162,324.3404
372120000,18607,48.4924179869,-4.503940153,324.3404
372140000,18608,48.4924182064,-4.5039403899,324.3404
372160000,18609,48.4924184258,-4.5039406268,324.3404
372180000,18610,48.4924186452,-4.5039408636,324.3404
372200000,18611,48.4924188647,-4.5039411005,324.3404
372220000,18612,48.4924190841,-4.5039413374,324.3404
372240000,18613,48.4924193035,-4.5039415742,324.3404
372260000,18614,48.492419523,-4.5039418111,324.3404
372280000,18615,48.4924197424,-4.503942048,324.3404
372300000,18616,48.4924199618,-4.5039422848,324.3404
372320000,18617,48.4924201812,-4.5039425217,324.3404
372340000,18618,48.4924204007,-4.5039427586,324.3404
372360000,18619,48.4924206201,-4.5039429954,324.3404
372380000,18620,48.4924208395,-4.5039432323,324.3404
372400000,18621,48.492421059,-4.5039434692,324.3404
372420000,18622,48.4924212784,-4.503943706,324.3404
372440000,18623,48.4924214978,-4.5039439429,324.3404
372460000,18624,48.4924217173,-4.5039441798,324.3404
372480000,18625,48.4924219367,-4.5039444166,324.3404
372500000,18626,48.4924221561,-4.5039446535,324.3404
372520000,18627,48.4924223755,-4.5039448904,324.3404
372540000,18628,48.492422595,-4.5039451272,324.3404
372560000,18629,48.4924228144,-4.5039453641,324.3404
372580000,18630,48.4924230338,-4.503945601,324.3404
372600000,18631,48.4924232533,-4.5039458378,324.3404
372620000,18632,48.4924234727,-4.5039460747,324.3404
372640000,18633,48.4924236921,-4.5039463116,324.3404
372660000,18634,48.4924239116,-4.5039465484,324.3404
372680000,18635,48.492424131,-4.5039467853,324.3404
372700000,18636,48.4924243504,-4.5039470222,324.3404
372720000,18637,48.4924245698,-4.503947259,324.3404
372740000,18638,48.4924247893,-4.5039474959,324.3404
372760000,18639,48.4924250087,-4.5039477328,324.3404
372780000,18640,48.4924252281,-4.5039479696,324.3404
372800000,18641,48.4924254476,-4.5039482065,324.3404
372820000,18642,48.492425667,-4.5039484434,324.3404
372840000,18643,48.4924258864,-4.5039486802,324.3404
372860000,18644,48.4924261059,-4.5039489171,324.3404
372880000,18645,48.4924263253,-4.503949154,324.3404
372900000,18646,48.4924265447,-4.5039493908,324.3404
372920000,18647,48.4924267641,-4.5039496277,324.3404
372940000,18648,48.4924269836,-4.5039498646,324.3404
372960000,18649,48.492427203,-4.5039501014,324.3404
372980000,18650,48.4924274224,-4.5039503383,324.3404
373000000,18651,48.4924276419,-4.5039505752,324.3404
373020000,18652,48.4924278613,-4.5039508121,324.3404
373040000,18653,48.4924280807,-4.5039510489,324.3404
373060000,18654,48.4924283002,-4.5039512858,324.3404
373080000,18655,48.4924285196,-4.5039515227,324.3404
373100000,18656,48.492428739,-4.5039517595,324.3404
373120000,18657,48.4924289584,-4.5039519964,324.3404
373140000,18658,48.4924291779,-4.5039522333,324.3404
373160000,18659,48.4924293973,-4.5039524701,324.3404
373180000,18660,48.4924296167,-4.503952707,324.3404
373200000,18661,48.4924298362,-4.5039529439,324.3404
373220000,18662,48.4924300556,-4.5039531807,324.3404
373240000,18663,48.492430275,-4.5039534176,324.3404
373260000,18664,48.4924304945,-4.5039536545,324.3404
373280000,18665,48.4924307139,-4.5039538913,324.3404
373300000,18666,48.4924309333,-4.5039541282,324.3404
373320000,18667,48.4924311527,-4.5039543651,324.3404
373340000,18668,48.4924313722,-4.5039546019,324.3404
373360000,18669,48.4924315916,-4.5039548388,324.3404
373380000,18670,48.492431811,-4.5039550757,324.3404
373400000,18671,48.4924320305,-4.5039553125,324.3404
373420000,18672,48.4924322499,-4.5039555494,324.3404
373440000,18673,48.4924324693,-4.5039557863,324.3404
373460000,18674,48.4924326888,-4.5039560231,324.3404
373480000,18675,48.4924329082,-4.50395626,324.3404
373500000,18676,48.4924331276,-4.5039564969,324.3404
373520000,18677,48.4924333471,-4.5039567337,324.3404
373540000,18678,48.4924335665,-4.5039569706,324.3404
373560000,18679,48.4924337859,-4.5039572075,324.3404
373580000,18680,48.4924340053,-4.5039574443,324.3404
373600000,18681,48.4924342248,-4.5039576812,324.3404
373620000,18682,48.4924344442,-4.5039579181,324.3404
373640000,18683,48.4924346636,-4.5039581549,324.3404
373660000,18684,48.4924348831,-4.5039583918,324.3404
373680000,18685,48.4924351025,-4.5039586287,324.3404
373700000,18686,48.4924353219,-4.5039588655,324.3404
373720000,18687,48.4924355414,-4.5039591024,324.3404
373740000,18688,48.4924357608,-4.5039593393,324.3404
373760000,18689,48.4924359802,-4.5039595761,324.3404
373780000,18690,48.4924361996,-4.503959813,324.3404
373800000,18691,48.4924364191,-4.5039600499,324.3404
373820000,18692,48.4924366385,-4.5039602867,324.3404
373840000,18693,48.4924368579,-4.5039605236,324.3404
373860000,18694,48.4924370774,-4.5039607605,324.3404
373880000,18695,48.4924372968,-4.5039609974,324.3404
373900000,18696,48.4924375162,-4.5039612342,324.3404
373920000,18697,48.4924377357,-4.5039614711,324.3404
373940000,18698,48.4924379551,-4.503961708,324.3404
373960000,18699,48.4924381745,-4.5039619448,324.3404
373980000,18700,48.4924383939,-4.5039621817,324.3404
374000000,18701,48.4924386134,-4.5039624186,324.3404
374020000,18702,48.4924388328,-4.5039626554,324.3404
374040000,18703,48.4924390522,-4.5039628923,324.3404
374060000,18704,48.4924392717,-4.5039631292,324.3404
374080000,18705,48.4924394911,-4.503963366,324.3404
374100000,18706,48.4924397105,-4.5039636029,324.3404
374120000,18707,48.49243993,-4.5039638398,324.3404
374140000,18708,48.4924401494,-4.5039640766,324.3404
374160000,18709,48.4924403688,-4.5039643135,324.3404
374180000,18710,48.4924405882,-4.5039645504,324.3404
374200000,18711,48.4924408077,-4.5039647872,324.3404
374220000,18712,48.4924410271,-4.5039650241,324.3404
374240000,18713,48.4924412465,-4.503965261,324.3404
374260000,18714,48.492441466,-4.5039654978,324.3404
374280000,18715,48.4924416854,-4.5039657347,324.3404
374300000,18716,48.4924419048,-4.5039659716,324.3404
374320000,18717,48.4924421243,-4.5039662084,324.3404
374340000,18718,48.4924423437,-4.5039664453,324.3404
374360000,18719,48.4924425631,-4.5039666822,324.3404
374380000,18720,48.4924427825,-4.503966919,324.3404
374400000,18721,48.492443002,-4.5039671559,324.3404
374420000,18722,48.4924432214,-4.5039673928,324.3404
374440000,18723,48.4924434408,-4.5039676296,324.3404
374460000,18724,48.4924436603,-4.5039678665,324.3404
374480000,18725,48.4924438797,-4.5039681034,324.3404
374500000,18726,48.4924440991,-4.5039683402,324.3404
374520000,18727,48.4924443186,-4.5039685771,324.3404
374540000,18728,48.492444538,-4.503968814,324.3404
374560000,18729,48.4924447574,-4.5039690508,324.3404
374580000,18730,48.4924449768,-4.5039692877,324.3404
374600000,18731,48.4924451963,-4.5039695246,324.3404
374620000,18732,48.4924454157,-4.5039697614,324.3404
374640000,18733,48.4924456351,-4.5039699983,324.3404
374660000,18734,48.4924458546,-4.5039702352,324.3404
374680000,18735,48.492446074,-4.5039704721,324.3404
374700000,18736,48.4924462934,-4.5039707089,324.3404
374720000,18737,48.4924465129,-4.5039709458,324.3404
374740000,18738,48.4924467323,-4.5039711827,324.3404
374760000,18739,48.4924469517,-4.5039714195,324.3404
374780000,18740,48.4924471711,-4.5039716564,324.3404
374800000,18741,48.4924473906,-4.5039718933,324.3404
374820000,18742,48.49244761,-4.5039721301,324.3404
374840000,18743,48.4924478294,-4.503972367,324.3404
374860000,18744,48.4924480489,-4.5039726039,324.3404
374880000,18745,48.4924482683,-4.5039728407,324.3404
374900000,18746,48.4924484877,-4.5039730776,324.3404
374920000,18747,48.4924487072,-4.5039733145,324.3404
374940000,18748,48.4924489266,-4.5039735513,324.3404
374960000,18749,48.492449146,-4.5039737882,324.3404
374980000,18750,48.4924493654,-4.5039740251,324.3404
375000000,18751,48.4924495849,-4.5039742619,324.3404
375020000,18752,48.4924498043,-4.5039744988,324.3404
375040000,18753,48.4924500237,-4.5039747357,324.3404
375060000,18754,48.4924502432,-4.5039749725,324.3404
375080000,18755,48.4924504626,-4.5039752094,324.3404
375100000,18756,48.492450682,-4.5039754463,324.3404
375120000,18757,48.4924509015,-4.5039756831,324.3404
375140000,18758,48.4924511209,-4.50397592,324.3404
375160000,18759,48.4924513403,-4.5039761569,324.3404
375180000,18760,48.4924515597,-4.5039763937,324.3404
375200000,18761,48.4924517792,-4.5039766306,324.3404
375220000,18762,48.4924519986,-4.5039768675,324.3404
375240000,18763,48.492452218,-4.5039771043,324.3404
375260000,18764,48.4924524375,-4.5039773412,324.3404
375280000,18765,48.4924526569,-4.5039775781,324.3404
375300000,18766,48.4924528763,-4.5039778149,324.3404
375320000,18767,48.4924530958,-4.5039780518,324.3404
375340000,18768,48.4924533152,-4.5039782887,324.3404
375360000,18769,48.4924535346,-4.5039785256,324.3404
375380000,18770,48.492453754,-4.5039787624,324.3404
375400000,18771,48.4924539735,-4.5039789993,324.3404
375420000,18772,48.4924541929,-4.5039792362,324.3404
375440000,18773,48.4924544123,-4.503979473,324.3404
375460000,18774,48.4924546318,-4.5039797099,324.3404
375480000,18775,48.4924548512,-4.5039799468,324.3404
375500000,18776,48.4924550706,-4.5039801836,324.3404
375520000,18777,48.4924552901,-4.5039804205,324.3404
375540000,18778,48.4924555095,-4.5039806574,324.3404
375560000,18779,48.4924557289,-4.5039808942,324.3404
375580000,18780,48.4924559483,-4.5039811311,324.3404
375600000,18781,48.4924561678,-4.503981368,324.3404
375620000,18782,48.4924563872,-4.5039816048,324.3404
375640000,18783,48.4924566066,-4.5039818417,324.3404
375660000,18784,48.4924568261,-4.5039820786,324.3404
375680000,18785,48.4924570455,-4.5039823154,324.3404
375700000,18786,48.4924572649,-4.5039825523,324.3404
375720000,18787,48.4924574844,-4.5039827892,324.3404
375740000,18788,48.4924577038,-4.503983026,324.3404
375760000,18789,48.4924579232,-4.5039832629,324.3404
375780000,18790,48.4924581426,-4.5039834998,324.3404
375800000,18791,48.4924583621,-4.5039837366,324.3404
375820000,18792,48.4924585815,-4.5039839735,324.3404
375840000,18793,48.4924588009,-4.5039842104,324.3404
375860000,18794,48.4924590204,-4.5039844472,324.3404
375880000,18795,48.4924592398,-4.5039846841,324.3404
375900000,18796,48.4924594592,-4.503984921,324.3404
375920000,18797,48.4924596787,-4.5039851578,324.3404
375940000,18798,48.4924598981,-4.5039853947,324.3404
375960000,18799,48.4924601175,-4.5039856316,324.3404
375980000,18800,48.4924603369,-4.5039858684,324.3404
376000000,18801,48.4924605564,-4.5039861053,324.3404
376020000,18802,48.4924607758,-4.5039863422,324.3404
376040000,18803,48.4924609952,-4.5039865791,324.3404
376060000,18804,48.4924612147,-4.5039868159,324.3404
376080000,18805,48.4924614341,-4.5039870528,324.3404
376100000,18806,48.4924616535,-4.5039872897,324.3404
376120000,18807,48.492461873,-4.5039875265,324.3404
376140000,18808,48.4924620924,-4.5039877634,324.3404
376160000,18809,48.4924623118,-4.5039880003,324.3404
376180000,18810,48.4924625312,-4.5039882371,324.3404
376200000,18811,48.4924627507,-4.503988474,324.3404
376220000,18812,48.4924629701,-4.5039887109,324.3404
376240000,18813,48.4924631895,-4.5039889477,324.3404
376260000,18814,48.492463409,-4.5039891846,324.3404
376280000,18815,48.4924636284,-4.5039894215,324.3404
376300000,18816,48.4924638478,-4.5039896583,324.3404
376320000,18817,48.4924640672,-4.5039898952,324.3404
376340000,18818,48.4924642867,-4.5039901321,324.3404
376360000,18819,48.4924645061,-4.5039903689,324.3404
376380000,18820,48.4924647255,-4.5039906058,324.3404
376400000,18821,48.492464945,-4.5039908427,324.3404
376420000,18822,48.4924651644,-4.5039910795,324.3404
376440000,18823,48.4924653838,-4.5039913164,324.3404
376460000,18824,48.4924656033,-4.5039915533,324.3404
376480000,18825,48.4924658227,-4.5039917901,324.3404
376500000,18826,48.4924660421,-4.503992027,324.3404
376520000,18827,48.4924662615,-4.5039922639,324.3404
376540000,18828,48.492466481,-4.5039925007,324.3404
376560000,18829,48.4924667004,-4.5039927376,324.3404
376580000,18830,48.4924669198,-4.5039929745,324.3404
376600000,18831,48.4924671393,-4.5039932113,324.3404
376620000,18832,48.4924673587,-4.5039934482,324.3404
376640000,18833,48.4924675781,-4.5039936851,324.3404
376660000,18834,48.4924677976,-4.503993922,324.3404
